reqId,title,company,hiringOrg,timeType,postedOn,startDate,postingAgeDays,primaryLocation,nLocations,locations,remoteFlag,stateCodes,country,questionnaireId,similarJobsCount,description,descriptionLength,url,detailError,linkedinUrl,linkedinPostedDate,numApplicants,applicantLabel,dateDeltaDays,corroborationStatus,matchMethod,firstSeenDate,corroboratedOn,dumpDate,endDate,daysOnMarket,daysOnMarketBasis,censored,repostCount,lastResetDate,applicationDeadline,daysLeftToApply,workerSubType,jobFamilyGroup,earliestEvidenceDate,crossSourceRepostEvidence,applicantCensored,h1bFilings,h1bWageP25,h1bWageP50,h1bWageP75,h1bMatchBasis,h1bMatchTitle
7221839804475427130,北美销售经理,Anker (US),Anker,Full time,Posted 1267 Days Ago,2023-04-14,1273,Seattle,1,Seattle,false,,united states,,0,,0,https://anker-in.jobs.feishu.cn/index/position/7221839804475427130/detail,,,,,,,not_checked,,2026-10-02,,2026-10-08,,1273,startDate,true,0,,,,,,2023-04-14,,,,,,,,
7355612721653877046,Business Developemet & Account Manager - Portable Power Station,Anker (US),Anker,Full time,Posted 907 Days Ago,2024-04-08,913,Seattle,1,Seattle,false,,united states,,0,"Anker Innovations is a global leader in smart charging technologies and a developer of consumer
products for the home, car and more. Founded in 2011, Anker quickly established itself as an innovator and market leader in intelligent charging solutions. Today Anker is bringing our signature innovation to the residential solar market, and we are looking for new team members to help us revolutionize a rapidly growing industry.

About this position:
Anker is looking for Business Development position aiming to expand company‘s residential ESS solutions. As a key member of sales organization, the goal of this position is to establish a channel / installer map and engage eco-system partners to build-up the sales network, meeting the revenue, margin and account receivable target set on. The candidate will need to manage channel partners and maintain long-term partnership. The candidate will perform in channel development and operation role from a regional level to the North America market segment.

YOUR RESPONSIBILITIES:
- Communicate with industry leading distributors and wholsalers via phone, email, text, video, social media, etc., or in person meetings.
- Help company to gain better brand recognition by assisting trade shows and other public functions.
- Collect market information, including but not limited to, market data, industry trend, product standard and competitor’s analysis.
- Negotiate supply agreements with new and existing channel partners.
- Record channel's performance and marketing events, training actitivies, etc., and organize routine communication such as QBR to maintain a healthy cooperation.
- Be able to travel regularly to meet new partners, or assist existing partners.
- A life-time learner that is able to quickly adapt and work under pressure.

- Sales experiences with Key retail partners in NA.
- Strong analytical and problem solving skills with a positive and open mindset.
- Target market native speaker; strong written and verbal skills in both English and Local language.
- Strong communicator and team-player. Natural leaders are able to help each team member reach their full potential and achieve superior performance while pursuing a common goal.
- Outstanding consumer, product, and marketing strategy abilities. Creative and logical thinker.
- Strong cross cultural skills.
- Minimum 5 years related experience. Consumer electronic brand sales experience will be preferred.
- Bachelor's Degree or above.

Perks of Benefits:
Our company benefits are designed to convey company culture and values, to create an efficient and inspiring work environment, and to support our employees to give their best in both work and life. We offer the following benefits to eligible employees:
- 10 Days Company Recognized Holidays
- Paid time Off, up to 15 Days!
- 401(k) and company match
- Medical & Dental & Vision Insurance Coverage
- Meal Allowance
- Donation Match
- Employee Assistant Program

【For Pay Transparency】
The base salary range for this position in the selected city is $80,000 - $120,000 annually.
Compensation may vary outside of this range depending on a number of factors, including a candidate’s qualifications, skills, competencies and experience, and location.
Base pay is one part of the Total Package that is provided to compensate and recognize employees for their work, and this role is eligible for additional discretionary bonuses.

Anker Innovations is committed to a diverse and inclusive workplace. Anker Innovations is an equal opportunity employer and does not discriminate on the basis of race, national origin, gender, gender identity, sexual orientation, protected veteran status, disability, age, or other legally protected status. Please contact hr-recruit@anker-in.com if you have any questions.",3780,https://anker-in.jobs.feishu.cn/index/position/7355612721653877046/detail,,,,,,,not_checked,,2026-10-02,,2026-10-08,,913,startDate,true,0,,,,,,2024-04-08,,,,,,,,
7477506447582120230,区域供应链高级经理【欧洲/北美/中东】,Anker (US),Anker,Full time,Posted 578 Days Ago,2025-03-03,584,Düsseldorf,2,Düsseldorf; Los Angeles,false,,united states,,0,"1、负责北美/欧洲/中东其中的某地区供应中心日常运营管理，确保供应中心KPI达成及持续改进，对欧洲供应中心整体运作质量负责
2、负责HUB 本地仓储及尾程派送，管理区域内运输和物流合作伙伴，平衡服务水平、库存成本和效率提供本地供应解决方案
3、监控区域多国进出口政策、关税变动及贸易壁垒，制定合规应对方案（如原产地规则、反倾销规避）
4、管理Hub端到端订单履行流程（Order Fulfillment），确保客户订单及时、准确、高质量交付
5、负责供应中心库存策略制定以及执行，并对覆盖的区域进行一定的资源调度和平衡

1、全日制本科及以上学历，英语可以作为工作语言，德语优先
2、6年以上供应链管理经验，其中3年以上跨国/多国区域供应链运营经验，有海外供应链工作经验者优先
3、具备在复杂和压力环境下快速推动事情解决的能力及高度的责任感和敬业精神
4、优秀的跨文化沟通与协作能力： 理解并尊重欧洲多元文化，能有效在全球化环境中工作",417,https://anker-in.jobs.feishu.cn/index/position/7477506447582120230/detail,,,,,,,not_checked,,2026-10-02,,2026-10-08,,584,startDate,true,0,,,,,,2025-03-03,,,,,,,,
7560990557708011830,物流经理-海外,Anker (US),Anker,Full time,Posted 353 Days Ago,2025-10-14,359,Los Angeles,3,Los Angeles; Mönchengladbach; Düsseldorf,false,,united states,,0,"Why join us:
Anker Innovations is a global leader in smart charging technologies and a developer of consumer products for the home,car, and mobile life Founded in 2011 by Steven Yang, Anker quickly established itself as an innovator and market leader in intelligent charging solutions.

Anker Innovations is committed to shaping the consumer electronics brand in the global marketplace, bringing innovative, technologically savvy leading products to consumers around the world.The products have sold to more than 100 countries and regions around the world, with more than 140 million users.

Since established, Anker Innovations has continued to lead the way in terms of revenue scale and growth rate. In 2022, Anker Innovations sold million of pieces products worldwide with a revenue of 2000+ million USD.

Anker Innovations has successfully built Anker, a world-renowned high-end innovative charging brand, and launched intelligent hardware brands such as Eufy, Nebula, and Soundcore to further explore smart charging, smart voice, smart home and other fields, bringing leading products with technological charm to the market.

At Anker, we have a total of 4000+ employees and the proportion of R&D personnel up to 50%.

We are engaged in the world's leading research and development of charging, audio, home appliances, automotive, projection and other product technologies, with 1400+ intellectual property rights, to ensure that our products continue to be popular.

For more information, please visit: https://us.anker.com/

1. Warehouse Operations Oversight: Monitor overall operations of the general warehouse, analyze delivery performance indicators, and develop improvement plans. Ensure the effective implementation and tracking of these initiatives.
2. Process Optimization: Lead the addition, optimization, and continuous updating of warehouse operational processes. Drive the development and improvement of the warehouse process system to enhance efficiency and scalability.
3. Logistics Supplier Management: Oversee the daily operations and performance of logistics suppliers, leveraging high-quality resources for optimal use. This includes managing supplier performance, developing bidding strategies, and addressing service quality issues.
4. Lean Logistics Planning: Take responsibility for the overall planning, solution design, requirement identification, and diagnostics related to lean logistics. Lead the development of feasible plans and ensure their successful implementation.
5. Cross-functional Collaboration: Act as a bridge between upstream and downstream departments, fostering collaboration and synergy to drive the achievement of organizational goals.

1. Bachelor's degree or higher from an accredited institution.
2. More than 5 years of experience in warehouse management, with at least 3 years of project team management experience.
3. Relevant experience in logistics for manufacturing, particularly in the consumer electronics industry.
4. Familiarity with advanced logistics technologies, as well as automation and smart equipment.
5. Proficient in using various data analysis tools and Microsoft Office Suite, with strong analytical capabilities to support data-driven decision-making.
6. Excellent interpersonal communication skills, with the ability to establish and maintain strong connections across teams and with external partners.
7. Strong sense of responsibility, team spirit, and the ability to thrive in challenging environments. Self-motivated and result-oriented, with a commitment to delivering high-quality outcomes.
8. Bilingual in English and Mandarin preferred.

Anker Innovations is committed to a diverse and inclusive workplace. Anker Innovations is an equal opportunity employer and does not discriminate on the basis of race, national origin, gender, gender identity, sexual orientation, protected veteran status, disability, age, or other legally protected status.",3930,https://anker-in.jobs.feishu.cn/index/position/7560990557708011830/detail,,,,,,,not_checked,,2026-10-02,,2026-10-08,,359,startDate,true,0,,,,,,2025-10-14,,,,,,,,
7591726642591959323,MKT Specialist,Anker (US),Anker,Full time,Posted 270 Days Ago,2026-01-05,276,Seattle,1,Seattle,false,,united states,,0,"1. Assist in developing and executing marketing strategies to drive growth across Anker's channel platforms.
2. Support the planning and implementation of digital campaigns, promocons, and content strategies to boost sales and improve customer experience
3. Utilise data and insights to help optimise performance marketing activities across paid, owned, and earned media.
4. Work with cross-functional teams, including Brand and Go-To-Market(GTM), to deliver engaging consumer experiences.
5. Assist in managing marketing budgets, tracking KPIs, and analysing campaign effectiveness to ensure ROI.
6. Research market trends, competitor activities, and new digital mariketing strategies to support innovation

1. 24-25届毕业生，本科及以上学历，专业不限
2. Bachelor's degree or above in Marketing, Business, Digital Media, cor a related field.
3. Proficient in English as a working language; knowledge ofadditional languages is a plus.
4. Strong interest in DTC, e-commerce, and digital marketing, especiaally in consumer technology or electronics
5. Strong analytical skills, with the ability to interpret data andd support marketing decision-making.
6. Good communication, collaboration, and problem-solvingabilities",1199,https://anker-in.jobs.feishu.cn/index/position/7591726642591959323/detail,,,,,,,not_checked,,2026-10-02,,2026-10-08,,276,startDate,true,0,,,,,,2026-01-05,,,,,,,,
7591766665559722259,海外区域销售专员,Anker (US),Anker,Full time,Posted 270 Days Ago,2026-01-05,276,Melbourne,3,Melbourne; Carterton; Seattle,false,,united states,,0,"1. Support offline sales operations in the market, assisting in achieving sales targets and expanding market share.
2. Conduct market research and competitor analysis for offline retail
3. channels, providing insights to develop channel strategies and
4. promotional plans.
5. Assist in managing relationships with key retail partners, ersuring
6. timely communication and effective execution of sales programs.
7. Coordinate with cross-functional teams, including Markketing
8. Product, and Supply Chain, to ensure alignment in product launches, pricing, and in-store promotions.
9. Monitor and analyze offline sales performance, store display execution, and customer feedback, providing data-driven
10. recommendations for improvement.

1. 24-25届毕业生，本科及以上学历，专业不限
2. Bachelor’s degree or above in Marketing, Business, International Trade, or a related field.
3. Strong communication, negotiation, and relationship-building skills.
4. Solid analytical skills, with the ability to interpret sales data and translate insights into actionable plans.
5. Strong problem-solving skills in time-sensitive situations, manage multiple priorities, and adapt to a fast-paced retail environment.
6. Passion for consumer electronics, retail sales, and brand development.",1257,https://anker-in.jobs.feishu.cn/index/position/7591766665559722259/detail,,,,,,,not_checked,,2026-10-02,,2026-10-08,,276,startDate,true,0,,,,,,2026-01-05,,,,,,,,
7591803513275287834,Offline Sales Specialist,Anker (US),Anker,Full time,Posted 270 Days Ago,2026-01-05,276,Seattle,1,Seattle,false,,united states,,0,"1.Support offline sales operations in the market, assisting in achieving sales targets and expanding market share.
2.Conduct market research and competitor analysis for offline retail channels, providing insights to develop channel strategies and promotional plans.
3.Assist in managing relationships with key retail partners, ensuring timely communication and effective execution of sales programs.
4.Coordinate with cross-functional teams, including Marketing, Product, and Supply Chain, to ensure alignment in product launches, pricing, and in-store promotions.
5.Monitor and analyze offline sales performance, store display execution, and customer feedback, providing data-driven recommendations for improvement.

1.24-25届毕业生.
2. Bachelor's degree or above in Marketing, Business, International Trade, or a related field.
3. Strong communication, negotiation, and relationship-building skills.
4. Solid analytical skills, with the ability to interpret sales data and translate insights into actionable plans.
5. Strong problem-solving skills in time-sensitive situations, manage multiple priorities, and adapt to a fast paced retail environment.
6. Passion for consumer electronics, retail sales, and brand development.",1223,https://anker-in.jobs.feishu.cn/index/position/7591803513275287834/detail,,,,,,,not_checked,,2026-10-02,,2026-10-08,,276,startDate,true,0,,,,,,2026-01-05,,,,,,,,
7591943599190886697,Head of Regional Sales_Zhixin,Anker (US),Anker,Full time,Posted 270 Days Ago,2026-01-05,276,Seattle,1,Seattle,false,,united states,,0,"Why join us:
Anker Innovations is a global leader in smart charging technologies and a developer of consumer products for the home, car, and mobile life. Founded in 2011, we are committed to shaping the consumer electronics brand in the global marketplace, bringing innovative, technologically savvy leading products to consumers around the world. We've brought our products to 100+ countries and regions with more than 140 million users and a revenue of 2+ billion USD in 2022.

Anker Innovations has successfully built Anker, a world-renowned high-end innovative charging brand, and launched intelligent hardware brands such as Eufy, Nebula, and Soundcore to further explore smart charging, smart voice, home security and other categories, bringing leading products with technological charm and 1400+ intellectual property rights to the market, to ensure that our products continue to be popular.

Today, we have 4000+ employees in 15 offices across North America, Europe, Australia, Asia, LATAM and the Middle East and the proportion of R&D personnel up to 50%. We are always looking for top talent like you to join us!

For more information, please visit: https://us.anker.com/

Job Overview:
We are seeking a results-driven Regional Sales Manager to lead and expand B2B sales of our security hardware solutions across the assigned territory. This individual will be responsible for driving revenue growth by managing key channel partners, building strategic relationships with integrators, distributors, and service providers, and identifying new opportunities in the commercial and SMB segments.

Responsibilities:
- Own full regional P&L and revenue targets for B2B security hardware, including cameras, hubs, sensors, and NVR solutions.
Define and execute the regional go-to-market strategy, including channel mix, partner coverage, pricing, and market segmentation.
- Build, lead, and scale a regional sales organization, including hiring, coaching, performance management, and territory planning.
- Develop and manage strategic partnerships with security integrators, ISPs, VARs, distributors, and OEM partners.
- Drive pipeline generation and deal execution to achieve quarterly and annual growth targets.
- Collaborate closely with Product, Marketing, Operations, and HQ leadership to align roadmap, demand generation, and supply planning.
- Own sales forecasting, CRM hygiene, pipeline reviews, and executive-level reporting.
- Represent the company at industry trade shows, regional events, and key customer engagements.
- Provide structured feedback on market trends, competitive dynamics, customer needs, and product performance to influence product and strategy decisions.

- Significant experience in B2B sales leadership within physical security hardware or adjacent hardware-driven industries.
- Proven success building and managing channel-led sales models with integrators, VARs, ISPs, and distributors.
- Demonstrated ability to own and deliver regional revenue targets at scale.
- Experience leading, developing, and motivating high-performing sales teams.
- Strong strategic, analytical, and execution skills with a data-driven mindset.
- Comfortable working cross-functionally in a fast-paced, global organization.
- Proficiency with CRM systems, forecasting, and performance reporting.
- Excellent executive-level communication, negotiation, and presentation skills.

Perks of Benefits:
Our company benefits are designed to convey company culture and values, to create an efficient and inspiring work environment, and to support our employees to give their best in both work and life. We offer the following benefits to eligible employees:
- 10 Days Company Recognized Holidays
- Paid Time Off - up to 15 Days
- 401(k) and company match
- Medical & Dental & Vision Insurance Coverage
- Donation Match
- Employee Assistant Program

【For Pay Transparency】Compensation Description
The salary range for this position is between $110,000 to $140,000.
Compensation may vary outside of this range depending on a number of factors, including a candidate’s qualifications, skills, competencies and experience, and location. Base pay is one part of the Total Package that is provided to compensate and recognize employees for their work, and this role may be eligible for additional discretionary bonuses/ incentives/ restricted stock units.

Anker Innovations is committed to a diverse and inclusive workplace. Anker Innovations is an equal opportunity employer and does not discriminate on the basis of race, national origin, gender, gender identity, sexual orientation, protected veteran status, disability, age, or other legally protected status. Please contact hr-recruit@anker-in.com if you have any questions.",4733,https://anker-in.jobs.feishu.cn/index/position/7591943599190886697/detail,,,,,,,not_checked,,2026-10-02,,2026-10-08,,276,startDate,true,0,,,,,,2026-01-05,,,,,,,,
7612590844361722166,Human Resources Specialist,Anker (US),Anker,Full time,Posted 214 Days Ago,2026-03-02,220,Seattle,1,Seattle,false,,united states,,0,"Why Join us:

Anker Innovations is a global leader in smart charging technologies and a developer of consumer products for the home, car, and mobile life. Founded in 2011, we've brought our products to 100+ countries and regions with more than 140 million users and a revenue of 2000+ million USD in 2022.
Anker Innovations has successfully built Anker, a world-renowned high-end innovative charging brand, and launched intelligent hardware brands such as Eufy, Nebula, and Soundcore to further explore smart charging, smart voice, smart home and other fields.
Today, we have a total of 4000+ employees in 15 offices across North America, Europe, Australia, Asia, LATAM and the Middle East. We are always looking for top talents like you.

For more information, please visit: https://us.anker.com/

Responsibilities

1. Onboarding & Offboarding
Manage end-to-end onboarding and offboarding processes, including I-9 verification, HRIS setup, benefits enrollment, orientation, and separation logistics
Coordinate with IT and facilities on equipment, system access, and workspace readiness
Ensure compliance with federal, state, and local employment requirements throughout the employee lifecycle
2. Employee Record Management
Maintain accurate and up-to-date employee records in HR systems and internal trackers
Support document collection, filing, and data audits as needed
3. Office Management & Workplace Support
Manage daily office operations for approximately 40 onsite employees and one remote office location
Oversee office facilities, supplies, equipment, and shared spaces to ensure efficient operations
Serve as the primary point of contact for office-related requests and issues
Coordinate with building management, maintenance teams, and external service providers
4. Budget Forecasting & Allocation
Track office-related expenses, budgets, and cost allocations
Support budget forecasting and expense reporting in coordination with Finance
Identify opportunities for cost optimization
5. Vendor Coordination
Manage office- and HR-related vendors, including service providers and suppliers
Coordinate contracts, renewals, invoices, and ongoing service delivery
Monitor vendor performance and resolve service issues as needed
6. Onsite Event Coordination
Plan and coordinate onsite employee events, including meetings, team activities, and company gatherings
Manage event logistics such as space setup, catering, supplies, and vendor coordination
Ensure events are executed smoothly and align with company culture and budget guidelines
7. General HR & Administrative Support
Assist with basic benefits coordination and employee inquiries
Support HR initiatives, internal communications, and ad hoc projects
Qualifications

1–2 years of experience in office administration, HR coordination, or a similar administrative role
Bachelor's degree required
Strong communication and interpersonal skills, with the ability to interact professionally across all levels of the organization
Proficient in Microsoft Office Suite (Excel, Word, Outlook) or Google Workspace; strong attention to detail and organizational skills
Ability to manage multiple priorities and deadlines in a fast-paced onsite environment
Familiarity with HRIS systems (e.g., ADP, Workday, or similar platforms)
Basic understanding of HR practices, employment law, and confidentiality requirements
Preferred Qualifications

Bilingual in English and Mandarin Chinese preferred (verbal and written)
Experience supporting onboarding, offboarding, or benefits administration
Experience with vendor management or office budget tracking
Prior experience in a technology, consumer electronics, or multinational company environment

Perks of Benefits:

Our company benefits are designed to convey company culture and values, to create an efficient and inspiring work environment, and to support our employees to give their best in both work and life. We offer the following benefits to eligible employees:
10 Days Company Recognized Holidays
Paid time Off, up to 15 Days
401(k) and company match
Medical & Dental & Vision Insurance Coverage
Donation Match - Employee Assistant Program
The Company reserves the right to modify or change these benefits programs at any time, with or without notice.

【For Pay Transparency】

The base salary range for this position in the selected city is $81,000 - $90,000 annually.
Compensation may vary outside of this range depending on a number of factors, including a candidate’s qualifications, skills, competencies and experience, and location. Base pay is one part of the Total Package that is provided to compensate and recognize employees for their work, and this role is eligible for additional discretionary bonuses.
Anker Innovations is committed to a diverse and inclusive workplace. We are an equal opportunity employer and do not discriminate on the basis of race, national origin, gender, gender identity, sexual orientation, protected veteran status, disability, age, or other legally protected status.
If you require a reasonable accommodation to participate in our recruitment process, please contact us at hr-recruit@anker-in.com.

FRAUD ALERT: Anker Innovations is aware of fraudulent job offers being made by individuals impersonating our recruiters. Please be advised that Anker will NEVER ask for payment or banking details during the hiring process. All official communication will come from an email address ending in:

@anker.com
@anker-in.com
@anker.io",5472,https://anker-in.jobs.feishu.cn/index/position/7612590844361722166/detail,,,,,,,not_checked,,2026-10-02,,2026-10-08,,220,startDate,true,0,,,,,,2026-03-02,,,,,,,,
7619147051896899866,Regional Sales_Zhixin,Anker (US),Anker,Full time,Posted 196 Days Ago,2026-03-20,202,Seattle,1,Seattle,false,,united states,,0,"Why join us:
Anker Innovations is a global leader in smart charging technologies and a developer of consumer products for the home, car, and mobile life. Founded in 2011, we are committed to shaping the consumer electronics brand in the global marketplace, bringing innovative, technologically savvy leading products to consumers around the world. We've brought our products to 100+ countries and regions with more than 140 million users and a revenue of 2+ billion USD in 2022.

Anker Innovations has successfully built Anker, a world-renowned high-end innovative charging brand, and launched intelligent hardware brands such as Eufy, Nebula, and Soundcore to further explore smart charging, smart voice, home security and other categories, bringing leading products with technological charm and 1400+ intellectual property rights to the market, to ensure that our products continue to be popular.

Today, we have 4000+ employees in 15 offices across North America, Europe, Australia, Asia, LATAM and the Middle East and the proportion of R&D personnel up to 50%. We are always looking for top talent like you to join us!

For more information, please visit: https://us.anker.com/

Location: Remote within the United States

Job Overview:
We are seeking a results-driven Regional Sales Manager to lead and expand B2B sales of our security hardware solutions across the assigned territory. This individual will be responsible for driving revenue growth by managing key channel partners, building strategic relationships with integrators, distributors, and service providers, and identifying new opportunities in the commercial and SMB segments.

Responsibilities:
- Own and drive B2B sales of physical security hardware (e.g., cameras, HUBs, smart sensors, NVRs).
- Develop and manage regional partnerships with security integrators, ISP's, value-added resellers (VARs), distributors, and OEMs.
- Deliver on quarterly and annual sales targets through pipeline development and deal execution.
- Collaborate with marketing, product, and operations teams to ensure alignment on go-to-market strategy.
- Manage sales forecasting, CRM updates, and reporting for regional performance.
- Identify and attend relevant trade shows, regional events, and customer visits to promote products and generate leads.
- Provide ongoing feedback on competitive landscape, product performance, and market trends.

- Experience in B2B sales of physical security hardware (e.g., cameras, sensors, NVRs).
- Proven ability to build and manage partnerships with integrators, ISPs, VARs, and distributors.
- Strong track record of meeting sales targets and driving pipeline growth.
- Comfortable collaborating cross-functionally with marketing, product, and operations teams.
- Proficient in CRM tools and sales reporting.
- Excellent communication, negotiation, and presentation skills.

Perks of Benefits:
Our company benefits are designed to convey company culture and values, to create an efficient and inspiring work environment, and to support our employees to give their best in both work and life. We offer the following benefits to eligible employees:
- 10 Days Company Recognized Holidays
- Paid Time Off - up to 15 Days
- 401(k) and company match
- Medical & Dental & Vision Insurance Coverage
- Donation Match
- Employee Assistant Program

【For Pay Transparency】Compensation Description
The base salary for this position is between $85,000 to $130,000.
Compensation may vary outside of this range depending on a number of factors, including a candidate’s qualifications, skills, competencies and experience, and location. Base pay is one part of the Total Package that is provided to compensate and recognize employees for their work, and this role may be eligible for additional discretionary bonuses/ incentives/ restricted stock units.

Anker Innovations is committed to a diverse and inclusive workplace. Anker Innovations is an equal opportunity employer and does not discriminate on the basis of race, national origin, gender, gender identity, sexual orientation, protected veteran status, disability, age, or other legally protected status. Please contact hr-recruit@anker-in.com if you have any questions.",4199,https://anker-in.jobs.feishu.cn/index/position/7619147051896899866/detail,,,,,,,not_checked,,2026-10-02,,2026-10-08,,202,startDate,true,0,,,,,,2026-03-20,,,,,,,,
7628821164106418478,Key Account Manager - Projector Experience,Anker (US),Anker,Full time,Posted 170 Days Ago,2026-04-15,176,Seattle,1,Seattle,false,,united states,,0,"Why join us:
Anker Innovations is a global leader in smart charging technologies and a developer of consumer products for the home, car and more.

Founded in 2011, Anker quickly established itself as an innovator and market leader in intelligent charging solutions. Anker Innovations is a multinational consumer electronics company. Our various consumer brands, including Anker, Nebula, Eufy, and Soundcore, develop innovative products that are sold worldwide.
Today we have over 4,000 employees in 15 offices across North America, Europe, Australia, Asia, LATAM and the Middle East. And we are always looking for top talent to join our team!

For more information, please visit: https://us.anker.com/

Responsibilities:
- Identify and pursue business opportunities within assigned retail and specialty AV channels.
- Cultivate and strengthen relationships with key partners to grow projector category sales and market share.
- Develop and execute targeted sales strategies to maximize product placement and revenue within retail channels.
- Proactively generate leads and pursue opportunities for product placement in retail outlets.
- Develop Strategic business plan for all accounts.
- Discuss and plan promotional strategy/budgeting and activities with the marketing department.
- Liaise with the finance team, warehousing, and logistics departments as appropriate.
- Seek ways of improving the way the business operates.
- Attend seminars, conferences, and events where appropriate.

- Minimum 3–5 years of experience managing key accounts in retail for consumer electronics, preferably with projector, display, or AV category experience.
- Experience working with or for leading projector brands such as XGIMI, BenQ, Hisense, Sony, ViewSonic, or similar.
- Excellent verbal and written communication skills.
- Social team player.
- Excellent skills in PowerPoint, Excel etc.
- Flexible and creative.
- Prepared to travel – 20% or less of the time, to regional client or retailer.
- Full social networking skill.

Perks of Benefits:
Our company benefits are designed to convey company culture and values, to create an efficient and inspiring work environment, and to support our employees to give their best in both work and life. We offer the following benefits to eligible employees:
- 10 Days Company Recognized Holidays
- Paid time Off, up to 15 Days
- 401(k) and company match
- Medical & Dental & Vision Insurance Coverage
- Donation Match
- Employee Assistant Program

【For Pay Transparency】
The base salary range for this position in the selected city is $80,000 - $110,000 annually.
Compensation may vary outside of this range depending on a number of factors, including a candidate’s qualifications, skills, competencies and experience, and location.
Base pay is one part of the Total Package that is provided to compensate and recognize employees for their work, and this role is eligible for additional discretionary bonuses.

Anker Innovations is committed to a diverse and inclusive workplace. Anker Innovations is an equal opportunity employer and does not discriminate on the basis of race, national origin, gender, gender identity, sexual orientation, protected veteran status, disability, age, or other legally protected status. Please contact hr-recruit@anker-in.com if you have any questions.",3317,https://anker-in.jobs.feishu.cn/index/position/7628821164106418478/detail,,,,,,,not_checked,,2026-10-02,,2026-10-08,,176,startDate,true,0,,,,,,2026-04-15,,,,,,,,
7644858647428057353,GTM Specialist_Soundcore,Anker (US),Anker,Full time,Posted 127 Days Ago,2026-05-28,133,Seattle,1,Seattle,false,,united states,,0,"Why join us:
Anker Innovations is a global leader in smart charging technologies and a developer of consumer products for the home, car, and mobile life. Founded in 2011, we are committed to shaping the consumer electronics brand in the global marketplace, bringing innovative, technologically savvy leading products to consumers around the world. We've brought our products to 100+ countries and regions with more than 140 million users and a revenue of 2+ billion USD in 2022.

Anker Innovations has successfully built Anker, a world-renowned high-end innovative charging brand, and launched intelligent hardware brands such as Eufy, Nebula, and Soundcore to further explore smart charging, smart voice, home security and other categories, bringing leading products with technological charm and 1400+ intellectual property rights to the market, to ensure that our products continue to be popular.

Today, we have 4000+ employees in 15 offices across North America, Europe, Australia, Asia, LATAM and the Middle East and the proportion of R&D personnel up to 50%. We are always looking for top talent like you to join us!

Location: Onsite at our Bellevue, WA office

Job Overview:
We are looking for a motivated and detail-oriented Go-to-Market (GTM) Specialist to join our North American Business Team. This is an excellent opportunity for an early-career professional who is interested in sales operations, product launches, channel marketing, and cross-functional business coordination within a fast-growing consumer technology company.

Responsibilities:
- Support coordination between internal teams including sales, marketing, operations, and product management on go-to-market initiatives and daily business activities
- Assist with product launch planning, sales tracking, and channel execution across retail and distribution partners
- Monitor sales performance and inventory trends against forecasts, and help identify potential risks or opportunities
- Support demand planning and forecasting activities by collecting and organizing business data
- Coordinate sample shipments, marketing materials, displays, and other launch-related logistics
- Conduct market and competitive research to help provide business insights and recommendations
- Help maintain pricing files, product information, and retail data accuracy across accounts
- Assist in preparing reports, presentations, and business reviews for internal and external stakeholders
- Identify operational inefficiencies and suggest process improvements to support team productivity
- Collaborate with cross-functional teams to support key customer requests and ongoing business initiatives

- Bachelor's degree in Business, Marketing, Communications, Supply Chain, or a related field
- 0 to 2 years of relevant experience in sales support, business operations, marketing, retail, or related fields
- Strong organizational skills with high attention to detail
- Comfortable managing multiple projects and priorities in a fast-paced environment
- Strong written and verbal communication skills
- Proficiency in Microsoft Excel, Google Sheets, and PowerPoint
- Analytical mindset with the ability to work with data and identify trends
- Self-starter with a willingness to learn and take initiative
- Ability to collaborate effectively with cross-functional and multicultural teams
- Bilingual in English and Mandarin preferred

【For Pay Transparency】Compensation Description (annually)
The base salary range for this position in the selected city is $75,000 - $81,000 annually.
Compensation may vary outside of this range depending on a number of factors, including a candidate’s qualifications, skills, competencies and experience, and location. Base pay is one part of the Total Package that is provided to compensate and recognize employees for their work, and this role may be eligible for additional discretionary bonuses/ incentives/ restricted stock units.

Anker Innovations is committed to a diverse and inclusive workplace. Anker Innovations is an equal opportunity employer and does not discriminate based on race, national origin, gender, gender identity, sexual orientation, protected veteran status, disability, age, or other legally protected status. Please contact hr-recruit@anker-in.com if you have any questions.",4298,https://anker-in.jobs.feishu.cn/index/position/7644858647428057353/detail,,,,,,,not_checked,,2026-10-02,,2026-10-08,,133,startDate,true,0,,,,,,2026-05-28,,,,,,,,
7644861481050212617,Business Development Specialist_Soundcore,Anker (US),Anker,Full time,Posted 127 Days Ago,2026-05-28,133,Los Angeles,1,Los Angeles,false,,united states,,0,"Why join us:
Anker Innovations is a global leader in smart charging technologies and a developer of consumer products for the home, car, and mobile life. Founded in 2011, we are committed to shaping the consumer electronics brand in the global marketplace, bringing innovative, technologically savvy leading products to consumers around the world. We've brought our products to 100+ countries and regions with more than 140 million users and a revenue of 2+ billion USD in 2022.

Anker Innovations has successfully built Anker, a world-renowned high-end innovative charging brand, and launched intelligent hardware brands such as Eufy and Soundcore to further explore smart charging, smart voice, home security and other categories, bringing leading products with technological charm and 1400+ intellectual property rights to the market, to ensure that our products continue to be popular.

Today, we have 4000+ employees in 15 offices across North America, Europe, Australia, Asia, LATAM and the Middle East and the proportion of R&D personnel up to 50%. We are always looking for top talent like you to join us!

For more information, please visit: https://us.anker.com/

Location: Remote within the U.S.

About the Role:
We are looking for a Junior Business Development Specialist to support our business growth initiatives. This is an entry-level role ideal for someone who is proactive, organized, and eager to build a career in business development, partnerships, or sales. You will work closely with senior team members to identify opportunities, engage prospects, and support partnership execution across the United States.

Key Responsibilities:
- Assist in identifying and researching potential clients, partners, and market opportunities
- Conduct outbound outreach via email, LinkedIn, and messaging platforms to prospects
- Support relationship management with existing clients and partners
- Prepare basic sales materials, proposals, and follow-up communications
- Coordinate meetings, calls, and follow-ups with prospects and internal stakeholders
- Maintain accurate records of leads, outreach activities, and deal progress in CRM or tracking tools
- Support market research and competitive analysis for the United States market
- Assist with ad-hoc business development and operational tasks as needed

- Bachelor's degree in Business or a related field
- Previous internship experience in sales preferred
- Strong communication and interpersonal skills
- Willingness to do outreach and follow up consistently
- Organized, detail-oriented, and able to manage multiple tasks
- Interest in business development, partnerships, sales, or commercial roles

【For Pay Transparency】Compensation Description
The base salary for this position is between $60,000 to $81,000. Compensation may vary outside of this range depending on a number of factors, including a candidate’s qualifications, skills, competencies and experience, and location. Base pay is one part of the Total Package that is provided to compensate and recognize employees for their work, and this role may be eligible for additional discretionary bonuses/ incentives/ restricted stock units.

Anker Innovations is committed to a diverse and inclusive workplace. Anker Innovations is an equal opportunity employer and does not discriminate on the basis of race, national origin, gender, gender identity, sexual orientation, protected veteran status, disability, age, or other legally protected status. Please contact hr-recruit@anker-in.com if you have any questions.",3541,https://anker-in.jobs.feishu.cn/index/position/7644861481050212617/detail,,,,,,,not_checked,,2026-10-02,,2026-10-08,,133,startDate,true,0,,,,,,2026-05-28,,,,,,,,
7659687327175182643,Business Development Specialist - Vancouver/Toronto Area,Anker (US),Anker,Full time,Posted 87 Days Ago,2026-07-07,93,Los Angeles,1,Los Angeles,false,,united states,,0,"Why join us:
Anker Innovations is a global leader in smart charging technologies and a developer of consumer products for the home, car, and mobile life. Founded in 2011, we are committed to shaping the consumer electronics brand in the global marketplace, bringing innovative, technologically savvy leading products to consumers around the world. We've brought our products to 100+ countries and regions with more than 140 million users and a revenue of 2+ billion USD in 2022.

Anker Innovations has successfully built Anker, a world-renowned high-end innovative charging brand, and launched intelligent hardware brands such as Eufy and Soundcore to further explore smart charging, smart voice, home security and other categories, bringing leading products with technological charm and 1400+ intellectual property rights to the market, to ensure that our products continue to be popular.

Today, we have 4000+ employees in 15 offices across North America, Europe, Australia, Asia, LATAM and the Middle East and the proportion of R&D personnel up to 50%. We are always looking for top talent like you to join us!

For more information, please visit: https://us.anker.com/

Location: Remote within the U.S.

About the Role:
We are looking for a Junior Business Development Specialist to support our business growth initiatives. This is an entry-level role ideal for someone who is proactive, organized, and eager to build a career in business development, partnerships, or sales. You will work closely with senior team members to identify opportunities, engage prospects, and support partnership execution across the United States.

Key Responsibilities:
- Assist in identifying and researching potential clients, partners, and market opportunities
- Conduct outbound outreach via email, LinkedIn, and messaging platforms to prospects
- Support relationship management with existing clients and partners
- Prepare basic sales materials, proposals, and follow-up communications
- Coordinate meetings, calls, and follow-ups with prospects and internal stakeholders
- Maintain accurate records of leads, outreach activities, and deal progress in CRM or tracking tools
- Support market research and competitive analysis for the United States market
- Assist with ad-hoc business development and operational tasks as needed

- Bachelor's degree in Business or a related field
- Previous internship experience in sales preferred
- Strong communication and interpersonal skills
- Willingness to do outreach and follow up consistently
- Organized, detail-oriented, and able to manage multiple tasks
- Interest in business development, partnerships, sales, or commercial roles

【For Pay Transparency】Compensation Description
The base salary for this position is between $60,000 to $81,000. Compensation may vary outside of this range depending on a number of factors, including a candidate’s qualifications, skills, competencies and experience, and location. Base pay is one part of the Total Package that is provided to compensate and recognize employees for their work, and this role may be eligible for additional discretionary bonuses/ incentives/ restricted stock units.

Anker Innovations is committed to a diverse and inclusive workplace. Anker Innovations is an equal opportunity employer and does not discriminate on the basis of race, national origin, gender, gender identity, sexual orientation, protected veteran status, disability, age, or other legally protected status. Please contact hr-recruit@anker-in.com if you have any questions.",3541,https://anker-in.jobs.feishu.cn/index/position/7659687327175182643/detail,,,,,,,not_checked,,2026-10-02,,2026-10-08,,93,startDate,true,0,,,,,,2026-07-07,,,,,,,,
7662645146932152618,Channel Development Manager - Security Solutions,Anker (US),Anker,Full time,Posted 79 Days Ago,2026-07-15,85,Seattle,1,Seattle,false,,united states,,0,"Job Overview
We are seeking a results-driven Regional Sales Manager to grow B2B sales of Eufy Security's hardware + app + alarm solutions across North America. This is an individual-contributor, B2B channel sales role (not B2C/D2C), focused on acquiring the right partners, expanding wallet share, and converting pipeline into repeatable revenue in the commercial and SMB segments. The role requires substantial face-to-face time in the field — customer and partner visits, trade shows, and regional events — with regular travel across the assigned territory.
Why Eufy Security B2B
Eufy Security is entering the B2B market with a differentiated price-performance and privacy-forward value proposition — hardware + app + alarm without forced subscriptions — spanning cameras, HUBs, sensors, and NVRs. This role is the frontline owner of that story as we scale commercial and SMB adoption across North America.

Work Location
Home-based field role covering the Continental US (48 contiguous states); travel ~[40–60]%

Reporting Line
This role will report into the head of this business unit (DIFM, PCT), Senior Director, Anker | Eufy Security B2B, North America

Responsibilities
1. Account Acquisition & New-Logo Growth — Identify, prospect, and onboard key accounts (system integrators, dealers, VARs, OEMs) with strong product-market fit for Eufy Security B2B solutions; drive proactive new-logo acquisition, not just account expansion.
2. Quota & Revenue Ownership — Own the full sales cycle (prospect → qualify → demo/PoC → close) and meet/exceed assigned quarterly and annual revenue targets; grow wallet share within existing accounts via cross-sell and upsell.
3. Solution Selling — Deliver hardware + cloud/software/app/alarm demos and manage pilot/proof-of-concept evaluations; sell total-solution value (cameras, HUBs, sensors, NVR + software/cloud/app/alarm), not box-moving.
4. Partner Enablement & JBP — Train, certify, and enable partners to build self-sufficient sellers; conduct joint business planning and co-marketing/MDF activities with top accounts.
5. Pipeline & Forecast Discipline — Build and maintain an accurate, well-staged pipeline and forecast in CRM; drive deal-stage and close-date discipline; convert leads into repeatable, scalable revenue.
6. Relationship Management — Build and maintain trusted, long-term relationships with integrators, ISPs, VARs, and distributors; manage customer expectations through delivery and post-sale.
7. VoC, Competitive Intel & Win/Loss — Capture VoC, competitive landscape, and market trends; run structured win/loss analysis to refine playbooks and feed insights back to product and marketing.
8. Cross-Functional & Field GTM — Partner with marketing, product, solutions engineering, and operations on GTM alignment; represent Eufy at key industry events (e.g., ISC West, GSX) and regional customer/partner visits to generate demand.

Target Verticals
- Focus B2B, commercial & SMB segments include, but not limited to: home alarm monitoring service, retail & loss prevention, small commercial office, logistics & warehouse.
- Prioritize partner accounts with the strongest product-market fit for Eufy Security B2B solutions.
Key Success Metrics (Year 1)
- 5+ new key accounts onboarded, enabled, and ramped to repeatable revenue
- Achieve 100% of assigned annual quota by end of Year 1
- Sustain quarterly forecast accuracy of 80% and a pipeline coverage ratio of 80%

- Industry Experience — 5–10+ years of B2B sales experience in physical security or closely related industries (surveillance, alarm/intrusion, VSaaS, access control, or networking).
- Track Record — Proven history of meeting/exceeding quota and driving pipeline growth through the full sales cycle (prospecting → close).
- Account Ownership — Demonstrated end-to-end ownership of sales and account management, including forecasting and CRM hygiene (Salesforce preferred).
- Channel Expertise — Strong experience building and managing partnerships with system integrators, ISPs, VARs, distributors, and OEMs.
- AI Fluency — Able to use AI tools fluently to streamline work — drafting project proposals, business plans, and GTM strategies — to drive efficiency.
- Education — Bachelor's degree in Business, Science, or Computer Engineering; MBA or Master's is a plus.
- Communication & Negotiation — Excellent communication, negotiation, and presentation skills; able to influence partners and internal stakeholders.
- Cross-Functional Collaboration — Comfortable working with marketing, product, solutions engineering, and operations on GTM alignment.
- Travel & Field Presence — Willingness and ability to travel ~[40–60]% within the assigned region for customer/partner visits, trade shows, and events; comfortable with high face-to-face engagement as a core part of the role.

【For Pay Transparency】Compensation Description
The base salary for this position is between $100,000 to $130,000.
Compensation may vary outside of this range depending on a number of factors, including a candidate’s qualifications, skills, competencies and experience, and location. Base pay is one part of the Total Package that is provided to compensate and recognize employees for their work, and this role may be eligible for additional discretionary bonuses/ incentives/ restricted stock units.

Anker Innovations is committed to a diverse and inclusive workplace. Anker Innovations is an equal opportunity employer and does not discriminate on the basis of race, national origin, gender, gender identity, sexual orientation, protected veteran status, disability, age, or other legally protected status. Please contact hr-recruit@anker-in.com if you have any questions.",5687,https://anker-in.jobs.feishu.cn/index/position/7662645146932152618/detail,,,,,,,not_checked,,2026-10-02,,2026-10-08,,85,startDate,true,0,,,,,,2026-07-15,,,,,,,,
7667343415944726811,Experiential Marketing Partnerships Manager - eufyMake,Anker (US),Anker,Full time,Posted 67 Days Ago,2026-07-27,73,Seattle,1,Seattle,false,,united states,,0,"Why join us:
Anker Innovations is a global leader in smart charging technologies and a developer of consumer products for the home, car, and mobile life. Founded in 2011, we are committed to shaping the consumer electronics brand in the global marketplace, bringing innovative, technologically savvy leading products to consumers around the world. We've brought our products to 100+ countries and regions with more than 140 million users and a revenue of 2+ billion USD in 2022.

Anker Innovations has successfully built Anker, a world-renowned high-end innovative charging brand, and launched intelligent hardware brands such as Eufy, Nebula, and Soundcore to further explore smart charging, smart voice, home security and other categories, bringing leading products with technological charm and 1400+ intellectual property rights to the market, to ensure that our products continue to be popular.

Today, we have 4000+ employees in 15 offices across North America, Europe, Australia, Asia, LATAM and the Middle East and the proportion of R&D personnel up to 50%. We are always looking for top talent like you to join us!

Location: Remote in Los Angeles, California, United States.

About the Role:
Anker is seeking an Experiential Partnerships Manager to grow our presence among small and midsize businesses, professional creators, and maker communities across North America.

This role will develop creator and community partnerships, execute in-person customer experiences, and build programs that increase brand awareness, customer engagement, and business growth.

Key Responsibilities:
- Develop partnerships with makers, creators, designers, SMB communities, complementary brands, retailers, and industry organizations.
- Plan and execute workshops, product demonstrations, pop-up experiences, creator events, design challenges, and product-preview programs.
- Build and manage engagement programs for professional makers, small businesses, studios, and independent creators.
- Develop co-branded, creator-led, and in-store initiatives that support customer acquisition and product adoption.
- Identify customer stories, use cases, and community advocates for case studies and brand content.
- Manage program timelines, budgets, vendors, logistics, and on-site execution.
- Track program performance, including participation, engagement, leads, influenced revenue, and ROI.
- Partner with Sales, GTM, Product, Brand, Retail, and global teams to align programs with business priorities and product launches.

- Bachelor’s degree or equivalent practical experience.
- 3+ years of experience in partnerships, experiential programs, community engagement, brand activation, field marketing, or a related area.
- Demonstrated experience developing partnerships and executing in-person programs in the North American market.
- Strong understanding of maker, DIY, creator, design, or small-business communities.
- Strong project-management, communication, relationship-building, and negotiation skills.
- Ability to independently manage multiple programs from planning through execution and measurement.
- Professional fluency in English and Mandarin is required.
- Experience of working with cross-functional or global teams.
- Willingness to travel and occasionally support evening or weekend events.

Preferred Qualifications:
- Experience in creative tools, consumer electronics, hardware, design technology, or a related consumer or prosumer category.
- Existing relationships within North American maker, creator, design, or SMB communities.
- Experience managing pop-ups, showrooms, workshops, trade shows, product demonstrations, or creator programs.
- Familiarity with CRM, project-management, event-management, or community platforms.

【For Pay Transparency】Compensation Description (annually)
The base salary range for this position in the selected city is $80,000 - $110,000 annually.
Compensation may vary outside of this range depending on a number of factors, including a candidate’s qualifications, skills, competencies and experience, and location. Base pay is one part of the Total Package that is provided to compensate and recognize employees for their work, and this role may be eligible for additional discretionary bonuses/ incentives/ restricted stock units.

Anker Innovations is committed to a diverse and inclusive workplace. Anker Innovations is an equal opportunity employer and does not discriminate based on race, national origin, gender, gender identity, sexual orientation, protected veteran status, disability, age, or other legally protected status. Please contact hr-recruit@anker-in.com if you have any questions.",4651,https://anker-in.jobs.feishu.cn/index/position/7667343415944726811/detail,,,,,,,not_checked,,2026-10-02,,2026-10-08,,73,startDate,true,0,,,,,,2026-07-27,,,,,,,,
7670675936388008234,Key Account Manager,Anker (US),Anker,Full time,Posted 58 Days Ago,2026-08-05,64,Seattle,1,Seattle,false,,united states,,0,"Why join us:
Anker Innovations is a global leader in smart charging technologies and a developer of consumer products for the home, car and more.

Founded in 2011, Anker quickly established itself as an innovator and market leader in intelligent charging solutions. Anker Innovations is a multinational consumer electronics company. Our various consumer brands, including Anker, Nebula, Eufy, and Soundcore, develop innovative products that are sold worldwide.
Today we have over 4,000 employees in 15 offices across North America, Europe, Australia, Asia, LATAM and the Middle East. And we are always looking for top talent to join our team!

For more information, please visit: https://us.anker.com/

Responsibilities:
- Identify and pursue business opportunities within assigned retail channels.
- Cultivate and strengthen relationships with key partners to grow projector category sales and market share.
- Develop and execute targeted sales strategies to maximize product placement and revenue within retail channels.
- Proactively generate leads and pursue opportunities for product placement in retail outlets.
- Develop Strategic business plan for all accounts.
- Discuss and plan promotional strategy/budgeting and activities with the marketing department.
- Liaise with the finance team, warehousing, and logistics departments as appropriate.
- Seek ways of improving the way the business operates.
- Attend seminars, conferences, and events where appropriate.

- Minimum 3–5 years of experience managing key accounts in retail for consumer electronics.
- Excellent verbal and written communication skills.
- Social team player.
- Excellent skills in PowerPoint, Excel etc.
- Flexible and creative.
- Prepared to travel – 20% or less of the time, to regional client or retailer.
- Full social networking skill.

Perks of Benefits:
Our company benefits are designed to convey company culture and values, to create an efficient and inspiring work environment, and to support our employees to give their best in both work and life. We offer the following benefits to eligible employees:
- 10 Days Company Recognized Holidays
- Paid time Off, up to 15 Days
- 401(k) and company match
- Medical & Dental & Vision Insurance Coverage
- Donation Match
- Employee Assistant Program

【For Pay Transparency】
The base salary range for this position in the selected city is $80,000 - $110,000 annually.
Compensation may vary outside of this range depending on a number of factors, including a candidate’s qualifications, skills, competencies and experience, and location.
Base pay is one part of the Total Package that is provided to compensate and recognize employees for their work, and this role is eligible for additional discretionary bonuses.

Anker Innovations is committed to a diverse and inclusive workplace. Anker Innovations is an equal opportunity employer and does not discriminate on the basis of race, national origin, gender, gender identity, sexual orientation, protected veteran status, disability, age, or other legally protected status. Please contact hr-recruit@anker-in.com if you have any questions.",3120,https://anker-in.jobs.feishu.cn/index/position/7670675936388008234/detail,,,,,,,not_checked,,2026-10-02,,2026-10-08,,64,startDate,true,0,,,,,,2026-08-05,,,,,,,,
7670699134370662697,Service Partner Operations Manager - Contractor,Anker (US),Anker,Contract,Posted 57 Days Ago,2026-08-06,63,Los Angeles,1,Los Angeles,false,,united states,,0,"Job Overview:
We are seeking a detail-oriented and results-driven Service Partner Operations Manager (Contractor) to support the day-to-day management and operational performance of our service partners and after-sales service providers. In this role, you will collaborate with internal cross-functional teams and external partners to ensure operational excellence, service quality, cost efficiency, and compliance with established processes.

Key Responsibilities:
- Support the onboarding, performance evaluation, and offboarding processes for service partners and after-sales service providers.
- Develop and maintain performance metrics (KPIs), conduct regular business reviews, and assist with service fee reconciliation and settlement.
- Serve as a primary operational point of contact for service partners, addressing day-to-day questions, operational issues, and escalations in a timely manner.
- Monitor service performance, including repair turnaround time, refurbishment quality, and other operational KPIs, and drive continuous improvement initiatives.
- Track operational and warehouse-related costs, identify cost-saving opportunities, and support optimization efforts.
- Ensure inventory records, financial reconciliation, and operational data remain accurate and aligned across systems.
- Partner with internal stakeholders to improve operational processes and enhance overall service partner performance.

- Bachelor's degree in Supply Chain Management, Business Administration, Operations Management, or a related field preferred.
- At least 2 years of experience in vendor, supplier, or service partner operations, supplier management, or a related operations function.
- Strong communication, stakeholder management, and problem-solving skills, with the ability to drive cross-functional initiatives.
- Highly organized, analytical, and detail-oriented, with a results-driven mindset.
- Professional working proficiency in both English and Mandarin Chinese is required.

【Contract Position】
This is a full-time contract position. The selected candidate will be employed by one of Anker's authorized staffing agency partners and will be eligible for benefits provided by the staffing agency. This role requires full-time, onsite work at the designated work location and close collaboration with Anker's cross-functional teams.",2345,https://anker-in.jobs.feishu.cn/index/position/7670699134370662697/detail,,,,,,,not_checked,,2026-10-02,,2026-10-08,,63,startDate,true,0,,,,,,2026-08-06,,,,,,,,
7673268676464806180,Key Account Manager (Telecom) - Charging,Anker (US),Anker,Full time,Posted 51 Days Ago,2026-08-12,57,Seattle,1,Seattle,false,,united states,,0,"Why join us:
Anker Innovations is a global leader in smart charging technologies and a developer of consumer products for the home, car, and mobile life Founded in 2011. We are committed to shaping the consumer electronics brand in the global marketplace, bringing innovative, technologically savvy leading products to consumers around the world. We've brought our products to 100+ countries and regions with more than 140 million users and a revenue of 2000+ million USD in 2022.

Anker Innovations has successfully built Anker, a world-renowned high-end innovative charging brand, and launched intelligent hardware brands such as Eufy, Nebula, and Soundcore to further explore smart charging, smart voice, smart home and other fields, bringing leading products with technological charm and 1400+ intellectual property rights to the market, to ensure that our products continue to be popular.

Today, we have a total of 4000+ employees in 15 offices across North America, Europe, Australia, Asia, LATAM and the Middle East and the proportion of R&D personnel up to 50%. We are always looking for top talents like you to join us!

For more information, please visit: https://us.anker.com/

Location: Remote within the U.S.

Responsibilities:
- Identify and cultivate retail partnerships and business opportunities within the US mobile network operator market.
- Manage and grow existing client accounts by building strong relationships with key decision-makers, understanding their needs, and providing exceptional customer service.
- Track account activity and identify opportunities for sales expansion.
- Possesses strong problem-solving skills, including the ability to identify and analyze complex issues, gather relevant data, and determine root causes.
- Makes timely and effective decisions, even under pressure, and communicates them clearly.
- Develop Strategic business plan for all accounts.
- Discuss and plan promotional strategy/budgeting and activities with the marketing department
- Liaise with the finance team, warehousing, and logistics departments as appropriate
- Seek ways of improving the way the business operates
- Attend seminars, conferences, and events where appropriate

- Bachelor's degree or above required
- Minimum 3-5 years of experience building and maintaining key account relationships with US Mobile Network Operators/ Telecom Companies
- Excellent verbal and written communication skills
- Social Team Player
- Excellent skills in PowerPoint, Excel etc.
- Flexible and creative
- Prepared to travel – 20% or less of the time, to regional client / retailer
- Full skills Social Network

【For Pay Transparency】Compensation Description
The base salary range for this position in the selected city is $90,000 - $130,000 annually.
Compensation may vary outside of this range depending on a number of factors, including a candidate’s qualifications, skills, competencies and experience, and location.

Anker Innovations is committed to a diverse and inclusive workplace. Anker Innovations is an equal opportunity employer and does not discriminate on the basis of race, national origin, gender, gender identity, sexual orientation, protected veteran status, disability, age, or other legally protected status. Please contact hr-recruit@anker-in.com if you have any questions.",3310,https://anker-in.jobs.feishu.cn/index/position/7673268676464806180/detail,,,,,,,not_checked,,2026-10-02,,2026-10-08,,57,startDate,true,0,,,,,,2026-08-12,,,,,,,,
7675083378530666758,GTM Manager_eufy,Anker (US),Anker,Full time,Posted 46 Days Ago,2026-08-17,52,Seattle,1,Seattle,false,,united states,,0,"Why join us:
Anker Innovations is a global leader in smart charging technologies and a developer of consumer products for the home, car, and mobile life. Founded in 2011, we are committed to shaping the consumer electronics brand in the global marketplace, bringing innovative, technologically savvy leading products to consumers around the world. We've brought our products to 100+ countries and regions with more than 140 million users and a revenue of 2+ billion USD in 2022.

Anker Innovations has successfully built Anker, a world-renowned high-end innovative charging brand, and launched intelligent hardware brands such as Eufy, Nebula, and Soundcore to further explore smart charging, smart voice, home security and other categories, bringing leading products with technological charm and 1400+ intellectual property rights to the market, to ensure that our products continue to be popular.

Today, we have 4000+ employees in 15 offices across North America, Europe, Australia, Asia, LATAM and the Middle East and the proportion of R&D personnel up to 50%. We are always looking for top talent like you to join us!

Location: Onsite at our Bellevue, WA office

Job Overview:
We are looking for a motivated and detail-oriented Go-to-Market (GTM) Specialist to join our North American Business Team. This is an excellent opportunity for an early-career professional who is interested in sales operations, product launches, channel marketing, and cross-functional business coordination within a fast-growing consumer technology company.

Responsibilities:
- Support coordination between internal teams including sales, marketing, operations, and product management on go-to-market initiatives and daily business activities
- Assist with product launch planning, sales tracking, and channel execution across retail and distribution partners
- Monitor sales performance and inventory trends against forecasts, and help identify potential risks or opportunities
- Support demand planning and forecasting activities by collecting and organizing business data
- Coordinate sample shipments, marketing materials, displays, and other launch-related logistics
- Conduct market and competitive research to help provide business insights and recommendations
- Help maintain pricing files, product information, and retail data accuracy across accounts
- Assist in preparing reports, presentations, and business reviews for internal and external stakeholders
- Identify operational inefficiencies and suggest process improvements to support team productivity
- Collaborate with cross-functional teams to support key customer requests and ongoing business initiatives

- Bachelor's degree in Business, Marketing, Communications, Supply Chain, or a related field
- 0 to 2 years of relevant experience in sales support, business operations, marketing, retail, or related fields
- Strong organizational skills with high attention to detail
- Comfortable managing multiple projects and priorities in a fast-paced environment
- Strong written and verbal communication skills
- Proficiency in Microsoft Excel, Google Sheets, and PowerPoint
- Analytical mindset with the ability to work with data and identify trends
- Self-starter with a willingness to learn and take initiative
- Ability to collaborate effectively with cross-functional and multicultural teams
- Bilingual in English and Mandarin preferred

【For Pay Transparency】Compensation Description (annually)
The base salary range for this position in the selected city is $81,000 - $90,000 annually.
Compensation may vary outside of this range depending on a number of factors, including a candidate’s qualifications, skills, competencies and experience, and location. Base pay is one part of the Total Package that is provided to compensate and recognize employees for their work, and this role may be eligible for additional discretionary bonuses/ incentives/ restricted stock units.

Anker Innovations is committed to a diverse and inclusive workplace. Anker Innovations is an equal opportunity employer and does not discriminate based on race, national origin, gender, gender identity, sexual orientation, protected veteran status, disability, age, or other legally protected status. Please contact hr-recruit@anker-in.com if you have any questions.",4298,https://anker-in.jobs.feishu.cn/index/position/7675083378530666758/detail,,,,,,,not_checked,,2026-10-02,,2026-10-08,,52,startDate,true,0,,,,,,2026-08-17,,,,,,,,
7676211184677013766,Senior Failure Analysis Engineer - Electronics,Anker (US),Anker,Full time,Posted 43 Days Ago,2026-08-20,49,Los Angeles,1,Los Angeles,false,,united states,,0,"Why join us:
Anker Innovations is a global leader in smart charging technologies and a developer of consumer products for the home, car, and mobile life. Founded in 2011, we are committed to shaping the consumer electronics brand in the global marketplace, bringing innovative, technologically savvy leading products to consumers around the world. We've brought our products to 100+ countries and regions with more than 140 million users and a revenue of 2+ billion USD in 2022.

Anker Innovations has successfully built Anker, a world-renowned high-end innovative charging brand, and launched intelligent hardware brands such as Eufy, Nebula, and Soundcore to further explore smart charging, smart voice, home security and other categories, bringing leading products with technological charm and 1400+ intellectual property rights to the market, to ensure that our products continue to be popular.

Today, we have 4000+ employees in 15 offices across North America, Europe, Australia, Asia, LATAM and the Middle East and the proportion of R&D personnel up to 50%. We are always looking for top talent like you to join us!

For more information, please visit: https://us.anker.com/

Location: Onsite at our Ontario, CA office location

About the Role：
We are seeking an experienced Senior Failure Analysis Engineer to manage failure analysis of returned electronic and electrical products (RMA) across our global product portfolio.
In this role, you will perform in-depth electrical and component-level analysis to identify root causes of complex hardware failures and translate findings into actionable improvements across product design, manufacturing processes, and component quality. You will work closely with R&D, Quality, Manufacturing, and other cross-functional teams globally to drive issues through resolution.
You will also contribute to the development of our failure analysis knowledge base and AI-enabled diagnostic capabilities, helping transform engineering expertise and historical failure data into scalable diagnostic methodologies and intelligent tools.

Key Responsibilities：
1. Failure Analysis & Root Cause Investigation：
* Own technical failure analysis of RMA products, driving issues from initial diagnosis through root-cause identification and closure.
* Perform board-, circuit-, and component-level troubleshooting using functional testing, signal and waveform analysis, and electrical characterization.
* Diagnose failures involving power architectures and circuits, including Buck/Boost converters, LDOs, PMUs, SoCs, charging ICs, and related functional modules.
* Validate and troubleshoot digital communication interfaces and protocols, including I2C, SPI, I2S, PCIe, UART, CAN, and related interfaces.
* Utilize oscilloscopes, digital multimeters, electronic loads, logic analyzers, CAN tools, X-ray systems, thermal imaging equipment, and other advanced diagnostic tools to identify electrical, soldering, EMC, ESD, and component-related failures.
* Conduct structured root cause analysis and recommend corrective and preventive actions for complex or recurring failures.
* Support established turnaround targets for initial assessment, in-depth analysis, and issue closure.

2. Cross-Functional Engineering Collaboration：
* Partner closely with R&D, Quality, Manufacturing, Supplier Quality, and other engineering teams to translate failure analysis findings into improvements in product design, manufacturing processes, and component/material quality.
* Provide technical data and evidence to support corrective actions and long-term quality improvements.
* Participate in recurring technical reviews with global engineering teams and communicate complex failure mechanisms, findings, and recommendations in a clear and structured manner.
* Drive complex issues across functional and geographic boundaries through technical resolution.

3. Technical Documentation & Continuous Improvement：
* Develop comprehensive and standardized failure analysis reports, including technical reports in English, documenting failure symptoms, investigative methods, root causes, supporting evidence, and recommended corrective actions.
* Capture recurring failure modes, root causes, and corrective actions to continuously improve internal failure analysis methodologies and knowledge repositories.
* Contribute to the development and maintenance of failure case libraries, root-cause databases, troubleshooting guidelines, and engineering best practices.
* Support the development of AI-enabled failure analysis tools and diagnostic agents by translating engineering expertise, failure patterns, and diagnostic logic into structured rules and knowledge that can be leveraged by AI systems.
* Identify opportunities to improve failure analysis efficiency, diagnostic accuracy, and overall issue-resolution processes.

Basic Qualifications:
* Bachelor's degree in Electrical Engineering, Electronics Engineering, Physics, Microelectronics, or a related technical discipline; Master's degree preferred.
* 5+ years of professional experience in electronics or hardware failure analysis, product quality engineering, sustaining engineering, or a closely related field.
* Demonstrated ability to independently perform board, circuit, and component-level failure analysis, identify root causes, and recommend effective corrective actions.
* Strong knowledge of PCBA design, electronic components, circuit behavior, and common electronic failure mechanisms.
* Hands-on experience with diagnostic and analytical equipment such as oscilloscopes, digital multimeters, electronic loads, logic analyzers, X-ray systems, and thermal imaging equipment.
* Strong understanding of power and functional modules such as PMUs, SoCs, charging ICs, Buck/Boost converters, and LDOs.
* Experience troubleshooting communication protocols and interfaces such as I2C, SPI, I2S, PCIe, UART, and CAN.
* Strong knowledge of structured root cause analysis methodologies, including 5 Whys, Fault Tree Analysis (FTA), Fishbone/Ishikawa analysis, and Design of Experiments (DOE).
* Experience developing 8D reports and managing corrective and preventive actions (CAPA) through closure.
* Strong technical communication and documentation skills, including the ability to independently prepare detailed failure analysis reports.
*Ability to collaborate effectively with globally distributed engineering teams.

Preferred Qualifications:
* 8+ years of experience with consumer electronics, IoT devices, smart hardware, robotics, automotive or other high-volume electronic products.
* Experience developing or standardizing failure analysis methodologies, troubleshooting procedures, engineering specifications, or diagnostic rules.
* Experience building or maintaining failure case databases, engineering knowledge bases, or structured root-cause repositories.
* Experience applying AI, machine learning, knowledge systems, or AI-assisted diagnostic tools to engineering or failure analysis workflows.
* Demonstrated experience independently leading complex cross-functional technical investigations or engineering projects.
* Previous technical leadership, mentoring, or team leadership experience is a plus.

Global Collaboration
This role works closely with engineering and quality teams across multiple regions, including teams based in China. Some flexibility for cross-time-zone collaboration is required, including approximately two evening virtual meetings per week, depending on business and project needs.
We strive to schedule cross-regional collaboration thoughtfully and provide reasonable flexibility around working hours when evening meetings are required.

Perks of Benefits:
Our company benefits are designed to convey company culture and values, to create an efficient and inspiring work environment, and to support our employees to give their best in both work and life. We offer the following benefits to eligible employees:
- 10 Days Company Recognized Holidays
- Paid time Off - up to 15 Days
- 401(k) and company match
- Medical & Dental & Vision Insurance Coverage
- Donation Match
- Employee Assistant Program

【For Pay Transparency】Compensation Description
The base salary range for this position in the selected city is $90,000 - $140,000 annually.
Compensation may vary outside of this range depending on a number of factors, including a candidate’s qualifications, skills, competencies and experience, and location. Base pay is one part of the Total Package that is provided to compensate and recognize employees for their work, and this role may be eligible for additional discretionary bonuses/ incentives/ restricted stock units.

Anker Innovations is committed to a diverse and inclusive workplace. Anker Innovations is an equal opportunity employer and does not discriminate on the basis of race, national origin, gender, gender identity, sexual orientation, protected veteran status, disability, age, or other legally protected status. Please contact hr-recruit@anker-in.com if you have any questions.",9022,https://anker-in.jobs.feishu.cn/index/position/7676211184677013766/detail,,,,,,,not_checked,,2026-10-02,,2026-10-08,,49,startDate,true,0,,,,,,2026-08-20,,,,,,,,
7676221358732822822,Senior Failure Analysis Engineer – Mechanical,Anker (US),Anker,Full time,Posted 43 Days Ago,2026-08-20,49,Los Angeles,1,Los Angeles,false,,united states,,0,"Location: Onsite at our Ontario, CA office location

About the Role：
We are seeking an experienced Senior Failure Analysis Engineer – Mechanical to lead failure analysis of returned products (RMA), with a focus on mechanical, structural, and materials-related failures across our global product portfolio.
In this role, you will perform in-depth physical and component-level failure analysis to identify the root causes of complex product failures. You will leverage mechanical inspection, dimensional and tolerance analysis, stress and fracture analysis, leak testing, metallography, SEM/EDS, non-destructive testing, and other analytical techniques to diagnose failures and translate findings into actionable improvements across product design, manufacturing processes, and material/component quality. You will work closely with R&D, Quality, Manufacturing, Supplier Quality, and other cross-functional teams globally to drive issues through resolution. You will also contribute to the development of our failure analysis knowledge base and AI-enabled diagnostic capabilities by transforming engineering expertise and historical failure data into scalable diagnostic methodologies and structured knowledge.

Key Responsibilities：
1. Failure Analysis & Root Cause Investigation:
* Own technical failure analysis of RMA products involving mechanical, structural, and materials-related issues, driving investigations from initial diagnosis through root-cause identification and closure.
* Perform product teardown and component-level physical diagnostics to identify failure mechanisms and determine root causes.
* Conduct mechanical and structural investigations using techniques such as dimensional and tolerance analysis, stress/fatigue analysis, leak and sealing integrity testing, fracture analysis, metallography, and non-destructive testing (NDT).
* Perform or interpret advanced material characterization and fracture analysis, including Scanning Electron Microscopy (SEM), Energy-Dispersive X-ray Spectroscopy (EDS), and metallographic analysis, as applicable.
* Investigate failures related to mechanical design, manufacturing processes, assembly, materials, interfaces, sealing systems, and environmental or usage conditions.
* Apply structured root cause analysis methodologies to distinguish among design-, manufacturing-, material/component-, and use-related failure mechanisms and recommend appropriate corrective and preventive actions.
* Execute failure investigations in accordance with established 8D methodologies, including D4 root-cause analysis and verification at the component level.
* Support established turnaround targets for initial assessment, in-depth analysis, root-cause identification, and issue closure.

2. Cross-Functional Engineering Collaboration:
* Partner closely with R&D, Quality, Manufacturing, Supplier Quality, and other engineering teams to translate failure analysis findings into improvements in product design, manufacturing processes, assembly methods, and material/component quality.
* Provide technical data, physical evidence, and engineering analysis to support corrective actions and long-term product quality improvements.
* Participate in recurring technical reviews with globally distributed engineering and quality teams, ensuring that failure symptoms, investigative findings, root causes, and recommended actions are communicated accurately and systematically.
* Drive complex technical issues across functional and geographic boundaries through investigation and resolution.

3.Technical Documentation & Continuous Improvement:
* Develop comprehensive and standardized failure analysis reports, including technical reports in English, documenting failure symptoms, investigative methods, physical evidence, root causes, and recommended corrective actions.
* Capture recurring mechanical and structural failure modes, root causes, and corrective actions to continuously improve internal failure analysis methodologies and knowledge repositories.
* Contribute to the development and maintenance of failure case libraries, root-cause databases, diagnostic standards, and engineering best practices.
* Help establish consistent criteria for classifying product failures, including distinctions among design, manufacturing, material/component, and use-related causes.
* Support the development of AI-enabled failure analysis tools and diagnostic agents by translating mechanical and materials failure expertise, failure patterns, and diagnostic logic into structured rules and knowledge that can be leveraged by AI systems.
* Identify opportunities to improve failure analysis efficiency, diagnostic accuracy, and overall issue-resolution processes.

Basic Qualifications:
* Bachelor's degree in Mechanical Engineering, Materials Science & Engineering, Materials Engineering, or a related technical discipline; Master's degree preferred.
* 5+ years of professional experience in mechanical, structural, materials, or product failure analysis, reliability engineering, product quality engineering, or a closely related field.
* Demonstrated ability to independently perform component-level failure analysis, identify complex root causes, and develop technically sound corrective action recommendations.
* Strong knowledge of mechanical and structural failure mechanisms, including fracture, fatigue, deformation, wear, material degradation, assembly/process-related defects, sealing failures, and tolerance-related issues.
* Hands-on experience with failure analysis and material characterization techniques such as SEM/EDS, metallography, mechanical property testing, non-destructive testing (NDT), dimensional inspection, and leak/sealing integrity testing.
* Strong understanding of manufacturing processes, mechanical interfaces, tolerance stack-up, material behavior, and their relationship to product reliability and failure mechanisms.
* Strong knowledge of structured root cause analysis methodologies, including 5 Whys, Fault Tree Analysis (FTA), Fishbone/Ishikawa analysis, and Design of Experiments (DOE).
* Experience developing 8D reports and managing corrective and preventive actions (CAPA) through closure.
* Strong technical communication and documentation skills, including the ability to independently prepare detailed failure analysis reports in English.
* Ability to collaborate effectively with globally distributed engineering teams.

Preferred Qualifications:
* 8+ years of experience performing mechanical or materials failure analysis for consumer electronics, IoT devices, smart hardware, or other high-volume manufactured products.
* Experience developing or standardizing mechanical failure analysis methodologies, diagnostic standards, design guidelines, or failure-classification criteria.
* Experience building or maintaining failure case databases, engineering knowledge bases, or structured root-cause repositories.
* Experience applying AI, machine learning, knowledge systems, or AI-assisted diagnostic tools to engineering or failure analysis workflows.
* Demonstrated experience independently leading complex cross-functional failure investigations or engineering projects.
* Previous technical leadership, mentoring, or team leadership experience is a plus.

Global Collaboration:
This role works closely with engineering and quality teams across multiple regions, including teams based in China. Some flexibility for cross-time-zone collaboration is required, including approximately two evening virtual meetings per week, depending on business and project needs.
We strive to schedule cross-regional collaboration thoughtfully and provide reasonable flexibility around working hours when evening meetings are required.

Perks of Benefits:
Our company benefits are designed to convey company culture and values, to create an efficient and inspiring work environment, and to support our employees to give their best in both work and life. We offer the following benefits to eligible employees:
- 10 Days Company Recognized Holidays
- Paid time Off - up to 15 Days
- 401(k) and company match
- Medical & Dental & Vision Insurance Coverage
- Donation Match
- Employee Assistant Program

【For Pay Transparency】Compensation Description
The base salary range for this position in the selected city is $85,000 - $120,000 annually.
Compensation may vary outside of this range depending on a number of factors, including a candidate’s qualifications, skills, competencies and experience, and location. Base pay is one part of the Total Package that is provided to compensate and recognize employees for their work, and this role may be eligible for additional discretionary bonuses/ incentives/ restricted stock units.

Anker Innovations is committed to a diverse and inclusive workplace. Anker Innovations is an equal opportunity employer and does not discriminate on the basis of race, national origin, gender, gender identity, sexual orientation, protected veteran status, disability, age, or other legally protected status. Please contact hr-recruit@anker-in.com if you have any questions.",9080,https://anker-in.jobs.feishu.cn/index/position/7676221358732822822/detail,,,,,,,not_checked,,2026-10-02,,2026-10-08,,49,startDate,true,0,,,,,,2026-08-20,,,,,,,,
7683310074899515675,Sr. System Engineer - eufy B2B Security Solutions,Anker (US),Anker,Full time,Posted 24 Days Ago,2026-09-08,30,Seattle,1,Seattle,false,,united states,,0,"Job Overview
We are seeking a Senior System Engineer to close the critical technical gap in scaling Eufy Security's B2B business across North America. This is a technical role (not a sales role) that works hand-in-hand with the Regional Sales Manager and business leadership to streamline the business — from solution architecture and integration engineering, to technical enablement and escalation support. You will design and deliver end-to-end integrations for key accounts down to SDK/API/CGI-command level, act as the technical liaison between HQ engineering and the NA sales team, and serve as the rooftop escalation point for all critical technical issues across North America.

Why Eufy Security B2B
Eufy Security is entering the B2B market with a differentiated price-performance and privacy-forward value proposition — hardware + app + alarm without forced subscriptions — spanning cameras, HUBs, sensors, and NVRs. As we scale commercial and SMB adoption across North America, this role fills the technical gap between our solution and how key accounts and ecosystem partners integrate, deploy, and support it. You will be the technical owner who turns 'our solution works' into 'it works in their system' — from SafeHome-style key accounts to 3rd-party ecosystem integrations.

Work Location
Home-based field role covering the Continental US (48 contiguous states); travel <20% for customer integration work, key account visits, and tradeshows

Reporting Line
This role will report into the head of this business unit (DIFM, PCT), Senior Director, Anker | Eufy Security B2B, North America, and work hand-in-hand with the Regional Sales Manager to own technical delivery, enablement, and escalations.

Responsibilities
1. Solution Architecture & Integration Design — Design end-to-end integration solutions for key accounts, producing solution diagrams, network and system architectures, and integration project plans with detail down to API and CGI command level for cameras, HUBs, sensors, NVRs, and the Eufy app/alarm platform.
2. Key Account Technical Ownership — Serve as the technical point of contact for strategic accounts; own technical delivery end-to-end, manage integration projects from scoping to deployment, and drive customer acceptance.
3. Ecosystem & 3rd-Party Integrations — Scope, validate, and deliver integrations with 3rd-party ecosystem partners — including compatibility testing, certification, and documented diagram and APIs.
4. Technical Pre-Sales Enablement — Support the RSM and NA sales team with technical qualifications: remote and in-person demos, PoC/pilot builds, RFP/RFI technical responses, and tradeshow setup.
5. Internal Technical Liaison — Bridge HQ PM, engineering, and tech support with the NA sales team: procure and qualify the latest samples and test firmware, ensure sales is always demo-ready, and route technical feedback back to product.
6. Escalation & Tiered Support — Act as the rooftop escalation point for all NA sales and customer critical issues; work with the overseas support team on tiered support and drive system-level urgency to resolution.
7. Enablement & Training — Build and deliver technical training and collateral for NA sales and key customer support teams; streamline technical documentation, integration guides, and FAQs.
8. VoC & Technical Roadmap Input — Capture technical insights from the field and feed them into HQ product and engineering to shape roadmap, product fit, and integration priorities.

Target Verticals & Key Accounts
- Key account platform integrations
- 3rd-party ecosystem integrations
- Supporting commercial & SMB security segments: home alarm monitoring, small commercial

Key Success Metrics (Year 1)
- key account integrations designed, delivered, and deployed
- 3rd-party ecosystem integrations validated and launched.
- NA sales and key customer support teams trained and enabled with current technical collateral.
- Critical escalations resolved, demo/PoC success rate.

- Technical Experience — 10+ years in system engineering, solutions/pre-sales engineering, or integration engineering in physical security, IoT, home automation, or a related industry.
- Integration Depth — Hands-on with API, SDK, and protocol-level integration (HTTP/REST, CGI commands, ONVIF, cloud-to-cloud); proven ability to design and document end-to-end solution architecture.
- Ecosystem Knowledge — Familiarity with smart home and alarm ecosystems (Control4, Z-Wave/Zigbee/Matter, thermostats, garage door openers, 3rd-party cloud APIs).
- Technical Pre-Sales — Experience delivering demos, PoCs, and RFP/RFI responses; comfortable in customer-facing technical roles.
- Escalation & Support — Experience managing tiered technical support and acting as L2/L3 escalation for critical customer issues; sense of urgency and system-level ownership.
- Project Management — Ability to scope and manage integration projects across customers and internal teams.
- Technical Communication — Excellent technical communication — able to translate between customers, sales, and HQ engineering; strong documentation and training skills.
- Education — Bachelor's degree in Computer Science, Electrical/Computer Engineering, or a related technical field.
- Travel & Field Presence — Willingness and ability to travel ~20% for customer integration work, key account visits, and tradeshows.

For Pay Transparency】Compensation Description
The base salary for this position is between $100,000 to $150,000. Compensation may vary outside of this range depending on a number of factors, including a candidate’s qualifications, skills, competencies and experience, and location. Base pay is one part of the Total Package that is provided to compensate and recognize employees for their work, and this role may be eligible for additional discretionary bonuses/ incentives/ restricted stock units. Anker Innovations is committed to a diverse and inclusive workplace.
Target OTE (base + variable/commission): 33% of base in variable at 100% attainment uncapped upside.

Anker Innovations is committed to a diverse and inclusive workplace. Anker Innovations is an equal opportunity employer and does not discriminate on the basis of race, national origin, gender, gender identity, sexual orientation, protected veteran status, disability, age, or other legally protected status. Please contact hr-recruit@anker-in.com if you have any questions.",6411,https://anker-in.jobs.feishu.cn/index/position/7683310074899515675/detail,,,,,,,not_checked,,2026-10-02,,2026-10-08,,30,startDate,true,0,,,,,,2026-09-08,,,,,,,,
7686254827739547940,Retail Marketing Specialist - Freelance,Anker (US),Anker,Independent contractor,Posted 16 Days Ago,2026-09-16,22,Los Angeles,1,Los Angeles,false,,united states,,0,"Why Join us:
Anker Innovations is a global leader in smart charging technologies and a developer of consumer products for the home, car, and mobile life. Founded in 2011, we've brought our products to 100+ countries and regions with more than 140 million users and a revenue of 2000+ million USD in 2022.

Anker Innovations has successfully built Anker, a world-renowned high-end innovative charging brand, and launched intelligent hardware brands such as Eufy, Nebula, and Soundcore to further explore smart charging, smart voice, smart home and other fields.

Today, we have a total of 4000+ employees in 15 offices across North America, Europe, Australia, Asia, LATAM and the Middle East. We are always looking for top talents like you.

For more information, please visit: https://us.anker.com/

Employment Type: Independent Contractor / Freelance
Contract Duration: 12 months, with the possibility of renewal based on business needs and performance.
Please note that this is a 12-month independent contractor engagement and is not a regular full-time employee position. The contract may be renewed or extended based on business needs and mutual agreement.

Location: Remote in the United States.

Responsibilities:
Annual Retail Marketing Campaign Execution
- Adapt national campaign and execute with excellence in selective retailers
- Allocate resources effectively to maximize return on investment (ROI).

Brand Communication & Local Resonance
- Maintain consistent brand messaging while adapting content to resonate with Canadian consumers.
- Help amplify brand presence through locally relevant storytelling.

Cross-Functional & External Collaboration
- Work closely with content, e-commerce, creative, customer service, and external agencies.
- Coordinate effectively between local team and global HQ to ensure timely execution.Market Insight & Opportunity Identification
- Monitor consumer behavior, emerging trends, and competitors to inform strategy.
- Identify brand growth opportunities in the retailer landscape.Performance Analysis & Optimization
- Track KPIs such as conversion rate, and CLV to evaluate campaign performance.
- Provide actionable insights for continuous marketing optimization.

Qualifications:
- Bachelor's degree or above in Marketing, Communications, Business, or related field.
- Minimum 2 years of experience in brand management or integrated marketing.
- Experience in consumer electronics, retail, or FMCG is preferred.
- Experience working in the US retailer marketing is strongly desired.
- Strong understanding of US retail channels related to digital products.
- Proficiency in marketing analytics tools (Google Analytics, Meta Ads Manager, etc.).
- Strategic thinking with strong project management and organizational skills.
- Strong communication and collaboration skills across teams and cultures.
- Self-driven, adaptable, and capable of thriving in a fast-paced environment.
- Bilingual in English and Mandarin is a plus.

【For Pay Transparency】Compensation Description (Monthly)
The base salary range for this position in the selected city is $4,000- $6,500 per month. Compensation may vary outside of this range depending on a number of factors, including a candidate’s qualifications, skills, competencies and experience, and location.

Anker Innovations is committed to a diverse and inclusive workplace. Anker Innovations is an equal opportunity employer and does not discriminate based on race, national origin, gender, gender identity, sexual orientation, protected veteran status, disability, age, or other legally protected status. Please contact hr-recruit@anker-in.com if you have any questions.",3659,https://anker-in.jobs.feishu.cn/index/position/7686254827739547940/detail,,https://www.linkedin.com/jobs/view/4468305262,2026-09-16,121,121 applicants,0,matched,titleSearchFallback,2026-10-02,2026-10-02T13:30:16,2026-10-08,,22,startDate,false,0,,,,,,2026-09-16,,false,,,,,,
7688064330424715539,Product Security Test Engineer — Connected Devices,Anker (US),Anker,Full time,Posted 11 Days Ago,2026-09-21,17,Seattle,1,Seattle,false,,united states,,0,"Why Join us:
Anker Innovations is a global leader in smart charging technologies and a developer of consumer products for the home, car, and mobile life. Founded in 2011, we've brought our products to 100+ countries and regions with more than 140 million users and a revenue of 2000+ million USD in 2022.

Anker Innovations has successfully built Anker, a world-renowned high-end innovative charging brand, and launched intelligent hardware brands such as Eufy, Nebula, and Soundcore to further explore smart charging, smart voice, smart home and other fields.

Today, we have a total of 4000+ employees in 15 offices across North America, Europe, Australia, Asia, LATAM and the Middle East. We are always looking for top talents like you.

For more information, please visit: https://us.anker.com/

Location: Onsite at Bellevue, Washington or San Jose, California

About the Role：
We build connected home and personal devices used in households across the US. Our product security team's scope spans the full attack surface of those products — the devices themselves, the companion mobile apps, and the cloud services behind them.
This role focuses on hands-on security testing and validation across all three.

Key Responsibilities:
- Define test scope and pass criteria by product risk level, and assess release readiness
- Scope and manage third-party penetration testing engagements, and review deliverables for technical rigor
- Device and firmware testing: debug interface exposure, non-volatile storage and runtime memory analysis, firmware reverse engineering, and verifying that secure boot and rollback protections hold under attempted bypass
- Wireless and provisioning testing: BLE pairing strength and downgrade resistance, credential exposure during Wi-Fi onboarding, Matter and Zigbee onboarding security
- Mobile testing: decompilation, runtime instrumentation, certificate pinning resilience, local artifact audit, per-release third-party SDK traffic analysis
- Authorization and access control testing across cloud APIs
- Lifecycle testing across provisioning, sharing, ownership transfer, factory reset, and device resale
- Convert findings into automated regression coverage in CI; build and run the device test lab
- Privacy verification: field-level traffic analysis against approved data collection
- Verifying cryptographic erasure and data removal at factory reset and end of life
- Testing against consumer IoT security baselines including NIST IR 8425

Basic Qualifications:
- 4+ years in security testing, penetration testing, or security research
- Hands-on testing experience — you've personally found and demonstrated vulnerabilities in systems you were authorized to test
- Able to write your own tooling in Python, Go, or equivalent
- Able to write a finding an engineer can act on without a follow-up meeting

Preferred Qualifications:
- Hardware security assessment and firmware reverse engineering (Ghidra/IDA, fault injection)
- BLE and wireless protocol testing
- iOS/Android instrumentation and mobile hardening evaluation
- Multi-tenant authorization flaws in cloud APIs
- Stateful business-logic testing
- CI-integrated security automation and fuzzing
- Privacy traffic analysis.

Perks of Benefits:
Our company benefits are designed to convey company culture and values, to create an efficient and inspiring work environment, and to support our employees to give their best in both work and life. We offer the following benefits to eligible employees:
10 Days Company Recognized Holidays
Paid time Off - up to 15 Days
401(k) and company match
Medical & Dental & Vision Insurance Coverage
Donation Match
Employee Assistant Program

【For Pay Transparency】Compensation Description (annually)
The base salary range for this position in the selected city is $250,000 - $400,000 annually. Compensation may vary outside of this range depending on a number of factors, including a candidate’s qualifications, skills, competencies and experience, and location.
Base pay is one part of the Total Package that is provided to compensate and recognize employees for their work, and this role is eligible for additional discretionary bonuses/ incentives/ restricted stock units.

Anker Innovations is committed to a diverse and inclusive workplace. Anker Innovations is an equal opportunity employer and does not discriminate based on race, national origin, gender, gender identity, sexual orientation, protected veteran status, disability, age, or other legally protected status. Please contact hr-recruit@anker-in.com if you have any questions.",4575,https://anker-in.jobs.feishu.cn/index/position/7688064330424715539/detail,,,,,,,not_checked,,2026-10-02,,2026-10-08,,17,startDate,false,0,,,,,,2026-09-21,,,,,,,,
7688071909821319466,Product Security Engineer — Connected Devices,Anker (US),Anker,Full time,Posted 11 Days Ago,2026-09-21,17,Seattle,1,Seattle,false,,united states,,0,"Why Join us:
Anker Innovations is a global leader in smart charging technologies and a developer of consumer products for the home, car, and mobile life. Founded in 2011, we've brought our products to 100+ countries and regions with more than 140 million users and a revenue of 2000+ million USD in 2022.

Anker Innovations has successfully built Anker, a world-renowned high-end innovative charging brand, and launched intelligent hardware brands such as Eufy, Nebula, and Soundcore to further explore smart charging, smart voice, smart home and other fields.

Today, we have a total of 4000+ employees in 15 offices across North America, Europe, Australia, Asia, LATAM and the Middle East. We are always looking for top talents like you.

For more information, please visit: https://us.anker.com/

Location: Onsite at Bellevue, Washington or San Jose, California

About the Role：
We build connected home and personal devices used in households across the US. Our product security team's scope spans the full attack surface of those products — the devices themselves, the companion mobile apps, and the cloud services behind them.

Responsibilities:
This posting covers multiple openings across the areas below.
- Own cryptographic and identity standards used across our product lines, and the trust model connecting device, app, and cloud
- Build and operate PKI, HSM integration, and manufacturing-line key provisioning
- Own the OTA client and backend: image signing, rollback protection, A/B update recovery, staged rollout, and fleet update adoption
- Develop and operate CI security gates, SBOM pipelines, and evidence infrastructure across firmware, mobile, and cloud
- Implement hardware root of trust, secure boot, encrypted storage, and OS hardening on embedded Linux and RTOS
- Own wireless and provisioning security: BLE pairing, Wi-Fi onboarding, Matter device attestation (DAC/PAI)
- Own mobile app security: third-party SDK governance, secure storage, certificate pinning, session and token lifecycle
- Design and implement cloud authorization models, device authentication, and least-privilege access controls for systems handling customer data
- Implement technical controls for telemetry data minimization

Basic Qualifications:
- 5+ years in security engineering, or 7+ in software/embedded/cloud engineering with 3+ focused on security
- Have owned a security capability end to end — design through maintenance
- Production coding ability in at least one of C/C++/Rust, Go, Python, Kotlin, or Swift
- Working knowledge of applied cryptography and its common failure modes
- Able to explain a security requirement in terms a product team can build against, and hold it under schedule pressure

Preferred Qualifications:
- Embedded security (TrustZone/TEE/SE, secure boot implementation)
- PKI and HSM operations (PKCS#11/KMIP)
- OTA and release infrastructure (TUF/Uptane)
- DevSecOps and SBOM tooling
- BLE/Wi-Fi/Matter protocol security
- iOS and Android app hardening
- IAM and multi-tenant authorization
- Privacy engineering.

Perks of Benefits:
Our company benefits are designed to convey company culture and values, to create an efficient and inspiring work environment, and to support our employees to give their best in both work and life. We offer the following benefits to eligible employees:
10 Days Company Recognized Holidays
Paid time Off - up to 15 Days
401(k) and company match
Medical & Dental & Vision Insurance Coverage
Donation Match
Employee Assistant Program

【For Pay Transparency】Compensation Description (annually)
The base salary range for this position in the selected city is $250,000 - $400,000 annually. Compensation may vary outside of this range depending on a number of factors, including a candidate’s qualifications, skills, competencies and experience, and location.
Base pay is one part of the Total Package that is provided to compensate and recognize employees for their work, and this role is eligible for additional discretionary bonuses/ incentives/ restricted stock units.

Anker Innovations is committed to a diverse and inclusive workplace. Anker Innovations is an equal opportunity employer and does not discriminate based on race, national origin, gender, gender identity, sexual orientation, protected veteran status, disability, age, or other legally protected status. Please contact hr-recruit@anker-in.com if you have any questions.",4404,https://anker-in.jobs.feishu.cn/index/position/7688071909821319466/detail,,,,,,,not_checked,,2026-10-02,,2026-10-08,,17,startDate,false,0,,,,,,2026-09-21,,,,,,,,
7688172994141161778,Store Development Manager,Anker (US),Anker,Full time,Posted 10 Days Ago,2026-09-22,16,Seattle,1,Seattle,false,,united states,,0,"Why join us:
Anker Innovations is a global leader in smart charging technologies and a developer of consumer products for the home, car, and mobile life Founded in 2011. We are committed to shaping the consumer electronics brand in the global marketplace, bringing innovative, technologically savvy leading products to consumers around the world. We've brought our products to 100+ countries and regions with more than 140 million users and a revenue of 2000+ million USD in 2022.

Anker Innovations has successfully built Anker, a world-renowned high-end innovative charging brand, and launched intelligent hardware brands such as Eufy, Nebula, and Soundcore to further explore smart charging, smart voice, smart home and other fields, bringing leading products with technological charm and 1400+ intellectual property rights to the market, to ensure that our products continue to be popular.

Today, we have a total of 4000+ employees in 15 offices across North America, Europe, Australia, Asia, LATAM and the Middle East and the proportion of R&D personnel up to 50%. We are always looking for top talents like you to join us!

For more information, please visit: https://us.anker.com/

Responsibilities:
1. Own Anker’s physical retail presence and performance in US
2. Brand Retail Development: lead Anker US retail store strategy (incl. site selection, format choice, localization of the Global Store Design Concept), buildout and launch
3. Retail Operations: manages store staffing and training, inventory and POS, in-store after-sales service, and store-level P&L
4.Interface with local suppliers (for fit-out, equipment and logistics) and manage delivery quality. Ensure compliance with US federal and state regulations in areas such as labor, fire safety, taxation, and consumer protection

1. Over 5 years of experience in retail store expansion or operation, with a proven track record of independently completing the end-to-end launch of a new store from scratch(site selection → preparation → grand opening)
2.Familiar with the US retail market: business district logic, lease terms, construction and licensing procedures, and employment regulations
3.Bilingual in Chinese and English, capable of collaborating efficiently with Chinese and US teams

【For Pay Transparency】Compensation Description
The base salary range for this position is between CAD $120,000 to $150,000.
Compensation may vary outside of this range depending on a number of factors, including a candidate’s qualifications, skills, competencies and experience, and location. Base pay is one part of the Total Package that is provided to compensate and recognize employees for their work, and this role may be eligible for additional discretionary bonuses/ incentives/ restricted stock units.

Anker Innovations is committed to a diverse and inclusive workplace. Anker Innovations is an equal opportunity employer and does not discriminate on the basis of race, national origin, gender, gender identity, sexual orientation, protected veteran status, disability, age, or other legally protected status. Please contact hr-recruit@anker-in.com if you have any questions.",3147,https://anker-in.jobs.feishu.cn/index/position/7688172994141161778/detail,,,,,,,not_checked,,2026-10-02,,2026-10-08,,16,startDate,false,0,,,,,,2026-09-22,,,,,,,,
7148247166736812295,大充渠道BD（欧洲）,Anker (US),Anker,Full time,Posted 1470 Days Ago,2022-09-28,1471,Munich,1,Munich,false,,Germany,,0,"Job Description
Demonstrate an ability to build executive relationships at major accounts.
Identify opportunities and challenges within the account base and create strategies to maximize sell through, profit, revenue and market share.
Establish and track an annual account budget, which includes sales and profits.
Develop sales plan to achieve sales and profit targets for current and prospective accounts both Annual & Quarterly basis.
Conduct and/or receive weekly reviews of sales, RMAs, returns & allowances (R&A), quotes, promotions, sell through, inventory management, turns, forecasts, replenishment orders, backorders, and any other account activities that will impact financial results for the account(s). Resolve or delegate any issues that arise as a result of the reviews.
Execute strategies to reduce RMAs, minimize returns and allowances, and overall profitability.
Analyze and understand industry market trends, competition, products, and pricing that may impact sales efforts and communicate this information to all sales management and other departments as necessary.
Review and analyze daily sales results and compare actual v. projected / plan results. Formulate plans to respond to the analyses.
Travel to trade-shows and customer sites required. Depending on the assignment, international travel may be required.
Effectively work across internal functional groups (Regional GTM, Sales OPs, BG Team, Others) to collaborate, program manage and execute to customer expectations.
Understand and follow company rules and regulations.
Perform all other duties as assigned and required.

Sales experiences with Key retail partners in NA.
Strong analytical and problem solving skills with a positive and open mindset.
Target market native speaker; strong written and verbal skills in both English and Local language.
Strong communicator and team-player. Natural leaders are able to help each team member reach their full potential and achieve superior performance while pursuing a common goal.
Outstanding consumer, product, and marketing strategy abilities. Creative and logical thinker.
Strong cross cultural skills.
Minimum 5 years related experience; Consumer electronic brand sales experience will be preferred.
Bachelor Degree or above.",2256,https://anker-in.jobs.feishu.cn/index/position/7148247166736812295/detail,,,,,,,not_checked,,2026-10-07,,2026-10-08,,1471,startDate,true,0,,,,,,2022-09-28,,,,,,,,
7170988348109949221,售前销售经理(HES) - EU,Anker (US),Anker,Full time,Posted 1409 Days Ago,2022-11-28,1410,Munich,1,Munich,false,,Germany,,0,"Resposibility:
Gathering and screening sales leads from online/offline partners

Providing potential customers with information about residential solar/energy storage products and demonstrating products portfolio

Gathering information to accurately identify the customer’s solar/energy storage needs and suggesting packaged solution within selected product portfolio

Preparing or reviewing designs for the customer’s installation and grid connection applicaiton.

Providing customers with quotes, sales orders, shipping details, tax credit/incentive infomation, loan/financing infomation, etc..

Requirements:
Previous work experience as a roofing/residential solar/energy storage sales consultant/account manager.

In-depth knowledge of solar equipment and installations.

Excellent interpersonal skills.

Ability to relate technical information in layman’s terms.

Ability to travel and work irregular hours.",912,https://anker-in.jobs.feishu.cn/index/position/7170988348109949221/detail,,,,,,,not_checked,,2026-10-07,,2026-10-08,,1410,startDate,true,0,,,,,,2022-11-28,,,,,,,,
7204665279845943610,Social media manager( PPS-EU）,Anker (US),Anker,Full time,Posted 1318 Days Ago,2023-02-27,1319,Munich,1,Munich,false,,Germany,,0,"·Drive social media and social community strategy, management, and brand voice across multiple social channels (e.g., Instagram, Facebook, YouTube, TikTok)

·Plan and develop social media campaigns

·Create, develop, schedule, and monitor social media content across multiple social channels

·Maintain and run social channels (e.g., Instagram, Facebook, YouTube, TikTok) and respond to customers in a timely manner

·Work closely with cross-functional teams to ensure the content is both informative and appealing to identify opportunities to increase brand presence and perception among the public

·Collect resources and look for opportunities to work with social media influencers on the planning and execution of collaborations across multiple social channels

·Track and Monitor KPIs (e.g., EMV, social following, engagement, conversion etc.), and re-evaluate oraudit for new metrics when needed,

·Provide monthly performance report and post-campaign report

·Stay up-to-date and research on social media news, updates, trends, both within and outside of the industry, to identify or grow business opportunities

·Perform other related duties as assigned or requested.

We would find ourselves a great match to start if you also consider yourself creative, self-driven in thinking and doing, curious and positive about new things and challenges, while taking pride in your very good teamwork skills, teamwork, communication and stress management. You have passion for high-tech and renewable energy. You have no fear of being different.

·BA/BS in Marketing, Advertising, Public Relations, Graphic Design, Video Production, Journalism, orEnglish/German

·3 years + direct social media experience with proven track record preferably in consumer electronics/CPG industry or working for similar brands. Experience working for an agency is a plus

·Familiar with major social media outlets, particularly strong experience in leading campaigns to drivefollower gain and improve engagement on Facebook and Instagram

·Social content design and short-form video editing skills are preferred

·Proficient in social media management tools such as SproutSocial or Hootsuite

·Strong verbal communication and creative writing skills

·Strong language skills in German and English. Native speakers are welcome

·Proficient in Microsoft Suite. Sufficient in Adobe Creative Suite or alike",2381,https://anker-in.jobs.feishu.cn/index/position/7204665279845943610/detail,,,,,,,not_checked,,2026-10-07,,2026-10-08,,1319,startDate,true,0,,,,,,2023-02-27,,,,,,,,
7206227559842072893, Legal counsel（Europe）,Anker (US),Anker,Full time,Posted 1314 Days Ago,2023-03-03,1315,Munich,1,Munich,false,,Germany,,0,"We are looking for a highly qualified Legal Counsel to oversee the legal aspects of our business in Europe. You will safeguard our reputation by guaranteeing that the company strictly follows law guidelines and give legal advice to management about all relevant issues.
Responsibilities:
Give accurate and timely counsel on a variety of legal topics (data protection, labor law, corporate law, compliance and external investigation, contract negotiation, and ESG etc.)

Maintain current knowledge of alterations in legislation, insight into and identify daily legal&compliance risks in the European region, especially the pre-compliance layout of core businesses in the European market, responsible for the formulation and optimization of relevant legal policies, contract templates and guidelines.

Apply effective risk management techniques and offer proactive advise on possible legal issues

Communicate and negotiate with external parties (regulators, external counsel, public authority etc.), creating relations of trust

Responsible for responding to cases/disputes/investigations in the European region, and responsible for building compliance capabilities of the European business teams

Requirements and skills:
Proven experience as a Legal Counsel in a business environment for at least five years (not less than 2 years of work experience in a company)

Excellent knowledge and understanding of GDPR, relevant European law and procedures

Full comprehension of the influences of the external environment of a corporation

High degree of professional ethics and integrity

Sound judgement and ability to analyse situations and information

Conduct your work with integrity and responsibility

Outstanding communication skills

BSc degree in Law or J.D. deg",1767,https://anker-in.jobs.feishu.cn/index/position/7206227559842072893/detail,,,,,,,not_checked,,2026-10-07,,2026-10-08,,1315,startDate,true,0,,,,,,2023-03-03,,,,,,,,
7220706812428257595,DE PR,Anker (US),Anker,Full time,Posted 1275 Days Ago,2023-04-11,1276,Munich,1,Munich,false,,Germany,,0,"Where You Come In:
You will develop and own local consumer PR objectives and strategy, in collaboration with Anker's globalcommunications team
You will lead creative campaigns and storylines that elevate Anker and its various brands through consumernews moments and a steady drumbeat of press coverage around product launches, seasonal moments, datadriven lists and trend reports
You will collaborate closely with Global PR team, Marketing, Social, and other internal teams on initiatives todrive consumer engagement
You will develop communications materials including messaging, media statements, press releases, blogposts, and more.
You will help manage consumer PR agency relationships.You will respond to incoming media inquiries, inpartnership with the Comms team.
You will maintain a strong network of internal partners across various teams throughout Anker, to continue toidentify and leverage opportunities for consumer PR.
You will build and maintain strong relationships with national and local consumer media, as well as lifestylepress.

What lt Takes To Succeed:
5+ years'experience: mix of consumer agency and in-house at a known consumer brand preferred
Results-driven: you know what outcomes you're aiming for and how to measure success to share yoursuccessful work within the team and the company.
Experience in consumer products - and understand the unigue challenges of getting consumer media'sattention with stories vs. product pitches
Creative communicator: exceptional writer and fearless creative strategist who loves using who loves gadcetsExperienced leader: you have experience managing direct reports and agency partners, and leading cross-
functional teams.
Collaborative team plaver: You know how to effectively and diplomatically present your ideas and advance anidea.
Media-savvy storvteller: sound judgment and experience manacing stories with top tier press, as well asnational broadcast secments. You know how to build out a story and have a proven track record for landincimpactful features.
Relationship-driven: you've built relationships with national consumer media, including print and broadcastand you're not afraid to pick up the phone to pitch and get feedback.",2202,https://anker-in.jobs.feishu.cn/index/position/7220706812428257595/detail,,,,,,,not_checked,,2026-10-07,,2026-10-08,,1276,startDate,true,0,,,,,,2023-04-11,,,,,,,,
7229639643913668903,Sales Manager CEU,Anker (US),Anker,Full time,Posted 1251 Days Ago,2023-05-05,1252,Munich,1,Munich,false,,Germany,,0,,0,https://anker-in.jobs.feishu.cn/index/position/7229639643913668903/detail,,,,,,,not_checked,,2026-10-07,,2026-10-08,,1252,startDate,true,0,,,,,,2023-05-05,,,,,,,,
7239319413139949828,Retail Manager（MY）,Anker (US),Anker,Full time,Posted 1225 Days Ago,2023-05-31,1226,Kuala Lumpur,1,Kuala Lumpur,false,,Malaysia,,0,,0,https://anker-in.jobs.feishu.cn/index/position/7239319413139949828/detail,,,,,,,not_checked,,2026-10-07,,2026-10-08,,1226,startDate,true,0,,,,,,2023-05-31,,,,,,,,
7252695205151852838,Junior Sales Manager CEU,Anker (US),Anker,Full time,Posted 1189 Days Ago,2023-07-06,1190,Munich,1,Munich,false,,Germany,,0,,0,https://anker-in.jobs.feishu.cn/index/position/7252695205151852838/detail,,,,,,,not_checked,,2026-10-07,,2026-10-08,,1190,startDate,true,0,,,,,,2023-07-06,,,,,,,,
7265307786295871800,EEU Sales Manager,Anker (US),Anker,Full time,Posted 1155 Days Ago,2023-08-09,1156,Munich,1,Munich,false,,Germany,,0,,0,https://anker-in.jobs.feishu.cn/index/position/7265307786295871800/detail,,,,,,,not_checked,,2026-10-07,,2026-10-08,,1156,startDate,true,0,,,,,,2023-08-09,,,,,,,,
7343191813418158362,欧洲海外销售经理,Anker (US),Anker,Full time,Posted 945 Days Ago,2024-03-06,946,London,4,London; Düsseldorf; Paris; Warsaw,false,,United Kingdom,,0,"- Communicate with industry leading customers via phone, email, text, video, social media, etc., or in person meetings.
- Help company to gain better brand recognition by assisting trade shows and other public functions.
- Collect market information, including but not limited to, market data, industry trend, product standard and competitor’s analysis.
- Negotiate supply agreements with new and existing customers.
- Be able to travel regularly to meet new customers, or assist existing customers.
- A life-time learner that is able to quickly adapt and work under pressure.

- Bachelor's degree or equivalant experience.
- 3 years + experience in ToB sales in the solar and storage industry or equivalent renewable business.
- Excellent knowledge of grid-tie, off-grid, back-up solar systems, including energy storage.
- Social team player, skilled in written and verbal communication.
- Skilled in Microsoft office or equivalent. Knowledge of CRM is a plus
- Native English speaker, Spanish proficiency is an asset
- Flexible to travel with 25% of time and can adjust per company's business development.",1107,https://anker-in.jobs.feishu.cn/index/position/7343191813418158362/detail,,,,,,,not_checked,,2026-10-07,,2026-10-08,,946,startDate,true,0,,,,,,2024-03-06,,,,,,,,
7346494974307010857,Brand Marketing Manager,Anker (US),Anker,Full time,Posted 936 Days Ago,2024-03-15,937,Dubai,1,Dubai,false,,United Arab Emirates,,0,"- Collaborate with global and regional cross-functional teams, including marketing, GTM and product development to develop and localise global marketing strategies that align with Anker Innovations goals and brand identity.
- Conduct market research to identify trends, insights, and opportunities for brand growth in different countries.
- Collaborate with regional marketing teams to ensure that global brand strategies are adapted effectively to local markets while maintaining brand consistency.
- Oversee the creation of marketing materials and campaigns, including digital content, advertising, public relations, and events.
- Monitor and analyze the performance of marketing campaigns and adjust strategies as needed to achieve targets.
- Manage the brand marketing budget, ensuring resources are allocated effectively to maximize ROI.
- Stay up-to-date with global marketing trends and best practices, incorporating innovative approaches into the brand's marketing efforts.

- Bachelor's degree in Marketing Business Administration, or a related field and with minimum 5 years working experience.
- Proven experience in brand management or marketing, with a track record of successful global or regional campaigns.
- Strong understanding of consumer behavior and market dynamics across different cultures and regions.
- Excellent communication and interpersonal skills, with the ability to work effectively with diverse teams and stakeholders.
- Creative and strategic thinker with strong analytical skills to assess marketing effectiveness and ROI.
- Ability to manage multiple projects simultaneously and work under tight deadlines.
- Mandarin is a plus.",1664,https://anker-in.jobs.feishu.cn/index/position/7346494974307010857/detail,,,,,,,not_checked,,2026-10-07,,2026-10-08,,937,startDate,true,0,,,,,,2024-03-15,,,,,,,,
7368296449815988521,亚马逊运营专员,Anker (US),Anker,Full time,Posted 877 Days Ago,2024-05-13,878,Taipei City,1,Taipei City,false,,Taiwan,,0,"1、负责协调并提交促销Deal：确保团队内部收集的促销需求能够及时准确地与平台账号经理沟通，以促成有效的促销活动。
2、负责处理和升级复杂Case：与平台相关团队沟通/协作，确保升级问题得到有效解决。
3、负责对接平台的新项目：与平台负责人建立沟通机制，确保内部团队能够顺利参与并执行试点项目。
4、负责平台新资源获取：主动了解和评估平台提供的新资源，根据团队战略需求，向平台账号经理争取并获取相应资源支持，以增强团队的市场竞争力。
5、其它事项：灵活应对团队的临时和特殊任务需求，提供必要的支持和服务，确保团队目标的顺利实现。

1、本科及以上学历，市场营销/商业分析专业，英语可作为工作语言。
2、有销售运营相关经验，有亚马逊平台的工作经验优先。
3、具有良好的沟通能力和团队合作精神，能够与不同部门进行有效的沟通和协调。
4、具有良好的项目管理能力，能够协调多个项目并确保按时完成。
5、能承受一定的工作压力，积极主动&责任心强。",418,https://anker-in.jobs.feishu.cn/index/position/7368296449815988521/detail,,,,,,,not_checked,,2026-10-07,,2026-10-08,,878,startDate,true,0,,,,,,2024-05-13,,,,,,,,
7404681936440740105,LATAM - HRBP,Anker (US),Anker,Full time,Posted 779 Days Ago,2024-08-19,780,Mexico City,1,Mexico City,false,,Mexico,,0,,0,https://anker-in.jobs.feishu.cn/index/position/7404681936440740105/detail,,,,,,,not_checked,,2026-10-07,,2026-10-08,,780,startDate,true,0,,,,,,2024-08-19,,,,,,,,
7406548287988205863,DACH+BNX - GTM,Anker (US),Anker,Full time,Posted 774 Days Ago,2024-08-24,775,Düsseldorf,2,Düsseldorf; Shenzhen,false,,Germany,,0,"【核心职责】

1、DACH 市场需求洞察及竞手分析，业务数据分析，以便更好地理解市场动态，为业务决策提供支持；

2、GTM 全流程项目管理，有效整合产品/渠道/营销/零售/交付/售后等各部门信息，拉通资源与节奏，确保业务策略的顺利实施；

3、产品全生命周期销售协同管理（渠道路标/各阶段预测及备料/超期库存清理等）；

4、为内部区域销售团队提供最佳服务及4P策略；

5、零售专项陪跑，支持后 GTM 续零售项目落地。

职位要求

1、本科及以上学历，电子专业优先，对电子消费品行业有一定了解，有初步GTM/零售/项目管理经验优先；

2、具备强学习能力和 Excel 等数据分析能力，较强商业洞察能力、逻辑思维和系统性思维；

3、能够有效地与各部门进行沟通协调，人际链接能力强，团队协同能力强；

4、具备勇于突破和创新的特质，踏实细致，抗压性好，结果导向；

5、德语、英语听书读写流利。",402,https://anker-in.jobs.feishu.cn/index/position/7406548287988205863/detail,,,,,,,not_checked,,2026-10-07,,2026-10-08,,775,startDate,true,0,,,,,,2024-08-24,,,,,,,,
7412976501086456091,EEU GTM Lead,Anker (US),Anker,Full time,Posted 757 Days Ago,2024-09-10,758,Moscow,1,Moscow,false,,Russia,,0,"职位名称：东欧区域GTM负责人
工作地点：俄罗斯莫斯科
汇报：东欧区域负责人

职位概述：
东北欧区域市场推广（GTM，Go-To-Market）负责人将负责推动安克创新在东北欧地区的产品发布和市场扩展战略及执行。此职位需要一位具有深刻本地市场理解、强大商业头脑以及跨职能合作能力的动态且结果导向的领导者，以实现业务目标。

主要职责：
1. 市场战略制定：
a. 为安克创新的产品线在东北欧地区制定并实施全面的市场推广战略。
b. 进行市场研究和分析，识别关键趋势、机会和竞争格局。
c. 定义目标客户群体，并制定定制化的营销和销售方法。
2. 产品发布与执行：
a. 领导产品发布的规划和执行，确保与全球和区域目标一致。
b. 与产品管理、市场营销、销售及其他跨职能团队合作，确保产品成功引入和采用。
c. 监控和分析发布表现，提供洞察和建议以持续改进。
3. 销售赋能：
a. 开发并提供培训项目和材料，装备销售团队以有效销售安克创新的产品。
b. 与销售团队密切合作，识别并解决销售成功的任何障碍。
c. 提供持续支持和指导，推动收入增长。
4. 合作伙伴及渠道管理：
a. 识别并建立与区域内关键分销商、零售商及其他渠道合作伙伴的战略合作关系。
b. 管理并培养现有合作伙伴关系，以最大化销售和市场渗透。
c. 开发并实施渠道项目和激励措施，推动合作伙伴参与和表现。
5. 绩效监控和报告：
a. 跟踪和分析关键绩效指标，以评估市场推广战略和举措的有效性。
b. 为高级管理层准备定期报告和演示文稿，突出成就、挑战和建议。
c. 根据绩效数据和市场反馈不断优化市场推广方法。
资格要求：
- 至少7-10年市场推广战略、产品营销或销售管理经验，最好在消费电子或技术行业。
- 具有成功发布和扩展产品的证明记录，优先考虑在东北欧（瑞典、波兰、土耳其等）市场的经验。
- 对区域市场动态、客户行为和竞争格局有深刻理解。
- 优秀的沟通、演示和人际交往能力。
- 能够在快节奏、动态环境中独立和协作工作。
- 俄语，英语流利，并愿意根据需要出差。",875,https://anker-in.jobs.feishu.cn/index/position/7412976501086456091/detail,,,,,,,not_checked,,2026-10-07,,2026-10-08,,758,startDate,true,0,,,,,,2024-09-10,,,,,,,,
7431546213239408907,NEU-CEU MKT Manager,Anker (US),Anker,Full time,Posted 707 Days Ago,2024-10-30,708,Warsaw,1,Warsaw,false,,Poland,,0,"Job Summary:
We are seeking a visionary Marketing Manager to lead our branding and retail marketing initiatives in Istanbul, Turkey. This role demands a strategic thinker with a proven track record in branding and retail marketing. Your mission will be to elevate brand awareness, drive retail sales, and cultivate customer loyalty through innovative and impactful marketing strategies.

Key Responsibilities:
1. Marketing Strategy and Execution:
- Craft and execute integrated marketing plans aligned with business goals.
- Lead multi-channel marketing campaigns across digital, social media, email, and traditional advertising.
- Analyze campaign performance and provide actionable insights for continuous improvement.
2. Retail Support and Store Visibility:
- Partner with sales teams to enhance in-store visibility and customer experience.
- Develop and manage Point of Sale Materials (POSM) for consistent brand representation.
- Conduct regular store visits to ensure optimal merchandising and promotional activities.
3. Co-Marketing with Key Retailers:
- Forge and nurture strong relationships with key retail partners.
- Plan and execute co-marketing campaigns that benefit both Anker and retail partners.
- Coordinate joint promotions, events, and marketing activities to boost brand exposure and sales.
4. Brand Management:
- Ensure brand consistency across all marketing channels and materials.
- Develop and enforce brand guidelines for internal and external stakeholders.
5. Market Research and Analysis:
- Conduct market research to identify trends, opportunities, and competitive landscape.
- Utilize customer insights and feedback to refine marketing strategies and enhance engagement.
6. Budget Management:
- Develop and manage the marketing budget efficiently.
- Track and report on marketing spend and return on investment (ROI).

Qualifications:
- Bachelor’s degree in Marketing, Business, or a related field.
- Minimum 5 years of experience in marketing, with a focus on retail marketing and brand management.
- Demonstrated success in developing and executing marketing campaigns.
- Strong understanding of retail operations, store visibility, and POSM management.
- Experience in co-marketing with key retailers and building strategic partnerships.
- Excellent communication, negotiation, and interpersonal skills.
- Proficiency in data analysis and deriving actionable insights.
- Proficiency in marketing tools and software.
- Fluency in English; fluency in Turkish or Chinese is preferred.",2515,https://anker-in.jobs.feishu.cn/index/position/7431546213239408907/detail,,,,,,,not_checked,,2026-10-07,,2026-10-08,,708,startDate,true,0,,,,,,2024-10-30,,,,,,,,
7436318132656507145,DACH+BNX Sales Operations,Anker (US),Anker,Full time,Posted 694 Days Ago,2024-11-12,695,Düsseldorf,1,Düsseldorf,false,,Germany,,0,"1、本科及以上学历，专业不限；1-3年工作经验；
2、负责海外市场订单全流程跟进，有欧美海外市场销售、KA客户跟进经验优先；
3、有销售管理、项目管理或者销售计划/Demand planning等相关经验者优先；
4、精通数据分析，熟练使用数据分析工具和软件；
5、英语能作为工作语言；
6、有责任心，能承受一定的工作压力，具有优异的学习能力，良好的沟通能力。

职位要求
1、客户管理：负责渠道客户准入、客户订单跟进、收款、核销实操与管理；
2、销售管理：分析销售数据，提供销售预测，确保销售目标达成；
3、费用管理：制定销售及费用预算，管理渠道费用，兑现渠道政策；
4、系统建设：推动系统流程优化，提升内部运营效率，提升客户满意度",317,https://anker-in.jobs.feishu.cn/index/position/7436318132656507145/detail,,,,,,,not_checked,,2026-10-07,,2026-10-08,,695,startDate,true,0,,,,,,2024-11-12,,,,,,,,
7441776019138300171,MKT CEU Content creator,Anker (US),Anker,Full time,Posted 679 Days Ago,2024-11-27,680,Warsaw,1,Warsaw,false,,Poland,,0,"Polish Content Creator
Summary:
Anker Innovations (stock code: 300866) stands as one of the largest global smart hardware brands in China by revenue. Our mission is to establish a world-renowned consumer electronics brand centered on innovative technology and intelligent hardware. Our diverse portfolio includes well-known brands such as ANKER, Soundcore, eufy, and Nebula, which are available across North America, Japan, Europe, and the Middle East. We lead the market with our products, reaching over 100 countries and regions, and proudly serve more than 100 million loyal users.
We seek a Polish video content creator based in Warsaw to represent multiple brands in Poland. The role involves creating engaging short-form videos and developing a content calendar to enhance our social media presence. The ideal candidate should be passionate about consumer tech products, highly organized, possess strong judgment skills, and be able to produce and edit videos effectively.

What You Will Do:
1. Content Planning: Assist in the planning, scheduling, and creation of posts for the Anker social media calendar.
2. Video Creation and Editing: Create and edit short-form videos (15-60 seconds) for platforms such as TikTok, Instagram Reels, and YouTube Shorts.
3. Collaboration with Marketing Team: Collaborate with the marketing team to generate ideas and develop a content strategy that increases engagement and brand awareness.
4. Trend Monitoring: Stay up-to-date with the latest social media trends and incorporate them into content creation.
5. Production Management: Manage the end-to-end production process, including conceptualization, filming, and editing.
6. Brand Consistency: Ensure all content is on-brand and consistent in terms of style, quality, and tone of voice.
7. Performance Analysis: Analyze performance metrics to gauge content effectiveness and make recommendations for improvement.
8. Content Adaptation: Adapt content to suit different social media platforms and audiences.
9. Deadline Management: Work within deadlines to deliver content in a timely manner.
10. Community Management: Engage with audiences across all social media platforms by responding to comments, messages, and replies.
11. Collaboration and Networking: Proactively coordinate with external creators to amplify reach and share resources.
12. Analytics and Reporting: Analyze the effectiveness of different content types and campaigns, providing reports to management and cross-departmentally on social media performance.

Requirements:
1. Proven experience in creating short-form video content for social media platforms.
2. Basic knowledge of the tech industry and products.
3. Strong video editing skills, with proficiency in editing software (e.g., Adobe Premiere Pro, Final Cut Pro, or similar).
4. A keen eye for visual composition and storytelling.
5. Ability to produce content quickly without sacrificing quality.
6. Knowledge of current social media trends and best practices.
7. Excellent communication and collaboration skills.
8. Self-motivated and able to work independently.
9. A portfolio showcasing your previous work.
10. Fluency in spoken and written English.",3176,https://anker-in.jobs.feishu.cn/index/position/7441776019138300171/detail,,,,,,,not_checked,,2026-10-07,,2026-10-08,,680,startDate,true,0,,,,,,2024-11-27,,,,,,,,
7442606513746020649,Hungary Sales&GTM manager ,Anker (US),Anker,Full time,Posted 677 Days Ago,2024-11-29,678,Budapest,1,Budapest,false,,hungary,,0,"Job Title: North-Eastern EU Hungary sales manager
Location: Hungary
Company: Anker Innovations
Reports To: CEU Regional Head
Job Description:
1.Develop and execute strategic plans to achieve sales targets and expand our customer base;
2.Build the overall local go-to-market strategy (price, product, promotion, markteting &retail);
3.Build new and maintain strong, long-lasting customer relationships;
4.Partner with customers to understand their business needs and objectives;
5.Effectively communicate the value proposition through proposals and presentations;
6.Understand category-specific landscapes and trends, reporting on the forces that shift tactical budgets and strategic direction of accounts;
7.Lead a national sales team, setting objectives, coaching, and performance monitoring of sales representatives;
8.Attend industry events and conferences to generate new business leads;
9.Act as a point of contact for important customers and internal stakeholders;
10.Prepare monthly, quarterly, and annual sales forecasts as well as regular reports to internal and external stakeholders using key account metrics;
11.Carry out market research&insight, demand collection, competition analysis, and working closely with product and regional teams to improve local portfolio Competitiveness;
12.Use customer feedback to generate ideas about new features or products;
13.Research and discover methods to increase customer engagement;
14.Ensure high levels of customer satisfaction through excellent sales service

Job Requirements
1.Proven record of successful work as National Sales Manager, channel sales Manager or similar position, good expertise and relationships in CE industry with key Customers
2.Working experience in CE industry. Experience working with following categories is a strong plus: Smartphone accessories (power & audio), iOT and Small Domestic Appliances;
3.Working with Chinese companies/brands is a strong plus
4.Extensive connections in the consumer electronics industry (smartphone, wearable, accessory, IoT, etc.) ;
5.Spoken English at a business proficient level, Chinese will be a strong plus;
6.Major in Sales or Marketing or Math/Engineering or related, bachelor’s degree or above;
7.Strong communication and interpersonal, organizational skills; down-to-earth, teamwork, open spirit; fluent skill in essential office software.
8.Be able to discover, understand and translate key customer needs/requests and pain points to leverage business growth",2481,https://anker-in.jobs.feishu.cn/index/position/7442606513746020649/detail,,,,,,,not_checked,,2026-10-07,,2026-10-08,,678,startDate,true,0,,,,,,2024-11-29,,,,,,,,
7446319710487218469,NEU CEU BM Lead,Anker (US),Anker,Full time,Posted 667 Days Ago,2024-12-09,668,Warsaw,1,Warsaw,false,,Poland,,0,"名称: 中欧Lead BM (CEU Lead BM)
工作地点: 波兰，华沙
职位类型: 全职

职位概述:
作为安克创新中欧市场的Lead BM，您将负责多个品牌在该区域的战略规划与执行，提升品牌形象和市场份额。中欧市场国家众多且形态多样，您需要结合各国市场特点，主导区域营销战略，推动品牌溢价和销量增长，并确保关键战役的成功实施。同时，您将管理跨文化团队，确保品牌目标达成。

主要职责:
1. 制定品牌战略：
- 制定并实施多个品牌在中欧市场的本地化策略，确保品牌高端定位和竞争优势。
- 针对各市场需求设计品牌传播方案，定期调整战略以推动品牌持续增长。
2. 多品牌管理：
- 管理中欧市场的多个品牌（如Anker、Soundcore、Eufy），制定个性化营销方案，提升品牌影响力。
3. 零售商合作：
- 建立并维护与主要零售商的合作关系，推动品牌销售。
- 主导联合营销活动，优化推广策略以提升品牌曝光度。
4. 数据驱动决策：
- 分析市场数据和消费者行为，优化营销策略和ROI，确保资源高效利用。
5. 跨文化团队管理：
- 领导并激励团队，提升团队能力，确保高效执行。
- 与安克全球及区域团队合作，推动本地化策略落地。
6. 预算与绩效管理：
- 管理营销预算，评估活动效果，确保投资回报率最大化。
Job Title: CEU BM Lead (Central Europe BM Lead)
Location: Warsaw, Poland
Job Type: Full-time

Job Overview:
As the BM Lead for Anker Innovations in the Central European market, you will be responsible for the strategic planning and execution of multiple brands in the region, driving brand image and market share growth. With a diverse range of countries and market dynamics, your role will involve tailoring strategies to local market characteristics, driving brand premiumization and sales growth, and ensuring the successful execution of key campaigns. Additionally, you will lead a cross-cultural team to achieve brand goals across various market environments.
Key Responsibilities:
1. Brand Strategy Development:
- Develop and execute localized strategies for multiple brands in the Central European market, ensuring premium positioning and competitive advantages.
- Design brand communication plans tailored to market needs, and adjust strategies regularly to ensure sustained brand growth.
2. Multi-Brand Management:
- Oversee multiple brands in Central Europe (e.g., Anker, Soundcore, Eufy), creating personalized marketing strategies to enhance brand influence.
3. Retailer Partnerships:
- Establish and maintain relationships with key retailers to drive brand sales.
- Lead co-marketing activities with retailers and optimize promotional strategies to increase brand visibility.
4. Data-Driven Decision Making:
- Analyze market data and consumer behavior to optimize marketing strategies and ROI, ensuring efficient resource utilization.
5. Cross-Cultural Team Management:
- Lead and motivate your team, enhancing capabilities to ensure efficient execution.
- Collaborate with Anker’s global and regional teams to implement localized strategies.
6. Budget and Performance Management:
- Manage marketing budgets and evaluate campaign performance to maximize ROI.

资格要求:
- 8年以上快销营销经验，熟悉多品牌管理和区域市场策略。
- 有跨区域营销经验，具备出色的跨文化团队管理能力。
- 精通零售营销和品牌管理，擅长推动品牌增长。
- 优秀的战略思维和沟通协调能力。
- 英语流利。
Qualifications:
- 8+ years of brand marketing experience, particularly in multi-brand management and regional market strategies.
- Proven cross-regional marketing experience and expertise in managing diverse markets.
- Strong cross-cultural team management skills and the ability to lead diverse teams.
- Proficiency in retail marketing and brand management, with a track record of driving brand growth.
- Excellent strategic thinking and communication skills.
- Fluent in English.",3028,https://anker-in.jobs.feishu.cn/index/position/7446319710487218469/detail,,,,,,,not_checked,,2026-10-07,,2026-10-08,,668,startDate,true,0,,,,,,2024-12-09,,,,,,,,
7456790648554391818,AI Algorithm Engineer,Anker (US),Anker,Full time,Posted 639 Days Ago,2025-01-06,640,Singapore,1,Singapore,false,,Singapore,,0,"About Us
Anker Innovations is a technology company dedicated to creating industry-leading smart devices for entertainment, travel, and smart homes. At the forefront of AI innovation, we develop reliable, high-quality AI applications to enhance the quality of care and provide exceptional user experiences. We are seeking driven individuals passionate about technology to help build cutting-edge, consumer-facing solutions.

Job Summary
We are seeking an AI Engineer with expertise in Computer Vision to join our dynamic team. In this role, you will design, develop, and deploy deep learning models for edge IoT devices. You will collaborate with other AI team members to create optimized models and applications for real-time image and video processing on embedded systems. This is an exciting opportunity to push the boundaries of AI in smart devices and IoT.
Key Responsibilities
- Develop, test, and optimize AI models for tasks such as object detection, segmentation, tracking, recognition, and action recognition.
- Continuously enhance model performance for improved customer satisfaction and operational efficiency.
- Implement AI model compression techniques to deploy models effectively on IoT embedded platforms.
- Collaborate within an agile development team to meet project requirements and deadlines.
- Write clean, maintainable, and scalable code with a focus on performance and extensibility.
- Maintain comprehensive and organized technical documentation throughout the project lifecycle.

Qualifications & Skills
- Master’s degree in a related field with proven self-learning and problem-solving capabilities.
- Proficiency in Python and C/C++ for production-level programming.
- Expertise in computer vision and AI development, with experience in deploying models on embedded systems.
- Strong background in deep learning frameworks such as PyTorch and TensorFlow.
- Knowledge of transfer learning and experience in model optimization techniques.
- Strong communication skills, with an ability to convey complex ideas through data storytelling and information visualization.
- Experience with deploying AI solutions on edge platforms is a plus.
- Preferred: Candidates with a track record of algorithm competition awards or publications in prestigious conferences or journals.
- Preferred: Mandarin language skills for seamless communication with counterparts in China.",2387,https://anker-in.jobs.feishu.cn/index/position/7456790648554391818/detail,,,,,,,not_checked,,2026-10-07,,2026-10-08,,640,startDate,true,0,,,,,,2025-01-06,,,,,,,,
7456996063473027340,商务主管,Anker (US),Anker,Full time,Posted 638 Days Ago,2025-01-07,639,Düsseldorf,1,Düsseldorf,false,,Germany,,0,"1、市场分析与策略制定：进行市场调研，分析行业趋势、竞争对手和客户需求。制定并实施市场进入策略和销售计划，确保公司业务目标的达成。
2、销售管理：制定销售目标，监督销售业绩。发展并维护与关键客户的关系，确保客户满意度和忠诚度；参与重要客户的谈判和合同签订。
3、业务拓展：识别并开发新的业务机会，拓展公司在德国市场的业务范围。参与行业展会、会议和其他市场推广活动，提升公司品牌知名度。
4、预算与报告：制定并管理部门预算，确保资源的有效利用。定期向上级汇报业务进展和市场动态，提供数据支持和决策建议。

任职要求：

1、学历要求：本科及以上学历，市场营销、工商管理或相关专业优先。
2、工作经验：至少5年以上相关工作经验，具有在德国市场商务经验者优先。
3、技能要求：出色的沟通、谈判和人际交往能力；熟练使用办公软件和CRM系统。
4、语言能力：流利的德语和英语，具备良好的书面和口头表达能力。
5、其他要求：适应频繁的出差； 具备较强的抗压能力和解决问题的能力。",433,https://anker-in.jobs.feishu.cn/index/position/7456996063473027340/detail,,,,,,,not_checked,,2026-10-07,,2026-10-08,,639,startDate,true,0,,,,,,2025-01-07,,,,,,,,
7468601181737093387,生产测试软件工程师,Anker (US),Anker,Full time,Posted 607 Days Ago,2025-02-07,608,Ho Chi Minh City,2,Ho Chi Minh City; Bangkok,false,,Vietnam,,0,"岗位职责：
测试方案设计与实施：
根据产品需求，设计和开发生产测试方案和生产测试脚本。
根据项目计划制定出详细的产测计划，按计划进行产测设备的验收。
负责生产测试设备的选型、调试。
测试数据分析与报告：
收集和分析生产测试数据，编写测试报告。
识别和解决生产测试过程中发现的问题，提出改进建议。
生产支持与问题解决：
支持生产线的产测开发和调试工作，解决生产过程中出现的产测问题。
负责产品试产过程中的产测开、产测调试、工站部署、生产跟线、效率&稳定性提升。
负责生产线的产测问题分析工作，解决生产过程中出现的产测问题。
负责生产线的产测工站优化工作，提高产测工站UPH和测试稳定性。
与NPI、研发和质量保证团队合作，推动产品的持续改进。

任职要求：
教育背景：
电子工程、通信工程、自动化或相关专业本科及以上学历。
工作经验：
熟悉电子产品生产测试流程和各类测试设备。
具有3年以上电子产品测试或相关领域工作经验者优先。
具有安防摄像头、耳机、音箱、扫地机、储能类产品整机工厂测试实战经验优先。
技能要求：
熟练使用各种通用测试仪器和工具，如示波器、万用表等。
熟练使用电性能测试仪器，如程控电源、电子负载等。
熟练使用音频分析仪和声学测试系统。
熟练使用各类射频测试仪器，如IQ、CMW、Anritsu等。
具备基础编程能力，能够编写测试脚本并进行调试。
综合能力：
具备很强的抗压能力、沟通协调能力、责任心和团队合作精神。",616,https://anker-in.jobs.feishu.cn/index/position/7468601181737093387/detail,,,,,,,not_checked,,2026-10-07,,2026-10-08,,608,startDate,true,0,,,,,,2025-02-07,,,,,,,,
7475156442284378378,MKT Manager（MY）,Anker (US),Anker,Full time,Posted 589 Days Ago,2025-02-25,590,Kuala Lumpur,1,Kuala Lumpur,false,,Malaysia,,0,"Define brand development strategy base on solid understanding on user/market/competition.
Lead to develop marketing strategy/plan and collaborate with marketing related functions to execute the marketing plan, including creative/advertising/PR/social/EDM.
Collaborate with product/operation functions to come up with brand strategy needed resource to achieve brand goals.
Guide the development of high quality and effective marketing materials that align correctly with the overall brand strategy.
Seek out new marketing opportunities that fit with the brand and maximizing all opportunities for growth.",603,https://anker-in.jobs.feishu.cn/index/position/7475156442284378378/detail,,,,,,,not_checked,,2026-10-07,,2026-10-08,,590,startDate,true,0,,,,,,2025-02-25,,,,,,,,
7475648208967436571,GTM（ID）,Anker (US),Anker,Full time,Posted 588 Days Ago,2025-02-26,589,Jakarta,1,Jakarta,false,,Indonesia,,0,,0,https://anker-in.jobs.feishu.cn/index/position/7475648208967436571/detail,,,,,,,not_checked,,2026-10-07,,2026-10-08,,589,startDate,true,0,,,,,,2025-02-26,,,,,,,,
7498563395676096795, Technical Support,Anker (US),Anker,Full time,Posted 526 Days Ago,2025-04-29,527,Melbourne,1,Melbourne,false,,Australia,,0,"Responsibilities：
1、Strategic thinking in improvement of Anker's fulfillment and service area, and performing as a lead on more complex field engineering assignments;
2、Perform a variety of engineering assignments involving technical applications in the installation, operation, testing and maintenance of Anker's solar and storage products.
3、Work independently in the field and with R&D Engineers to resolve high-level technical issues, leading the investigation of root cause of for technology applications for complex projects;
4、Lead electrical and electronic troubleshooting and testing of solar and storage products and its components in the field or in the laboratory;
5、Provide feedback to the pre-sales team on possible mechanical and electrical design improvements
6、Interact with customers to explain the technical scope of the products and solutions;
7、Initiate or implement the Field Service procedures for safety troubleshooting, and maintenance;
8、Create training material, and provide high-level technical training to Field Service Engineers.

Requirements：
1、Bachelor's degree in Electrical Engineering, Mechanical Engineering, or a related field.
2、Minimum of 2 years of experience in field engineering, technical support, or a related role, preferably in the solar and storage industry.
3、Strong knowledge of electrical and electronic systems, with hands-on experience using oscilloscopes.
4、Proven ability to troubleshoot and resolve complex technical issues independently.
5、Experience working with R&D teams and providing feedback for product improvements.
6、Excellent communication skills, with the ability to explain technical concepts to customers and non-technical stakeholders.· Strong strategic thinking and problem-solving skills.
7、Ability to create and deliver technical training materials.
8、Willingness to travel frequently to various field locations.
9、Certification in relevant safety and technical standards is a plus.
10、 Proficiency in English; additional languages are a plus.",2016,https://anker-in.jobs.feishu.cn/index/position/7498563395676096795/detail,,,,,,,not_checked,,2026-10-07,,2026-10-08,,527,startDate,true,0,,,,,,2025-04-29,,,,,,,,
7504200675917482281,C.EU Sales Manager,Anker (US),Anker,Full time,Posted 511 Days Ago,2025-05-14,512,Warsaw,1,Warsaw,false,,Poland,,0,,0,https://anker-in.jobs.feishu.cn/index/position/7504200675917482281/detail,,,,,,,not_checked,,2026-10-07,,2026-10-08,,512,startDate,true,0,,,,,,2025-05-14,,,,,,,,
7517587145146894643,PL GTM,Anker (US),Anker,Full time,Posted 475 Days Ago,2025-06-19,476,Warsaw,1,Warsaw,false,,Poland,,0,"【核心职责】
1、中欧区域20国市场需求洞察及竞手分析，业务数据分析，以便更好地理解市场动态，为业务决策提供支持；
2、GTM 全流程项目管理，有效整合产品/渠道/营销/零售/交付/售后等各部门信息，拉通资源与节奏，确保业务策略的顺利实施；
3、产品全生命周期销售协同管理（渠道路标/各阶段预测及备料/超期库存清理等）；
4、为内部区域销售团队提供最佳服务及4P策略；
5、零售专项陪跑，支持后 GTM 续零售项目落地。

【职位要求】
1、本科及以上学历，电子专业优先，4年及以上经验，对电子消费品行业有一定了解，有初步GTM/零售/项目管理经验优先；
2、具备强学习能力和 Excel 等数据分析能力，较强商业洞察能力、逻辑思维和系统性思维；
3、能够有效地与各部门进行沟通协调，人际链接能力强，团队协同能力强；
4、具备勇于突破和创新的特质，踏实细致，抗压性好，结果导向；
5、德语、英语听书读写流利。",404,https://anker-in.jobs.feishu.cn/index/position/7517587145146894643/detail,,,,,,,not_checked,,2026-10-07,,2026-10-08,,476,startDate,true,0,,,,,,2025-06-19,,,,,,,,
7527115644917565750,（区域）财经BP,Anker (US),Anker,Full time,Posted 449 Days Ago,2025-07-15,450,London,5,London; Dubai; Shenzhen; Düsseldorf; Tokyo,false,,United Kingdom,,0,"1、业务经营管理：与业务构建良好战略合作伙伴关系，通过经营管理体系，助力业务决策和成功；
2、全面预算预测管理：负责业务的财经洞察，协助业务编制未来3-5年战略计划和商业计划，主导所负责区域（PCT）的预算编制和损益测算，定期复盘预算执行偏差，联合业务输出纠偏策略；
3、经营分析：负责经营单元的业绩核算，定期输出所负责PCT的经分报告，并主导经分会的开展，提炼关键问题到区域层面的经分会，推动业务在关键问题和风险上的改善；
4、经营风险管理：有效管理经营过程的各项运营风险，及时预警各层级业务主管，提出有效解决方案，并跟踪落地闭环。

1、本科及以上学历，5年及以上财务分析或商业分析经验，财务、商业分析类专业（取得CPA、ACCA等专业资格优先考虑）；
2、熟练使用数据分析工具，数据敏感性高，擅长业务分析和财务建模；
3、商业敏感度高，逻辑思维强，能结构化思考和解决问题，有较强的全局思考和前瞻性思维；
4、具备优秀的沟通协调能力和团队合作精神，具备较强的学习和理解能力，英语沟通能力良好。",448,https://anker-in.jobs.feishu.cn/index/position/7527115644917565750/detail,,,,,,,not_checked,,2026-10-07,,2026-10-08,,450,startDate,true,0,,,,,,2025-07-15,,,,,,,,
7527211410755062057,TW Eufy Brand manager,Anker (US),Anker,Full time,Posted 449 Days Ago,2025-07-15,450,Taipei City,1,Taipei City,false,,Taiwan,,0,"ob description
1、Develop and execute integrated marketing campaigns across multiple channels, including ATL&BTL marketing strategies.
2、Develop, activate and refine the eufy brand and value proposition that is reflected across all manner of brand communications.
3、Develop and manage the brand marketing budget to maximize ROI.
Collaborate with internal teams and external agencies, including content, creative, product, and customer service, to develop brand messaging and creative assets that resonate with our target audience.
4、Conduct market research and analysis to inform marketing strategies and identify opportunities for growth.
5、Analyze and report on key performance metrics, including customer acquisition cost, conversion rate, and customer lifetime value, to optimize marketing campaigns and drive business results
6、Stay up to date on industry trends and best practices in brand marketing and share insights with the team to inform marketing strategy
7、Oversee and ensure good practices, including adherence to policies, roles and responsibilities and the integrity and ethics of the company.
8、Ensure internal communications are timely, accurate and relevant.

1、3+ years of experience in brand marketing or digital marketing , preferably with exposure to the consumer electronics industry
2、Strong knowledge of digital marketing channels, tools, and best practices.
3、Experience developing and executing successful marketing campaigns across multiple channels
4、Excellent analytical skills and the ability to use data to inform marketing strategy
5、Excellent interpersonal and communication skills
6、Strong analytical skills and data-driven thinking,Planning, organization and problem-solving skills",1717,https://anker-in.jobs.feishu.cn/index/position/7527211410755062057/detail,,,,,,,not_checked,,2026-10-07,,2026-10-08,,450,startDate,true,0,,,,,,2025-07-15,,,,,,,,
7532082128135145755,RU OSO,Anker (US),Anker,Full time,Posted 436 Days Ago,2025-07-28,437,Moscow,1,Moscow,false,,Russia,,0,"核心职责：​​
​​业务战略与本地化执行​​
负责实现在俄罗斯市场的电商业务年度目标，主导制定符合本地市场特点的业务拓展策略（包括市场进入、销售增长及利润目标），并推动端到端落地。
从零开始搭建并优化俄罗斯本地电商运营体系，主导新品/新品类的本地化操盘（如选品、定价、促销策略），推动业务快速启动并实现可持续增长。
持续开拓俄罗斯主流及新兴电商平台（如Ozon、Wildberries、Yandex.Market等），探索创新业务模式与渠道机会，提升市场份额。
​​团队搭建与管理​​
负责在莫斯科组建并带领本地业务团队，主导人员招聘、培训及梯队建设，提升团队运营与销售实战能力。
建立清晰的绩效管理与激励机制，塑造高绩效、强执行、具备创新意识的团队文化。
​​跨部门协同与运营提升​​
高效协同GTM、市场营销、供应链等中后台团队，推动市场推广、产品上市、库存履约等关键流程的本地化优化。
密切跟踪俄罗斯电商政策、市场趋势及竞品动态，持续优化运营策略，提升转化率与业务效率。
​​本地化支持与区域协作​​
基于业务需要，与中亚、东欧等周边区域团队协作，输出俄罗斯市场经验，支持相关市场的业务拓展。

任职要求：​​
​​必备条件：​​
5年以上电商运营或销售管理经验，具备从0到1搭建业务或成功孵化新品/新品类案例。
拥有团队搭建或团队管理经验，能够带领团队实现业务目标。
俄语为母语水平，精通英语优先（可作为工作沟通语言）。
常驻莫斯科或愿意 relocate 至莫斯科。
​​优先考虑：​​
熟悉俄罗斯主流电商平台（如Ozon、Wildberries等）运营规则，具备本地电商资源者优先。
拥有跨境电商、消费电子或快消品行业经验者优先。
​​核心素质：​​
具备创业精神，善于在不确定环境中开拓业务，乐于接受挑战。
出色的沟通协调能力和跨文化协作意识，能够高效联动本地与中国团队。
结果导向，具备较强的数据分析、解决问题及抗压能力。",819,https://anker-in.jobs.feishu.cn/index/position/7532082128135145755/detail,,,,,,,not_checked,,2026-10-07,,2026-10-08,,437,startDate,true,0,,,,,,2025-07-28,,,,,,,,
7534723348447070474,Sales Manager CIS,Anker (US),Anker,Full time,Posted 429 Days Ago,2025-08-04,430,Moscow,1,Moscow,false,,Russia,,0,"Job Description

Develop and execute strategic plans to achieve sales targets and expand the customer base.
Build the overall local go - to - market strategy (price, product, promotion, marketing & retail).
Establish new and maintain strong, long - lasting customer relationships.
Collaborate with customers to understand their business needs and objectives.
Effectively communicate the value proposition through proposals and presentations.
Understand category - specific landscapes and trends, reporting on the factors that influence tactical budgets and strategic directions of accounts.
Lead a national sales team, setting objectives, coaching, and monitoring the performance of sales representatives.
Attend industry events and conferences to generate new business leads.
Serve as a point of contact for important customers and internal stakeholders.
Prepare monthly, quarterly, and annual sales forecasts as well as regular reports to internal and external stakeholders using key account metrics.
Conduct market research and gain insights, collect demand, analyze competition, and work closely with product and regional teams to enhance local portfolio competitiveness.
Utilize customer feedback to generate ideas for new features or products.
Research and discover methods to increase customer engagement.
Ensure high levels of customer satisfaction through excellent sales service.",1389,https://anker-in.jobs.feishu.cn/index/position/7534723348447070474/detail,,,,,,,not_checked,,2026-10-07,,2026-10-08,,430,startDate,true,0,,,,,,2025-08-04,,,,,,,,
7545334478106134838,BNX-GTM,Anker (US),Anker,Full time,Posted 400 Days Ago,2025-09-02,401,Rotterdam,1,Rotterdam,false,,Netherlands,,0,"GTM：
职位描述 ：
1、根据公司经营目标分解，主导规划针对性产品从产品端到市场端的市场进入(GTM)策略及可行性计划。
2、深入挖掘产品优势，输出产品营销策略，负责产品从预热、上市、热销、维持到退市等阶段的产品营销工作。
3、对接市场，获取定价、上市节奏等信息，将产品进行内部、外部对比，发掘市场机会点，输出市场洞察，制定相关的市场推广方案和渠道拓展计划。
4、与产品部门、采购部门、销售部门、服务部门等职能合作开展营销策划工作。

职位要求 ：
1、本科以上学历，英语可作为工作语言。
2、具备消费类电子产品的产品营销工作经验为加分项。
3、具备敏锐的市场洞察力，分析力及策略提案力和流程管控能力。
4、执行力强，耐心细心，善于跨部门协作，项目管理，有优秀的执行力",335,https://anker-in.jobs.feishu.cn/index/position/7545334478106134838/detail,,,,,,,not_checked,,2026-10-07,,2026-10-08,,401,startDate,true,0,,,,,,2025-09-02,,,,,,,,
7550878291725535498,DACH-GTM,Anker (US),Anker,Full time,Posted 385 Days Ago,2025-09-17,386,Düsseldorf,1,Düsseldorf,false,,Germany,,0,,0,https://anker-in.jobs.feishu.cn/index/position/7550878291725535498/detail,,,,,,,not_checked,,2026-10-07,,2026-10-08,,386,startDate,true,0,,,,,,2025-09-17,,,,,,,,
7550880040247265577,French—HP&IOT-PCT Leader,Anker (US),Anker,Full time,Posted 385 Days Ago,2025-09-17,386,Paris,1,Paris,false,,France,,0,,0,https://anker-in.jobs.feishu.cn/index/position/7550880040247265577/detail,,,,,,,not_checked,,2026-10-07,,2026-10-08,,386,startDate,true,0,,,,,,2025-09-17,,,,,,,,
7551392639192205618,French -GTM,Anker (US),Anker,Full time,Posted 384 Days Ago,2025-09-18,385,Paris,2,Paris; Shenzhen,false,,France,,0,"负责CH充电、AP扫地机法国市场的GTM规划
职位描述 ：
1、根据公司经营目标分解，主导规划针对性产品从产品端到市场端的市场进入(GTM)策略及可行性计划。
2、深入挖掘产品优势，输出产品营销策略，负责产品从预热、上市、热销、维持到退市等阶段的产品营销工作。
3、对接市场，获取定价、上市节奏等信息，将产品进行内部、外部对比，发掘市场机会点，输出市场洞察，制定相关的市场推广方案和渠道拓展计划。
4、与产品部门、采购部门、销售部门、服务部门等职能合作开展营销策划工作。

职位要求 ：
1、本科以上学历，英语可作为工作语言。
2、具备消费类电子产品的产品营销工作经验为加分项。
3、具备敏锐的市场洞察力，分析力及策略提案力和流程管控能力。
4、执行力强，耐心细心，善于跨部门协作，项目管理，有优秀的执行力",353,https://anker-in.jobs.feishu.cn/index/position/7551392639192205618/detail,,,,,,,not_checked,,2026-10-07,,2026-10-08,,385,startDate,true,0,,,,,,2025-09-18,,,,,,,,
7551768459475208474,Spain-GTM,Anker (US),Anker,Full time,Posted 383 Days Ago,2025-09-19,384,Madrid,1,Madrid,false,,Spain,,0,,0,https://anker-in.jobs.feishu.cn/index/position/7551768459475208474/detail,,,,,,,not_checked,,2026-10-07,,2026-10-08,,384,startDate,true,0,,,,,,2025-09-19,,,,,,,,
7559402158421084466,Italy-MKT Head,Anker (US),Anker,Full time,Posted 362 Days Ago,2025-10-10,363,Milan,1,Milan,false,,Italy,,0,,0,https://anker-in.jobs.feishu.cn/index/position/7559402158421084466/detail,,,,,,,not_checked,,2026-10-07,,2026-10-08,,363,startDate,true,0,,,,,,2025-10-10,,,,,,,,
7559583950109739291,FR-sales,Anker (US),Anker,Full time,Posted 362 Days Ago,2025-10-10,363,Paris,1,Paris,false,,France,,0,,0,https://anker-in.jobs.feishu.cn/index/position/7559583950109739291/detail,,,,,,,not_checked,,2026-10-07,,2026-10-08,,363,startDate,true,0,,,,,,2025-10-10,,,,,,,,
7561071293416704319,ANZ- GTM Manager,Anker (US),Anker,Full time,Posted 358 Days Ago,2025-10-14,359,Melbourne,1,Melbourne,false,,Australia,,0,"Market and competitive Insights: Analyze trends, competitors, and customer behavior to establish a data-based enterprise management system and strategy.
GTM strategy formulation: Define the product matrix, including positioning, pricing, channel planning and promotional activities.
Outstanding execution: Coordinate product, sales, marketing and support teams to ensure seamless implementation of the strategy.
Budget and resource Optimization: Manage the budget for GTM activities to ensure that resources are utilized most effectively.
Performance tracking: Monitor key performance indicators (KPIs, including sales, profit margins, consumer feedback, return on investment (ROI), execution quantity and quality), and utilize real-time insights to optimize strategies.
Sales empowerment: Equip the sales team with tools, training and materials to accelerate customer acquisition.",881,https://anker-in.jobs.feishu.cn/index/position/7561071293416704319/detail,,,,,,,not_checked,,2026-10-07,,2026-10-08,,359,startDate,true,0,,,,,,2025-10-14,,,,,,,,
7563587115092461843,SE BD Sales,Anker (US),Anker,Full time,Posted 351 Days Ago,2025-10-21,352,Sundbyberg,1,Sundbyberg,false,,Sweden,,0,"We are looking for a dynamic Business Development Manager to lead our B2B and professional channel expansion in the Nordic region (primarily Sweden and neighboring countries). This role will focus on building and developing key partnerships across sectors such as security, networking (PoE), creative printing, garden tools, and audiovisual solutions — helping our products succeed in non-traditional, multi-tier distribution environments.

Key Responsibilities：
1. Develop and execute business strategies for B2B and professional sales channels in the Nordic region.
2. Identify, engage, and manage key accounts including regional distributors, installers, and service providers (e.g., Dustin, Atea, Ahlsell, Advania, Itegra, etc.).
3. Deeply understand local industry structures—installers, resellers, service providers, and DIY/professional dealers—and tailor expansion plans accordingly.
4. Build trust-based relationships with key customers and channel partners to integrate our products into their business models.
5. Evaluate channel potential and new business opportunities, and propose feasible growth initiatives for each product category.
6. Collaborate closely with HQ and product teams to refine GTM strategies (pricing, positioning, promotions, and channel mapping).
7. Prepare regular business reports, forecasts, and performance reviews to support strategic decision-making.
8. Play a pivotal role in developing a multi-category commercial presence and establishing our long-term local operations foundation.

Requirements
1. Fluent in Swedish and English, with a Bachelor’s degree or above in Marketing, Business, or related fields.
2. 3–5 years of experience in B2B or professional channel sales in Northern Europe—preferably within security, networking, AV, or creative printing industries.
3. Strong understanding of Nordic consumer electronics and enterprise ecosystems; existing relationships with major distributors are a plus.
4. Excellent communication, negotiation, and relationship-building skills across technical and business contexts.
5. Capable of market analysis and channel mapping, with solid business acumen and data-driven decision ability.
6. Self-motivated, results-oriented, and able to work independently while collaborating with global HQ teams.
7. Passionate about emerging technology categories and creative business models.
8. Strong teamwork ethic, organizational capability, and ability to thrive in a fast-evolving, multi-category environment.
9. Preferably based in Sweden (Stockholm area), with flexibility to travel across Nordic countries.",2590,https://anker-in.jobs.feishu.cn/index/position/7563587115092461843/detail,,,,,,,not_checked,,2026-10-07,,2026-10-08,,352,startDate,true,0,,,,,,2025-10-21,,,,,,,,
7563851393767033142,PL Sales Manager,Anker (US),Anker,Full time,Posted 350 Days Ago,2025-10-22,351,Warsaw,1,Warsaw,false,,Poland,,0,"Job description:
1. Developing the market business, set up effective promotional plan, and achieve sales target;
2. Developing trust relationships with a portfolio of major client’s wholesalers/retailers;
3. Acquiring a thorough understanding of key customer needs and requirements, focusing on ecosystem products;
4. Expanding the relationships with existing customers by continuously proposing solutions that meet their targets;
5. Assist in formulating the overall go-to-market strategy (price, product positioning, promotion and channel strategy) of the company;
6. Prepare regular reports of progress and forecasts for internal and external stakeholders using key account metrics;
7. Follow up and analysis of the sell-through/sell-out data of wholesalers/retailers;
8. Effectively carry out market research, demand collection, industry development foresight and work closely with product and HQ teams to improve product optimization.

Job requirements:
1. Fluent in English, marketing related major, bachelor’s degree or above;
2. Working in Accessories /IOT/SDA domain is preferred, 3-5 years of working experience in the similar position(for Media Expert, EURO, Komputronik, X-KOM, Media Markt and also Telecom Channels) is preferred;
3. Extensive connections in consumer electronics and smartphone industry;
4. Strong communication and interpersonal skills;
5. Excellent organizational skills;
6. Passionate, strong sense of teamwork.",1443,https://anker-in.jobs.feishu.cn/index/position/7563851393767033142/detail,,,,,,,not_checked,,2026-10-07,,2026-10-08,,351,startDate,true,0,,,,,,2025-10-22,,,,,,,,
7569565008419064070,数据标注项目管理,Anker (US),Anker,Full time,Posted 335 Days Ago,2025-11-06,336,Singapore,1,Singapore,false,,Singapore,,0,"负责数据标注项目跟进工作，深入理解业务数据采集、标注场景需求，推动项目执行；
能独立统筹项目全流程，对齐标准，撰写相关标注sop、实施培训、答疑，推动项目快速落地；
熟悉语义分割、拉框、3d点云等常规数据标注，具备风险发现，进度跟进能力；

本科及以上学历，5年以上项目管理经验，计算机、人工智能、统计学、大数据相关专业优先；
熟悉常见算法模型及其对数据的需求，有机器人、大模型等领域数据采集、标注项目管理经验者优先；
能熟练使用shell/python脚本进行数据批量处理能力有先；
具备良好的沟通协调和完善项目管理经验；
中英文表达流畅，能与中国同事中文沟通，汉语对接；
请提交中文简历",295,https://anker-in.jobs.feishu.cn/index/position/7569565008419064070/detail,,,,,,,not_checked,,2026-10-07,,2026-10-08,,336,startDate,true,0,,,,,,2025-11-06,,,,,,,,
7570906228269418794,Latam-GTM manager,Anker (US),Anker,Full time,Posted 331 Days Ago,2025-11-10,332,Mexico City,1,Mexico City,false,,Mexico,,0,"职位描述
1. 市场分析 - 研究市场趋势、竞争对手和目标客户群，以便制定有效的市场进入策略。
2. 策略制定 - 基于市场分析，制定产品定位、定价策略、销售渠道和推广计划。
3. 跨部门协作 - 与产品开发、销售、市场营销和客户支持团队紧密合作，确保市场进入策略的顺利执行。
4. 预算管理 - 管理GTM活动的预算，确保资源得到最有效的利用。
5. 执行监控 - 监控市场进入活动的执行情况，确保按计划进行，并在必要时进行调整。
6. 销售支持 - 提供销售团队所需的工具、材料和信息，以帮助他们成功销售产品或服务。
7. 性能分析 - 分析GTM活动的效果，包括销售数据、市场反馈和ROI（投资回报率），并据此优化策略。
8. 培训和指导 - 为销售和市场营销团队提供产品知识和市场进入策略的培训。

职位要求1. 拥有市场营销、商业管理或相关领域的学士或硕士学位。2. 拥有相关领域3-5年工作经验，特别是在市场分析、产品推广或销售策略方面。3. 强大的沟通和演讲技巧，能够清晰地将复杂概念传达给不同的听众。4. 能够分析市场数据和销售趋势，以指导决策。5. 能够在跨职能团队中有效合作，推动项目向前发展。6. 优秀的项目管理能力，能够在多任务环境中优先排序并保持组织性。7. 能够创造性地解决问题，并在市场进入策略中提出新颖的想法。8. 熟悉使用市场分析工具和软件，如CRM系统、数据分析软件等。9. 能够适应快速变化的市场环境，快速学习新产品和技术。10. 英语可作为工作语言。",645,https://anker-in.jobs.feishu.cn/index/position/7570906228269418794/detail,,,,,,,not_checked,,2026-10-07,,2026-10-08,,332,startDate,true,0,,,,,,2025-11-10,,,,,,,,
7571388341640726790,德国销售（2025中大充）,Anker (US),Anker,Full time,Posted 330 Days Ago,2025-11-11,331,Düsseldorf,1,Düsseldorf,false,,Germany,,0,,0,https://anker-in.jobs.feishu.cn/index/position/7571388341640726790/detail,,,,,,,not_checked,,2026-10-07,,2026-10-08,,331,startDate,true,0,,,,,,2025-11-11,,,,,,,,
7571740466367482166,中亚五国GTM and Sales Leader,Anker (US),Anker,Full time,Posted 329 Days Ago,2025-11-12,330,Astana,1,Astana,false,,Kazakhstan,,0,"1、市场战略： 制定希腊消费电子市场（充电设备/音频产品/智能家居）的销售增长策略，提升安克品牌占有率
2、大客户管理： 主导与主流零售商（如Electro World, Links）、电商平台及电信运营商的合作谈判与关系维护
3、业绩达成： 通过新渠道开拓与存量客户深耕，完成季度/年度营收目标
4、渠道建设： 开发新分销商及零售合作伙伴，主导终端营销活动（POS）执行
5、跨部门协同： 联动产品、供应链及营销团队，确保本地化解决方案高效落地
6、市场洞察： 分析本地消费趋势、竞品动态及政策法规，持续优化销售策略
7、团队赋能： 指导初级销售成员（如适用），构建高绩效团队文化

职位要求：
1、本科及以上学历，商业管理、市场营销或相关专业， 5-10年销售/客户管理经验，必须拥有欧洲地区消费电子/FMCG/零售行业背景
2、超额完成销售目标的成功案例，具备市场从0到1拓展经验
3、 精通希腊零售生态、消费者偏好及商业法规
4、 出色的商务谈判能力，能有效管理决策层（C-level）关系
5、 对消费电子行业有热情，熟悉安克产品线者优先
6、 流利的英语（书面及口语必备）",492,https://anker-in.jobs.feishu.cn/index/position/7571740466367482166/detail,,,,,,,not_checked,,2026-10-07,,2026-10-08,,330,startDate,true,0,,,,,,2025-11-12,,,,,,,,
7572176767839602994,区域销售经理,Anker (US),Anker,Full time,Posted 328 Days Ago,2025-11-13,329,Toronto,1,Toronto,false,,Canada,,0,"领导和管理加拿大线下销售团队，确保实现团队销售目标等业绩指标；
制定并执行销售策略，扩大品牌在加拿大的市场份额，提升整体盈利能力
与当地核心KA、经销商建立并维系紧密的合作关系，推动产品进店、销售
分析市场趋势和竞争对手，为商业决策提供关键策略见解
带领团队拓展新的销售渠道、合作关系，增加销售机会

至少8年以上相关行业经验，了解消费电子产品领域，特别是充电、家庭安防、扫地机器人、影音产品等。
具备区域销售管理、GTM等相关岗位经验，有团队管理经验的优先。
熟悉北美地区当地零售环境和资源，有北美当地KA、经销商资源的优先。
具备突出的领导能力和团队管理技能。
出色的沟通和谈判技巧。
具备制定战略计划并有效执行的能力。
目标导向突出，抗压能力、挑战精神强。
接受外派。",337,https://anker-in.jobs.feishu.cn/index/position/7572176767839602994/detail,,,,,,,not_checked,,2026-10-07,,2026-10-08,,329,startDate,true,0,,,,,,2025-11-13,,,,,,,,
7572447343681964298,品牌营销专员,Anker (US),Anker,Full time,Posted 327 Days Ago,2025-11-14,328,Dubai,2,Dubai; Riyadh,false,,United Arab Emirates,,0,"诚邀充满激情与经验的品牌营销经理加入！您将作为区域市场的品牌增长引擎，主导中东及非洲（MEA）地区的全盘营销计划。在这里，您将玩转整合营销与新品发布、统筹社媒矩阵、催生卓越创意，并与顶尖的合作伙伴携手，将品牌策略转化为市场的热烈回响。

1. 市场营销、工商管理或相关专业本科及以上学历。
2. 3-5年品牌管理或市场营销相关经验，有成功运作全球或区域营销活动的案例。
3. 深入理解不同文化和区域市场的消费者行为与市场特性。
4. 具备优秀的沟通和人际协作能力，能够与多元团队及相关方高效合作。
5. 思维兼具策略性与创造性，善于分析营销效果与投资回报。
6. 能同时推进多个项目，并适应紧凑的工作节奏。",303,https://anker-in.jobs.feishu.cn/index/position/7572447343681964298/detail,,,,,,,not_checked,,2026-10-07,,2026-10-08,,328,startDate,true,0,,,,,,2025-11-14,,,,,,,,
7575154975429839145,DACH-Sales Manager,Anker (US),Anker,Full time,Posted 320 Days Ago,2025-11-21,321,Düsseldorf,1,Düsseldorf,false,,Germany,,0,,0,https://anker-in.jobs.feishu.cn/index/position/7575154975429839145/detail,,,,,,,not_checked,,2026-10-07,,2026-10-08,,321,startDate,true,0,,,,,,2025-11-21,,,,,,,,
7579456025820924210,区域/国家GTM -MEA,Anker (US),Anker,Full time,Posted 308 Days Ago,2025-12-03,309,Dubai,7,Dubai; Riyadh; Bengaluru; Masqat; Capital province (Kuwait); Van Reenen; Basyoun,false,,United Arab Emirates,,0,"职责描述：
1．上市节奏管理：解决方案上市节奏设计和口径管理（研发硬件节奏、软件节奏、准入节奏、样机节奏，可小批量销售节奏，大批量节奏，市场活动节奏）；
2．配置开发：解决方案配置原则及设计、配置器开发、配置手册，拉通服务备件配置原则设计
3．定价设计：价格价位设计、渠道留利设计、区域价格授权、促销权益设计；
4．准入管理：长期构建准入基线管理/认证准入清单；
可行销资料开发：可销售清单、销售指导书等
产品早期局点规划：技术验证/MKT前测/客户突破/市场机遇；
供应商发货：早期ESS供应发货管理（营销、服务、拓展、早期发货等需求管理分配）、中段需求供应、生命周期EOM及切换管理（IT管控）。

1.海外销售/总部/中央海外销售管理/市场营销方面具有5年以上的相关经验。
2.熟悉电子消费品， 熟悉海外区域市场特征，了解中东非等国家当地渠道、竞争状态、用户特征等；有知名品牌全渠道完整生命周期的操盘经验者优先。
3.具有丰富的项目管理经验，人际链接能力强，较强数据分析处理能力、逻辑思维、系统性思维；英语可作为工作语言。",464,https://anker-in.jobs.feishu.cn/index/position/7579456025820924210/detail,,,,,,,not_checked,,2026-10-07,,2026-10-08,,309,startDate,true,0,,,,,,2025-12-03,,,,,,,,
7579548194599618879,区域经理-MEA,Anker (US),Anker,Full time,Posted 308 Days Ago,2025-12-03,309,Dubai,1,Dubai,false,,United Arab Emirates,,0,"1. 负责产品的市场渠道开拓与销售工作，统筹并完成公司产品年度销售计划；
2. 与客户保持良好沟通，实时把握客户需求，为客户提供主动、热情、满意的服务；
3. 根据公司产品、价格及市场策略，独立完成客户拓展、询盘、报价、合同条款的协商及合同签订等事宜；
4. 把握市场竞争动态，定期向公司提供市场分析及预测报告；
5. 维护和开拓新的销售渠道和新客户，自主开发及拓展上下游客户，尤其是终端客户；

1. 6年及以上销售经验，具备3C数码、消费电子、家电、户外装备、能源设备等行业的海外销售经验（需要出差）；
2. 为人正直诚信有毅力，具有高度的工作积极性和良好的团队合作意识；
3. 具备独立处理复杂问题和危急事件的能力；
4. 有阿联酋市场经验或代理商资源者优先考虑；
5. 工作细心，耐心，有责任心，性格开朗活泼。",359,https://anker-in.jobs.feishu.cn/index/position/7579548194599618879/detail,,,,,,,not_checked,,2026-10-07,,2026-10-08,,309,startDate,true,0,,,,,,2025-12-03,,,,,,,,
7579589371654523162,采购经理,Anker (US),Anker,Full time,Posted 308 Days Ago,2025-12-03,309,Dubai,1,Dubai,false,,United Arab Emirates,,0,"1、建立物资采购的供应体系，多方面开拓供应渠道，参与开发、选择、评估、管理供应商，建立供应商档案管理制度并进行妥善管理，与供应商建立良好的合作关系；
2、采购策略的制定与实施，制定并优化采购流程，调查、分析、评估目标市场和公司物料需求及消耗情况，熟悉掌握供应渠道和市场变化情况；
3、产品成本分析，并确保供应商提供最优产品价格，cost-down计划的制定及实施；
4、参与公司的项目前期研发工作，根据项目物料的需求提出采购的相关建议，使相关需求的物料能快速优质的满足项目要求，并进行新物料的样品认证工作，跟进认证进度已满足项目研发需求和后期量产的准备工作

熟悉智能硬件产品的电子物料，熟悉公司采购流程
较强的供应商管理、协调、沟通、谈判能力
有大局观，有韧性，责任心强，抗压能力强
良好的学习能力，思维活跃，较强的分析总结能力
良好的职业道德和操守",376,https://anker-in.jobs.feishu.cn/index/position/7579589371654523162/detail,,,,,,,not_checked,,2026-10-07,,2026-10-08,,309,startDate,true,0,,,,,,2025-12-03,,,,,,,,
7579901649180723519,区域零售-MEA,Anker (US),Anker,Full time,Posted 307 Days Ago,2025-12-04,308,Dubai,1,Dubai,false,,United Arab Emirates,,0,"1. 阵地管理体系构建：全面负责公司阵地管理体系的搭建，包括但不限于终端陈列展示、专卖店的策划与实施、零售物料的有效管理。同时确保区域内终端形象符合公司标准。
2. 新品零售执行：主导新产品上市的零售关键行动，确保各项零售活动准时、达标地完成，以推动产品市场渗透。
3. 自营店运营能力提升：负责构筑线下自营店的运营能力，确保试点店铺的顺利运作及效果评估。
4. 零售战略与规划：协同团队制定零售战略规划，包括年度战术动作、具体实施计划及阶段性成果目标。
5. 零售运营管理：制订零售运营模块的工作计划、管理策略和操作流程，以提升运营效率和效果。
6. 零售团队建设与发展：负责零售团队的管理工作，包括团队成员的培训和能力提升，实施人才培养机制，以塑造一支专业化的零售团队。

本科及以上学历，商务、市场营销、零售管理等相关专业。
8-10年零售管理经验，具消费电子或相关行业背景。
有购物中心、超市、百货店渠道经验者优先。
销售与谈判能力强，沟通表达出色，熟练使用Office及零售管理系统。
能接受经常出差。",456,https://anker-in.jobs.feishu.cn/index/position/7579901649180723519/detail,,,,,,,not_checked,,2026-10-07,,2026-10-08,,308,startDate,true,0,,,,,,2025-12-04,,,,,,,,
7579918439055345947,渠道经理（MEA）,Anker (US),Anker,Full time,Posted 307 Days Ago,2025-12-04,308,Dubai,2,Dubai; Riyadh,false,,United Arab Emirates,,0,"1、目标承接与管理：对分销商以及零售商的sell-in、sell-through、sell-out销售目标计划制定与达成负责；提升重点区域或所辖区域终端产品的渠道覆盖率；
2、客户管理：和渠道客户制定整合营销计划；通过有效的客户PSI管理，有效监控DOS（Day of sale）走势，制定合理的要货计划；管理渠道伙伴的价格，信用、回款、返利等；建立健康的合作关系；
3、渠道拓展：渠道客户的选择、认证；新产品上市的渠道规划与沟通；制定客户TCO（Total Channel Offer）计划
4. 市场调研：监测分析市场趋势、竞争对手动态及客户偏好；提供洞察与建议，助力产品定位与市场竞争提升。
5. 库存管理（进销存）：实施有效库存控制，减少缺货与积压；运用数据与分析进行需求预测，优化库存水平。

1、本科以上学历，英语可作为工作语言
2、5年以上手机、电子及其他快速消费品行业销售从业经验，且具有渠道及零售实战经验；有海外工作（中东区域）经验者优先；
4、熟悉营销领域的知识和技能；能够把握手机等消费电子行业终端行业的发展趋势，并制定相关的市场策略；
5、在某个领域（行业、区域）的渠道销售、渠道策略、渠道伙伴管理、渠道销售运营等有过成功案例。",526,https://anker-in.jobs.feishu.cn/index/position/7579918439055345947/detail,,,,,,,not_checked,,2026-10-07,,2026-10-08,,308,startDate,true,0,,,,,,2025-12-04,,,,,,,,
7582267542359542052,Swiss-Channel Marketing Manager,Anker (US),Anker,Full time,Posted 301 Days Ago,2025-12-10,302,Zürich,1,Zürich,false,,Switzerland,,0,"About the Role:
We are seeking a strategic and hands-on Channel Marketing Manager to lead Anker’s brand growth in Switzerland. You will be responsible for localizing our brand, driving digital marketing performance, enabling channel partners, and elevating brand awareness and target.
This role starts as an individual contributor and will grow into leading a small team.

Responsibilities:
1、Brand & Localization Strategy
Develop and execute Switzerland-specific brand positioning and go-to-market plans.
Build a multilingual (DE/FR/IT) content library and local brand guidelines.
2、Digital Marketing Leadership
Own end-to-end Google Ads and social media advertising strategy, with ROI >3:1.
Manage marketing budget and optimize campaigns across key platforms.
3、Channel Enablement
Equip key retail partners (e.g., Digitec, MediaMarkt, Swisscom) with marketing kits and promotions.
Support sales negotiations with compelling brand materials.
Optimize DTC website content for engagement and conversion.
4、Campaigns & PR
Plan and execute product launch events and local experiences.
Build and manage a network of Swiss KOLs and tech influencers.
Handle local media relations and PR activities.
5、Insights & Optimization
Track marketing performance and brand health metrics.
Use data and consumer insights to refine strategies and improve results.

Qualifications:
3+ years in performance/digital marketing, with hands-on Google Ads and social media expertise.
Required Skills:
Proven success in localizing marketing for European markets; understanding of Swiss culture is a plus.
Fluent in English; proficiency in German, French, or Italian strongly preferred.
Able to develop engaging campaigns and analyze performance data.
A self-starter who works well with sales, regional teams, and external partners.
Preferred Skills:
Background in consumer electronics, experience living in Switzerland, KOL/PR experience, or 0-to-1 brand-building.",1938,https://anker-in.jobs.feishu.cn/index/position/7582267542359542052/detail,,,,,,,not_checked,,2026-10-07,,2026-10-08,,302,startDate,true,0,,,,,,2025-12-10,,,,,,,,
7582275435564878118,Swiss-Sales Manager,Anker (US),Anker,Contract,Posted 301 Days Ago,2025-12-10,302,Zürich,1,Zürich,false,,Switzerland,,0,"主要职责
1. 新渠道拓展：
- 完成Swisscom、MediaMarkt、Interdiscount等重点渠道签约
- 主导商务谈判，确定合作条款与商业模式
- 建立并维护渠道决策层战略关系

2. 客户关系管理：
- 维护核心战略合作伙伴关系（包括Digitec）
- 定期拜访渠道客户，收集市场反馈
- 协调处理渠道冲突与价格管控

3. 销售执行与跟踪：
- 管理从订单到回款的全流程
- 监控各渠道业绩达成，及时调整策略
- 协同供应链团队确保供货稳定

4. 市场洞察与协同：
- 收集竞品动态与渠道情报
- 与GTM团队协作优化产品组合与定价
- 定期向国家经理汇报业务进展

必备条件：
- 3年以上瑞士消费电子销售经验
- 熟悉MediaMarkt/Swisscom等本地渠道并拥有人脉资源
- 流利掌握德语和英语（法语加分）
- 5年以上B2B2C销售经验，具备新渠道开拓成功案例
- 能承受业绩压力，适应快节奏工作环境

优先条件：
- 智能家居/消费电子行业背景
- 从0到1市场开拓经验
- Digitec/Galaxus平台操作经验",481,https://anker-in.jobs.feishu.cn/index/position/7582275435564878118/detail,,,,,,,not_checked,,2026-10-07,,2026-10-08,,302,startDate,true,0,,,,,,2025-12-10,,,,,,,,
7584746505824700723,Branding Manager（ID）,Anker (US),Anker,Full time,Posted 294 Days Ago,2025-12-17,295,Jakarta,1,Jakarta,false,,Indonesia,,0,,0,https://anker-in.jobs.feishu.cn/index/position/7584746505824700723/detail,,,,,,,not_checked,,2026-10-07,,2026-10-08,,295,startDate,true,0,,,,,,2025-12-17,,,,,,,,
7591723291830094121,Brand Specialist（Warszawa）,Anker (US),Anker,Full time,Posted 275 Days Ago,2026-01-05,276,Warsaw,1,Warsaw,false,,Poland,,0,"1. Develop and implement comprehensive brand strategies to drive brand awareness, loyalty, and growth.
2. Develop and manage IMC marketing and branding campaigns that promote our brands.
3. Oversee the development of brand assets, including website listings and promotional materials, ensuring consistency and adherence to brand guidelines.
4. Conduct market research and analysis to identify consumer insights, market trends, and competitive landscape. Use this information to improve our branding strategies.
5. Collaborate with marketing, sales, and go-to-market teams to ensure brand consistency across all channels and marketing efforts.
6. Monitor and analyse brand performance and market trends to measure the effectiveness of marketing campaigns and adjust as necessary.
7. Develop guidelines that instruct internal teams and external agencies on how to effectively deploy the brand strategy based on market research and insights.
8. Provide recommendations to the marketing head on how to enhance brand image and recognition based on market research and insights.

1. 24-25届毕业生，本科及以上学历，专业不限
2. Bachelor's degree or above in Marketing, Business, or related field.
3. Strong understanding of brand strategy, positioning, and integrated marketing communication.
4. Demonstrated AI‑driven brand mindset, capable of using data intelligence and AI tools to enhance brand storytelling, campaign planning, and customer experience.
5. Skilled in consumer data analysis, sentiment tracking, and insight generation using digital and AI platforms (e.g., social listening tools, predictive market models, AIGC creative tools).
6. Ability to translate complex data into actionable insights and measurable brand growth strategies.
7. Familiar with omnichannel marketing (digital, social, retail, and e‑commerce) and how AI empowers IMC (Integrated Marketing Communication).
8. Strong project management and cross‑functional collaboration skills, with a passion for driving innovation and efficiency.",1993,https://anker-in.jobs.feishu.cn/index/position/7591723291830094121/detail,,,,,,,not_checked,,2026-10-07,,2026-10-08,,276,startDate,true,0,,,,,,2026-01-05,,,,,,,,
7591803527447415083,Junior Sales Specialist,Anker (US),Anker,Full time,Posted 275 Days Ago,2026-01-05,276,Warsaw,2,Warsaw; Grad Zagreb,false,,Poland,,0,"1.Support offline sales operations in the market, assisting in achieving sales targets and expanding market share.
2.Conduct market research and competitor analysis for offline retail channels, providing insights to develop channel strategies and promotional plans.
3.Assist in managing relationships with key retail partners, ensuring timely communication and effective execution of sales programs.
4.Coordinate with cross-functional teams, including Marketing, Product, and Supply Chain, to ensure alignment in product launches, pricing, and in-store promotions.
5.Monitor and analyze offline sales performance, store display execution, and customer feedback, providing data-driven recommendations for improvement.

1.24-25届毕业生.
2.Bachelor’s degree or above in Marketing, Business, International Trade, or a related field.
3.English and Polish could use it as working languages.
4.Strong interest or experience in AI‑powered sales management, including intelligent CRM systems, predictive analytics, automated lead scoring, and performance dashboards.
5.Excellent communication, negotiation, and relationship‑building skills, with the ability to use data and AI insights to enhance customer engagement and conversion.
6.Analytical mindset with familiarity in tools such as Excel, Power BI, Tableau; experience with digital CRM platforms (e.g., Salesforce, HubSpot) is a plus.
7.Skilled at interpreting market trends and competitive data to refine channel strategies using AI‑assisted tools.",1492,https://anker-in.jobs.feishu.cn/index/position/7591803527447415083/detail,,,,,,,not_checked,,2026-10-07,,2026-10-08,,276,startDate,true,0,,,,,,2026-01-05,,,,,,,,
7605041084079851814,Failure Analysis Engineer,Anker (US),Anker,Full time,Posted 239 Days Ago,2026-02-10,240,Düsseldorf,1,Düsseldorf,false,,Germany,,0,"1. Fault Diagnosis & Localization
- Responsible for functionality testing and failure analysis of returned products (RMA) in the U.S. market.
- Utilize precision instruments (oscilloscope, multimeter, Bluetooth tester, microscope, etc.) and fault detection tools, along with software apps, to reproduce failures and perform preliminary component-level failure localization.
- Conduct product disassembly and physical diagnostics (e.g., solder joint inspection, component stress testing) to identify root causes of failure (such as component aging, design defects, or environmental stress anomalies).

2. Cross-Team Technical Collaboration
- Work closely with R&D and quality teams in China, providing failure analysis data support to drive production improvements, design enhancements, and process optimizations.
- Participate in failure analysis technical meetings between China and the U.S., ensuring a clear and structured problem transmission process.

3. Knowledge Management & Continuous Improvement
- Contribute to the internal knowledge base by producing standardized failure analysis reports, documenting key failure modes and root causes.
- Maintain and refine the failure analysis knowledge database, ensuring continuous improvement in failure characteristics identification and corrective actions.

1. Bachelor’s degree or above in Electrical Engineering, Automation, Materials Science, or Mechanical Engineering.
2. Bilingual in English and Chinese preferred.
3. Candidates with internship experience in electronic product failure analysis are preferred.
4. Proficiency in using testing equipment (oscilloscope, multimeter, load tester, etc.).
5. Familiarity with basic soldering techniques and assembly/disassembly of electronic products.
6. Ability to follow SOPs (Standard Operating Procedures) and use diagnostic apps and tools to set up failure analysis environments and execute test plans.
7. Ability to apply 5Why or FTA (Fault Tree Analysis) methodologies for troubleshooting.
8. Comfortable working across time zones and participating in virtual meetings with the team based in China (about 2 times per week).",2131,https://anker-in.jobs.feishu.cn/index/position/7605041084079851814/detail,,,,,,,not_checked,,2026-10-07,,2026-10-08,,240,startDate,true,0,,,,,,2026-02-10,,,,,,,,
7627050614454815002,中大充销售（for 英文外籍）,Anker (US),Anker,Full time,Posted 180 Days Ago,2026-04-10,181,Sydney,1,Sydney,false,,Australia,,0,,0,https://anker-in.jobs.feishu.cn/index/position/7627050614454815002/detail,,,,,,,not_checked,,2026-10-07,,2026-10-08,,181,startDate,true,0,,,,,,2026-04-10,,,,,,,,
7628166236442315018,Belgium-Sales Manager,Anker (US),Anker,Full time,Posted 177 Days Ago,2026-04-13,178,Mechelen,1,Mechelen,false,,belgium,,0,"Position: Sales Manager / Senior Sales Manager – Belgium

Location: Belgium (on-site 1 days per week, 4day WFH)

Office address: Signature by Reugs, Room 710 (Anker Innovation), Coolsingel 65, 3012AC Rotterdam

Language: Fluent in French and English

We are looking for an experienced Sales Manager / Senior Sales Manager to join our Belgium team.This is an exciting opportunity for individuals eager to advance their careers in a fast-paced, high-growth environment while making a meaningful impact on our business from day one.We're seeking driven, ambitious professionals who thrive in dynamic settings and are passionate about delivering results. Experience in the consumer electronics industry is a strong plus, and we're committed to investing in the right people for long-term growth within the company.

Key Responsibilities:

Manage and grow relationships with industry-leading retail partners through phone, email, video, social media, and in-person meetings.
Develop and execute business plans and promotional strategies aligned with internal KPIs and revenue targets.
Build strong cross-functional relationships with key customer stakeholders across commercial, buying, supply chain, operations, and store support teams. Lead commercial negotiations on pricing, promotions, and supply terms to drive Net Sales and Operational Profit.
Analyse sales data, generate forecasts, and manage budgets to optimize performance.
Work closely with the Operations team to align demand planning with inventory availability.
Provide accurate, timely reports to the Sales Leader and relevant internal departments.
Collaborate across teams, including Marketing, Product Management, Sales Admin, Customer Service, Logistics, Credit Control, and Finance.
Stay up to date on market trends, competitive landscape, and customer insights.
Travel as required for customer meetings and trade shows.

Requirements:
A minimum of 5 years of sales experience with established relationships and strong presence in Krefel and Vanden Borre.
Fluent in both French and English.",2055,https://anker-in.jobs.feishu.cn/index/position/7628166236442315018/detail,,,,,,,not_checked,,2026-10-07,,2026-10-08,,178,startDate,true,0,,,,,,2026-04-13,,,,,,,,
7628883972412000518,GTM Specialist（Rotterdam）,Anker (US),Anker,Full time,Posted 175 Days Ago,2026-04-15,176,Rotterdam,1,Rotterdam,false,,Netherlands,,0,"Develop Go-To-Market (GTM) strategies for each stage of the product launch based on market needs, including but not limited to market research, channel strategy, pricing strategy, and marketing plans, ensuring effective execution across the product lifecycle.
Analyze market and sales data, take ownership of business performance across assigned regions, identify channel demands, and uncover potential market opportunities.
Work closely with cross-functional teams — including Product, Marketing, Delivery, and both online and offline sales operations — to achieve sales targets and maximize overall profitability and operational efficiency.

1. Bachelor’s degree or above in Business, Marketing, Management, or a related field.
2. Proficiency in both Chinese and English, with the ability to use both confidently as working languages.
3. Strong communication, teamwork, logical reasoning, and data analysis skills.
4. Ability to work in a fast-paced, dynamic environment with strong problem-solving skills.
5. Proficiency in data analysis tools and common office software (e.g., Excel, PowerPoint); familiarity with business intelligence tools is an advantage.",1162,https://anker-in.jobs.feishu.cn/index/position/7628883972412000518/detail,,,,,,,not_checked,,2026-10-07,,2026-10-08,,176,startDate,true,0,,,,,,2026-04-15,,,,,,,,
7637828580932569394,NL-Junior Sales Manager,Anker (US),Anker,Full time,Posted 151 Days Ago,2026-05-09,152,Rotterdam,1,Rotterdam,false,,Netherlands,,0,"Brands: Anker / eufy / Soundcore

Job Overview
As a Sales Manager for Anker, eufy, and Soundcore in the Netherlands, you'll be at the forefront of driving brand growth across our consumer electronics portfolio — from charging accessories and smart home devices to audio products. You'll develop channel partnerships, execute go-to-market strategies, and contribute directly to sales growth in the Dutch market.

Key Responsibilities
• Business Development & Sales Targets: Develop and execute sales strategies and promotional plans for the Netherlands market to achieve regional sales targets
• Channel Relationship Management: Build and maintain long-term, trust-based relationships with key Buying Groups & DIY partners
• Customer Insight & Ecosystem Focus: Deeply understand key customer needs and requirements, with a focus on driving ecosystem product sales (audio, smart home, charging accessories)
• Account Growth: Continuously propose solutions that expand cooperation depth and breadth with existing customers
• GTM Strategy Support: Assist in formulating overall go-to-market strategies, including pricing, product positioning, promotions, and channel strategy
• Sales Data Analysis: Track and analyze wholesale/retail sell-in and sell-out data, and prepare regular progress reports and sales forecasts for internal and external stakeholders
• Market Research & Product Feedback: Conduct market research, collect demand insights and industry trends, and work closely with the product and HQ teams to drive product optimization
• Industry Events: Represent Anker at trade shows, exhibitions, and industry events across the Netherlands to promote products and generate leads

Requirements：
• Bachelor's degree or above in Marketing, Business, or a related field
• 3–6 years of sales experience, preferably in consumer electronics retail channels
• Prior experience with Dutch Buying Groups & DIY channels is a strong plus
• Experience in Audio & Hi-Fi or smart home/security domains is preferred
• Extensive connections in the consumer electronics and smartphone industry is a plus
• Fluent in English (written and spoken); Dutch language skills are a strong plus
• Strong communication and interpersonal skills, with the ability to engage retailers and distributors effectively
• Excellent organizational skills, with the ability to manage projects independently and collaborate across teams
• Results-driven, proactive, and a strong team player
• Proficiency in CRM software and Microsoft Office Suite
• Willingness to travel within the Netherlands for client meetings and events; a valid driver's license is preferred",2629,https://anker-in.jobs.feishu.cn/index/position/7637828580932569394/detail,,,,,,,not_checked,,2026-10-07,,2026-10-08,,152,startDate,true,0,,,,,,2026-05-09,,,,,,,,
7644173489008249107,渠专专项-海外Local sales,Anker (US),Anker,Full time,Posted 134 Days Ago,2026-05-26,135,Melbourne,14,Melbourne; Bogotá; Dublin; Madrid; London; Mechelen; Rotterdam; Berlin; Sundbyberg; Budapest; Paris; Balveren; Shenzhen; Warsaw,false,,Australia,,0,"Job Description
1. New Channel Development (0-1 Expansion)
· Lead the end-to-end development of new offline channels, with a primary focus on Hyper and B2B segments.
· Create and execute strategies to establish presence in target accounts and drive initial sell-in and sell-out.
2. Sales and Gross Margin Achievement
· Be accountable for achieving regional sales and profitability targets across multiple brands.
· Monitor sell-through and inventory health.
3. Key Account Management & Relationship Building
· Identify, visit, negotiate with, and secure new partnerships with Hyper and B2B clients.
· Maintain strong long-term relationships with channel partners and ensure high levels of satisfaction.
4. Channel Strategy and Innovation
· Develop innovative approaches to improve in-store visibility, merchandising, promotions and campaign activation.
· Explore new scenarios and opportunities within the Hyper and B2B landscape to increase market share.
5. Cross-functional Collaboration
· Work closely with marketing, supply chain, and product teams to ensure aligned execution and support for channel initiatives.
· Provide market feedback to key stakeholders to inform product and commercial strategy.

What We’re Looking For
- 3+ years’ experience in sales, account management or customer-facing commercial roles.
- Exposure to consumer electronics, FMCG or retail-driven industries is preferred.
- Experience working with retail customers or distributors
- Comfortable participating in customer discussions and learning commercial negotiation skills.
- Strong organisational skills, attention to detail and follow-through.
- Commercially curious, eager to learn, and motivated to grow with the business.
- Passion for technology, products and category growth.",1766,https://anker-in.jobs.feishu.cn/index/position/7644173489008249107/detail,,,,,,,not_checked,,2026-10-07,,2026-10-08,,135,startDate,true,0,,,,,,2026-05-26,,,,,,,,
7659681739993188651,Key Account Manager - Canada,Anker (US),Anker,Full time,Posted 92 Days Ago,2026-07-07,93,Vancouver,1,Vancouver,false,,Canada,,0,"Why join us:
Anker Innovations is a global leader in smart charging technologies and a developer of consumer products for the home, car, and mobile life Founded in 2011. We are committed to shaping the consumer electronics brand in the global marketplace, bringing innovative, technologically savvy leading products to consumers around the world. We've brought our products to 100+ countries and regions with more than 140 million users and a revenue of 2000+ million USD in 2022.

Anker Innovations has successfully built Anker, a world-renowned high-end innovative charging brand, and launched intelligent hardware brands such as Eufy, Nebula, and Soundcore to further explore smart charging, smart voice, smart home and other fields, bringing leading products with technological charm and 1400+ intellectual property rights to the market, to ensure that our products continue to be popular.

Today, we have a total of 4000+ employees in 15 offices across North America, Europe, Australia, Asia, LATAM and the Middle East and the proportion of R&D personnel up to 50%. We are always looking for top talents like you to join us!

For more information, please visit: https://us.anker.com/

Location: Remote, but must be based in Toronto, ON area

Responsibilities:
- Identify and pursue retail opportunities within big box retailers and other assigned retailers as applicable.
- Cultivate and strengthen relationships with retail partners.
- Develop and execute targeted sales strategies to maximize product placement and revenue within retail channels.
- Proactively generate leads and pursue opportunities for product placement in retail outlets.
- Develop a strategic business plan for all accounts.
- Discuss and plan promotional strategy/budgeting and activities with the marketing department.
- Liaise with the finance team, warehousing, and logistics departments as appropriate.
- Seek ways of improving the way the business operates.
- Attend seminars, conferences, and events where appropriate.

- Minimum 3-5 years experience in managing key accounts in retail.
- Experience of big box retail account management.
- Excellent verbal and written communication skills.
- Social team player.
- Excellent skills in PowerPoint, Excel, etc.
- Flexible and creative.
- Prepared to travel 20% or less of the time, to regional client/retailer.
- Social networking skill.

【For Pay Transparency】Compensation Description
The base salary range for this position is between CAD $90,000 to $120,000.
Compensation may vary outside of this range depending on a number of factors, including a candidate’s qualifications, skills, competencies and experience, and location. Base pay is one part of the Total Package that is provided to compensate and recognize employees for their work, and this role may be eligible for additional discretionary bonuses/ incentives/ restricted stock units.

Anker Innovations is committed to a diverse and inclusive workplace. Anker Innovations is an equal opportunity employer and does not discriminate on the basis of race, national origin, gender, gender identity, sexual orientation, protected veteran status, disability, age, or other legally protected status. Please contact hr-recruit@anker-in.com if you have any questions.",3255,https://anker-in.jobs.feishu.cn/index/position/7659681739993188651/detail,,,,,,,not_checked,,2026-10-07,,2026-10-08,,93,startDate,true,0,,,,,,2026-07-07,,,,,,,,
7665567259050346795,Associate Marketing Manager,Anker (US),Anker,Full time,Posted 76 Days Ago,2026-07-23,77,Düsseldorf,3,Düsseldorf; Munich; Shenzhen,false,,Germany,,0,"About the Company

Support the development and execution of healthcare professional (HCP) engagement activities across Western Europe, with Germany as the primary market. You will focus on building brand trust among key influencer groups that guide new mothers' purchasing decisions. This role bridges professional engagement and brand marketing — you will help establish eufy Baby as a trusted brand among the experts families rely on most.

About the Role

Coordinate field-based marketing activities across the region, including professional relationship development, event planning and execution, and educational content creation tailored for healthcare audiences. Work closely with the Brand Marketing team to translate professional endorsements and testimonials into consumer-facing trust content that drives brand credibility and business growth.

Responsibilities:

Organise and support HCP-focused events, workshops, and professional congress participation.
Prepare product training materials and demonstration resources for healthcare professionals.
Collect and analyse market intelligence, including HCP community feedback, healthcare marketing trends, and competitive professional engagement activities across Western Europe.
Provide structured reports to support data-driven decision-making.
Collaborate cross-functionally with Brand, Retail, and Channel teams to ensure professional marketing initiatives are integrated with broader brand and commercial strategies.

Qualifications:
0–2 years of experience in marketing, brand communications, or a related field. Fresh graduates with relevant internships are welcome to apply.
Internship or project experience in healthcare, mother & baby, consumer goods, or related industries is a plus.
Exposure to field-based work, event coordination, or community engagement is valued.
Education

Bachelor's or Master's degree in Marketing, Communications, Public Health, International Business, or a related field. Major is open.
Language Requirements

Fluent English (written and spoken)
German proficiency is strongly preferred
Dutch or French is a plus.
Required Skills:

Relationship Builder — You genuinely enjoy connecting with people and earning trust through face-to-face engagement. You listen before you recommend.
Self-Driven & Organised — You take initiative, manage multiple workstreams without dropping details, and follow through on commitments in a lean, fast-moving team.
Clear Communicator — You translate complex information into simple, empathetic messaging and collaborate effectively across teams.
Culturally Curious — You are passionate about European markets and culture, with a finger on the pulse of local social media trends and consumer behaviour.",2728,https://anker-in.jobs.feishu.cn/index/position/7665567259050346795/detail,,,,,,,not_checked,,2026-10-07,,2026-10-08,,77,startDate,true,0,,,,,,2026-07-23,,,,,,,,
7667455932452243731,Retail Growth Strategist - Canada,Anker (US),Anker,Full time,Posted 71 Days Ago,2026-07-28,72,Vancouver,1,Vancouver,false,,Canada,,0,"Why Join us:

Anker Innovations is a global leader in smart charging technologies and a developer of consumer products for the home, car, and mobile life. Founded in 2011, we've brought our products to 100+ countries and regions with more than 140 million users and a revenue of 2000+ million USD in 2022.

Anker Innovations has successfully built Anker, a world-renowned high-end innovative charging brand, and launched intelligent hardware brands such as Eufy, Nebula, and Soundcore to further explore smart charging, smart voice, smart home and other fields.

Today, we have a total of 4000+ employees in 15 offices across North America, Europe, Australia, Asia, LATAM and the Middle East. We are always looking for top talents like you.

For more information, please visit: https://us.anker.com/

Location: Onsite at our Vancouver, BC office

About the Role:
We are looking for a Retail Activation Strategist to drive marketing strategy and execution across key retail accounts in Canada. This role will support the growth of Anker’s multi-brand portfolio (Anker, soundcore, eufy) by developing effective retail marketing plans that drive sell-through and overall business performance.

Key Responsibilities
- Own retail marketing plans across key accounts and categories, aligned with business objectives and channel priorities
- Plan and execute retail marketing initiatives (e.g., in-store displays, campaigns, merchandising) to drive sell-through and customer engagement
- Leverage brand and global marketing plans and assets, adapting them into effective retail executions across channels
- Oversee the development and execution of retail assets and merchandising materials (e.g., displays, POSM), ensuring strong in-store presence and consistency
- Work closely with Sales and GTM teams to align marketing plans with commercial priorities, key launches, and retail calendars
- Act as the key marketing contact for retail partners, managing day-to-day communication and collaboration on marketing initiatives
- Manage retail marketing budgets and ensure efficient allocation to maximize ROI
- Track and analyze performance, providing insights and recommendations to continuously improve marketing effectiveness

Qualifications
- 2+ years of experience in retail, trade, or channel marketing
- Experience in consumer electronics or similar fast-paced consumer industries preferred
- Strong understanding of retail dynamics and how marketing drives sell-through and business performance
- Proven ability to manage budgets and deliver measurable results (e.g., sell-through, ROI)
- Strong communication and cross-functional collaboration skills, with the ability to work across Sales, GTM, and marketing teams
- Excellent English communication skills required
- Mandarin is a strong asset; French is a plus
- Comfortable working in a fast-paced, cross-functional and cross-time-zone environment

Perks of Benefits:

Our company benefits are designed to convey company culture and values, to create an efficient and inspiring work environment, and to support our employees to give their best in both work and life. We offer the following benefits to eligible employees:

Paid time Off - up to 10 Days
Donation
Employee Assistant Program

【For Pay Transparency】Compensation Description (annually)
The base salary range for this position in the selected city is $80,000 - $100,000 annually. Compensation may vary outside of this range depending on a number of factors, including a candidate’s qualifications, skills, competencies and experience, and location. Base pay is one part of the Total Package that is provided to compensate and recognize employees for their work, and this role may be eligible for additional discretionary bonuses/ incentives/ restricted stock units.

Anker Innovations is committed to a diverse and inclusive workplace. Anker Innovations is an equal opportunity employer and does not discriminate based on race, national origin, gender, gender identity, sexual orientation, protected veteran status, disability, age, or other legally protected status. Please contact hr-recruit@anker-in.com if you have any questions.",4147,https://anker-in.jobs.feishu.cn/index/position/7667455932452243731/detail,,,,,,,not_checked,,2026-10-07,,2026-10-08,,72,startDate,true,0,,,,,,2026-07-28,,,,,,,,
