reqId,title,company,hiringOrg,timeType,postedOn,startDate,postingAgeDays,primaryLocation,nLocations,locations,remoteFlag,stateCodes,country,questionnaireId,similarJobsCount,description,descriptionLength,url,detailError,linkedinUrl,linkedinPostedDate,numApplicants,applicantLabel,dateDeltaDays,corroborationStatus,matchMethod,firstSeenDate,corroboratedOn,dumpDate,endDate,daysOnMarket,daysOnMarketBasis,censored,repostCount,lastResetDate,applicationDeadline,daysLeftToApply,workerSubType,jobFamilyGroup,earliestEvidenceDate,crossSourceRepostEvidence,applicantCensored,h1bFilings,h1bWageP25,h1bWageP50,h1bWageP75,h1bMatchBasis,h1bMatchTitle
8054794,Account Executive (New Business),baidu,Baidu USA,,Posted 76 Days Ago,,,"Los Angels, CA",1,"Los Angels, CA",false,,United States,,0,"<p>Location: Los Angeles, CA (Hybrid)</p>
<p> </p>
<h4>About Us</h4>
<p>Our mission is to help organizations turn any engagement idea into an interactive reality.</p>
<p>We see digital interaction as a creative practice, not a static broadcast. Finding and connecting with your audience takes unique content and constant iteration. As AI makes basic video generation faster and tactics easier to copy, hyper-personalized, interactive digital human experiences are the only lasting advantage.</p>
<p> </p>
<p>We operate with the speed, agility, and culture of a Day 1 team, while being exceptionally well-capitalized and deeply resourced. We have bypassed the typical startup grind of constant fundraising and survival anxiety. Instead, we have immense R&D power, cutting-edge AI infrastructure, and long-term financial stability to focus entirely on one thing: market execution and product innovation.</p>
<p> </p>
<p>We have perfected our digital human and interactive live-streaming technology. Now, we are aggressively launching our go-to-market motion in the US—and we are looking for builders to lead the charge.</p>
<p> </p>
<h4>What You'll Do</h4>
<ul data-spread=""false"">
<li>Act as a founding GTM pillar in the US: Own and close net-new business end-to-end, helping us establish a strong foothold in the North American market.</li>
<li>Prospect into target accounts (forward-thinking brands, agencies, creators) and build a robust pipeline from the ground up.</li>
<li>Run tailored product evaluations and demos that connect our digital human capabilities to a prospect's specific content generation and live-streaming workflows.</li>
<li>Lead consultative discovery that helps early-adopter prospects see the ROI and creative possibilities of our platform.</li>
<li>Work cross-functionally with Product, Engineering, and Leadership teams to channel US market feedback directly into our product roadmap.</li>
<li>Help build our US sales playbook, processes, and culture as we scale.</li>
<li>Use AI creatively, whether to generate personalized outreach videos using our own product or to improve your daily workflows.</li>
</ul>
<h4>What You'll Bring</h4>
<ul data-spread=""false"">
<li>4+ years in a closing role (AE, Senior AE, or Sales Leader) with a track record of carrying and exceeding quota.</li>
<li>Proven ability to hunt and build pipeline from scratch, not just manage inbound leads. You thrive in a ""Zero to One"" environment.</li>
<li>Experience closing new-logo deals in the $50K–$100K range with multiple stakeholders in a consultative, solutions-oriented selling motion.</li>
<li>High business IQ: you can walk into a conversation with a brand you've never sold to, quickly understand their marketing, e-commerce, or live-streaming motion, and identify where our platform creates value. This is the single most important skill in the role.</li>
<li>Creative and resourceful, whether that's finding clever ways to use AI video tools in your own work or learning and pitching our platform's exciting use cases.</li>
<li>Experience with a formal sales methodology (we don't care which one, but you have a structured approach to running deals).</li>
<li>You're an entrepreneurial communicator who can hold a room (or a Zoom call) without dominating it.</li>
</ul>
<h4>Why This Role</h4>
<p class=""isSelectedEnd"">You get the absolute best of both worlds: the massive upside, equity potential, and creative freedom of an early-stage go-to-market team, completely free from the existential financial dread that usually comes with it.</p>
<p class=""isSelectedEnd"">We believe we're building the future of what great salespeople look like in a post-AI world. You'll get a front-row seat to how the best brands in tech and retail actually operate their next-generation media strategies, and you will be the bridge that brings world-class AI technology to them.</p>
<p>OTE: $170K–$280K | Commission Eligible</p>",3922,https://job-boards.greenhouse.io/baidu/jobs/8054794,,https://www.linkedin.com/jobs/view/4465164516,2026-09-11,34,34 applicants,,matched,title,2026-09-24,2026-09-24T01:38:49,2026-09-24,,13,startDate+linkedin,true,0,,,,,International Business Division ,2026-09-11,,false,,,,,,
8212178,Account Manager,baidu,Baidu USA,,Posted 7 Days Ago,,,"Mountain View, CA",1,"Mountain View, CA",false,,United States,,0,"<p><strong>Job Title: Account Manager ( Contractor) </strong></p>
<p>Job Location: Mountain View, CA</p>
<p>Job Type: Contractor, Onsite, Monday - F­riday</p>
<p> </p>
<p><strong>About the Role</strong></p>
<p>We are seeking a highly motivated and driven individual for the position of Account Manager. As a key member of our Global Business Team, the Account Manager will be responsible for managing and growing a portfolio of programmatic partners on the supply side. The successful candidate will have a strong analytical skills, keen business acumen for the advertising ecosystem, a strong client facing skills, and excellent account management abilities.</p>
<p> </p>
<p><strong>Key Responsibilities</strong></p>
<ul>
<li data-section-id=""ak60qp"" data-start=""38"" data-end=""120"">Manage and grow a portfolio of SMB clients through effective account management.</li>
<li data-section-id=""aokjt5"" data-start=""121"" data-end=""209"">Build strong client relationships through regular communication and proactive support.</li>
<li data-section-id=""1x8lice"" data-start=""210"" data-end=""396"">Own the campaign lifecycle from campaign trafficking (display, native, and video), activation, to optimization within the MediaGo DSP, including pixel and S2S post-back implementation.</li>
<li data-section-id=""1nzs56v"" data-start=""397"" data-end=""522"">Monitor and optimize campaign performance daily by adjusting bids, targeting, creatives, and pacing to achieve client KPIs.</li>
<li data-section-id=""15f0k9q"" data-start=""523"" data-end=""643"">Troubleshoot creative disapprovals and technical issues to ensure smooth campaign delivery and consistent ad spending.</li>
<li data-section-id=""hkuy5h"" data-start=""644"" data-end=""749"">Assist in client-facing activities such as campaign briefings, status calls, and performance reporting.</li>
<li data-section-id=""161m236"" data-start=""750"" data-end=""880"">Collaborate with Sales, Product, Algorithm, and Analytics teams to ensure successful campaign execution and client satisfaction.</li>
<li data-section-id=""huf1gr"" data-start=""881"" data-end=""976"">Conduct market research to identify industry trends and support account growth opportunities.</li>
<li data-section-id=""9k9wyk"" data-start=""977"" data-end=""1106"">Stay current on AdTech trends, platform updates, and best practices to improve campaign execution and platform user experience.</li>
</ul>
<p> </p>
<p><strong>Qualifications</strong></p>
<ul>
<li>Bachelor's degree in business, marketing, or a related field 2+ years of experience in B2B ad sales or account management</li>
<li>Build strong client relationships through regular communication and proactive support</li>
<li>Professional proficiency in Mandarin Chinese is a must</li>
<li>Strong cross-functional & client facing skills & the ability to build and maintain relationships</li>
<li>Excellent communication and presentation skills</li>
<li>Self-motivated & results-driven with a proven track record of achieving or exceeding sales targets</li>
<li>Ability to work well in a team-oriented environment</li>
<li>Strong organizational and time management skills</li>
<li>Ability to work on-site 5 days a week in our Mountain View office</li>
</ul>
<p> </p>
<h4><strong>Culture Fit</strong></h4>
<ul>
<li><strong>Integrity</strong> – Act ethically and transparently, even when no one is watching.</li>
<li><strong>Customer Focus</strong> – Prioritize understanding and exceeding partner needs to build strong, lasting relationships.</li>
<li><strong>Business Expertise</strong> – Continuously deepen your knowledge of programmatic advertising to deliver high-quality, impactful solutions.</li>
<li><strong>Results Driven</strong> – Consistently pursue meaningful outcomes, exceed goals, and push the business forward.</li>
</ul>
<p> </p>
<p>This is an excellent opportunity for an ambitious and driven individual to take their career to the next level and build a long-term career in the digital advertising space.</p>
<p>Hourly rate range: $35-$60 DOE</p>",3999,https://job-boards.greenhouse.io/baidu/jobs/8212178,,,,,,,no_match,,2026-09-24,,2026-09-24,,,,true,0,,,,,International Business Division ,,,false,,,,,,
8212173,Ad Operations & Campaign Manager,baidu,Baidu USA,,Posted 7 Days Ago,,,"Mountain View, CA",1,"Mountain View, CA",false,,United States,,0,"<p><strong>Job Title:</strong> <strong>Campaign Manager (Contractor)</strong><br><strong>Job Location:</strong> Mountain View, CA<br><strong>Job Type:</strong> Contractor, Onsite, Monday – Friday</p>
<p> </p>
<p><strong>About the Role</strong></p>
<p>We are seeking a highly motivated and driven individual for the position of Associate Campaign Manager. As a key member of our Global Business Team, the Campaign Manager will work closely with client services, account managers, and sales teams to activate & optimize for ROAS-positive direct response campaigns and drive incremental growth in client’s programmatic ad stack. The successful candidate must have strong hands-on campaign experience, not afraid to get into the weeds with data, and profound understanding of ad trafficking, performance measurement & a team player mentality in this fast-paced, trading desk environment.</p>
<p> </p>
<p><strong>Key Responsibilities</strong></p>
<ul>
<li>Support new account onboarding by coordinating campaign setup, tracking implementation, platform training, and launch readiness to ensure a smooth transition from sales to active campaign management.</li>
<li>Monitor and optimize campaign performance daily by adjusting bids, targeting, creatives, and pacing to meet KPIs & incremental goals</li>
<li>Troubleshoot creative disapprovals & technical issues to maintain consistency in day-to-day ad spending</li>
<li>Be ready to generate and present campaign performance insights & strategic recommendations in the form of story-telling in client calls</li>
<li>Collaborate with Account Managers, Sales, Product Managers, Algorithm and Analytics teams to ensure cohesive campaign delivery and, when applicable, identify upsell opportunities</li>
<li>Assist in client-facing activities such as campaign briefings, status calls, and reports</li>
<li>Stay current on #AdTech trends, platform updates, and best practices to improve campaign execution & platform user experience</li>
</ul>
<p> </p>
<p><strong>Qualifications</strong></p>
<ul>
<li>Associate’s degree & above in business, marketing, cognitive science or related field</li>
<li>1–2 years of experience in campaign management or ad operations</li>
<li>Professional proficiency in Mandarin Chinese is a must</li>
<li>Strong cross-functional & client facing skills & the ability to build and maintain relationships</li>
<li>Excellent communication and presentation skills</li>
<li>Self-motivated & results-driven with a proven track record of achieving or exceeding sales targets</li>
<li>Ability to work well in a team-oriented environment</li>
<li>Strong organizational and time management skills</li>
<li>Ability to work on-site 5 days a week in our Mountain View office</li>
</ul>
<p> </p>
<p><strong>Culture Fit</strong></p>
<ul>
<li><strong>Eager to learn</strong> – You want to deepen your campaign management skillset & grow in digital ad strategy & analytics.</li>
<li><strong>Collaborative</strong> – You enjoy being a self-starter & working across teams to deliver stellar campaigns and client success.</li>
<li><strong>Proactive</strong> – You identify issues, suggest improvements, and crave learning something new.</li>
<li><strong>Client-focused</strong> – You have a client-first attitude to meet campaign KPIs & client satisfaction.</li>
</ul>
<p> </p>
<p><strong>Why Join MediaGo?</strong></p>
<p>This role offers hands-on experience managing campaigns from activation to reporting in a little known, high-potential DSP that is taking the direct response ad space by the storm. If you thought generative AI was cool, at MediaGo you will have the opportunity to experience the world’s first deep-learning advertising AI modeling that utilizes 5 LLMs to predict our clients’ next likely customer. You will continue to build your expertise in ad tech, hone-in your agency collaboration skills & deliver data-driven optimization across various clientele - while positioning yourself for rapid growth within our team.</p>
<p> </p>
<p><strong>Hourly rate range:</strong> $25–$35 DOE, negotiable</p>",4064,https://job-boards.greenhouse.io/baidu/jobs/8212173,,,,,,,no_match,,2026-09-24,,2026-09-24,,,,true,0,,,,,International Business Division ,,,false,,,,,,
7826971,Advertising Sales Associate (Contractor),baidu,Baidu USA,,Posted 160 Days Ago,,,"Mountain View, CA",1,"Mountain View, CA",false,,United States,,0,"<p><strong>Job Title: Advertising Sales Associate</strong><strong>
(</strong><strong>Contractor)</strong></p>
<p><strong>Job Location:</strong> Mountain View, CA<br><strong>Job Type:</strong> Contractor, Onsite, Monday – Friday</p>
<p> </p>
<p><strong>About the Role:</strong>
</p>
<p data-path-to-node=""4"">We are seeking a highly motivated and proactive individual for the position of <strong>Advertising Sales Associate</strong><strong data-path-to-node=""4"" data-index-in-node=""79""> (Contractor)</strong>. As a key member of our US Sales Team, you will focus on expanding the footprint of MediaGo innovative digital advertising platform.</p>
<p data-path-to-node=""5"">The successful candidate will be a ""hunter"" at heart, responsible for independently building a robust pipeline of leads and engaging with brand and agency partners to drive revenue through direct response and native advertising solutions. We’re looking for a motivated and ambitious individual who is eager to learn, grow, and make an impact. This role is perfect for someone with a proactive, hunter mentality, a passion for building strong relationships, and a proven ability to deliver results. While experience is a plus, we prioritize potential—someone with exceptional communication skills, a drive to exceed targets, and a collaborative mindset. As a key team player, you’ll take ownership of your goals while contributing to our shared vision of success. If you’re ready to embrace challenges, push boundaries, and thrive in a culture of excellence, we want you on our team.</p>
<p> </p>
<p><strong>Key Responsibilities:</strong></p>
<ul>
<li>Independently build a large pipeline of leads to drive Insertion Orders</li>
<li>Build relationships with brand and performance focused agency contacts and explain the power of MediaGo's native, choice-based advertising platform</li>
<li>Manage a robust pipeline and accurately forecast new business closure rate and revenue</li>
<li>Interact with the Account Management team to effectively manage client expectations, ensure successful campaign delivery and help set the expectation for future potential growth</li>
<li>Pipeline & Activity Reporting: Work with Sales Director to manage weekly and monthly performance reports for the North American Sales team, tracking key metrics such vertical and key client penetration, conversion rates, pipeline generated, and quota attainment.</li>
<li>CRM Hygiene & Management: Act as the internal champion for CRM data integrity (Salesforce), ensuring the team accurately logs activities for flawless reporting.</li>
</ul>
<p><strong>Qualifications:</strong></p>
<ul>
<li>2+ years of experience in advertising / marketing sales, operations roles with a focus on performance and on new business</li>
<li>Demonstrated experience of consistently meeting or exceeding target goals, hunting for deals, navigating organizational hierarchies and engaging decision makers to close business</li>
<li>Strong analytical skills to collect business intelligence by conversing with clients and monitoring/identifying trends in data and in generated reports</li>
<li>Collaborative team player with the ability to work effectively in cross-functional teams.</li>
<li>Attention to detail and a commitment to delivering high-quality work</li>
<li>Ability to work on-site 5 days a week.</li>
</ul>
<p><strong>Culture Fit:</strong></p>
<ul>
<li>Hungry to learn: We are eager to see you learn new skills and grow. But learning is hard work and this is something we hope you want to do.</li>
<li>Mission alignment: If you want to be part of a team to accomplish this great mission, we will provide you the best possible platform to do that. </li>
<li>Self­-directed: We work best with people that are driven, motivated, and aspire to greatness. Are you the sort of person that, if you had time on your hands, will independently find interesting and useful things to do?</li>
<li>Team orientation: We work in small, fast­-moving teams. We don't believe in lone wolves. We watch out for each other and go after big goals together as a team.</li>
</ul>
<p> </p>
<p>Hourly rate range: $30-$50, negotiable</p>",4144,https://job-boards.greenhouse.io/baidu/jobs/7826971,,https://www.linkedin.com/jobs/view/4468015648,2026-09-18,25,among first 25,,matched,title,2026-09-24,2026-09-24T02:01:19,2026-09-24,,6,startDate+linkedin,true,0,,,,,International Business Division ,2026-09-18,,true,,,,,,
7392194,Advertising Sales Manager,baidu,Baidu USA,,Posted 316 Days Ago,,,"Mountain View, CA",1,"Mountain View, CA",false,,United States,,0,"<p><strong>Job Title:</strong> Advertising Sales Manager <br><strong>Job Location:</strong> Mountain View, CA<br><strong>Job Type:</strong> Full-Time, Onsite, Monday – Friday</p>
<p><strong>About MediaGo</strong><br>MediaGo DSP is transforming advertising with a next-generation, AI-driven programmatic platform. Our high-performance infrastructure and speed-to-market advantage make us one of the fastest-growing DSPs in the industry.</p>
<p><strong>About the Role</strong><br>MediaGo is seeking an Advertising Sales Manager to drive U.S. revenue growth by securing and managing performance-focused advertiser relationships. You will independently build and manage a robust sales pipeline, lead end-to-end pitches, and collaborate with internal teams to ensure successful campaign delivery and future growth. This role is ideal for a results-driven sales professional with a proven track record in programmatic advertising and a proven ability to deliver measurable performance outcomes.</p>
<p><strong>Job Responsibilities</strong></p>
<ul>
<li>Identify and pursue new business opportunities in the programmatic advertising industry, including new clients and partnerships in US.</li>
<li>Develop and implement strategies to achieve revenue targets and increase market share;</li>
<li>Independently develop and manage a large pipeline of sales leads, ensuring consistent deal flow and driving test IOs for upper-funnel and performance campaigns.</li>
<li>Own the end-to-end pitch process for select advertiser clients, including presentations, proposals, and negotiation of contracts and pricing agreements.</li>
<li>Collaborate with internal teams to ensure client needs are met, campaigns are delivered successfully on time and within budget, and opportunities for future growth are identified.</li>
<li>Conduct market research and stay up-to-date on industry trends to inform business development strategies.</li>
<li>Provide regular updates and reports to senior management on business development activities and progress toward revenue targets.</li>
</ul>
<p><strong>Qualifications</strong></p>
<ul>
<li>Bachelor’s degree in Marketing, Business Administration, or a related field.</li>
<li>3+ years of experience in sales or business development, preferably in programmatic advertising or digital media.</li>
<li>Proven track record of achieving revenue targets and building strong client relationships.</li>
<li>Experience managing a sales pipeline, forecasting revenue, and closing performance-based deals.</li>
<li>Excellent communication, presentation, and negotiation skills.</li>
<li>Strong analytical and problem-solving abilities, using data to drive business decisions.</li>
<li>Ability to work independently and collaboratively within a team.</li>
<li>Willingness to travel as required.</li>
</ul>
<p>Estimated Base Salary Range: 97k-150k USD</p>",2863,https://job-boards.greenhouse.io/baidu/jobs/7392194,,https://www.linkedin.com/jobs/view/4436853673,2026-07-07,25,among first 25,,matched,title,2026-09-24,2026-09-24T01:38:41,2026-09-24,,79,startDate+linkedin,true,0,,,,,International Business Division ,2026-07-07,,true,,,,,,
7671293,Business Development Manager - App Advertisers,baidu,Baidu USA,,Posted 206 Days Ago,,,"Mountain View, CA",1,"Mountain View, CA",false,,United States,,0,"<p><strong>Job Title:</strong> Business Development Manager - App Advertisers<br><strong>Job Location:</strong> Mountain View, CA<br><strong>Job Type:</strong> Full-Time, Onsite, Monday – Friday</p>
<p> </p>
<p><strong>About the Role</strong><br>We are hiring quota-carrying Business Development Manager to aggressively grow our app advertiser business in overseas markets. This is a hunter-focused role responsible for new logo acquisition, revenue growth, and pipeline ownership, with a strong emphasis on performance-driven app advertising (gaming, social, utility, consumer apps).</p>
<p> </p>
<p><strong>Job Responsibilities</strong></p>
<ul>
<li>Proactively identify, prospect, and close net-new app advertisers, with a strong focus on mobile user acquisition and performance marketing.</li>
<li>Own the entire sales cycle from outbound prospecting and discovery to proposal, negotiation, contracting, and deal closure.</li>
<li>Achieve and exceed quarterly and annual revenue quotas, with primary accountability for new logo acquisition.</li>
<li>Act as a consultative sales expert, understanding advertiser KPIs such as CPI, ROAS, LTV, and retention, and mapping them to DSP solutions.</li>
<li>Build and maintain a robust, forecastable sales pipeline, ensuring consistent deal flow.</li>
<li>Collaborate with internal teams (AM, Ops, Product) to ensure smooth advertiser onboarding and early campaign success.</li>
<li>Monitor industry trends, advertiser demand, and competitive landscape in mobile advertising, providing actionable market feedback.</li>
<li>Represent the company at industry events, conferences, and client meetings as needed<strong>.</strong></li>
</ul>
<p><strong> </strong></p>
<p><strong>Qualifications</strong></p>
<ul>
<li>Bachelor’s degree or higher, with 2-5 years of quota-carrying experience in digital advertising sales, performance marketing, or ad-tech related roles.</li>
<li>Demonstrated hunter mentality, with a track record of sourcing and closing new business.</li>
<li>Existing relationships with app advertisers in gaming, social, entertainment, or utility categories are a strong plus.</li>
<li>Solid understanding of mobile user acquisition ecosystems, including programmatic buying, DSPs, and performance-based pricing models.</li>
<li>Ability to independently manage cold outreach, discovery calls, solution pitching, and contract negotiation.</li>
<li>Strong communication, negotiation, and presentation skills.</li>
<li>Self-driven, resilient, and comfortable in a fast-paced, quota-driven environment.</li>
<li>Fluency in Chinese Mandarin is a plus; experience working with global advertisers is preferred.</li>
</ul>
<p> </p>
<p><strong>What We Offer</strong></p>
<ul>
<li>Competitive base salary plus performance-based commission</li>
<li>Exposure to global app advertisers and international markets</li>
<li>High level of ownership and autonomy</li>
<li>Career growth opportunities within a fast-growing advertising business</li>
</ul>
<p><strong>Estimated Base Salary Range:</strong> $97,000–$150,000 USD </p>",3067,https://job-boards.greenhouse.io/baidu/jobs/7671293,,https://www.linkedin.com/jobs/view/4418258961,2026-07-27,62,62 applicants,,matched,title,2026-09-24,2026-09-24T01:38:45,2026-09-24,,59,startDate+linkedin,true,0,,,,,International Business Division ,2026-07-27,,false,,,,,,
7521178,Business Development & Partnerships Specialist,baidu,Baidu USA,,Posted 260 Days Ago,,,"Mountain View, CA",1,"Mountain View, CA",false,,United States,,0,"<h2><strong>Business Development & Partnerships Specialist (Contractor)</strong></h2>
<p><strong>Job Title:</strong> Business Development & Partnerships Specialist (Contractor)<br><strong>Job Location:</strong> Mountain View, CA<br><strong>Job Type:</strong> Contractor, Onsite, Monday – Friday</p>
<p> </p>
<h3>About the Role</h3>
<p>MediaGo is seeking a <strong>Business Development & Partnerships Specialist </strong>to drive revenue growth by securing and expanding partnerships with SSPs, publishers, OEMs, and app developers. This is a high-impact, revenue-focused role where you’ll own the full partnership lifecycle—from prospecting to closing—while building MediaGo’s presence in the US programmatic ecosystem.</p>
<p>We’re looking for a motivated, sales-oriented dealmaker with a proactive, hunter mentality. The ideal candidate is eager to learn and grow, thrives on building strong publisher and partner relationships, and has a proven ability (or potential) to deliver results. If you’re ready to embrace challenges, negotiate meaningful deals, and scale partnerships that drive programmatic revenue, we want you on our team.</p>
<p> </p>
<h3>Key Responsibilities</h3>
<p><strong>Publisher Acquisition & Partnerships</strong></p>
<ul>
<li>Prospect, pitch, and onboard new SSPs, premium publishers, OEMs, app developers, and other media partners to expand MediaGo’s supply inventory.</li>
<li>Negotiate and structure direct integrations, revenue-sharing deals, preferred agreements, and private marketplace (PMP) setups.</li>
</ul>
<p><strong>Commercial Negotiations</strong></p>
<ul>
<li>Lead deal discussions on rate cards, floor prices, revenue splits, and long-term contract terms with SSPs and publishers.</li>
<li>Collaborate with finance and legal to finalize agreements that maximize mutual value.</li>
</ul>
<p><strong>Revenue Growth & Optimization</strong></p>
<ul>
<li>Advise publishers on yield optimization, monetization strategy, and inventory best practices to drive sustainable revenue growth.</li>
<li>Align with demand teams to match high-value buyers with premium supply sources.</li>
</ul>
<p><strong>Pipeline Management & Forecasting</strong></p>
<ul>
<li>Maintain a structured pipeline of publisher and partner prospects.</li>
<li>Accurately forecast integrations, supply growth, and revenue contributions.</li>
</ul>
<p><strong>Market Intelligence</strong></p>
<ul>
<li>Monitor industry trends, competitor activity, and emerging opportunities (CTV, in-app, identity solutions).</li>
<li>Provide insights that shape MediaGo’s supply strategy and positioning in the market.</li>
</ul>
<p><strong>Cross-Functional Collaboration</strong></p>
<ul>
<li>Work closely with product, operations, finance, sales, and account management teams to design partnership terms and ensure publisher success.</li>
</ul>
<p><strong>Reporting & Insights</strong></p>
<ul>
<li>Track and analyze partner performance metrics.</li>
<li>Prepare regular reports and share actionable insights with internal stakeholders.</li>
</ul>
<p> </p>
<h3>Qualifications</h3>
<ul>
<li>1–3 years of experience in programmatic advertising, ad tech, or publisher/media partnerships (DSP/SSP exposure preferred).</li>
<li>Proven track record in identifying and onboarding publishers or SSP/media partners, managing relationships, and driving revenue growth.</li>
<li>Strong understanding of programmatic technologies (ad servers, SSPs, header bidding) or ability to learn quickly.</li>
<li>Excellent communication, negotiation, and relationship-building skills.</li>
<li>Analytical mindset with the ability to monitor performance metrics and recommend optimizations.</li>
<li>Self-starter who thrives in a fast-paced, collaborative environment.</li>
<li>Bachelor’s degree in Business, Marketing, or related field preferred.</li>
<li>Ability to work on-site 5 days a week.</li>
</ul>
<h3>Culture Fit</h3>
<ul>
<li><strong>Integrity</strong> – Act ethically and transparently, even when no one is watching.</li>
<li><strong>Customer Focus</strong> – Prioritize understanding and exceeding partner needs to build strong, lasting relationships.</li>
<li><strong>Business Expertise</strong> – Continuously deepen your knowledge of programmatic advertising to deliver high-quality, impactful solutions.</li>
<li><strong>Results Driven</strong> – Consistently pursue meaningful outcomes, exceed goals, and push the business forward.</li>
</ul>
<p><strong>Hourly rate range:</strong> $35–$65/h DOE, negotiable</p>",4496,https://job-boards.greenhouse.io/baidu/jobs/7521178,,,,,,,no_match,,2026-09-24,,2026-09-24,,,,true,0,,,,,International Business Division ,,,false,,,,,,
7767326,Client Manager,baidu,Baidu USA,,Posted 178 Days Ago,,,"Mountain View, CA",1,"Mountain View, CA",false,,United States,,0,"<p><strong>Job Title: Client Account Manager (contractor)</strong></p>
<p>Job Location: Mountain View, CA</p>
<p>Job Type: Contractor, Onsite, Monday - F­riday</p>
<p> </p>
<p><strong>About the Role</strong></p>
<p>We are seeking a highly motivated and results-driven Client Account Manager to join our team as a contractor in the fast-paced and dynamic ad tech industry. As a Client Account Manager – publisher side, you will be responsible for managing and growing relationships with our clients, which may include advertisers, publishers, agencies, or other stakeholders. Your primary focus will be to ensure client satisfaction, drive revenue growth, and maximize the value of our advertising technology solutions。</p>
<p> </p>
<p><strong>Key Responsibilities</strong></p>
<p>Client Relationship Management:</p>
<ul>
<li>Serve as the main point of contact for assigned clients, building and maintaining strong relationships.</li>
<li>Understand clients' business objectives, challenges, and needs to effectively position our ad tech solutions.</li>
<li>Conduct regular check-ins, meetings, and business reviews to ensure client satisfaction and identify growth opportunities.</li>
<li>Collaborate with cross-functional teams, such as sales, operations, and product, to deliver exceptional service and support to clients.</li>
</ul>
<p>Account Growth and Revenue Generation:</p>
<ul>
<li>Identify opportunities to expand existing client accounts by upselling additional products or services.</li>
<li>Collaborate with the sales team to support new business development efforts, including preparing proposals, presentations, and conducting product demonstrations.</li>
<li>Proactively identify and pursue opportunities for revenue growth within the assigned client portfolio.</li>
<li>Analyze client performance data and metrics to identify areas for improvement and optimization.</li>
</ul>
<p>Campaign Management and Optimization:</p>
<ul>
<li>Work closely with clients to understand their advertising campaigns' goals, target audience, and success metrics.</li>
<li>Oversee the end-to-end campaign management process, including campaign setup, launch, optimization, and reporting.</li>
<li>Monitor campaign performance, identify issues or trends, and make data-driven recommendations to improve results.</li>
<li>Collaborate with internal teams to ensure seamless execution of campaigns, resolve technical issues, and troubleshoot any operational challenges.</li>
</ul>
<p>Industry Knowledge and Market Insights:</p>
<ul>
<li>Stay updated on industry trends, market dynamics, and emerging technologies in the ad tech industry.</li>
<li>Develop a deep understanding of our ad tech solutions, features, and capabilities to effectively communicate their value to clients.</li>
<li>Share market insights, best practices, and industry trends with clients to position yourself as a trusted advisor.</li>
</ul>
<p> </p>
<p><strong>Qualifications</strong></p>
<ul>
<li>Bachelor's degree in a relevant field (Marketing, Business, or related discipline) or equivalent work experience.</li>
<li>0-2 years of experience as an Account Manager or similar client-facing role in the ad tech industry.</li>
<li>Solid understanding of the digital advertising ecosystem</li>
<li>Strong communication, negotiation, and relationship-building skills.</li>
<li>Analytical mindset with the ability to interpret data, identify trends, and provide actionable insights.</li>
<li>Strong organizational and time management skills</li>
<li>Ability to work on-site 5 days a week in our Mountain View office </li>
</ul>
<p> </p>
<p><strong>Culture Fit</strong></p>
<ul>
<li><strong>Integrity</strong> – Act ethically and transparently, even when no one is watching.</li>
<li><strong>Customer Focus</strong> – Prioritize understanding and exceeding partner needs to build strong, lasting relationships.</li>
<li><strong>Business Expertise</strong> – Continuously deepen your knowledge of programmatic advertising to deliver high-quality, impactful solutions.</li>
<li><strong>Results Driven</strong> – Consistently pursue meaningful outcomes, exceed goals, and push the business forward.</li>
</ul>
<p>This is an excellent opportunity for an ambitious and driven individual to take their career to the next level and build a long-term career in the digital advertising space.</p>
<p>Hourly rate range: $30-$45 DOE, negotiable</p>",4401,https://job-boards.greenhouse.io/baidu/jobs/7767326,,,,,,,no_match,,2026-09-24,,2026-09-24,,,,true,0,,,,,International Business Division ,,,false,,,,,,
4499671,CPU Design Architect / Principal Digital Design Engineer,baidu,Baidu USA,,Posted 1494 Days Ago,,,"Sunnyvale, CA",1,"Sunnyvale, CA",false,,United States,,0,"<p><strong>Job Description:</strong><br>Design cost effective controller with high performance, low power and small area for cellular modem. This position will work with multi-nation teams in leading-edge process node and be involved in: <br>- Perform CPU development and design integration for MIPS CPU subsystem.  <br>- Explore latest technologies and be responsible for conducting fundamental research on new directions in CPU architecture  <br>- Contribute ideas for advanced CPU performance features - analyze workloads in details, identify performance bottlenecks and opportunities, bring a data driven approach to tradeoffs in CPU design, derive architecture and micro-architecture to design/model implantation team, and bring ideas to successful silicon</p>
<p><strong>Minimum Qualifications: </strong><br>- Master Degree in Electrical Engineering, Computer Science or Computer Engineering. <br>- At least 5 years of CPU related Architect/RTL/Verification/Implementation design experience  <br>- Knowledge and practical experience with common RISC CPU architecture. <br>- Familiarity with chip digital design flow, including RTL integration, simulation, STA. <br>- Understanding of high performance techniques and trade-offs in a CPU microarchitecture  <br>- Ability to problem solve and prove own ideas </p>
<p><strong>Preferred Qualifications:</strong> <br>- PhD in Electrical Engineering, Computer Science or Computer Engineering is a PLUS <br>- 8+ years of CPU related Architect/RTL/Verification/Implementation design experience  <br>- Strong CPU architecture knowledge and micro-architecture knowledge  <br>- Familiarity with Symmetric Multi-processing (SMP) and Snoop-based multi-processor architecture. <br>- Familiarity with synthesis, power analysis and post silicon debugging <br>- Cross-site working experience is a PLUS. <br>- Common knowledge in modeling/DV/OS is a PLUS. <br>- Experience with Foundry, Post-Silicon, FPGA, DVT, SLT debug is a PLUS.</p>
<p>#LI-DNI</p>",1988,https://job-boards.greenhouse.io/baidu/jobs/4499671,,,,,,,no_match,,2026-09-24,,2026-09-24,,,,true,0,,,,,XingYun Research & Development Center,,,false,,,,,,
4499622,CPU Digital Design Engineer,baidu,Baidu USA,,Posted 1494 Days Ago,,,"Sunnyvale, CA",1,"Sunnyvale, CA",false,,United States,,0,"<p><strong>Job Description: </strong><br>Design cost effective controller with high performance, low power and small area for cellular modem. This position will work with multi-nation teams in leading-edge process node and be involved in: <br>- Perform CPU development and design integration for CPU subsystem.  <br>- Micro-architecture and design of RISC based CPU. <br>- Explore latest technologies in processor for 5G application. </p>
<p><strong>Minimum Qualifications: </strong><br>- Master Degree in Electrical Engineering, Computer Science or Computer Engineering. <br>- At least 3 years of CPU related Architect/RTL/Verification/Implementation design experience  <br>- Knowledge and practical experience with common RISC CPU architecture. <br>- Ability to bring design concept to successful silicon </p>
<p><strong>Preferred Qualifications: </strong><br>- PhD in Electrical Engineering, Computer Science or Computer Engineering is a PLUS. <br>- 5+ years of CPU related Architect/RTL/Verification/Implementation design experience  <br>- Familiarity with CPU architecture knowledge and micro-architecture knowledge  <br>- Familiarity with chip digital design flow, including RTL integration, simulation, STA, clock tree, or low power design <br>- Familiarity with Symmetric Multi-threading (SMT), ARM/MIPS CPUs, or RISC-V. <br>- Familiarity with Symmetric Multi-processing (SMP) and Snoop-based multi-processor architecture. <br>- Cross-site working experience is a PLUS. <br>- Experience with Foundry, Post-Silicon, FPGA, DVT, SLT debug is a PLUS.</p>
<p>#LI-DNI</p>",1573,https://job-boards.greenhouse.io/baidu/jobs/4499622,,,,,,,no_match,,2026-09-24,,2026-09-24,,,,true,0,,,,,XingYun Research & Development Center,,,false,,,,,,
3226157,CPU/GPU/Processor Hardware Architect,baidu,Baidu USA,,Posted 1927 Days Ago,,,"Sunnyvale,CA",1,"Sunnyvale,CA",false,,United States,,0,"<p>Do you want to be part of the AI revolution? Do you want to think out of the box, thriving on challenges in the AI industry and the desire to solve them? Do you want to work with a world-class team to explore the fast-growing AI hardware opportunities and impact on the AI industry? We’re looking forward to you joining us to collaborate, contribute, and revolutionize AI silicon and system.</p>
<p><strong>Description</strong></p>
<p>As a CPU/Processor Architect, you will have the opportunity to independently design and define new micro-architecture and identify areas for improvement and optimize existing ones. You will collaborate with experienced designers, RTL engineers, system and software team to explore the feasibility of ideas, proof of concept, and performance improvement.</p>
<p><strong>Qualifications</strong></p>
<ul>
<li>Experience and knowledge of CPU architecture and deep expertise in one or more areas below but not limited to: ARM/RISC-V/MIPS processors, ISA, Memory subsystem, coherency, AI/ML architecture, security.</li>
<li>Experience and proof of track in both performance and power optimization: perf@watt and perf/sq.mm modeling or analysis and track in design implementation.</li>
<li>Provide guideline, direction, and support to the team. Work with marketing team to define and design the next generation architect of system and silicon and publish the specifications.</li>
<li>Good teamwork with communications and support to solve all levels of architecture definition from micro-architecture to system level to software architecture.</li>
<li>Proficiency in C/C++ and scripting languages such as Perl or Python.</li>
<li>Knowledge and experience with common performance benchmarks and workloads.</li>
<li>MS or PhD in Electrical or Computer Engineering.</li>
<li>Low power domain experience is a plus.</li>
<li>Knowledge or experience in automotive industry is a plus.</li>
<li>Excellent communication skills in both English and Chinese.</li>
</ul>
<p><strong>Culture Fit:</strong></p>
<ul>
<li>Mission alignment: If you want to be part of a team to accomplish this great mission, we will provide you the best possible platform to do that.</li>
<li>Self-directed: We work best with people that are driven, motivated, and aspire to greatness.</li>
<li>Hungry to learn: We are eager to see you learn new skills and grow.</li>
<li>Team orientation: We work in small, fast-moving teams. We watch out for each other and go after big goals together as a team.</li>
</ul>
<p>#LI-DNI</p>",2519,https://job-boards.greenhouse.io/baidu/jobs/3226157,,,,,,,no_match,,2026-09-24,,2026-09-24,,,,true,0,,,,,XingYun Research & Development Center,,,false,,,,,,
3234390,Design Verification Engineer,baidu,Baidu USA,,Posted 1924 Days Ago,,,"Sunnyvale,CA",1,"Sunnyvale,CA",false,,United States,,0,"<p>Do you want to be part of the AI revolution? Do you want to think out of the box, thriving on challenges in AI industry and have the desire to solve them? Do you want to work with a world-class team to explore the fast-growing AI hardware opportunities and impact on AI industry?</p>
<p>We’re looking forward to you joining us to collaborate, contribute, and revolutionize AI silicon and system.</p>
<p><strong>Description</strong></p>
<p>We are looking for an experienced design verification engineer to join our SoC team at Baidu’s Sunnyvale office. The successful candidate will be a motivated self-starter who will thrive in this highly technical environment. Your job responsibilities as a Design Verification Engineer will help the team to verify the functionality of Baidu's AI SoC at both block level and SoC level.</p>
<p>You will help on UVM Testbench development, directed/constrained random test generation, failure analysis and resolution, coverage analysis, and flow development.</p>
<p>Run RTL and gate level functional verification, debug failures, lead bug tracking, and analyze and close coverage.</p>
<p>Work closely with the design and systems engineering teams to review specifications and architecture, extract features, define verification plan & coverage model.</p>
<p>Support mixed-signal co-simulation using Verilog models of analog IP. Develop testbench, test cases, reference model, coverage model and automation of regression suite.</p>
<p>Support emulation and silicon bring up debug with your smart ideas to duplicate the problem in simulation.</p>
<p><strong>Qualifications</strong><strong> </strong></p>
<ul>
<li>Minimum 5 years of experience of UVM based verification on a significantly complex project.</li>
<li>Advanced knowledge of standard ASIC design and verification flows, simulation and testbench development.</li>
<li>Advanced knowledge of System Verilog and the UVM methodology.</li>
<li>Solid verification skills in problem solving, constrained random testing, coverage closure, gate level simulations, X propagation.</li>
<li>Good practice of one scripting language (Perl, Python, Tcl) no preference.</li>
<li>SoC and IP verification experience on either one aspect (PCIe, Ethernet, HBM, GDDR, DDR, MMU, Cache).</li>
<li>Familiar with C/C++.</li>
<li>Formal Verification (Model Checking, Equivalence Checking).</li>
<li>Excellent communication skills in both English and Chinese.</li>
</ul>
<p><strong>Culture Fit:</strong></p>
<ul>
<li>Mission alignment: If you want to be part of a team to accomplish this great mission, we will provide you the best possible platform to do that.</li>
<li>Self-directed: We work best with people that are driven, motivated, and aspire to greatness.</li>
<li>Hungry to learn: We are eager to see you learn new skills and grow.</li>
<li>Team orientation: We work in small, fast-moving teams. We watch out for each other and go after big goals together as a team.</li>
</ul>
<p>#LI-DNI</p>
<p> </p>",2979,https://job-boards.greenhouse.io/baidu/jobs/3234390,,,,,,,no_match,,2026-09-24,,2026-09-24,,,,true,0,,,,,XingYun Research & Development Center,,,false,,,,,,
8197142,Forward Deployed Engineer Intern,baidu,Baidu USA,,Posted 13 Days Ago,,,"Mountain View, CA",1,"Mountain View, CA",false,,United States,,0,"<div data-morpho-type=""card"" data-morpho-id=""docyg-b1cc4811-ae14-11f1-8050-c515723d36ef"" data-morpho-card-create-by=""2"">
<div data-morpho-type=""card-item"">
<div class=""mp-paragraph-wrapper hxj"" data-morpho-type=""paragraph"" data-slate-node=""element"" data-morpho-block-id=""docyg-d05dc9c2-adfb-11f1-9d4a-436213b364d0"" data-morpho-padding=""0""><strong><span data-morpho-text=""Location%3A""><strong class=""mp-text-decorate-bold"">Job Title: Forward Deployed Engineer Intern</strong></span></strong></div>
<div class=""mp-paragraph-wrapper hxj"" data-morpho-type=""paragraph"" data-slate-node=""element"" data-morpho-block-id=""docyg-d05dc9c2-adfb-11f1-9d4a-436213b364d0"" data-morpho-padding=""0""><strong><span data-morpho-text=""Location%3A""><strong class=""mp-text-decorate-bold"">Location:</strong></span></strong><span data-morpho-text=""%20Bay%20Area%2C%20CA""> Mountain View, CA</span></div>
<div class=""mp-paragraph-wrapper hxj"" data-morpho-type=""paragraph"" data-slate-node=""element"" data-morpho-block-id=""docyg-d05dc9c3-adfb-11f1-9d4a-436213b364d0"" data-morpho-padding=""0""><strong><span data-morpho-text=""Employment%20Type%3A""><strong class=""mp-text-decorate-bold"">Employment Type:</strong></span></strong><span data-morpho-text=""%20Full-time%20Internship""> Full-time Internship</span></div>
<div class=""mp-paragraph-wrapper hxj"" data-morpho-type=""paragraph"" data-slate-node=""element"" data-morpho-block-id=""docyg-d05dc9c4-adfb-11f1-9d4a-436213b364d0"" data-morpho-padding=""0""><strong><span data-morpho-text=""Internship%20Duration%3A""><strong class=""mp-text-decorate-bold"">Internship Duration:</strong></span></strong><span data-morpho-text=""%203%20months%2C%20with%20possibility%20to%20extend""> 3 months, with possibility to extend</span></div>
<div class=""mp-paragraph-wrapper hxj"" data-morpho-type=""paragraph"" data-slate-node=""element"" data-morpho-block-id=""docyg-d05dc9c5-adfb-11f1-9d4a-436213b364d0"" data-morpho-padding=""0""><strong><span data-morpho-text=""Work%20Arrangement%3A""><strong class=""mp-text-decorate-bold"">Work Arrangement:</strong></span></strong><span data-morpho-text=""%20On-site""> On-site, Monday - Friday</span>
<div class=""mp-paragraph-block-selection ""> </div>
</div>
<h2 class=""mp-heading"" data-morpho-type=""heading"" data-uuid=""d05dc9c7-adfb-11f1-9d4a-436213b364d0"" data-indent=""0"" data-slate-node=""element"" data-morpho-block-id=""docyg-d05dc9c6-adfb-11f1-9d4a-436213b364d0""><span data-morpho-text=""About%20the%20Role"">About the Role</span></h2>
<div class=""mp-paragraph-wrapper hxj"" data-morpho-type=""paragraph"" data-slate-node=""element"" data-morpho-block-id=""docyg-d05dc9c8-adfb-11f1-9d4a-436213b364d0"" data-morpho-padding=""0""><span data-morpho-text=""Join%20the%20team%20at%20Baidu%20USA%20and%20help%20developers%20and%20companies%20build%20AI%20applications%20powered%20by%20real-time%20web%20search."">Join the team at Baidu USA and help developers and companies build AI applications powered by real-time web search.</span>
<div class=""mp-paragraph-block-selection ""> </div>
</div>
<div class=""mp-paragraph-wrapper hxj"" data-morpho-type=""paragraph"" data-slate-node=""element"" data-morpho-block-id=""docyg-d05dc9c9-adfb-11f1-9d4a-436213b364d0"" data-morpho-padding=""0""><span data-morpho-text=""We%E2%80%99re%20looking%20for%20a%20Forward%20Deployed%20Engineer%20Intern%20who%20can%20bridge%20the%20gap%20between%20our%20technology%20and%20the%20customers%20building%20with%20it.%20You%E2%80%99ll%20work%20directly%20with%20customers%20to%20understand%20their%20use%20cases%2C%20design%20solutions%2C%20build%20prototypes%2C%20troubleshoot%20integrations%2C%20and%20help%20move%20applications%20from%20early%20testing%20to%20production."">We’re looking for a Forward Deployed Engineer Intern who can bridge the gap between our technology and the customers building with it. You’ll work directly with customers to understand their use cases, design solutions, build prototypes, troubleshoot integrations, and help move applications from early testing to production.</span>
<div class=""mp-paragraph-block-selection ""> </div>
</div>
<div class=""mp-paragraph-wrapper hxj"" data-morpho-type=""paragraph"" data-slate-node=""element"" data-morpho-block-id=""docyg-d05dc9ca-adfb-11f1-9d4a-436213b364d0"" data-morpho-padding=""0""><span data-morpho-text=""This%20is%20a%20full-time%2C%20on-site%20internship%20based%20in%20the%20Bay%20Area.%20The%20initial%20internship%20period%20is%203%20months%2C%20with%20the%20possibility%20to%20extend%20based%20on%20performance%20and%20business%20needs."">This is a full-time, on-site internship based in the Bay Area. The initial internship period is 3 months, with the possibility to extend based on performance and business needs.</span>
<div class=""mp-paragraph-block-selection ""> </div>
</div>
<div class=""mp-paragraph-wrapper hxj"" data-morpho-type=""paragraph"" data-slate-node=""element"" data-morpho-block-id=""docyg-d05df0d0-adfb-11f1-9d4a-436213b364d0"" data-morpho-padding=""0""><span data-morpho-text=""This%20is%20a%20highly%20hands-on%20engineering%20role.%20You%20should%20be%20comfortable%20writing%20code%2C%20working%20with%20APIs%2C%20debugging%20technical%20issues%2C%20and%20communicating%20directly%20with%20customers.%20You%E2%80%99ll%20also%20work%20closely%20with%20our%20Product%2C%20Engineering%2C%20and%20Business%20teams%20to%20bring%20customer%20feedback%20back%20into%20the%20product."">This is a highly hands-on engineering role. You should be comfortable writing code, working with APIs, debugging technical issues, and communicating directly with customers. You’ll also work closely with our Product, Engineering, and Business teams to bring customer feedback back into the product.</span>
<div class=""mp-paragraph-block-selection ""> </div>
</div>
<h2 class=""mp-heading"" data-morpho-type=""heading"" data-uuid=""d05df0d2-adfb-11f1-9d4a-436213b364d0"" data-indent=""0"" data-slate-node=""element"" data-morpho-block-id=""docyg-d05df0d1-adfb-11f1-9d4a-436213b364d0""><span data-morpho-text=""What%20You%E2%80%99ll%20Do"">What You’ll Do</span></h2>
<ul class=""mp-unordered-list"" data-morpho-type=""unordered-list-item"" data-slate-node=""element"">
<li class=""mp-list-item"" data-morpho-list-depth=""0"">
<div class=""mp-list-item-child"">
<div><span data-morpho-text=""Work%20directly%20with%20customers%20to%20understand%20their%20technical%20requirements%2C%20architecture%2C%20and%20use%20cases."">Work directly with customers to understand their technical requirements, architecture, and use cases.</span></div>
</div>
</li>
<li class=""mp-list-item"" data-morpho-list-depth=""0"">
<div class=""mp-list-item-child"">
<div><span data-morpho-text=""Help%20customers%20integrate%20Querit%20Search%20API%20into%20AI%20agents%2C%20RAG%20systems%2C%20research%20tools%2C%20and%20other%20AI%20applications."">Help customers integrate Querit Search API into AI agents, RAG systems, research tools, and other AI applications.</span></div>
</div>
</li>
<li class=""mp-list-item"" data-morpho-list-depth=""0"">
<div class=""mp-list-item-child"">
<div><span data-morpho-text=""Build%20demos%2C%20prototypes%2C%20proof-of-concepts%2C%20and%20reference%20implementations%20for%20customer%20use%20cases."">Build demos, prototypes, proof-of-concepts, and reference implementations for customer use cases.</span></div>
</div>
</li>
<li class=""mp-list-item"" data-morpho-list-depth=""0"">
<div class=""mp-list-item-child"">
<div><span data-morpho-text=""Debug%20technical%20issues%20across%20API%20integrations%20and%20help%20customers%20move%20from%20evaluation%20to%20production."">Debug technical issues across API integrations and help customers move from evaluation to production.</span></div>
</div>
</li>
<li class=""mp-list-item"" data-morpho-list-depth=""0"">
<div class=""mp-list-item-child"">
<div><span data-morpho-text=""Advise%20customers%20on%20search%20quality%2C%20latency%2C%20retrieval%20strategies%2C%20and%20integration%20best%20practices."">Advise customers on search quality, latency, retrieval strategies, and integration best practices.</span></div>
</div>
</li>
<li class=""mp-list-item"" data-morpho-list-depth=""0"">
<div class=""mp-list-item-child"">
<div><span data-morpho-text=""Partner%20with%20Product%20and%20Engineering%20to%20identify%20recurring%20customer%20needs%2C%20technical%20blockers%2C%20and%20opportunities%20to%20improve%20the%20product."">Partner with Product and Engineering to identify recurring customer needs, technical blockers, and opportunities to improve the product.</span></div>
</div>
</li>
<li class=""mp-list-item"" data-morpho-list-depth=""0"">
<div class=""mp-list-item-child"">
<div><span data-morpho-text=""Create%20reusable%20sample%20code%2C%20integration%20guides%2C%20demos%2C%20and%20technical%20documentation."">Create reusable sample code, integration guides, demos, and technical documentation.</span></div>
</div>
</li>
<li class=""mp-list-item"" data-morpho-list-depth=""0"">
<div class=""mp-list-item-child"">
<div><span data-morpho-text=""Work%20closely%20with%20the%20business%20team%20during%20technical%20evaluations%2C%20customer%20onboarding%2C%20and%20deployment."">Work closely with the business team during technical evaluations, customer onboarding, and deployment.</span></div>
</div>
</li>
<li class=""mp-list-item"" data-morpho-list-depth=""0"">
<div class=""mp-list-item-child"">
<div><span data-morpho-text=""Communicate%20with%20developers%2C%20founders%2C%20and%20engineering%20teams%20during%20customer-facing%20technical%20discussions."">Communicate with developers, founders, and engineering teams during customer-facing technical discussions.</span></div>
</div>
</li>
</ul>
<h2 class=""mp-heading"" data-morpho-type=""heading"" data-uuid=""d05df0dd-adfb-11f1-9d4a-436213b364d0"" data-indent=""0"" data-slate-node=""element"" data-morpho-block-id=""docyg-d05df0dc-adfb-11f1-9d4a-436213b364d0""><span data-morpho-text=""What%20We%E2%80%99re%20Looking%20For"">What We’re Looking For</span></h2>
<ul class=""mp-unordered-list"" data-morpho-type=""unordered-list-item"" data-slate-node=""element"">
<li class=""mp-list-item"" data-morpho-list-depth=""0"">
<div class=""mp-list-item-child"">
<div><span data-morpho-text=""Currently%20pursuing%20or%20recently%20completed%20a%20degree%20in%20Computer%20Science%2C%20Engineering%2C%20or%20a%20related%20technical%20field."">Currently pursuing or recently completed a degree in Computer Science, Engineering, or a related technical field.</span></div>
</div>
</li>
<li class=""mp-list-item"" data-morpho-list-depth=""0"">
<div class=""mp-list-item-child"">
<div><span data-morpho-text=""Strong%20programming%20skills%20in%20Python%2C%20TypeScript%2FJavaScript%2C%20or%20a%20similar%20language."">Strong programming skills in Python, TypeScript/JavaScript, or a similar language.</span></div>
</div>
</li>
<li class=""mp-list-item"" data-morpho-list-depth=""0"">
<div class=""mp-list-item-child"">
<div><span data-morpho-text=""Experience%20working%20with%20REST%20APIs%2C%20backend%20systems%2C%20or%20web%20applications."">Experience working with REST APIs, backend systems, or web applications.</span></div>
</div>
</li>
<li class=""mp-list-item"" data-morpho-list-depth=""0"">
<div class=""mp-list-item-child"">
<div><span data-morpho-text=""Familiarity%20with%20modern%20AI%20application%20stacks%2C%20including%20LLMs%2C%20RAG%2C%20agents%2C%20or%20retrieval%20systems."">Familiarity with modern AI application stacks, including LLMs, RAG, agents, or retrieval systems.</span></div>
</div>
</li>
<li class=""mp-list-item"" data-morpho-list-depth=""0"">
<div class=""mp-list-item-child"">
<div><span data-morpho-text=""Strong%20problem-solving%20skills%20and%20ability%20to%20debug%20technical%20issues%20independently."">Strong problem-solving skills and ability to debug technical issues independently.</span></div>
</div>
</li>
<li class=""mp-list-item"" data-morpho-list-depth=""0"">
<div class=""mp-list-item-child"">
<div><span data-morpho-text=""Comfortable%20communicating%20directly%20with%20customers%20and%20explaining%20technical%20concepts%20clearly."">Comfortable communicating directly with customers and explaining technical concepts clearly.</span></div>
</div>
</li>
<li class=""mp-list-item"" data-morpho-list-depth=""0"">
<div class=""mp-list-item-child"">
<div><span data-morpho-text=""Strong%20communication%20skills%20and%20a%20proactive%2C%20ownership-driven%20working%20style."">Strong communication skills and a proactive, ownership-driven working style.</span></div>
</div>
</li>
<li class=""mp-list-item"" data-morpho-list-depth=""0"">
<div class=""mp-list-item-child"">
<div><span data-morpho-text=""Able%20to%20work%20full-time%20and%20on-site%20from%20our%20Bay%20Area%20office%20for%20at%20least%203%20months."">Able to work full-time and on-site from our Bay Area office for at least 3 months.</span></div>
</div>
</li>
</ul>
<h2 class=""mp-heading"" data-morpho-type=""heading"" data-uuid=""d05e17e5-adfb-11f1-9d4a-436213b364d0"" data-indent=""0"" data-slate-node=""element"" data-morpho-block-id=""docyg-d05e17e4-adfb-11f1-9d4a-436213b364d0""><span data-morpho-text=""Nice%20to%20Have"">Nice to Have</span></h2>
<ul class=""mp-unordered-list"" data-morpho-type=""unordered-list-item"" data-slate-node=""element"">
<li class=""mp-list-item"" data-morpho-list-depth=""0"">
<div class=""mp-list-item-child"">
<div><span data-morpho-text=""Previous%20software%20engineering%2C%20AI%2C%20or%20technical%20internship%20experience."">Previous software engineering, AI, or technical internship experience.</span></div>
</div>
</li>
<li class=""mp-list-item"" data-morpho-list-depth=""0"">
<div class=""mp-list-item-child"">
<div><span data-morpho-text=""Experience%20building%20AI%20agents%2C%20RAG%20pipelines%2C%20search%2C%20or%20retrieval%20systems."">Experience building AI agents, RAG pipelines, search, or retrieval systems.</span></div>
</div>
</li>
<li class=""mp-list-item"" data-morpho-list-depth=""0"">
<div class=""mp-list-item-child"">
<div><span data-morpho-text=""Familiarity%20with%20frameworks%20such%20as%20LangChain%2C%20LlamaIndex%2C%20LangGraph%2C%20OpenAI%20SDKs%2C%20or%20similar%20tools."">Familiarity with frameworks such as LangChain, LlamaIndex, LangGraph, OpenAI SDKs, or similar tools.</span></div>
</div>
</li>
<li class=""mp-list-item"" data-morpho-list-depth=""0"">
<div class=""mp-list-item-child"">
<div><span data-morpho-text=""Experience%20with%20developer%20tools%2C%20APIs%2C%20AI%20infrastructure%2C%20or%20enterprise%20software."">Experience with developer tools, APIs, AI infrastructure, or enterprise software.</span></div>
</div>
</li>
<li class=""mp-list-item"" data-morpho-list-depth=""0"">
<div class=""mp-list-item-child"">
<div><span data-morpho-text=""Experience%20building%20and%20shipping%20side%20projects%2C%20hackathon%20projects%2C%20or%20production%20applications."">Experience building and shipping side projects, hackathon projects, or production applications.</span></div>
</div>
</li>
</ul>
</div>
</div>
<div data-morpho-drag-copy=""true""> </div>
<p> </p>",14789,https://job-boards.greenhouse.io/baidu/jobs/8197142,,https://www.linkedin.com/jobs/view/4465116885,2026-09-11,200,Over 200 applicants,,matched,title,2026-09-24,2026-09-24T02:01:20,2026-09-24,,13,startDate+linkedin,true,0,,,,,International Business Division ,2026-09-11,,true,,,,,,
8109541,Forward Deployment Engineer,baidu,Baidu USA,,Posted 50 Days Ago,,,"Los Angeles, California",1,"Los Angeles, California",false,,United States,,0,"<p><strong>About the Role</strong></p>
<p>We are a leading Internet company launching a <strong>new, high‑priority business initiative</strong> in North America. We are building a greenfield US delivery team and looking for a <strong>Forward Deployment Engineer</strong> who will act as the primary bridge between our product and our enterprise clients.</p>
<p>Unlike traditional engineering roles, this position is <strong>customer‑centric</strong>: you will be responsible for the end‑to‑end delivery experience—from onboarding and integration through ongoing adoption and value realization. Your success is measured not by lines of code, but by <strong>customer satisfaction, retention, and expansion</strong>. You will work closely with client stakeholders (both technical and business) to ensure our AI‑powered solutions are deployed smoothly, adopted widely, and deliver tangible business outcomes.</p>
<p>This is an ideal role for someone who enjoys solving real‑world problems, has a knack for translating technical concepts into business language, and takes pride in making customers successful.</p>
<p> </p>
<p>What You'll Do</p>
<ul>
<li><strong>Own the Delivery Journey:</strong> Lead customer onboarding, deployment planning, and integration execution for new enterprise clients.</li>
<li><strong>Customer Success Management:</strong> Proactively monitor customer health, usage patterns, and satisfaction; drive adoption campaigns and quarterly business reviews.</li>
<li><strong>Needs Discovery:</strong> Work with client teams to understand their business goals, technical constraints, and success criteria – then define the optimal deployment approach.</li>
<li><strong>Collaborative Integration:</strong> Coordinate with internal engineering and product teams to deliver custom integrations (APIs, data pipelines, enterprise platforms) – you will not write production‑grade code from scratch, but you will <strong>review, test, and troubleshoot</strong> integrations and scripts.</li>
<li><strong>Training & Enablement:</strong> Conduct technical workshops and training sessions for client administrators and end‑users to ensure self‑sufficiency.</li>
<li><strong>Issue Resolution:</strong> Act as the first point of contact for technical and operational issues during deployment; escalate complex bugs to engineering while providing clear communication to customers.</li>
<li><strong>Voice of the Customer:</strong> Synthesize customer feedback and deployment patterns into actionable product improvement suggestions, influencing our product roadmap.</li>
</ul>
<p> </p>
<p>What You'll Bring</p>
<p><strong>Experience:</strong></p>
<ul>
<li>3+ years in a customer‑facing technical role such as <strong>Customer Success Engineer, Solutions Consultant, Implementation Consultant, Technical Account Manager</strong>, or FDE.</li>
<li>Proven track record of successfully delivering enterprise software or AI solutions to external clients, managing multiple projects simultaneously.</li>
<li>Experience working directly with non‑technical executives and technical staff (developers, IT ops).</li>
</ul>
<p><strong>Technical Understanding (not deep coding):</strong></p>
<ul>
<li>Familiarity with <strong>modern web technologies</strong> (REST APIs, cloud infrastructure, databases) – enough to read code, debug basic issues, and write simple scripts (Python, JavaScript, or similar).</li>
<li>Comfortable with <strong>cloud platforms</strong> (AWS/Azure/GCP) at a conceptual level – you know how to deploy services, configure networking basics, and monitor logs.</li>
<li>Understanding of <strong>AI/ML</strong> is a plus (LLMs, agents, RAG), but not mandatory – you can learn on the job.</li>
<li>Able to <strong>triage technical issues</strong>: identify whether it's a configuration, data, or code problem, and route accordingly.</li>
</ul>
<p><strong>Soft Skills & Customer Success Mindset:</strong></p>
<ul>
<li>Exceptional communication and presentation skills – you can explain complex technical concepts to business leaders and translate business needs into technical requirements.</li>
<li>Strong empathy and active listening – customers trust you because you understand their pain points.</li>
<li>Project management and organizational skills – you can juggle multiple accounts and timelines without dropping the ball.</li>
<li>Problem‑solving orientation – you don't shy away from ambiguity and are comfortable making decisions with incomplete information.</li>
<li>Self‑starter – you thrive in a fast‑paced, greenfield environment with minimal handholding.</li>
</ul>
<p> </p>
<p>Nice to Have</p>
<ul>
<li>Experience with <strong>Customer Success platforms</strong> (Gainsight, Totango, Salesforce) or ticketing systems (Jira, Zendesk).</li>
<li>Prior experience in a <strong>startup or hyper‑growth</strong> environment.</li>
<li>Familiarity with <strong>enterprise integration</strong> patterns (e.g., SFTP, ETL, SOAP, OAuth).</li>
<li>Hands‑on experience with any <strong>AI/GenAI</strong> products – either as a user or implementer.</li>
</ul>
<p> </p>
<p>What We Offer</p>
<ul>
<li>Competitive base salary + performance bonus/equity.</li>
<li>Comprehensive health, dental, and vision insurance.</li>
<li>401(k) with company match.</li>
<li>Flexible PTO and remote work arrangements.</li>
<li><strong>Early‑hire advantage:</strong> Be one of the first US team members, help shape our customer delivery playbook and culture.</li>
<li>Opportunity to work at the intersection of cutting‑edge AI and enterprise business – a career‑defining experience.</li>
</ul>
<p> </p>
<p>Why This Role?</p>
<p>The FDE title may be technical, but at its core it’s about <strong>bridging the gap between innovation and real‑world value</strong>. In 2025–2026, companies are moving beyond AI demos – they need people who can <strong>deliver results</strong> and <strong>make customers love the product</strong>. This role offers you the autonomy, visibility, and impact that you’d expect from a founding‑level position, without the risk of a true startup. Join us in building something new from the ground up.</p>
<p> </p>
<p><em>We are an equal opportunity employer. All qualified applicants will receive consideration without regard to race, color, religion, sex, sexual orientation, gender identity, national origin, disability, or veteran status. Candidates must be authorized to work in the United States.</em></p>",6428,https://job-boards.greenhouse.io/baidu/jobs/8109541,,https://www.linkedin.com/jobs/view/4449135893,2026-08-25,169,169 applicants,,matched,title,2026-09-24,2026-09-24T01:38:48,2026-09-24,,30,startDate+linkedin,true,0,,,,,International Business Division ,2026-08-25,,false,,,,,,
7964093,GTM Strategy & Operations (AI Desktop & Mobile App),baidu,Baidu USA,,Posted 119 Days Ago,,,"Mountain View, CA",1,"Mountain View, CA",false,,United States,,0,"<p><strong>GTM Strategy & Operations</strong><strong> (AI Desktop & Mobile App)</strong></p>
<p>Job Title: GTM Strategy & Operations - Contractor</p>
<p>Location: Mountain View, California</p>
<p>Job Type: Contractor , On-site </p>
<p> </p>
<p><strong>What You Will Do:</strong></p>
<ul>
<li>You will be working on a brand-new AI voice agent product focused on transforming voice input into a polished communication experience</li>
<li>Drive US user growth and go-to-market execution across multiple acquisition and community channels including YouTube, Tiktok, Reddit, LinkedIn, Product Hunt, influencer marketing, online communities, and emerging AI creator ecosystems.</li>
<li>Develop and execute GTM growth strategies for consumer AI products, including organic growth, content marketing, creator partnerships, launch campaigns, and user acquisition experiments.</li>
<li>Work closely with Product, Design, and Engineering teams to shape product positioning, branding, messaging, launch strategies, and viral growth loops.</li>
</ul>
<ul>
<li>Identify and test new growth channels, campaign concepts, and social content strategies tailored for AI consumer products and productivity tools.</li>
</ul>
<ul>
<li>Monitor competitor products and emerging AI productivity/voice startups to identify market opportunities and differentiation strategies.</li>
<li>Collaborate with influencers, creators, AI communities and conduct user interview to build brand awareness and user engagement.</li>
<li>Ability to work on-site at least 4 days a week in our Mountain View office, we provide free yummy lunch and dinner every day.</li>
</ul>
<p> </p>
<p><strong>What We’d Like to See in You:</strong></p>
<ul>
<li>Proficiency in written and spoken Mandarin is a must-have skillset</li>
<li>1–3 years of experience in growth, GTM strategy, product marketing, consumer app marketing, or operations roles within AI, SaaS, mobile apps, or creator economy products.</li>
<li>Hands-on experience growing products through social and community-driven channels including TikTok, YouTube, Reddit, Product Hunt, Discord, influencer marketing, or creator partnerships.</li>
<li>Strong understanding and hands on experience on consumer AI product trends, especially in AI productivity, AI voice, AI creator tools for image/ideo generation, AI vibe coding etc.</li>
<li>Excellent communication and storytelling skills with the ability to craft compelling positioning and messaging for AI consumer products. </li>
<li>Passion for AI-native products and excitement about shaping the future of voice agents and AI-powered communication experiences.</li>
</ul>
<p><strong>Culture Fit:</strong></p>
<ul>
<li>Mission alignment: If you want to be part of a team to accomplish this great mission, we will provide you the best possible platform to do that.</li>
<li>Self­-directed: We work best with people that are driven, motivated, and aspire to greatness. Are you the sort of person that, if you had time on your hands, will independently find interesting and useful things to do?</li>
<li>Hungry to learn: We are eager to see you learn new skills and grow. But learning is hard work and this is something we hope you want to do.</li>
<li>Team orientation: We work in small, fast­-moving teams. We don't believe in lone wolves. We watch out for each other and go after big goals together as a team.</li>
</ul>
<p> </p>
<p>Hourly rate range: $35-$40, negotiable</p>",3437,https://job-boards.greenhouse.io/baidu/jobs/7964093,,,,,,,no_match,,2026-09-24,,2026-09-24,,,,true,0,,,,,International Business Division ,,,false,,,,,,
8112649,Head of Sales – North America,baidu,Baidu USA,,Posted 49 Days Ago,,,"Mountain View, CA",1,"Mountain View, CA",false,,United States,,0,"<p><strong>Job Location:</strong> Mountain View, CA<br><strong>Job Type:</strong> Full-Time, Onsite, Monday – Friday</p>
<p><strong>About MediaGo</strong></p>
<p>MediaGo DSP is transforming advertising with a next-generation, AI-driven programmatic platform. Our high-performance infrastructure and speed-to-market advantage make us one of the fastest-growing DSPs in the industry.</p>
<p><strong>About the Role</strong></p>
<p>MediaGo is seeking a Head of Sales – North America to lead and scale our U.S. advertising sales organization. This executive will be responsible for developing and executing the company's sales strategy, driving sustainable revenue growth, expanding strategic advertiser and agency partnerships, and building a high-performing sales team. Reporting to senior leadership, the Head of Sales will play a key role in shaping MediaGo's go-to-market strategy and strengthening our position in the U.S. programmatic advertising market.</p>
<p>The ideal candidate is a proven sales leader with deep expertise in programmatic advertising; native and display, a strong industry network, and a successful track record of building, leading, and scaling high-performing sales organizations.</p>
<p><strong>Job Responsibilities</strong></p>
<ul>
<li>Develop and execute the overall U.S. sales strategy to drive sustainable revenue growth and expand MediaGo's market presence.</li>
<li>Lead, coach, and scale a high-performing advertising sales team, establishing clear performance expectations, KPIs, and career development plans.</li>
<li>Own the overall sales pipeline and forecasting process, ensuring consistent pipeline generation, accurate revenue projections, and achievement of company growth targets.</li>
<li>Build and maintain executive-level relationships with advertisers, agencies, and strategic partners, while personally leading negotiations for high-value enterprise opportunities.</li>
<li>Identify new market opportunities, industry verticals, and strategic partnerships to accelerate business growth.</li>
<li>Collaborate closely with Product, Account Management, Marketing, and Operations teams to ensure exceptional client experience, successful campaign execution, and long-term customer retention.</li>
<li>Analyze market trends, competitive landscape, and customer needs to refine go-to-market strategies and identify new revenue opportunities.</li>
<li>Establish and optimize sales processes, methodologies, and performance metrics to improve team productivity and operational efficiency.</li>
<li>Represent MediaGo at industry conferences, client meetings, and executive events to strengthen the company's brand and industry presence.</li>
<li>Provide regular business updates, sales forecasts, and strategic recommendations to executive leadership.</li>
</ul>
<p><strong>Qualifications</strong></p>
<ul>
<li>Bachelor's degree in Business, Marketing, Communications, or a related field; MBA is a plus.</li>
<li>8+ years of experience in digital advertising sales, including at least 3 years in a sales leadership role within programmatic advertising, DSPs, ad tech, or digital media.</li>
<li>Proven track record of leading high-performing sales teams and consistently exceeding revenue targets.</li>
<li>Deep understanding of the programmatic advertising ecosystem, including DSPs, SSPs, agencies, measurement, and performance marketing.</li>
<li>Strong network of relationships across advertisers, agencies, and key industry partners.</li>
<li>Demonstrated success developing and executing go-to-market strategies and scaling revenue in a high-growth environment.</li>
<li>Exceptional leadership, communication, presentation, and negotiation skills, with the ability to influence executive stakeholders both internally and externally.</li>
<li>Strong analytical mindset with experience using data and market insights to drive strategic business decisions.</li>
<li>Entrepreneurial, hands-on leader who thrives in a fast-paced, evolving environment.</li>
<li>Willingness to travel as needed.</li>
</ul>
<p>Compensation: $145K–$217K Base + Commission | $270K–$350 OTE | RSUs/Stock may be included depending on level</p>",4160,https://job-boards.greenhouse.io/baidu/jobs/8112649,,https://www.linkedin.com/jobs/view/4449785245,2026-09-11,75,75 applicants,,matched,title,2026-09-24,2026-09-24T01:38:40,2026-09-24,,13,startDate+linkedin,true,0,,,,,International Business Division ,2026-09-11,,false,,,,,,
3234325,Low Power SoC Hardware Architect,baidu,Baidu USA,,Posted 1924 Days Ago,,,"Sunnyvale,CA",1,"Sunnyvale,CA",false,,United States,,0,"<p>Do you want to be part of the AI revolution? Do you want to think out of the box, thriving on challenges in AI industry and have the desire to solve them? Do you want to work with a world-class team to explore the fast-growing AI hardware opportunities and impact on AI industry?</p>
<p>We’re looking forward to you joining us to collaborate, contribute, and revolutionize AI silicon and system.</p>
<p><strong>Description</strong></p>
<p>As a Low Power SoC Architect, you will have the opportunity to independently design and define the lower power subsystem and improve the power efficiency of AI engine, in both data center and edge SoC. You will collaborate with experienced designers, RTL engineers, system and software team, to explore feasibility of ideas, proof of concept and power performance improvement.</p>
<p><strong>Qualifications</strong></p>
<ul>
<li>Experience and knowledge of lower power soc architecture and deep expertise in lower power subsystem, power efficient design.</li>
<li>Lead and drive lower power & most efficient BW to power SoC design, including arch features, RTL changes for low power design, topologies with floorplan/layout and other design aspects</li>
<li>Work with IPs architects to drive low power design, methodologies, techniques, and features.</li>
<li>Drive SoC level power convergence by using existing modeling tools and techniques, and developing new state of the art tools, flows, and methodologies.</li>
<li>Experience and proof of track in power optimization: perf@watt and perf/sq.mm modeling or analysis, is a plus</li>
<li>Good teamwork with communications and support to solve all levels of architecture definition from micro-architecture to system level to software architecture.</li>
<li>Proficiency in C/C++ and scripting languages such as Perl or Python.</li>
<li>Self-driven and leadership skills.</li>
<li>Knowledge or experience in automotive industry is a plus.</li>
<li>MS or PhD in Electrical or Computer Engineering.</li>
<li>Excellent communication skills in both English and Chinese.</li>
</ul>
<p><strong>Culture Fit:</strong></p>
<ul>
<li>Mission alignment: If you want to be part of a team to accomplish this great mission, we will provide you the best possible platform to do that.</li>
<li>Self-directed: We work best with people that are driven, motivated, and aspire to greatness.</li>
<li>Hungry to learn: We are eager to see you learn new skills and grow.</li>
<li>Team orientation: We work in small, fast-moving teams. We watch out for each other and go after big goals together as a team.</li>
</ul>
<p>#LI-DNI</p>
<p> </p>",2607,https://job-boards.greenhouse.io/baidu/jobs/3234325,,,,,,,no_match,,2026-09-24,,2026-09-24,,,,true,0,,,,,XingYun Research & Development Center,,,false,,,,,,
3226162,Machine Learning System Hardware Architect,baidu,Baidu USA,,Posted 1927 Days Ago,,,"Sunnyvale,CA",1,"Sunnyvale,CA",false,,United States,,0,"<p>Do you want to be part of the AI revolution? Do you want to think out of the box, thriving on challenges in the AI industry and the desire to solve them? Do you want to work with a world-class team to explore the fast-growing AI hardware opportunities and impact on the AI industry?</p>
<p>We’re looking forward to you joining us to collaborate, contribute, and revolutionize AI silicon and system.</p>
<p><strong>Description</strong></p>
<p>We are looking for a world-class Machine Learning System Architect (HW) to join our SoC team at Baidu’s Sunnyvale office. The successful candidate will be a motivated self-starter who will thrive in this highly technical environment. Your job responsibilities as a Machine Learning System Architect will help the team to architect and create high-performance machine learning silicon and connect thousands of Kunlun Accelerators together for distributed AI training tasks.</p>
<p>Create differentiated architectural innovations for Baidu’s Kunlun AI SoC roadmap. Architect, simulate, and design amazing machine learning solutions for our AI machine learning products.</p>
<p>Develop system-level ML architectures that push the boundaries of performance, power, and latency; collaborate closely with many other teammates to ensure we design and optimize hardware and software for maximum performance.</p>
<p>Monitor industrial and academic trends in artificial intelligence and determine where they should intersect our roadmaps. Drive partnerships for access to the most advanced AI technologies</p>
<p>Evaluate the power, performance, and cost of prospective architecture and subsystems. Build scalable tools for modeling and performance evaluation.</p>
<p>Engage with system and application software engineers to ensure optimization of the entire hardware/software stack.</p>
<p>Engage with SoC design, verification, and validation engineers to realize the architecture.</p>
<p><strong>Qualifications</strong></p>
<ul>
<li>Knowledge of Machine Learning market, technological and business trends, software ecosystem, and emerging applications.</li>
<li>Proven track record 5+ years architecting hardware solutions for Machine Learning, acceleration and optimization.</li>
<li>Experience with deep learning frameworks including TensorFlow, PyTorch, PaddlePaddle, etc.</li>
<li>Strong track record of outreach to ML researchers and application developers.</li>
<li>Experience with CPUs, GPUs, memory systems, and accelerators.</li>
<li>Experience with performance simulation and modeling in C++</li>
<li>Experience with SoC interconnects and NoCs</li>
<li>Experience with area, frequency, and power optimizations</li>
<li>Familiarity with video, DSP, Ethernet, and PCIe</li>
<li>MS or PhD in Electrical or Computer Engineering.</li>
<li>Excellent communication skills in both English and Chinese.</li>
</ul>
<p><strong>Culture Fit:</strong></p>
<ul>
<li>Mission alignment: If you want to be part of a team to accomplish this great mission, we will provide you the best possible platform to do that.</li>
<li>Self-directed: We work best with people that are driven, motivated, and aspire to greatness.</li>
<li>Hungry to learn: We are eager to see you learn new skills and grow.</li>
<li>Team orientation: We work in small, fast-moving teams. We watch out for each other and go after big goals together as a team.</li>
</ul>
<p>#LI-DNI</p>
<p> </p>",3391,https://job-boards.greenhouse.io/baidu/jobs/3226162,,,,,,,no_match,,2026-09-24,,2026-09-24,,,,true,0,,,,,XingYun Research & Development Center,,,false,,,,,,
3229730,Machine Learning System Software Architect,baidu,Baidu USA,,Posted 1926 Days Ago,,,"Sunnyvale,CA",1,"Sunnyvale,CA",false,,United States,,0,"<p>Do you want to be part of the AI revolution? Do you want to think out of the box, thriving on challenges in AI industry and the desire to solve them? Do you want to work with a world-class team to explore the fast-growing AI hardware opportunities and impact on AI industry?</p>
<p>We’re looking forward to you joining us to collaborate, contribute, and revolutionize AI silicon and system.</p>
<p><strong>Description</strong></p>
<p>We are looking for a world-class Machine Learning System Software Architect to join our SoC team at Baidu’s Sunnyvale office. The successful candidate will be a motivated self-starter who will thrive in this highly technical environment. Your job responsibilities as a Machine Learning System Software Architect will help the team to architect and create high-performance machine learning system software and build the distributed AI training system by connecting thousands of Kunlun Accelerators and servers.</p>
<p>Create differentiated architectural innovations for Baidu’s Kunlun AI SoC roadmap. Architect, simulate, and design amazing machine learning solutions for our AI machine learning products.</p>
<p>Develop system-level ML architectures that push the boundaries of performance, power, and latency; and collaborate closely with many other teammates to ensure we design and optimize hardware and software for maximum performance.</p>
<p>Monitor industrial and academic trends in artificial intelligence and determine where they should intersect our roadmaps. Drive partnerships for access to the most advanced AI technologies</p>
<p>Evaluate the power, performance, and cost of prospective architecture and subsystems. Build scalable tools for modeling and performance evaluation.</p>
<p>Engage with system and application software engineers to ensure optimization of the entire hardware/software stack.</p>
<p>Work with SoC design, verification, and validation engineers to execute the architecture.</p>
<p><strong>Qualifications</strong></p>
<ul>
<li>Knowledge of Machine Learning market, technological and business trends, software ecosystem, and emerging applications.</li>
<li>Proven track record of 5+ years architecting software solutions for Machine Learning, acceleration and optimization, especially in large distributed training system and HPC area.</li>
<li>Experience with deep learning frameworks: TensorFlow/PyTorch/PaddlePaddle, etc.</li>
<li>Strong track record of outreach to ML researchers and application developers.</li>
<li>Experience with CPUs, GPUs, memory systems, and accelerators.</li>
<li>Experience with performance simulation and modeling in C++</li>
<li>MS or PhD in Electrical or Computer Engineering.</li>
<li>Excellent communication skills in both English and Chinese.</li>
</ul>
<p><strong>Culture Fit:</strong></p>
<ul>
<li>Mission alignment: If you want to be part of a team to accomplish this great mission, we will provide you the best possible platform to do that.</li>
<li>Self-directed: We work best with people that are driven, motivated, and aspire to greatness.</li>
<li>Hungry to learn: We are eager to see you learn new skills and grow.</li>
<li>Team orientation: We work in small, fast-moving teams. We watch out for each other and go after big goals together as a team.</li>
</ul>
<p>#LI-DNI</p>
<p> </p>",3301,https://job-boards.greenhouse.io/baidu/jobs/3229730,,,,,,,no_match,,2026-09-24,,2026-09-24,,,,true,0,,,,,XingYun Research & Development Center,,,false,,,,,,
7075326,R&D Software Engineer Lead & CISO,baidu,Baidu USA,,Posted 436 Days Ago,,,"Mountain View, CA",1,"Mountain View, CA",false,,United States,,0,"<p><strong>R&D Software Engineer Lead & CISO</strong></p>
<p><strong>Job Title: </strong>R&D Software Engineer Lead & CISO</p>
<p><strong>Location:</strong> Mountain View, CA<br><strong>Type:</strong> Full Time, Onsite</p>
<p> </p>
<p><strong>About MediaGo</strong></p>
<p>MediaGo DSP is revolutionizing advertising with a next-gen, AI-driven programmatic platform. Backed by 22 years of digital advertising expertise, our high-performance infrastructure and speed-to-market advantage makes us the fastest-growing DSP. As an R&D Lead, you’ll shape both cutting-edge AI products and security-first development from day one.</p>
<p> </p>
<p><strong>About the Role</strong></p>
<p>We’re seeking an experienced Lead Software Engineer to guide our product team in developing and deploying scalable, AI-enabled systems. You’ll take end-to-end ownership of major backend and data initiatives, mentor a team of engineers, and collaborate with Product, Research, Operation, Sales, and Information Security to maintain robust compliance.</p>
<p> </p>
<p><strong>What You’ll Do</strong></p>
<ul>
<li>Lead the design, development, and deployment of scalable, AI-driven backend and data systems, ensuring alignment with strategic objectives and performance standards.</li>
<li>Oversee the end-to-end lifecycle of R&D projects, from concept through prototyping and deployment, ensuring timely delivery and adherence to quality standards.</li>
<li>Provide technical leadership and mentorship to junior and mid-level engineers, fostering a collaborative and high-performance team environment.</li>
<li>Collaborate with product managers, data scientists, and other stakeholders to define project requirements and deliver innovative solutions.</li>
<li>Serve as Chief Information Security Officer (CISO) to develop, implement, and enforce information security policies and procedures, ensuring compliance with relevant regulations and industry best practices.</li>
<li>Conduct regular audits and risk assessments to identify vulnerabilities and ensure the integrity and confidentiality of information assets.</li>
</ul>
<p> </p>
<p><strong> </strong></p>
<p><strong>What We’d Like to See in You</strong></p>
<ul>
<li>6+ years of professional software development experience, with 2+ years in a lead or tech-lead role</li>
<li>Strong backend expertise: Java, C++, Scala, Python—plus cloud infrastructure (GCP, AWS) and data frameworks (e.g., Spark)</li>
<li>Deep understanding of algorithms, data structures, microservices, and distributed systems</li>
<li>Familiarity with both SQL and NoSQL databases</li>
<li>Well-honed software engineering practices: version control, CI/CD, unit testing, code reviews</li>
<li>Experience architecting and deploying production-grade systems and mentoring engineers</li>
<li>Strong communication, problem-solving, and organizational skills</li>
<li>Proactive leadership: self-directed, resourceful, and comfortable steering projects in ambiguity</li>
<li>Passion for learning, innovation, and advancing AI-driven products</li>
</ul>
<p> </p>
<p><strong>Preferred Qualifications</strong></p>
<ul>
<li>Bachelor’s or Master’s in Computer Science, Engineering, or related field</li>
<li>Experience with security best practices (OWASP, secure coding, API security)</li>
<li>Familiarity with compliance frameworks (e.g., NIST, ISO 27001, EO 14117)</li>
<li>Experience with containerization, orchestration (Docker, Kubernetes), Infrastructure as Code</li>
</ul>
<p> </p>
<h3>Culture Fit</h3>
<ul>
<li><strong>Mission alignment</strong>: If you want to use AI to dramatically improve people's lives, we will give you the best possible platform to realize this mission.</li>
<li><strong>Self-directed</strong>: We work best with people that are driven, motivated, and aspire to greatness. Are you the sort of person that, if you have time on your hands, will independently find interesting and useful things to do?</li>
<li><strong>Hungry to learn</strong>: We are eager to teach you new skills. But learning is hard work and this is something we hope you want to do.</li>
<li><strong>Team orientation</strong>: We work in small, fast-moving teams. We don't believe in lone wolves. We watch out for each other, and go after big goals together — as a team.Top of Form</li>
</ul>
<p> </p>
<p><strong>Compensation : </strong><strong>Base Salary Pay Range:</strong> $159k – $229k USD<br><br></p>",4399,https://job-boards.greenhouse.io/baidu/jobs/7075326,,https://www.linkedin.com/jobs/view/4300235380,2025-09-13,25,among first 25,,matched,title,2026-09-24,2026-09-24T01:38:44,2026-09-24,,376,startDate+linkedin,true,0,,,,,International Business Division ,2025-09-13,,true,,,,,,
4499691,Senior RTL Design Engineer,baidu,Baidu USA,,Posted 1494 Days Ago,,,"Sunnyvale, CA",1,"Sunnyvale, CA",false,,United States,,0,"<p><strong>Responsibilities: </strong><br> • Architect, design and implement new features, performance improvements, and ISA extensions in RISC-V CPU core generators. <br> • Microarchitecture development and specification. Ensure that knowledge is shared via great documentation and participation in a culture of collaborative design. <br> • Perform initial sandbox verification, and work with design verification team to create and execute thorough verification test plans. <br> • Work with physical implementation team to implement and optimize physical design to meet frequency, area, power goals. <br> • Collaborate with performance modelling team for performance exploration and optimization to meet performance goals. </p>
<p><strong>Requirements: </strong></p>
<p> • 8+ yrs of recent industry experience in high-performance, energy-efficient CPU designs. <br> • Expertise in CPU processor designs in one or more of the following areas: instruction fetch and decode; branch prediction; register renaming and instruction scheduling; scalar and/or vector execution units; load-store unit; cache and memory subsystems. <br> • Knowledge of RISC-V architecture is a plus. <br> • Proficiency with hardware (RTL) design in Verilog, System Verilog, or VHDL. <br> • Experience with Scala and/or Chisel is a plus. <br> • Attention to detail and a focus on high-quality design. <br> • Ability to work well with others and a belief that engineering is a team sport. <br> • Knowledge of at least one object-oriented and/or functional programming language. <br> • Background of successful CPU development from architecture through tapeout.</p>
<p style=""line-height: 1;""> • MS/ PhD degree in EE, CE, CS or a related technical discipline, or equivalent experience.</p>
<p style=""line-height: 1;"">#LI-DNI</p>",1798,https://job-boards.greenhouse.io/baidu/jobs/4499691,,,,,,,no_match,,2026-09-24,,2026-09-24,,,,true,0,,,,,XingYun Research & Development Center,,,false,,,,,,
8109584,Senior Strategic Account Manager ,baidu,Baidu USA,,Posted 50 Days Ago,,,"Mountain View, CA",1,"Mountain View, CA",false,,United States,,0,"<p><strong>Job Title: Senior Strategic Account Manager</strong></p>
<p>Job Location: Mountain View, CA</p>
<p>Job Type: Full Time, Onsite, Monday - F­riday</p>
<p> </p>
<p><strong>About the Role</strong></p>
<p>We are seeking a highly motivated and driven individual for the position of Strategic Account Manager. As a key member of our Global Business Team, this strategic position will be responsible for managing and growing a portfolio of clients, conducting market research, and developing effective sales strategies. The successful candidate must have strong client facing skills, excellent account management abilities, and a deep understanding of project management.</p>
<p> </p>
<p><strong>Key Responsibilities</strong></p>
<ul>
<li data-section-id=""jslxg8"" data-start=""1153"" data-end=""1307"">Manage and grow a portfolio of strategic and enterprise clients through effective account management, driving long-term partnerships and revenue growth.</li>
<li data-section-id=""1fw258r"" data-start=""1308"" data-end=""1438"">Build trusted client relationships by providing strategic guidance, proactive recommendations, and exceptional customer service.</li>
<li data-section-id=""hjvun8"" data-start=""1439"" data-end=""1581"">Oversee campaign strategy and execution within the MediaGo DSP to maximize performance, client satisfaction, and incremental revenue growth.</li>
<li data-section-id=""u232ml"" data-start=""1582"" data-end=""1744"">Analyze campaign performance and provide clear, data-driven insights and strategic recommendations through compelling client presentations and business reviews.</li>
<li data-section-id=""1cytqcg"" data-start=""1745"" data-end=""1877"">Own client-facing activities, including campaign briefings, status calls, quarterly business reviews, and executive presentations.</li>
<li data-section-id=""1rnvu89"" data-start=""1878"" data-end=""2053"">Lead cross-functional collaboration with Sales, Product, Algorithm, and Analytics teams to ensure seamless campaign delivery and identify upsell and expansion opportunities.</li>
<li data-section-id=""f9hl8"" data-start=""2054"" data-end=""2160"">Resolve complex campaign and technical issues while serving as the primary escalation point for clients.</li>
<li data-section-id=""1pontiw"" data-start=""2161"" data-end=""2294"">Conduct market research to identify industry trends, competitive insights, and new business opportunities within existing accounts.</li>
<li data-section-id=""rayco7"" data-start=""2295"" data-end=""2446"" data-is-last-node="""">Stay current on AdTech trends, platform updates, and best practices, and apply industry knowledge to improve campaign performance and client success.</li>
</ul>
<p> </p>
<p><strong>Qualifications</strong></p>
<ul>
<li>Bachelor's degree in business, marketing, or a related field 5+ years of experience in B2B ad sales or account management</li>
<li>Strong client facing skills and the ability to build & maintain relationships</li>
<li>Self-motivated and results-driven with a proven track record of achieving or exceeding sales targets</li>
<li>Professional proficiency in Mandarin Chinese is a must</li>
<li>Excellent communication and presentation skills</li>
<li>Ability to be a self-starter & a team player</li>
<li>Strong organizational and time management skills</li>
<li>Experience with the OKR Framework is a plus</li>
<li>Ability to work on-site 5 days a week in our Mountain View office </li>
</ul>
<p> </p>
<p><strong>Culture Fit</strong></p>
<ul>
<li>Hungry to learn: If you’re hungry for knowledge, we can feed you with all the industry & technical skills the #AdTech world has to offer. </li>
<li>Self-starter: We work best with people that are driven, motivated, and aspiring to greatness. </li>
<li>Team orientation: We work in small, fast-moving pods. We don't believe in lone wolves but we do expect you to hold your own. </li>
</ul>
<p> </p>
<p>This is an excellent opportunity for an ambitious and driven individual to take their career to the next level and build a long-term career in the digital advertising space.</p>
<p> </p>
<p><strong>Estimated Base Salary Range:</strong> $110,000–$200,000 USD </p>",4122,https://job-boards.greenhouse.io/baidu/jobs/8109584,,https://www.linkedin.com/jobs/view/4465170371,2026-09-11,25,among first 25,,matched,title,2026-09-24,2026-09-24T01:38:42,2026-09-24,,13,startDate+linkedin,true,0,,,,,International Business Division ,2026-09-11,,true,,,,,,
3234364,SoC Memory Subsystem Architect,baidu,Baidu USA,,Posted 1924 Days Ago,,,"Sunnyvale,CA",1,"Sunnyvale,CA",false,,United States,,0,"<p>Do you want to be part of the AI revolution? Do you want to think out of the box, thriving on challenges in AI industry and have the desire to solve them? Do you want to work with a world-class team to explore the fast-growing AI hardware opportunities and impact on AI industry?</p>
<p>We’re looking forward to you joining us to collaborate, contribute, and revolutionize AI silicon and system.</p>
<p><strong>Description</strong><strong> </strong></p>
<p>We are looking for a world-class Memory Subsystem Architect to join our SoC team at Baidu’s Sunnyvale office. The successful candidate will be a motivated self-starter who will thrive in this highly technical environment. Your job responsibilities as a Memory Subsystem Architect will be providing technical leadership through all phases of Baidu’s AI SoC development, but primarily focused on unified memory space architecture design for Baidu AI accelerator SoC. The working goal is to build unified memory space for thousands of accelerators from user's perspective.</p>
<p>Developing architecture and micro-architecture to improve the state-of-the-art AI SoC memory system. Explore and evaluate the architectural design choices in SoC fabrics, system caches, system coherency, and MMUs.</p>
<p>Work with software and SoC design team to define architecture and build unified memory space system across distributed AI training system.</p>
<p>Work with Hardware design, verification, emulation, and validation teams to build and test the hardware architecture, performance and functionality.</p>
<p>Participate in performance simulation of features to improve memory subsystem efficiency. Analyzing benchmarks, application workloads and performance simulation results to identify areas for microarchitecture optimizations.</p>
<p>Debug performance and functional issues with high-level models, RTL simulation, and silicon.</p>
<p><strong>Qualifications</strong></p>
<ul>
<li>10+ years of experience in Silicon architecture or IP design mainly focusing on memory subsystem.</li>
<li>Strong understanding of distributed AI training system's requirement on SoC memory subsystem.</li>
<li>Demonstrated experience in HW digital design and understanding of CPU/HW Accelerators and/or Peripheral design.</li>
<li>Familiarity with SW and Operating system practices and requirements on memory system.</li>
<li>Experience in System Performance analysis and debug in pre and/or Post-Silicon environments.</li>
<li>Solid background of System interconnect, System MMUs, Caches and Memory Technologies (e.g. HBM, GDDR, DDR and LPDDR4/5).</li>
<li>Experience with data analysis using Excel, Perl, Python etc.</li>
<li>Master or PhD in Electrical or Computer Engineering.</li>
<li>Excellent communication skills in both English and Chinese.</li>
</ul>
<p><strong>Culture Fit:</strong></p>
<ul>
<li>Mission alignment: If you want to be part of a team to accomplish this great mission, we will provide you the best possible platform to do that.</li>
<li>Self-directed: We work best with people that are driven, motivated, and aspire to greatness.</li>
<li>Hungry to learn: We are eager to see you learn new skills and grow.</li>
<li>Team orientation: We work in small, fast-moving teams. We watch out for each other and go after big goals together as a team.</li>
</ul>
<p>#LI-DNI</p>
<p> </p>",3336,https://job-boards.greenhouse.io/baidu/jobs/3234364,,,,,,,no_match,,2026-09-24,,2026-09-24,,,,true,0,,,,,XingYun Research & Development Center,,,false,,,,,,
3234382,SoC System Hardware Architect,baidu,Baidu USA,,Posted 1924 Days Ago,,,"Sunnyvale,CA",1,"Sunnyvale,CA",false,,United States,,0,"<p>Do you want to be part of the AI revolution? Do you want to think out of the box, thriving on challenges in AI industry and have the desire to solve them? Do you want to work with a world-class team to explore the fast-growing AI hardware opportunities and impact on AI industry?</p>
<p>We’re looking forward to you joining us to collaborate, contribute, and revolutionize AI silicon and system.</p>
<p><strong>Description</strong></p>
<p>We are looking for a world-class SOC Silicon Architect to join our SoC team at Baidu’s Sunnyvale office. The successful candidate will be a motivated self-starter who will thrive in this highly technical environment. Your job responsibilities as a SOC Silicon Architect will be to provide technical leadership through all phases of Baidu’s AI SoC development, but primarily focused on specification & architecture definition.</p>
<p>Work with Baidu’s AI SoC marketing and software architects to define technical Requirements & Architecture Specifications for chip development.  Work with the SoC design team & program management to develop costing estimates, power/area targets, resource plans and schedules for the technical implementation.</p>
<p>Drive SoC performance evaluation and provide recommendations for technology, IP, and vendor selection. Support design and verification in pre and post silicon to ensure features to meet the architectural requirements.</p>
<p>Knowledgeable with storage, networking, or hardware protocols e.g., Ethernet, DDR, PCIe, I2C, SPI, USB buses and NoC. Experience with ARM CPU Cores and IP (Coherent Mesh, GIC, SMMU, etc.) selection, configuration, and integration. Familiarity with interconnects (NoC), coherency, virtual memory, memory controllers.</p>
<p><strong>Qualifications</strong></p>
<ul>
<li>10+ years of experience in SoC Silicon architecture or IP design.</li>
<li>Demonstrated ability to develop detailed architecture, performance, power and cost estimates from higher level feature, function and performance requirements.</li>
<li>Familiar with methods for partitioning a solution across hardware and software, analog and digital or other multi-disciplinary boundaries in a system solution.</li>
<li>Excellent communication skills. Ability to read and write detailed architectural specs.</li>
<li>BS/MS in Electrical or Computer Engineering.</li>
<li>Excellent communication skills in both English and Chinese.</li>
</ul>
<p><strong>Culture Fit:</strong></p>
<ul>
<li>Mission alignment: If you want to be part of a team to accomplish this great mission, we will provide you the best possible platform to do that.</li>
<li>Self-directed: We work best with people that are driven, motivated, and aspire to greatness.</li>
<li>Hungry to learn: We are eager to see you learn new skills and grow.</li>
<li>Team orientation: We work in small, fast-moving teams. We watch out for each other and go after big goals together as a team.</li>
</ul>
<p>#LI-DNI</p>
<p> </p>",2957,https://job-boards.greenhouse.io/baidu/jobs/3234382,,,,,,,no_match,,2026-09-24,,2026-09-24,,,,true,0,,,,,XingYun Research & Development Center,,,false,,,,,,
3391016,System Software Engineer – Lead Engineer,baidu,Baidu USA,,Posted 1867 Days Ago,,,"Sunnyvale, CA",1,"Sunnyvale, CA",false,,United States,,0,"<p>Do you want to be part of AI revolution? Do you want to think out of box with thriving on challenges in AI industry and desire to solve them? Do you want to work with a world-class team to explore the fast-growing AI hardware opportunities and impact on AI industry? We’re looking forward to your joining us to collaborate and contribute and revolutionize AI silicon and system.</p>
<p><strong>Description</strong></p>
<p>As a System Software Engineer Lead, you will</p>
<ul>
<li>Lead the team in designing and architecting the software stack, including but not limited to boot, security, safety, driver, os, middleware, OTA, applications, etc, for autonomous driving silicon and system.</li>
<li>Optimize the system performance and work closely with algorithm team to tackle challenges in optimization from bottom to up.</li>
<li>Communicate readily with your peers across organizations and collaborate effectively.</li>
</ul>
<p><strong>Qualifications</strong></p>
<ul>
<li>7+ years of significant software and product experience in SoC system software design and optimization, with expertise in both OS kernel optimization and real time development.</li>
<li>Deep understanding in QNX/Linux OS kernel and proficiency in C/C++.</li>
<li>Extensive experience in sophisticated automotive or embedded systems on BSP and drivers (e.g. Ethernet, Camera, SerDes, Display, PCIe, eMMC, UFS, Lidar/Radar, etc).</li>
<li>Solid background of CPU architecture, and extensive experience in software development in the areas of ARM/RISC-V/MIPS processors, ISA, Memory subsystem, coherency, AI/ML architecture, security, etc.</li>
<li>Ability to debug at board or silicon level and appropriate probing hardware.</li>
<li>Experience in both performance and power optimization from hardware to software.</li>
<li>Proof of leadership and passion for innovation.</li>
<li>Experience in autonomous driving or AUTOSAR / ISO 26262 is a plus.</li>
<li>Team player with great communication skills in both English and Mandarin.</li>
<li>BS, MS or PhD in computer science, electrical engineering, or equivalent experience.</li>
</ul>
<p><strong>Culture Fit:</strong></p>
<ul>
<li>Mission alignment: If you want to be part of a team to accomplish this great mission, we will provide you the best possible platform to do that.</li>
<li>Self-directed: We work best with people that are driven, motivated, and aspire to greatness.</li>
<li>Hungry to learn: We are eager to see you learn new skills and grow.</li>
<li>Team orientation: We work in small, fast-moving teams. We watch out for each other and go after big goals together as a team.</li>
</ul>
<p>#LI-DNI</p>",2643,https://job-boards.greenhouse.io/baidu/jobs/3391016,,,,,,,no_match,,2026-09-24,,2026-09-24,,,,true,0,,,,,XingYun Research & Development Center,,,false,,,,,,
