reqId,title,company,hiringOrg,timeType,postedOn,startDate,postingAgeDays,primaryLocation,nLocations,locations,remoteFlag,stateCodes,country,questionnaireId,similarJobsCount,description,descriptionLength,url,detailError,linkedinUrl,linkedinPostedDate,numApplicants,applicantLabel,dateDeltaDays,corroborationStatus,matchMethod,firstSeenDate,corroboratedOn,dumpDate,endDate,daysOnMarket,daysOnMarketBasis,censored,repostCount,lastResetDate,applicationDeadline,daysLeftToApply,workerSubType,jobFamilyGroup,earliestEvidenceDate,crossSourceRepostEvidence,applicantCensored,h1bFilings,h1bWageP25,h1bWageP50,h1bWageP75,h1bMatchBasis,h1bMatchTitle
4841bda0-057a-4471-801f-70309c3c02d5,General Application - Cognition,cognition,cognition,Full time,Posted 936 Days Ago,,,San Francisco,1,San Francisco,false,,United States,,0,"We are an applied AI lab building end-to-end software agents.

We're the makers of Devin, the first AI software engineer.

Our team is extremely talent-dense. Among our founding team, we have world-class competitive programmers, former founders, and leaders from companies at the cutting edge of AI including Scale AI, Palantir, Cursor, Waymo, Tesla, Lunchclub, Modal, Google DeepMind, and Nuro.

Building Devin is just the first step—our hardest challenges still lie ahead. If you’re excited to solve some of the world’s biggest problems and build AI that can reason on real-world tasks, apply to join us.

We are an applied AI lab building end-to-end software agents.

We're the makers of Devin, the first AI software engineer, and Windsurf, the AI-native IDE. Together, they represent our vision for collaborative AI teammates that enable engineers to focus on more interesting problems and empower teams to strive for more ambitious goals.

Our team is small and talent-dense. Among our founding team, we have world-class competitive programmers, former founders, and leaders from companies at the cutting edge of AI including Scale AI, Palantir, Cursor, Waymo, Tesla, Lunchclub, Modal, Google DeepMind, and Nuro.

Building Devin is just the first step—our hardest challenges still lie ahead. If you’re excited to solve some of the world’s biggest problems and build AI that can reason on real-world tasks, apply to join us..

Equal Opportunity

Cognition is an equal opportunity employer. We do not discriminate on the basis of race, color, religion, sex, sexual orientation, gender identity, national origin, age, disability, veteran status, or any other protected characteristic under applicable law. We are committed to providing reasonable accommodations for candidates with disabilities throughout the hiring process - please let us know if you need any.",1864,https://jobs.ashbyhq.com/cognition/4841bda0-057a-4471-801f-70309c3c02d5,,,,,,,no_match,,2026-10-02,,2026-10-02,,,,true,0,,,,,General & Administrative,,,false,,,,,,
72d3db28-07d3-4c28-b49f-1bdf6e8e0f10,"Research Engineer, Post-Training",cognition,cognition,Full time,Posted 57 Days Ago,,,San Francisco,1,San Francisco,false,,United States,,0,"We are an applied AI lab building end-to-end software agents.

We're the makers of Devin, the first AI software engineer.

Our team is extremely talent-dense. Among our founding team, we have world-class competitive programmers, former founders, and leaders from companies at the cutting edge of AI including Scale AI, Palantir, Cursor, Waymo, Tesla, Lunchclub, Modal, Google DeepMind, and Nuro.

Building Devin is just the first step—our hardest challenges still lie ahead. If you’re excited to solve some of the world’s biggest problems and build AI that can reason on real-world tasks, apply to join us.

Role Mission

Post-training is the critical bridge between raw model capability and a system that is actually useful, safe, and effective in the real world. You will shape how our agents learn by iterating on training recipes, evaluations, and alignment methods that directly determine what Devin and our future systems can do. This role blends deep research and hands-on engineering. We don't distinguish between the two.

What You'll Accomplish

•
Post-Training Recipe Development: Iterate on the full stack of datasets, training stages, and hyperparameters that determine model behavior. Measure how choices compound across evals and production performance, not just isolated benchmarks.

•
Evaluation Design and Integrity: Build evals that actually capture what matters. The loop never ends: define, optimize, realize the gaps, and rebuild. You'll be responsible for making numbers go up and making sure the numbers mean something.

•
Deep Understanding: When training produces results that don't make sense, you dig until you understand why. The goal isn't just to fix it; it's to carry that understanding forward to the next problem.

•
Alignment and Agent Behavior: Apply and advance techniques like RLHF, RLAIF, and constitutional approaches to shape how agents reason, act, and collaborate with humans in long-horizon tasks.

•
Scaling and Exploration: Measure how performance scales with data and compute, and develop new methodologies when existing ones hit ceilings. We expect both rigor and invention.

Exceptional Candidates Have Demonstrated

•
A track record of advancing ML systems through post-training, alignment, or related methods: RLHF, RLAIF, preference modeling, reward learning, or equivalent

•
Strong fundamentals in probability, statistics, and ML theory. The ability to look at experimental data and distinguish real effects from noise and bugs

•
Evidence of original contributions: publications at top venues, open-source impact, or equivalent industry results

•
Experience with large-scale distributed training and the debugging that comes with it

•
Systems-level thinking: not just model optimization, but understanding how training pipelines, data, and evaluation interact

•
Comfort with ambiguity and fast-moving research environments where priorities shift quickly

•
We care more about demonstrated capability than credentials. A PhD is one signal among many.

Resources & Environment

•
Small, highly selective team where research and product move together; prototypes reach real deployment quickly

•
Compute is not a constraint: large allocations with training jobs routinely running across thousands of GPUs from day one

•
The environment rewards speed, autonomy, and technical depth with minimal process overhead; this is one of the most competitive and fast-moving problems in AI

•
Everything needed to operate at frontier scale from day one.

Equal Opportunity

Cognition is an equal opportunity employer. We do not discriminate on the basis of race, color, religion, sex, sexual orientation, gender identity, national origin, age, disability, veteran status, or any other protected characteristic under applicable law. We are committed to providing reasonable accommodations for candidates with disabilities throughout the hiring process - please let us know if you need any.",3933,https://jobs.ashbyhq.com/cognition/72d3db28-07d3-4c28-b49f-1bdf6e8e0f10,,,,,,,no_match,,2026-10-02,,2026-10-02,,,,true,0,,,,,Research & Development,,,false,,,,,,
5fcd7140-e519-4465-b2a4-9902886f3cc8,Event Marketer,cognition,cognition,Full time,Posted 38 Days Ago,,,"San Francisco, Austin, New York City",1,"San Francisco, Austin, New York City",false,,United States,,0,"We are an applied AI lab building end-to-end software agents.

We're the makers of Devin, the first AI software engineer.

Our team is extremely talent-dense. Among our founding team, we have world-class competitive programmers, former founders, and leaders from companies at the cutting edge of AI including Scale AI, Palantir, Cursor, Waymo, Tesla, Lunchclub, Modal, Google DeepMind, and Nuro.

Building Devin is just the first step—our hardest challenges still lie ahead. If you’re excited to solve some of the world’s biggest problems and build AI that can reason on real-world tasks, apply to join us.

About the Role

As an Event Marketer at Cognition, you will design and deliver the in person experiences that bring our brand and go-to-market strategy to life, from executive programs to large-scale conferences and sponsorship activations. Your events will drive brand awareness, pipeline creation, deal acceleration, and deeper relationships with our most important accounts.

You will own Cognition's event experience end to end, from concept and design through onsite execution, ensuring every program reflects our brand at the highest level of quality and leaves a lasting impression on attendees.

This role is execution-heavy. We are looking for someone who obsesses over details, runs flawless events end to end, thrives under pressure, and coordinates cross-functional teams with precision.

In this role, you will:

•
Manage Cognition's presence at priority industry conferences and sponsorship activations, including booth design, experiential elements, and attendee engagement strategy

•
Partner with Product Marketing and Sales to develop compelling event collateral, messaging, and follow-up assets

•
Own the full logistical lifecycle of events, from vendor negotiations and budget management to contracts, staffing, and scheduling

•
Craft communications before and after each event, including ""Know Before You Go"" guides, training for staff and speakers, and structured follow-up outreach

•
Partner with Field Marketing to engage the GTM team and monitor key event metrics, such as leads generated, pipeline contribution, meetings booked, and audience engagement, to gauge success and shape future planning

•
Create repeatable frameworks, playbooks, and reference materials that scale alongside Cognition's expanding events calendar

•
Serve as the primary point of contact for outside agencies, suppliers, and venue teams

•
Be present at events in person to manage logistics directly and keep execution running smoothly

•
Use feedback from stakeholders and post-event reviews to continually refine and improve the events function

Requirements for the role:

•
3-5 years of experience in event marketing at a company known for high-impact events and executive programs or at a premium experiential agency with demanding production standards and large budgets

•
Proven ability to run end-to-end events including planning, logistics, vendor management, run-of-show creation, and onsite execution under pressure

•
Experience managing events ranging from 10 to 1,000+ attendees

•
Track record supporting senior audiences (C-level, VP Eng, CTO) and partnering closely with sales and GTM teams to drive business outcomes

•
Strong organizational rigor, attention to detail, and a high personal quality bar

•
Proficiency with tools such as Salesforce and HubSpot

•
Ability to travel up to 40%

You might excel if you…

•
Have led event marketing programs at a high-growth startup

•
Enjoy designing executive experiences and creating moments that differentiate a brand

•
Thrive when traveling, hosting, problem-solving, and adapting in real time

•
Are highly organized and operationally minded while still creative

•
Are energized by high-intensity environments where expectations are high and outcomes are measurable

•
Think like an owner of the event experience and business impact, not just an executor of logistics

Equal Opportunity

Cognition is an equal opportunity employer. We do not discriminate on the basis of race, color, religion, sex, sexual orientation, gender identity, national origin, age, disability, veteran status, or any other protected characteristic under applicable law. We are committed to providing reasonable accommodations for candidates with disabilities throughout the hiring process - please let us know if you need any.",4386,https://jobs.ashbyhq.com/cognition/5fcd7140-e519-4465-b2a4-9902886f3cc8,,,,,,,no_match,,2026-10-02,,2026-10-02,,,,true,0,,,,,Marketing,,,false,,,,,,
d72d584c-bb11-4b6a-b043-d81425ea884a,Deployed Engineer,cognition,cognition,Full time,Posted 449 Days Ago,,,San Francisco,3,"San Francisco; {'location': 'New York City', 'address': {'postalAddress': {'postalCode': '10021', 'addressRegion': 'NY', 'addressCountry': 'United States', 'addressLocality': 'New York City'}}}; {'location': 'Austin, Texas', 'address': {'postalAddress': {'addressRegion': 'Texas', 'addressCountry': 'United States', 'addressLocality': 'Austin'}}}",false,,United States,,0,"We are an applied AI lab building end-to-end software agents.

We're the makers of Devin, the first AI software engineer.

Our team is extremely talent-dense. Among our founding team, we have world-class competitive programmers, former founders, and leaders from companies at the cutting edge of AI including Scale AI, Palantir, Cursor, Waymo, Tesla, Lunchclub, Modal, Google DeepMind, and Nuro.

Building Devin is just the first step—our hardest challenges still lie ahead. If you’re excited to solve some of the world’s biggest problems and build AI that can reason on real-world tasks, apply to join us.

About the Role

At Cognition, customers are our highest priority. Deployed Engineers (DEs) are customer-facing technical experts who help our customers maximize the value they get out of Devin.

You’ll work directly with engineers to understand their workflows, identify high-impact use cases, and deploy Devin into real production environments. You’ll lead demos and pilots, support integrations, and drive adoption of the Cognition platform from the inside out.

This role combines hands-on technical work, customer partnership, and rapid execution. You'll serve a broad range of clients, switching context frequently and staying ahead of issues before they become blockers. You're expected to be proactive, make judgment calls, and take ownership of outcomes.

In this role, you will:

•
Own all technical aspects of the customer lifecycle—from deployment through activation, making sure our customers are successful using Devin

•
Work closely with customers to understand their technical challenges and identify the best use cases for Devin to be a productive contributor

•
Build deep relationships with our customers’ engineering teams to ensure smooth product integration and adoption, activating top users and driving product utilization

•
Build! Always listen to customer feedback, have a bias towards implementing requested features yourself, and advocate for the customers’ needs with the rest of the team

•
Be the customer oracle! Exercise your product instincts to help set the roadmap

What We Value

•
Customer empathy — you care deeply about how engineers work and what helps them succeed

•
Ownership mindset — you take responsibility for results, not just tasks

•
Technical curiosity — you enjoy digging into unfamiliar systems and understanding how they really work

•
Bias toward execution — you move quickly from problem to solution

•
Grit — you’re comfortable operating in ambiguous, high-intensity environments

•
Exploratory rigor — You poke at edges, ask uncomfortable questions, and would rather find problems yourself than have them find you.

Requirements

•
Strong engineering foundation from a rigorous technical environment

•
Demonstrated track record of exceptional performance in whatever you've pursued, whether academic, athletic, professional, or entrepreneurial

•
Self-directed by default. You don't need a manager to tell you what to do next or how to prioritize.

•
Strong communication skills. You can hold your own with senior engineers and executives alike.

•
Have a high tolerance for ambiguity, intensity, and sustained effort when the problem demands it.

•
Willingness to travel 25–50%

You might excel if you…

•
Advanced in at least one modern programming language (e.g., Python, TypeScript)

•
Experience writing and debugging real software systems

•
Want to work directly with real users on high-impact technical problems

•
Learn quickly by being embedded in challenging, real-world environments

•
Have worked at an early-stage startup or in a role where you operated well beyond your job description

Equal Opportunity

Cognition is an equal opportunity employer. We do not discriminate on the basis of race, color, religion, sex, sexual orientation, gender identity, national origin, age, disability, veteran status, or any other protected characteristic under applicable law. We are committed to providing reasonable accommodations for candidates with disabilities throughout the hiring process - please let us know if you need any.",4104,https://jobs.ashbyhq.com/cognition/d72d584c-bb11-4b6a-b043-d81425ea884a,,,,,,,no_match,,2026-10-02,,2026-10-02,,,,true,0,,,,,Customer Engineering,,,false,,,,,,
ca40e489-d1cb-4a8a-b761-ec3a67c8fda6,Applied AI Transformation Manager,cognition,cognition,Full time,Posted 448 Days Ago,,,San Francisco,2,"San Francisco; {'location': 'New York City', 'address': {'postalAddress': {'postalCode': '10021', 'addressRegion': 'NY', 'addressCountry': 'United States', 'addressLocality': 'New York City'}}}",false,,United States,,0,"We are an applied AI lab building end-to-end software agents.

We're the makers of Devin, the first AI software engineer.

Our team is extremely talent-dense. Among our founding team, we have world-class competitive programmers, former founders, and leaders from companies at the cutting edge of AI including Scale AI, Palantir, Cursor, Waymo, Tesla, Lunchclub, Modal, Google DeepMind, and Nuro.

Building Devin is just the first step—our hardest challenges still lie ahead. If you’re excited to solve some of the world’s biggest problems and build AI that can reason on real-world tasks, apply to join us.

About the Role

Applied AI Transformation Managers are technically oriented strategic advisors and operators who ensure value alignment to our customer's most strategic projects and drive program delivery across several strategic accounts. You’ll be responsible for identifying strategic opportunities for our customers to realize value from Cognition’s platform and ensuring strong value capture and reporting. You will support delivery of enterprise wide programs to implement agentic AI, specifically by designing and building the operating model and delivery model for agentic AI.

You’ll act as a trusted advisor to senior and functional leaders, designing value realization targets and delivering transformation programs. This role embeds with a select set of Cognition’s strategic accounts for upfront strategy work through in-depth program management and delivery. You will be on the frontlines of supporting customers turning productivity gains and quantifiable financial impact. You will pioneer the playbook for how the world’s largest enterprises get value from AI Agents.

In this role, you will:

•
Work with customer leadership to identify, quantify and report value targets for productivity gains and financial impact

•
Ensure seamless operations and delivery for the overall customer program, in close partnership with the Cognition account team

•
Ensure everyone at customer and Cog has visibility on playbook implementation, consumption metrics and value metrics

•
Maintain great relationships and customer trust via delivery

•
Oversee onboarding and rollout to thousands of engineers, ensuring successful deployment

•
Apply world class analytical and technical program management skills to support customer executives and teams, particularly with value realization and tracking

•
Build centers of excellence within accounts and empower them through tailored enablement programs

Requirements for the role:

•
Computer science or EE undergrad

•
SWE intern or full time work experience

•
3-5 years at a big 3 strategy consulting firm with a strong background in value targeting and realization and technology strategy as well as a proven track record building and expanding client relationships

•
Ideally 2+ years experience at a startup in a customer facing role preferred

•
Thrive in ambiguous, fast-changing environments—you move quickly and grow quickly

•
Demonstrated ability to learn exceptionally fast

You might excel if you…

•
have successfully been a part of complex enterprise teams, especially sourcing and managing account growth

•
have worked as a software engineer, SE, technical account manager or other technical role

•
previously founded a startup or were early stage at a high growth startup

•
are a competitive, highly ambitious person who loves working in high-intensity environments

Equal Opportunity

Cognition is an equal opportunity employer. We do not discriminate on the basis of race, color, religion, sex, sexual orientation, gender identity, national origin, age, disability, veteran status, or any other protected characteristic under applicable law. We are committed to providing reasonable accommodations for candidates with disabilities throughout the hiring process - please let us know if you need any.",3880,https://jobs.ashbyhq.com/cognition/ca40e489-d1cb-4a8a-b761-ec3a67c8fda6,,,,,,,no_match,,2026-10-02,,2026-10-02,,,,true,0,,,,,Sales,,,false,,,,,,
60ac2393-2727-4c88-953b-013e7bb418f8,Product Marketer,cognition,cognition,Full time,Posted 167 Days Ago,,,San Francisco,2,"San Francisco; {'location': 'New York City', 'address': {'postalAddress': {'postalCode': '10021', 'addressRegion': 'NY', 'addressCountry': 'United States', 'addressLocality': 'New York City'}}}",false,,United States,,0,"We are an applied AI lab building end-to-end software agents.

We're the makers of Devin, the first AI software engineer.

Our team is extremely talent-dense. Among our founding team, we have world-class competitive programmers, former founders, and leaders from companies at the cutting edge of AI including Scale AI, Palantir, Cursor, Waymo, Tesla, Lunchclub, Modal, Google DeepMind, and Nuro.

Building Devin is just the first step—our hardest challenges still lie ahead. If you’re excited to solve some of the world’s biggest problems and build AI that can reason on real-world tasks, apply to join us.

About The Role

What you will do:

•
Own product launches, including strategy, messaging & positioning, and key assets like blogs and landing pages

•
Produce compelling customer stories across multiple media — video, longform content, event talks, photography — built on deep, genuine relationships with the people using Devin

•
Create a high volume of sales-ready collateral: one-pagers, solution briefs, battlecards, slide decks, and industry-specific materials — grounded in real customer results

•
Build landing pages and web content for product launches, industry campaigns, and enterprise use cases

•
Develop and maintain core messaging and positioning, competitive narratives, and persona-specific frameworks

•
Create co-marketing campaigns with customers that benefit both sides and generate reusable proof points for sales

•
Build relationships with sales reps who own accounts — shepherd customer stories across the finish line and enable reps on using stories and collateral to close deals

•
Partner with Revenue Marketing and Growth to amplify content across events, email, and paid digital channels

•
Manage production agencies for campaign and content creation

You should have:

•
Experience in product marketing of technical products

•
Excellent written and verbal storytelling abilities

•
Track record of creating compelling content across mediums — customer stories, one-pagers, decks, landing pages

•
Experience creating sales collateral that reps actually use — and a habit of working closely with reps, understanding what they need, and turning around collateral fast

•
Ability to distill complex technical products into clear, benefit-driven messaging for different personas

•
Great at building relationships with customers, sales reps, and internal stakeholders and understanding what they need

•
Genuine curiosity about technical topics and ability to ramp quickly. You don't need to write code, but you need to hold your own in conversations with VPs of Engineering, senior developers, and our engineering team.

•
Comfort with rapid iteration: drafting a landing page or one-pager in hours, not weeks

•
Basic design sensibility (you'll work with designers, but you should be able to mock up or critique a layout)

•
Highly organized and good at wrangling stakeholders

•
Desire to work hard

•
Willingness to travel onsite to customers for shoots, around the US and internationally.

Equal Opportunity

Cognition is an equal opportunity employer. We do not discriminate on the basis of race, color, religion, sex, sexual orientation, gender identity, national origin, age, disability, veteran status, or any other protected characteristic under applicable law. We are committed to providing reasonable accommodations for candidates with disabilities throughout the hiring process - please let us know if you need any.",3466,https://jobs.ashbyhq.com/cognition/60ac2393-2727-4c88-953b-013e7bb418f8,,,,,,,no_match,,2026-10-02,,2026-10-02,,,,true,0,,,,,Marketing,,,false,,,,,,
439404bb-3185-4d22-b6df-4a5e39a510d6,Product Engineer,cognition,cognition,Full time,Posted 57 Days Ago,,,San Francisco,2,"San Francisco; {'location': 'New York City', 'address': {'postalAddress': {'postalCode': '10021', 'addressRegion': 'NY', 'addressCountry': 'United States', 'addressLocality': 'New York City'}}}",false,,United States,,0,"We are an applied AI lab building end-to-end software agents.

We're the makers of Devin, the first AI software engineer.

Our team is extremely talent-dense. Among our founding team, we have world-class competitive programmers, former founders, and leaders from companies at the cutting edge of AI including Scale AI, Palantir, Cursor, Waymo, Tesla, Lunchclub, Modal, Google DeepMind, and Nuro.

Building Devin is just the first step—our hardest challenges still lie ahead. If you’re excited to solve some of the world’s biggest problems and build AI that can reason on real-world tasks, apply to join us.

Role Mission

AI coding is a more mature and competitive market than it was two years ago. User expectations have risen sharply: developers now expect first-minute magic, polished experiences, and a consistently high quality bar across every surface they touch. Meeting that bar across an IDE, a web product, and a CLI requires engineers who can own the full experience, not just the implementation.

This role exists for engineers who build with taste. You'll make product decisions, push through technical walls, and ship experiences that developers love, without waiting for a PM or designer to define the problem for you. The best product engineers at frontier AI companies are the ones who feel the gap between what exists and what should exist, and then close it. That's what we're looking for.

What You'll Accomplish

•
Ship Product and Talk to Users: Own features end to end, from the first line of code to the conversation with the developer who uses it. User feedback directly shapes what you build next.

•
Build Performant and Beautiful Experiences: Craft interfaces across our IDE, web, and CLI surfaces that feel fast, focused, and effortless. Quality is not a final pass; it's built into how you work.

•
Set the Standard for Agent UX: Define interaction patterns for how developers work alongside AI agents. This is new territory with no established playbook. You'll create the conventions that others will follow.

•
Build the Agent and Agent Harness: Work directly on Devin and the core agent infrastructure that powers it. This means building the agent loop, tool use, and the harness that lets Devin operate reliably across real-world tasks.

•
Punch Through Technical Walls: The best developer experiences often require solving hard engineering problems. You won't hand those off; you'll solve them.

•
Move Fast Across Surfaces: Ship across our IDE, web, and CLI products. Context-switch quickly and maintain a high quality bar across all of them simultaneously.

Exceptional Candidates Have Demonstrated

•
Full-stack engineering depth: Strong engineering skills with a natural instinct for product quality; you notice when something is off and you fix it.

•
Developer empathy: Genuine understanding of developer workflows, frustrations, and what delightful tooling actually feels like.

•
Python, TypeScript, and React proficiency: Experience with all three in complex, production-grade products.

•
Independent product judgment: The ability to make sound product decisions without needing extensive process or sign-off.

•
UX and Design Obsession: You sweat the details others overlook: micro-interactions, transitions, response times, empty states, because you know that magical product experiences are built from hundreds of small decisions done right.

•
Developer tools experience: Experience building developer tools, IDEs, or technical products where the user is an engineer is a strong plus.

•
Relevant industry experience: Prior experience at a frontier AI lab, applied AI company, or developer tools company; you know what good looks like in this category.

•
Degree from a top-tier university: BS, MS, or equivalent in Computer Science, Mathematics, Engineering, or a related technical discipline from a highly selective program.

Equal Opportunity

Cognition is an equal opportunity employer. We do not discriminate on the basis of race, color, religion, sex, sexual orientation, gender identity, national origin, age, disability, veteran status, or any other protected characteristic under applicable law. We are committed to providing reasonable accommodations for candidates with disabilities throughout the hiring process - please let us know if you need any.",4310,https://jobs.ashbyhq.com/cognition/439404bb-3185-4d22-b6df-4a5e39a510d6,,,,,,,no_match,,2026-10-02,,2026-10-02,,,,true,0,,,,,Research & Development,,,false,,,,,,
02772183-104d-4cc6-92a4-8e928f51b862,AI Support Engineer,cognition,cognition,Full time,Posted 170 Days Ago,,,San Francisco,2,"San Francisco; {'location': 'New York City', 'address': {'postalAddress': {'postalCode': '10021', 'addressRegion': 'NY', 'addressCountry': 'United States', 'addressLocality': 'New York City'}}}",false,,United States,,0,"We are an applied AI lab building end-to-end software agents.

We're the makers of Devin, the first AI software engineer.

Our team is extremely talent-dense. Among our founding team, we have world-class competitive programmers, former founders, and leaders from companies at the cutting edge of AI including Scale AI, Palantir, Cursor, Waymo, Tesla, Lunchclub, Modal, Google DeepMind, and Nuro.

Building Devin is just the first step—our hardest challenges still lie ahead. If you’re excited to solve some of the world’s biggest problems and build AI that can reason on real-world tasks, apply to join us.

About the Role

Cognition is building the AI software engineer of the future. As an AI Support Engineer, you will be responsible for resolving complex technical issues for customers using Devin and Windsurf in real-world development environments.

This role goes well beyond basic support. You will investigate ambiguous, environment-specific problems across codebases, infrastructure, developer tooling, CI/CD systems, APIs, containers, and cloud platforms. You will reproduce bugs, analyze logs, trace failures, form root-cause hypotheses, and drive issues to resolution quickly and rigorously.

We are looking for someone with strong debugging instincts, broad systems knowledge, and the ability to operate with urgency across a high volume of technical issues. You should be comfortable context-switching across problem domains, communicating clearly with customers, and partnering closely with engineering when deeper product investigation is required.

This is a unique opportunity to work at the frontier of AI-assisted software development, with real customers relying on the product every day.

Responsibilities

•
Investigate, reproduce, and diagnose complex customer issues across diverse development environments, including cloud infrastructure, CI/CD systems, APIs, containers, version control, IDEs, and enterprise deployment setups.

•
Perform root-cause analysis by reading logs, tracing code paths, correlating system behavior, forming hypotheses, and isolating failures.

•
Resolve a high volume of incoming technical issues while maintaining strong investigation quality and clear customer communication.

•
Escalate product or infrastructure issues to engineering with complete technical context, including reproduction steps, logs, environment details, and root-cause hypotheses.

•
Educate customers on best practices, workarounds, deployment patterns, and product capabilities to improve adoption and reduce recurring issues.

•
Build internal playbooks, tooling, automations, and documentation that make future investigations faster and more systematic.

•
Identify recurring failure modes and share actionable feedback with product, engineering, and deployment teams.

•
Support release testing and quality efforts across the range of environments, languages, IDEs, and workflows our customers use.

Qualifications

•
4+ years of experience in a technical role such as software engineering, infrastructure engineering, solutions engineering, technical support engineering, or developer tooling.

•
Bachelor’s degree or higher in Computer Science, Software Engineering, or a related technical field, or equivalent practical experience.

•
Working knowledge of Linux, Docker, Git, CI/CD pipelines, cloud platforms such as AWS/GCP/Azure, and networking fundamentals.

•
Demonstrated ability to reproduce, isolate, and debug technical issues from incomplete or ambiguous reports.

•
Experience analyzing logs, traces, errors, and system behavior across distributed or multi-component systems.

•
Strong ability to read and reason about code in multiple languages, such as Python, TypeScript, Java, Go, or similar.

•
Strong written communication skills, especially when explaining technical findings to customers and internal engineering teams.

•
Ability to operate with urgency in a fast-paced environment while managing a steady stream of incoming issues.

•
Passion for AI, developer tools, and the future of software engineering.

Nice to Have

•
Experience building internal tools, scripts, or automations to accelerate debugging, support, or QA workflows.

•
Familiarity with LLMs, AI-assisted development tools, IDEs, or developer productivity platforms.

•
Experience in high-volume technical support or customer engineering environments.

•
Experience debugging issues that span multiple layers of the stack, such as application logic, infrastructure, authentication, third-party APIs, networking, or deployment configuration.

•
Prior experience working directly with engineering teams to escalate, diagnose, and resolve product issues.

Equal Opportunity

Cognition is an equal opportunity employer. We do not discriminate on the basis of race, color, religion, sex, sexual orientation, gender identity, national origin, age, disability, veteran status, or any other protected characteristic under applicable law. We are committed to providing reasonable accommodations for candidates with disabilities throughout the hiring process - please let us know if you need any.",5111,https://jobs.ashbyhq.com/cognition/02772183-104d-4cc6-92a4-8e928f51b862,,https://www.linkedin.com/jobs/view/4433043526,2026-09-18,200,Over 200 applicants,,matched,title,2026-10-02,2026-10-02T11:07:43,2026-10-02,,14,startDate+linkedin,true,0,,,,,Customer Engineering,2026-09-18,,true,,,,,,
9ff00394-b9cd-4a12-af7b-c409cba15f80,Commercial Counsel,cognition,cognition,Full time,Posted 185 Days Ago,,,New York City,1,New York City,false,,United States,,0,"We are an applied AI lab building end-to-end software agents.

We're the makers of Devin, the first AI software engineer.

Our team is extremely talent-dense. Among our founding team, we have world-class competitive programmers, former founders, and leaders from companies at the cutting edge of AI including Scale AI, Palantir, Cursor, Waymo, Tesla, Lunchclub, Modal, Google DeepMind, and Nuro.

Building Devin is just the first step—our hardest challenges still lie ahead. If you’re excited to solve some of the world’s biggest problems and build AI that can reason on real-world tasks, apply to join us.

About the Role

As Commercial Counsel for US, you will sit at the centre of a fast-moving commercial legal function, managing a high-volume workflow of complex negotiations across AI SaaS licensing, marketing, and partnership agreements. You will work with enterprise-level deals, balancing risk and reward with pragmatism and speed, and ensuring closures that are both fair and commercially sound.

This role carries real weight. You will serve as the connective tissue between the GTM team and technical and operational teams, translating contractual commitments into guidance that non-legal stakeholders can act on.

Beyond day-to-day deal work, you will play a meaningful part in the company's growth, working cross-functionally to establish and grow contract compliance mechanisms. If you want a legal role with genuine strategic scope, this is it.

In this role you will:

•
Focus on Enterprise (US) deals and contract work

•
Manage a high-volume workflow, redlining and negotiating key legal documents, including Licensing, SaaS agreements, and NDAs

•
Provide crucial legal guidance, balancing risk/reward, with an understanding of national and international requirements and parlaying that to the technical and operational team

•
Engage with enterprise-level counsel, ensuring swift and fair deal closures

Ideally you have:

•
7+ years experience drafting and negotiating commercial contracts

•
Experience with high-velocity, high-growth tech company preferred

•
Diverse body of work, including inbound and outbound contracts

Equal Opportunity

Cognition is an equal opportunity employer. We do not discriminate on the basis of race, color, religion, sex, sexual orientation, gender identity, national origin, age, disability, veteran status, or any other protected characteristic under applicable law. We are committed to providing reasonable accommodations for candidates with disabilities throughout the hiring process - please let us know if you need any.",2582,https://jobs.ashbyhq.com/cognition/9ff00394-b9cd-4a12-af7b-c409cba15f80,,,,,,,no_match,,2026-10-02,,2026-10-02,,,,true,0,,,,,General & Administrative,,,false,,,,,,
13fdacf7-b4dc-4b9a-ac43-addc87de79ec,"Software Engineer, Infrastructure",cognition,cognition,Full time,Posted 57 Days Ago,,,San Francisco,2,"San Francisco; {'location': 'New York City', 'address': {'postalAddress': {'postalCode': '10021', 'addressRegion': 'NY', 'addressCountry': 'United States', 'addressLocality': 'New York City'}}}",false,,United States,,0,"We are an applied AI lab building end-to-end software agents.

We're the makers of Devin, the first AI software engineer.

Our team is extremely talent-dense. Among our founding team, we have world-class competitive programmers, former founders, and leaders from companies at the cutting edge of AI including Scale AI, Palantir, Cursor, Waymo, Tesla, Lunchclub, Modal, Google DeepMind, and Nuro.

Building Devin is just the first step—our hardest challenges still lie ahead. If you’re excited to solve some of the world’s biggest problems and build AI that can reason on real-world tasks, apply to join us.

Who We Are

Cognition is an applied AI lab building end-to-end software agents. We are behind Devin, the first AI software engineer, and Windsurf, an AI-native IDE. Our vision is AI that works alongside engineers as a genuine teammate, not a tool.

We are a small, talent-dense team of competitive programmers, former founders, and researchers from Scale AI, Palantir, Cursor, Google DeepMind, and others.

Role Mission

Infrastructure Engineers at Cognition build the systems that everything else runs on. Devin executes long-horizon tasks across sandboxed environments, spawns subagents, uses tools, and does all of this at scale across millions of sessions. Windsurf serves developers in real time with low-latency editor intelligence and agent-in-the-loop workflows. None of that works without world-class infrastructure underneath it. You will own the compute, orchestration, networking, and platform systems that make both products possible, and you will build them with the same engineering rigor and product instinct that the rest of the team brings to everything else. This is a role for engineers who care deeply about reliability, scale, and the craft of building systems that other engineers love to build on top of.

What You'll Accomplish

•
Own agent execution infrastructure: Design and operate the sandboxed compute environments that power Devin's task execution, including VM orchestration, container management, resource scheduling, and isolation at scale.

•
Build and maintain the developer platform: Create the internal infrastructure that Cognition engineers depend on every day: CI/CD pipelines, deployment systems, developer tooling, and the abstractions that let product teams ship fast.

•
Drive reliability and observability: Define SLOs, build monitoring and alerting systems, lead incident response, and close the loop on postmortems so the same failure never happens twice.

•
Scale with the product: Anticipate capacity and architecture needs before they become bottlenecks; make deliberate infrastructure investments that stay ahead of product growth.

•
Partner across engineering: Work closely with product engineers and researchers to understand what the systems they are building require, and design infrastructure that meets those needs without creating unnecessary complexity.

Exceptional Candidates Have Demonstrated

•
Deep systems engineering: Experience designing and operating large-scale distributed infrastructure; strong opinions about reliability, failure modes, and operational excellence.

•
Cloud and container expertise: Hands-on proficiency with Kubernetes, cloud platforms (AWS, GCP, or Azure), and infrastructure-as-code tools like Terraform.

•
Strong software engineering fundamentals: Infrastructure at Cognition means writing real code; proficiency in Python and comfort owning complex systems codebases.

•
Observability instincts: Knows how to instrument systems, build meaningful dashboards, and design alerts that surface signal without noise.

•
Security and isolation mindset: Experience with sandboxing, network isolation, and secure multi-tenant compute, particularly relevant for agentic workloads running arbitrary code.

•
Relevant industry experience: Prior experience at a frontier AI lab, applied AI company, or developer tools company; you know what good looks like in this category.

•
Degree from a top-tier university: BS, MS, or equivalent in Computer Science, Mathematics, Engineering, or a related technical discipline from a highly selective program.

Compensation & Benefits

•
Base Salary: $260,000 - $300,000 + significant early-stage equity

•
Medical, Dental, Vision: Fully paid for you and your dependents

•
401(k): Company match included

Perks: Private chef, cozy slippers, endless snacks, and more

Equal Opportunity

Cognition is an equal opportunity employer. We do not discriminate on the basis of race, color, religion, sex, sexual orientation, gender identity, national origin, age, disability, veteran status, or any other protected characteristic under applicable law. We are committed to providing reasonable accommodations for candidates with disabilities throughout the hiring process - please let us know if you need any.",4832,https://jobs.ashbyhq.com/cognition/13fdacf7-b4dc-4b9a-ac43-addc87de79ec,,,,,,,no_match,,2026-10-02,,2026-10-02,,,,true,0,,,,,Research & Development,,,false,,,,,,
d1cc2c4e-de7b-4daf-81ae-3e19da329ad0,"VP, U.S. Policy",cognition,cognition,Full time,Posted 94 Days Ago,,,Washington DC,1,Washington DC,false,,United States,,0,"We are an applied AI lab building end-to-end software agents.

We're the makers of Devin, the first AI software engineer.

Our team is extremely talent-dense. Among our founding team, we have world-class competitive programmers, former founders, and leaders from companies at the cutting edge of AI including Scale AI, Palantir, Cursor, Waymo, Tesla, Lunchclub, Modal, Google DeepMind, and Nuro.

Building Devin is just the first step—our hardest challenges still lie ahead. If you’re excited to solve some of the world’s biggest problems and build AI that can reason on real-world tasks, apply to join us.

About the Role

AI is becoming central to economic competitiveness, national security, and how the U.S. government operates. The decisions policymakers make over the next few years (on procurement, workforce, compute, security standards, and federal adoption) will shape how software agents are deployed in the public and private sectors, and how the U.S. competes globally. Cognition needs a senior leader who can represent us in those conversations from day one.

We’re hiring a VP, U.S. Policy to build and lead Cognition’s public policy and government affairs function in the United States. You will own our policy strategy end-to-end: developing our positions, building trusted relationships across Congress, the Executive Branch, and federal agencies, and translating what our engineers are building into clear narratives that senior policymakers can act on.

This role sits at the intersection of technology, government, and company strategy. You’ll work directly with our founders, our Legal, Federal, GTM teams, and product leadership, and you’ll be the person who anticipates policy risks and opportunities before they reach us. This is a builder’s role: there is no existing playbook, no inherited team, and no shortage of surface area. Based in Washington DC, reporting to the Chief Legal and Global Affairs Officer.

Core Responsibilities

•
Own Cognition’s U.S. policy strategy – define our positions on AI, federal adoption, national security, workforce transformation, and technology competitiveness, and align them with company strategy

•
Industry Collaboration – lead engagement with Congress, the Executive Branch, regulators, and federal agencies, including direct advocacy and support for executive-level engagements

•
Regulatory Affairs – Monitor and analyze legislative, regulatory, and geopolitical developments in the U.S. and key international markets, and translate them into clear recommendations for leadership

•
Content and Communication – Produce the substance: policy positions, white papers, comment letters, briefing materials, and thought leadership that articulate a distinctive point of view

•
Represent Cognition externally in policy discussions, industry working groups, conferences, and strategic forums

•
Partner with engineering and product teams to bring policy signal back into product and roadmap decisions, and build the internal policy team as the function grows

What We Value

•
Builder mentality – you operate independently, build from scratch, and possess low ego - no problem is too small

•
Exceptional writing – you can produce a white paper, a one-pager for a member of Congress, and an internal strategy memo, and each will land with its audience

•
Communication – Ability to learn technical concepts quickly and explain them clearly to non-technical audiences

•
Focus on outcomes, with the judgment to navigate complex political environments and make calls in high-stakes, fast-moving situations

•
Ability to balance innovation, competitiveness, and responsible governance in the positions you take

Requirements

•
10+ years in public policy, government affairs, national security, or technology policy – including time in Congress, the White House, a federal agency, a national security organization, or a leading policy institution

•
Sufficient facility with AI and its underlying technical concepts to communicate with engineers and policymakers alike

•
Strong command of U.S. government institutions, the legislative process, regulatory frameworks, and federal budgeting cycles

•
Established bipartisan relationships among policymakers, regulators, and agency leadership, and a track record of influencing senior stakeholders

You Might Excel If You...

•
Have advised senior government officials, executives, or technology leaders directly

•
Have worked on AI, cybersecurity, defense technology, cloud infrastructure, or emerging technology policy

•
Have built a policy function, or been the first policy hire, at a fast-growing technology company

•
Understand both public and private sector perspectives on innovation and regulation

Equal Opportunity

Cognition is an equal opportunity employer. We do not discriminate on the basis of race, color, religion, sex, sexual orientation, gender identity, national origin, age, disability, veteran status, or any other protected characteristic under applicable law. We are committed to providing reasonable accommodations for candidates with disabilities throughout the hiring process - please let us know if you need any.",5153,https://jobs.ashbyhq.com/cognition/d1cc2c4e-de7b-4daf-81ae-3e19da329ad0,,https://www.linkedin.com/jobs/view/4431977679,2026-09-25,200,Over 200 applicants,,matched,title,2026-10-02,2026-10-02T11:07:46,2026-10-02,,7,startDate+linkedin,true,0,,,,,General & Administrative,2026-09-25,,true,,,,,,
e8086415-62bc-4cc0-96a4-84bb56182d35,Software Engineer,cognition,cognition,Full time,Posted 57 Days Ago,,,San Francisco,2,"San Francisco; {'location': 'New York City', 'address': {'postalAddress': {'postalCode': '10021', 'addressRegion': 'NY', 'addressCountry': 'United States', 'addressLocality': 'New York City'}}}",false,,United States,,0,"We are an applied AI lab building end-to-end software agents.

We're the makers of Devin, the first AI software engineer.

Our team is extremely talent-dense. Among our founding team, we have world-class competitive programmers, former founders, and leaders from companies at the cutting edge of AI including Scale AI, Palantir, Cursor, Waymo, Tesla, Lunchclub, Modal, Google DeepMind, and Nuro.

Building Devin is just the first step—our hardest challenges still lie ahead. If you’re excited to solve some of the world’s biggest problems and build AI that can reason on real-world tasks, apply to join us.

Role Mission

Software Engineers at Cognition are not feature builders. You will be working on some of the hardest open problems in applied AI: how do you build an agent that can reason across thousands of lines of code, spawn and coordinate subagents, use tools reliably across ambiguous long-horizon tasks, and do all of this in a way that a real engineer would trust? You will ship systems that go directly into Devin and Windsurf, two products that millions of developers use to write, debug, and ship code. This is a role for engineers who want to be close to the frontier, who can move fast without cutting corners, and who believe the next 5 years of software engineering will look fundamentally different from the last 5.

What You'll Accomplish

•
Build core agent infrastructure: Design and ship the systems that power Devin's long-horizon task execution: tool use, context management, multi-step planning, subagent orchestration, and sandboxed code execution environments.

•
Improve Windsurf as an AI-native IDE: Contribute to editor intelligence, agent-in-the-loop workflows, real-time code understanding, and the developer experience that makes Windsurf different from every other IDE.

•
Close the loop between models and products: Work directly with researchers to translate new model capabilities into shipped features; your feedback shapes what gets prioritized in training.

•
Own reliability and performance at scale: Build systems that handle millions of agentic tasks with low latency, high reliability, and the kind of correctness that developers depend on in production.

•
Move the category forward: Cognition is defining what AI software engineering looks like. You will have real input into what gets built next and why.

Exceptional Candidates Have Demonstrated

•
Systems engineering depth: Experience building reliable, performant distributed systems; you have strong opinions about correctness, failure modes, and production behavior.

•
Product instinct: You care about how the software you build feels to use and you have shipped things that real people depend on.

•
Comfort with ambiguity: You can make progress on hard problems with incomplete specs, learn fast from results, and course-correct without needing a lot of direction.

•
Velocity without shortcuts: A track record of shipping quickly while maintaining the kind of code quality that a high-density team expects.

•
Curiosity about agents and AI: You have dug into how LLMs work, how agents fail, and what it takes to make AI-powered systems behave reliably in the real world.

•
Strong Python proficiency: Python is the primary language across Cognition's codebase; you write clean, well-structured Python and are comfortable owning large Python codebases in production.

•
Relevant industry experience: Prior experience at a frontier AI lab, applied AI company, or developer tools company; you know what good looks like in this category.

•
Degree from a top-tier university: BS, MS, or equivalent in Computer Science, Mathematics, Engineering, or a related technical discipline from a highly selective program.

Compensation & Benefits

•
Base Salary: $260,000 - $300,000 + Significant early-stage equity

•
Medical, Dental, Vision: Fully paid for you and your dependents

•
401(k): Company match included

•
Perks: Private chef, cozy slippers, endless snacks, and more

Equal Opportunity

Cognition is an equal opportunity employer. We do not discriminate on the basis of race, color, religion, sex, sexual orientation, gender identity, national origin, age, disability, veteran status, or any other protected characteristic under applicable law. We are committed to providing reasonable accommodations for candidates with disabilities throughout the hiring process - please let us know if you need any.",4412,https://jobs.ashbyhq.com/cognition/e8086415-62bc-4cc0-96a4-84bb56182d35,,,,,,,no_match,,2026-10-02,,2026-10-02,,,,true,0,,,,,Research & Development,,,false,,,,,,
001a11ed-d7bb-4c78-a260-1d28c12bf61a,Sales Development Representative,cognition,cognition,Full time,Posted 318 Days Ago,,,New York City,2,"New York City; {'location': 'San Francisco', 'address': {'postalAddress': {'addressRegion': 'California', 'addressCountry': 'United States', 'addressLocality': 'San Francisco'}}}",false,,United States,,0,"We are an applied AI lab building end-to-end software agents.

We're the makers of Devin, the first AI software engineer.

Our team is extremely talent-dense. Among our founding team, we have world-class competitive programmers, former founders, and leaders from companies at the cutting edge of AI including Scale AI, Palantir, Cursor, Waymo, Tesla, Lunchclub, Modal, Google DeepMind, and Nuro.

Building Devin is just the first step—our hardest challenges still lie ahead. If you’re excited to solve some of the world’s biggest problems and build AI that can reason on real-world tasks, apply to join us.

About the Role

As an SDR, you will be responsible for engaging with prospects and sourcing new opportunities in our target accounts. You will be a crucial contributor to Cognition’s revenue growth and development.

You’ll work closely with the go-to-market team to accelerate the sales cycle and help build one of the fastest-growing AI startups.

Ideal candidates will have an understanding of our technology (Windsurf & Devin), sales/applicable experience, and exhibit the drive and grit required to win consistently in a fast-paced, high-intensity environment.

In this role, you will:

•
Research, prospect, and engage high-level prospects within your AE’s account list.

•
Learn to navigate complex organizational structures, and identify executive sponsors & champions.

•
Discover and understand the business objectives of your customers, and ability to engage with key stakeholders via cold outreach.

•
Support cross-functional partnerships in generating new business opportunities and progressing them forward.

•
Consistently deliver on monthly meeting/opportunity targets, and drive success via multi-channel outreach (email, LinkedIn, calls).

•
Provide timely and insightful input back to other corporate functions.

Requirements for the role:

•
We’re looking for A-players with insanely high adaptability, who have or feel they would thrive in an intense early-stage company environment.

•
1+ years in a sales role with a track record of success & high performance OR proven track record of success in another domain.

•
Ability to learn and become an expert quickly, on both our product and how prospects/customers use AI code generation to have real, quantifiable impacts on their business.

•
Team player – We value simplifiers, not complexifiers.

•
Self-starter – Hunger to dream up, plan, and execute tasks independently.

•
Interface with prospects to explain Cognition and its technology (Devin & Windsurf).

•
Bonus: familiarity or experience with software engineering, Saas, infrastructure, or AI-powered developer tools (ex: Copilot, ChatGPT, etc.).

You might excel if you…

•
Are highly ambitious or have a competitive background (athletics, debate, etc.).

•
Have found success in another high-growth, fast-paced environment.

•
Have experience with software engineering, studied computer science, or another technical background.

What we believe…

Our best work is done in person. The team works together 5 days a week in our office in our NY and SF offices.

We’re not a family, but a lot of our employees have them. Cognition offers a number of benefits and perks to make sure everyone is cared for – including but not limited to:

•
Competitive comp plan

•
Comprehensive benefits (medical, dental, vision)

•
401K, equity

•
Catered lunches, fully stocked kitchen, swag, etc.

•
Team events & activities

•
Downtown parking

We truly have one of the best teams in the space. We are set on hiring team members who can communicate the advancement, excitement, and passion of the product and technology for the Sales team and our customers. We don't want this to be just another job, we want this opportunity to fundamentally change your career.

Equal Opportunity

Cognition is an equal opportunity employer. We do not discriminate on the basis of race, color, religion, sex, sexual orientation, gender identity, national origin, age, disability, veteran status, or any other protected characteristic under applicable law. We are committed to providing reasonable accommodations for candidates with disabilities throughout the hiring process - please let us know if you need any.",4223,https://jobs.ashbyhq.com/cognition/001a11ed-d7bb-4c78-a260-1d28c12bf61a,,https://www.linkedin.com/jobs/view/4347957131,2026-09-25,200,Over 200 applicants,,matched,title,2026-10-02,2026-10-02T11:05:50,2026-10-02,,7,startDate+linkedin,true,0,,,,,Sales,2026-09-25,,true,,,,,,
811c3f5a-b26d-4162-b49b-93890a91794d,Applied AI Engineer,cognition,cognition,Full time,Posted 344 Days Ago,,,San Francisco,3,"San Francisco; {'location': 'New York City', 'address': {'postalAddress': {'postalCode': '10021', 'addressRegion': 'NY', 'addressCountry': 'United States', 'addressLocality': 'New York City'}}}; {'location': 'London', 'address': {'postalAddress': {'addressRegion': 'UK', 'addressCountry': 'United Kingdom', 'addressLocality': 'London'}}}",false,,United States,,0,"We are an applied AI lab building end-to-end software agents.

We're the makers of Devin, the first AI software engineer.

Our team is extremely talent-dense. Among our founding team, we have world-class competitive programmers, former founders, and leaders from companies at the cutting edge of AI including Scale AI, Palantir, Cursor, Waymo, Tesla, Lunchclub, Modal, Google DeepMind, and Nuro.

Building Devin is just the first step—our hardest challenges still lie ahead. If you’re excited to solve some of the world’s biggest problems and build AI that can reason on real-world tasks, apply to join us.

About the Role

Applied AI Engineers are how Cognition operationalizes AI modernization at the enterprise level. You don't demo Devin - you deploy it. You embed with engineering teams, integrate agentic workflows into how they actually build and ship, and drive the kind of measurable productivity gains that make adoption irreversible.

As one of our first Applied AI Engineers, you'll also shape the function itself - turning individual customer engagements into repeatable playbooks, digital learning content, and partner-driven enablement models that allow Cognition to reach hundreds of thousands of engineers worldwide.

This role is perfect for someone who has strong engineering fundamentals, enjoys working directly with customers, and finds deep satisfaction in driving product adoption and having users unlock their potential with Devin - while also thinking systematically about how to scale those learnings to the next 100 teams.

In this role, you will:

•
Embed with enterprise engineering teams to drive deep, lasting adoption of Devin — owning outcomes, not just onboarding

•
Architect and implement agentic workflows across engineering, QA, support, data, and product — identifying where AI creates the highest leverage and building toward it

•
Lead interactive programs for enterprise engineering teams (live workshops, pair programming sessions)

•
Guide customers through installing, configuring, and optimizing Devin and its associated tools (DeepWiki, MCP integrations, etc.)

•
Pair-program on live production problems to demonstrate high-value usage patterns and accelerate the team's applied AI fluency

•
Quantify impact — tracking productivity metrics, surfacing ROI stories, and making the business case for expanding Devin's footprint within accounts

•
Work with leadership to scale field learnings into structured playbooks and best practices that scale beyond individual engagements

•
Create enablement materials, best practices, and shared playbooks based on customer learnings

Requirements for the Role:

•
Degree in a STEM field or equivalent hands-on experience

•
3+ years as a software engineer, technical consultant, deployment strategist, forward deployed engineer, solutions engineer or similar roles with strong coding proficiency (Python, JavaScript/TypeScript, or similar)

•
Proven ability to communicate complex technical topics to diverse audiences

•
Proven track record of driving technical adoption and measurable impact inside engineering organizations

•
Strong commercial instincts; you understand that successful engagements grow accounts, and you operate accordingly

•
Excellent verbal and written communication skills

•
Demonstrated ability to learn and adapt exceptionally fast

You might excel if you…

•
You've led developer enablement, platform adoption, or internal AI modernization initiatives — and you can point to the before/after metrics

•
Have deployed or integrated LLM or agent-based systems in production settings

•
Have previously founded or joined early-stage startups where autonomy and execution speed were critical

•
You're energized by seeing a team's velocity compound after working with them — and you engineer those outcomes deliberately

Equal Opportunity

Cognition is an equal opportunity employer. We do not discriminate on the basis of race, color, religion, sex, sexual orientation, gender identity, national origin, age, disability, veteran status, or any other protected characteristic under applicable law. We are committed to providing reasonable accommodations for candidates with disabilities throughout the hiring process - please let us know if you need any.",4269,https://jobs.ashbyhq.com/cognition/811c3f5a-b26d-4162-b49b-93890a91794d,,,,,,,no_match,,2026-10-02,,2026-10-02,,,,true,0,,,,,Customer Engineering,,,false,,,,,,
9ef920ff-de3d-4b5d-8733-f3bf92763b0f,Data Engineer,cognition,cognition,Full time,Posted 310 Days Ago,,,San Francisco,1,San Francisco,false,,United States,,0,"We are an applied AI lab building end-to-end software agents.

We're the makers of Devin, the first AI software engineer.

Our team is extremely talent-dense. Among our founding team, we have world-class competitive programmers, former founders, and leaders from companies at the cutting edge of AI including Scale AI, Palantir, Cursor, Waymo, Tesla, Lunchclub, Modal, Google DeepMind, and Nuro.

Building Devin is just the first step—our hardest challenges still lie ahead. If you’re excited to solve some of the world’s biggest problems and build AI that can reason on real-world tasks, apply to join us.

About the Role

We're hiring a technical Data Engineer to own our full data stack – from database architecture and pipelines to instrumenting telemetry and owning integrations and reporting. You'll design and maintain the systems that keep our data reliable, accessible, and actionable across the company. There are multiple openings across various teams: GTM, Core Product, and Finance.

In this role you will:

•
Design and manage database architecture and data models

•
Build and maintain ETL/ELT pipelines and orchestration workflows

•
Create and manage new data integrations across internal and external systems

•
Own business reporting: datasets, dashboards, metrics, and self-serve analytics

•
Ensure data quality, observability, governance, and documentation

Requirements for the role:

•
4+ years in a data engineering, data science, or full-stack data role

•
Expert on SQL and Python (required)

•
Experience with data modeling, warehouse architecture, and BI-oriented schema design

•
Hands-on experience with ETL/ELT tools (dbt, Airflow, Dagster, etc.)

•
Experience building or maintaining BI reporting (Metabase a plus)

•
Experience developing scalable backend heavy applications

•
Strong knowledge of statistics and experimentation

•
Based in SF or NYC

Equal Opportunity

Cognition is an equal opportunity employer. We do not discriminate on the basis of race, color, religion, sex, sexual orientation, gender identity, national origin, age, disability, veteran status, or any other protected characteristic under applicable law. We are committed to providing reasonable accommodations for candidates with disabilities throughout the hiring process - please let us know if you need any.",2319,https://jobs.ashbyhq.com/cognition/9ef920ff-de3d-4b5d-8733-f3bf92763b0f,,,,,,,no_match,,2026-10-02,,2026-10-02,,,,true,0,,,,,Research & Development,,,false,,,,,,
decd6bbe-1875-42e8-9440-f54fd9d2270f,GTM Operations,cognition,cognition,Full time,Posted 310 Days Ago,,,San Francisco,2,"San Francisco; {'location': 'New York City', 'address': {'postalAddress': {'postalCode': '10021', 'addressRegion': 'NY', 'addressCountry': 'United States', 'addressLocality': 'New York City'}}}",false,,United States,,0,"We are an applied AI lab building end-to-end software agents.

We're the makers of Devin, the first AI software engineer.

Our team is extremely talent-dense. Among our founding team, we have world-class competitive programmers, former founders, and leaders from companies at the cutting edge of AI including Scale AI, Palantir, Cursor, Waymo, Tesla, Lunchclub, Modal, Google DeepMind, and Nuro.

Building Devin is just the first step—our hardest challenges still lie ahead. If you’re excited to solve some of the world’s biggest problems and build AI that can reason on real-world tasks, apply to join us.

About the Role

We’re hiring a RevOps lead to build and own the systems that keep our revenue engine running—from pipeline management and forecasting to compensation and sales performance. You’ll partner closely with GTM leadership to translate business goals into scalable processes, ensure data accuracy across the funnel, and design automations that accelerate deals and improve predictability.

In this role you will:

•
Build and maintain the systems that power opportunity management, pipeline hygiene, forecasting, and renewal workflows

•
Own sales compensation modeling, quota/attainment tracking, and performance reporting

•
Design automations that surface next-best actions, improve follow-up discipline, and drive deal velocity

•
Partner with GTM and Finance on revenue planning and forecasting

•
Manage GTM tool integrations and evolve the stack as we scale

•
Ensure data quality across CRM and GTM systems, including reporting and dashboards

Requirements for the role:

•
4+ years in Revenue Operations, Sales Operations, or GTM systems at a high-growth company. You’re excited to be a Sales Ops leader.

•
Hands-on ownership of sales pipeline systems, comp plans, forecasting, and post-sale processes.

•
Strong technical fluency with CRM/GTM tooling and solid SQL skills.

•
You thrive in high-intensity, high-autonomy environments.

•
Comfortable with SQL.

Equal Opportunity

Cognition is an equal opportunity employer. We do not discriminate on the basis of race, color, religion, sex, sexual orientation, gender identity, national origin, age, disability, veteran status, or any other protected characteristic under applicable law. We are committed to providing reasonable accommodations for candidates with disabilities throughout the hiring process - please let us know if you need any.",2421,https://jobs.ashbyhq.com/cognition/decd6bbe-1875-42e8-9440-f54fd9d2270f,,,,,,,no_match,,2026-10-02,,2026-10-02,,,,true,0,,,,,General & Administrative,,,false,,,,,,
daf8accf-5799-4dba-a77d-66ace242fa88,IT Engineer,cognition,cognition,Full time,Posted 301 Days Ago,,,New York City,2,"New York City; {'location': 'New York City', 'address': {'postalAddress': {'postalCode': '10021', 'addressRegion': 'NY', 'addressCountry': 'United States', 'addressLocality': 'New York City'}}}",false,,United States,,0,"We are an applied AI lab building end-to-end software agents.

We're the makers of Devin, the first AI software engineer.

Our team is extremely talent-dense. Among our founding team, we have world-class competitive programmers, former founders, and leaders from companies at the cutting edge of AI including Scale AI, Palantir, Cursor, Waymo, Tesla, Lunchclub, Modal, Google DeepMind, and Nuro.

Building Devin is just the first step—our hardest challenges still lie ahead. If you’re excited to solve some of the world’s biggest problems and build AI that can reason on real-world tasks, apply to join us.

About the role

We’re looking for an IT Engineer to own the employee technology experience in our New York or London office while helping scale Cognition’s global IT operations.

As the face of IT for the office, this person will ensure employees have secure, reliable technology and responsive support. They will also improve how IT operates by turning recurring work into durable tooling, automation, and AI-enabled workflows.

Strong candidates will bring depth in two or three IT disciplines—not expertise in everything—and an interest in expanding into new areas.

This role is required to be in-person, working 5 days a week from our San Francisco or New York office. We value teamwork and in-person collaboration.

Key Responsibilities

Own the employee and office IT experience

•
Serve as the primary IT partner for employees in the office, providing responsive support across devices, applications, access, conferencing, and workplace technology.

•
Own the reliability and employee experience of office technology, including wired and wireless networks, conferencing, vendor coordination, and hardware and software asset lifecycle management.

•
Own the improvements needed to support rapid regional growth, partnering with the global IT team on office expansions, moves, infrastructure changes, operational handoffs, runbooks, skills, and knowledge bases.

Operate identity, endpoints, and collaboration platforms

•
Administer identity and access across Okta and core SaaS platforms such as Google Workspace, Slack, GitHub, Zoom, and Microsoft 365.

•
Establish repeatable standards and automation for employee lifecycle, group management, application provisioning, and access reviews.

•
Administer MDM and endpoint security platforms such as Kandji, Jamf, or Intune across device provisioning, configuration enforcement, patching, fleet visibility, and security remediation.

Build automation and internal tooling

•
Develop scripts, integrations, and reusable tooling in TypeScript, Python, or another modern programming language.

•
Connect systems through APIs and event-driven workflows to reduce manual work and improve data consistency.

•
Help build and operate infrastructure-as-code and CI/CD workflows for IT systems, including identity-as-code where appropriate.

•
Introduce monitoring and observability that help the team identify and resolve problems before employees report them.

Advance AI-native IT operations

•
Help develop our use of Console.ai and other AI-enabled ITSM capabilities.

•
Own continuous improvement using support signals and operational metrics to identify recurring issues and improve self-service, automation, and resolution quality.

•
Act as customer zero for Devin by embedding it across IT operations and building the secure integrations and guardrails needed for AI-assisted workflows to operate safely and reliably.

Required Qualifications

•
3+ years of experience in IT engineering, systems administration, technical support, or a related role.

•
A bachelor’s degree in computer science, information technology, or a related discipline—or equivalent practical experience.

•
Experience delivering high-quality, hands-on IT support in an onsite environment.

•
Broad familiarity with modern workplace IT and meaningful depth in at least two disciplines (for example, IAM with Terraform and CI/CD, endpoint or network engineering with automation, or software integrations paired with hands-on employee support).

•
Experience administering identity, SaaS, or collaboration platforms such as Okta, Google Workspace, Slack, GitHub, Zoom, or Microsoft 365.

•
The ability to write and maintain scripts or integrations in TypeScript, Python, or another modern language—or equivalent technical depth applying infrastructure-as-code to systems such as Okta.

•
Working knowledge of networking fundamentals, including TCP/IP, DNS, DHCP, wired and wireless networks, and systematic troubleshooting.

•
Strong judgment, communication, and organization, with a track record of carrying ambiguous problems through implementation and ongoing operation.

An ideal candidate will bring

•
Ownership: Proactively identifies problems, establishes a path forward, and drives work through completion with appropriate autonomy.

•
Service orientation: Approaches support with responsiveness, empathy, and clear communication, recognizing that each interaction shapes trust in IT.

•
Builder mindset: Addresses immediate needs while looking for opportunities to prevent recurring issues through better tooling, documentation, automation, and system design.

Bonus if . . .

•
Deep experience with Okta, identity lifecycle management, or identity-as-code.

•
Experience with Terraform, CI/CD, Git-based delivery, or API integrations.

•
Exposure to AI-enabled ITSM, agentic workflows, or support automation.

•
Experience with office builds, enterprise networking, conferencing, or workplace technology.

•
Experience with endpoint management, security posture, or vulnerability management.

Equal Opportunity

Cognition is an equal opportunity employer. We do not discriminate on the basis of race, color, religion, sex, sexual orientation, gender identity, national origin, age, disability, veteran status, or any other protected characteristic under applicable law. We are committed to providing reasonable accommodations for candidates with disabilities throughout the hiring process - please let us know if you need any.",6074,https://jobs.ashbyhq.com/cognition/daf8accf-5799-4dba-a77d-66ace242fa88,,,,,,,no_match,,2026-10-02,,2026-10-02,,,,true,0,,,,,General & Administrative,,,false,,,,,,
4fdc11eb-38fa-41c1-851c-73df55cc7152,Field Marketer,cognition,cognition,Full time,Posted 93 Days Ago,,,San Francisco,3,"San Francisco; {'location': 'New York City', 'address': {'postalAddress': {'postalCode': '10021', 'addressRegion': 'NY', 'addressCountry': 'United States', 'addressLocality': 'New York City'}}}; {'location': 'Austin, Texas', 'address': {'postalAddress': {'addressRegion': 'Texas', 'addressCountry': 'United States', 'addressLocality': 'Austin'}}}",false,,United States,,0,"We are an applied AI lab building end-to-end software agents.

We're the makers of Devin, the first AI software engineer.

Our team is extremely talent-dense. Among our founding team, we have world-class competitive programmers, former founders, and leaders from companies at the cutting edge of AI including Scale AI, Palantir, Cursor, Waymo, Tesla, Lunchclub, Modal, Google DeepMind, and Nuro.

Building Devin is just the first step—our hardest challenges still lie ahead. If you’re excited to solve some of the world’s biggest problems and build AI that can reason on real-world tasks, apply to join us.

We are an applied AI lab building end-to-end software agents.

Software is how the modern world runs—but there's not enough of it, and too much of what exists isn't good enough. Banks and governments still run COBOL from the 1970s. Budgets go to technical debt and maintenance instead of the features customers actually want. The bottleneck has always been the same: engineering talent is scarce and expensive, and budgets only stretch so far.

AI agents make it possible to build more software, faster, at higher quality—and Cognition is at the center of that shift. We built Devin, the first AI software engineer, and we're working with some of the world's largest enterprises to fundamentally expand what their engineering organizations can deliver. We went from $1 to $X00M in revenue in a year, and are backed by some of the world’s top investors, including Founders Fund, General Catalyst, Lux Capital, and 8VC.

About the Role

As a Field Marketer at Cognition, you will bring our go-to-market strategy to life through high-impact, high-touch experiences that drive pipeline, strengthen executive relationships, and accelerate enterprise adoption of Devin and Windsurf. Our event calendar includes owned conferences, executive summits, forums, third party conferences, and uniquely creative gatherings that only Cognition could host.

Our strategy is centered on high-end, curated executive experiences with differentiated content, standout hospitality, and deliberate guest lists. You will help us create the spaces where the most influential engineering and technology leaders come together to understand what comes next.

This role is execution-heavy. We are looking for someone who obsesses over details, runs flawless programs end to end, thrives under pressure, and coordinates cross-functional teams with precision.

In this role, you will:

•
Execute Cognition’s field strategy by delivering extraordinary in-person experiences for top engineering and business leaders

•
Build deep relationships with regional sales teams and collaboratively develop territory strategies aligned to revenue targets

•
Own the full lifecycle of each event: planning, budgeting, logistics, vendor management, onsite execution, attendee management, and follow-up

•
Localize our core narratives and value propositions for specific industries, geographies, and customer segments

•
Run pre- and post-event campaign motions to maximize attendance, engagement, follow-up, and conversion

•
Partner with Product, Marketing, and Sales Engineering to bring Cognition’s story to life through high-quality demos, technical programming, and customer content

•
Scout and evaluate strategic opportunities and build a consistent presence for Cognition in target markets

Requirements for the role:

•
Demonstrated experience in field marketing for technical or enterprise software companies

•
Proven ability to plan, execute, and measure complex programs tied directly to revenue outcomes

•
Strong cross-functional partnership skills—you instinctively bring Sales, Product, and Marketing teams into alignment

•
Comfort operating in ambiguous, fast-changing environments with high expectations for quality and speed

•
Ability to communicate technical products clearly and credibly to senior engineering and business leaders

•
A track record of running multiple programs simultaneously with precision and strong attention to detail

You might excel if you…

•
have led field marketing programs at a high-growth startup

•
enjoy designing executive experiences and creating moments that differentiate a brand

•
thrive when traveling, hosting, problem-solving, and adapting in real time

•
are highly organized and operationally minded while still creative

•
love working closely with Sales and directly impacting revenue

•
are energized by high-intensity environments where expectations are high and outcomes are measurable

Equal Opportunity

Cognition is an equal opportunity employer. We do not discriminate on the basis of race, color, religion, sex, sexual orientation, gender identity, national origin, age, disability, veteran status, or any other protected characteristic under applicable law. We are committed to providing reasonable accommodations for candidates with disabilities throughout the hiring process - please let us know if you need any.",4956,https://jobs.ashbyhq.com/cognition/4fdc11eb-38fa-41c1-851c-73df55cc7152,,,,,,,no_match,,2026-10-02,,2026-10-02,,,,true,0,,,,,Marketing,,,false,,,,,,
05afba7a-04ab-4e33-af4d-a2cb5e18f894,Account Based Marketer,cognition,cognition,Full time,Posted 269 Days Ago,,,San Francisco,3,"San Francisco; {'location': 'New York City', 'address': {'postalAddress': {'postalCode': '10021', 'addressRegion': 'NY', 'addressCountry': 'United States', 'addressLocality': 'New York City'}}}; {'location': 'Austin, Texas', 'address': {'postalAddress': {'addressRegion': 'Texas', 'addressCountry': 'United States', 'addressLocality': 'Austin'}}}",false,,United States,,0,"We are an applied AI lab building end-to-end software agents.

We're the makers of Devin, the first AI software engineer.

Our team is extremely talent-dense. Among our founding team, we have world-class competitive programmers, former founders, and leaders from companies at the cutting edge of AI including Scale AI, Palantir, Cursor, Waymo, Tesla, Lunchclub, Modal, Google DeepMind, and Nuro.

Building Devin is just the first step—our hardest challenges still lie ahead. If you’re excited to solve some of the world’s biggest problems and build AI that can reason on real-world tasks, apply to join us.

About the Role

Cognition is winning in a handful of industries, and the next phase of growth requires turning those wins into a repeatable machine. This role will build that machine.

You will own the end-to-end revenue motion for our priority verticals: defining how we target them, how we win them, and how we expand within them. That means building industry-specific GTM playbooks, running targeted ABM programs, and ensuring that every customer deployment becomes a durable proof asset that drives the next deal. You will be the connective tissue between Sales, Marketing, and Account teams, and the person who makes ""how Cognition wins in each industry"" a genuine competitive advantage.

What You’ll Do

•
Define industry-specific GTM motions for priority verticals - ICP, intent signals, buyer journeys, sales plays, and expansion paths, and operationalize them into repeatable playbooks that Sales can run

•
Own vertical ABM strategy (1:1, 1:few, 1:many), partnering with Field Marketing, PLG and Sales to run targeted campaigns that are grounded in real customer outcomes, not generic messaging

•
Ensure campaigns are informed by real customer outcomes and tailored to priority accounts within each vertical. Ensure customer proof is embedded everywhere it drives revenue (e.g.campaigns, sales enablement, industry narratives, events, and web).

•
Partner with Product Marketing to adapt core positioning into vertical-specific demand content, use cases and messaging.

•
Define the full customer value lifecycle (acquisition, closed won, deployment, value realization, proof, amplification) and hold the cross-functional team accountable to it

•
Align Sales, Marketing, and Account teams around a shared, repeatable model for each vertical

•
Track and optimize pipeline performance by vertical and channel

What Success Looks Like

•
Cognition has clear, repeatable playbooks for winning priority industries

•
ABM programs consistently generate high-quality pipeline in target accounts

•
Customer proof is systematically driving deals and expansion, not sitting in decks

•
Sales, Marketing, and Account teams are aligned around how each industry is won

•
Industry GTM becomes a durable competitive advantage for Cognition

You Should Be:

•
5–10 years in enterprise B2B GTM, with meaningful experience across at least two of: ABM, demand generation, sales strategy, or product marketing

•
Proven track record building vertical GTM motions that moved pipeline and revenue

•
A strong operator: you've built things from zero, scaled what worked, and killed what didn't

•
Able to translate complex technical products (AI, developer tools, infrastructure) into industry-specific business outcomes that resonate with buyers

•
Exceptional at leveraging customer impact into assets that close deals: case studies, references, co-marketing, executive narratives

•
Comfortable working cross-functionally with Sales, Account Management, and technical delivery teams; you influence without authority

Bonus Points:

•
Experience in developer tools, AI/ML, or engineering productivity platforms

•
Background at a company with a services-plus-product model (forward-deployed engineers, professional services, or solutions engineering)

•
Exposure to regulated industries such as financial services, defense, or healthcare

Equal Opportunity

Cognition is an equal opportunity employer. We do not discriminate on the basis of race, color, religion, sex, sexual orientation, gender identity, national origin, age, disability, veteran status, or any other protected characteristic under applicable law. We are committed to providing reasonable accommodations for candidates with disabilities throughout the hiring process - please let us know if you need any.",4374,https://jobs.ashbyhq.com/cognition/05afba7a-04ab-4e33-af4d-a2cb5e18f894,,,,,,,no_match,,2026-10-02,,2026-10-02,,,,true,0,,,,,Marketing,,,false,,,,,,
5081e3b3-e606-4299-bd26-34ac6cdc5f0a,"Account Director, Enterprise (East)",cognition,cognition,Full time,Posted 267 Days Ago,,,New York City,3,"New York City; {'location': 'San Francisco', 'address': {'postalAddress': {'addressRegion': 'California', 'addressCountry': 'United States', 'addressLocality': 'San Francisco'}}}; {'location': 'Austin, Texas', 'address': {'postalAddress': {'addressRegion': 'Texas', 'addressCountry': 'United States', 'addressLocality': 'Austin'}}}",false,,United States,,0,"We are an applied AI lab building end-to-end software agents.

We're the makers of Devin, the first AI software engineer.

Our team is extremely talent-dense. Among our founding team, we have world-class competitive programmers, former founders, and leaders from companies at the cutting edge of AI including Scale AI, Palantir, Cursor, Waymo, Tesla, Lunchclub, Modal, Google DeepMind, and Nuro.

Building Devin is just the first step—our hardest challenges still lie ahead. If you’re excited to solve some of the world’s biggest problems and build AI that can reason on real-world tasks, apply to join us.

About the Role

As an Account Director, you will be responsible for sourcing, closing and activating enterprise customers, while providing critical product feedback to the Cognition team. You will be a crucial contributor to Cognition’s revenue growth and Devin’s development.

You’ll work closely with the whole Cognition team including engineering, product and go-to-market to accelerate the sales cycle and help build one of the fastest-growing AI startups.

Successful candidates will have deep experience selling highly technical solutions to businesses, have experience with software engineering and exhibit the drive and grit required to win consistently in a fast-paced, high-intensity environment.

In this role, you will:

•
Drive revenue for Cognition, owning the entire sales cycle, from prospecting through close and activation for early stage through enterprise companies

•
Navigate layered customer organizations including working directly with C-suite executives, Tech and AI leaders, procurement and legal stakeholders

•
Develop strategies for sourcing, demoing the product, and closing opportunities with layered buying organizations

•
Deeply understand the customer’s technical pain points and priorities, and qualify the best use cases and teams to deploy Devin to large technology organizations

•
Discover new use cases in our customers’ Tech organizations and overshare customer feedback with our product and engineering teams

•
Focus on results - generate pipeline, revenue, and help build the best technical sales organization to bring Devin to market

Requirements for the role:

•
~3+ years of full sales cycle selling experience

•
Demonstrate a track record of success selling deeply technical products to enterprise customers

•
You have technical experience - either as a software engineer, sales engineer or forward deployed engineer. If not, you have an exceptional ability to learn and understand the complex technical problems and requirements our customers are trying to solve using Devin

•
Thrive in ambiguous and rapidly changing environments — you’re willing to move fast and quickly grow in scope and responsibility

•
You have a demonstrated exceptional ability to learn

You might excel if you…

•
previously founded a startup

•
successfully sourced and closed large, complex enterprise software deals

•
were a software engineer or sales engineer, or studied computer science, but moved into go-to market roles to be closer to the customer

•
are interested in AI tooling, a tinkerer, and generally are a power user of such tools

•
are a competitive, highly ambitious person who loves working in high-intensity environments

*** This role is onsite in NYC, SF, or Austin ***

Equal Opportunity

Cognition is an equal opportunity employer. We do not discriminate on the basis of race, color, religion, sex, sexual orientation, gender identity, national origin, age, disability, veteran status, or any other protected characteristic under applicable law. We are committed to providing reasonable accommodations for candidates with disabilities throughout the hiring process - please let us know if you need any.",3767,https://jobs.ashbyhq.com/cognition/5081e3b3-e606-4299-bd26-34ac6cdc5f0a,,https://www.linkedin.com/jobs/view/4433120079,2026-09-25,122,122 applicants,,matched,title,2026-10-02,2026-10-02T11:05:51,2026-10-02,,7,startDate+linkedin,true,0,,,,,Sales,2026-09-25,,false,,,,,,
b154cc8a-0f04-44b8-88d8-72901fc0582d,Federal Account Director,cognition,cognition,Full time,Posted 267 Days Ago,,,Washington DC,1,Washington DC,false,,United States,,0,"We are an applied AI lab building end-to-end software agents.

We're the makers of Devin, the first AI software engineer.

Our team is extremely talent-dense. Among our founding team, we have world-class competitive programmers, former founders, and leaders from companies at the cutting edge of AI including Scale AI, Palantir, Cursor, Waymo, Tesla, Lunchclub, Modal, Google DeepMind, and Nuro.

Building Devin is just the first step—our hardest challenges still lie ahead. If you’re excited to solve some of the world’s biggest problems and build AI that can reason on real-world tasks, apply to join us.

About the Role

As a Federal Account Director, you will own the full commercial relationship and revenue lifecycle across U.S. federal customers and partners, driving adoption and sustained consumption of Devin within mission critical government and national security environments. You will source, close, and operationalize deals, then remain accountable for customer success, adoption, retention, and expansion throughout the life of the account, while feeding direct customer signal back into Cognition’s product and engineering teams.

You will work cross functionally with product, engineering, and leadership to shape Devin for federal use cases, ensure customers realize value from their deployments, and accelerate Cognition’s federal market penetration.

This role requires experience selling highly technical software into complex federal organizations, comfort operating in regulated acquisition environments, and the persistence required to move programs from initial engagement to production deployment and sustained, expanding usage. Account Directors operate as the primary owner of their accounts across both pre sale and post sale engagement.

In this role, you will:

•
Own the full federal account lifecycle from account targeting and capture strategy through award, onboarding, and expansion, deployment, adoption, consumption, renewal, and expansion

•
Own revenue and customer outcomes across your portfolio, including both new customer commitments and growth in consumption within existing accounts

•
Drive revenue across the Dept. of War (DoW), intelligence community (IC), federal civilian agencies, and federal contractors, including large primes (OEMs and system integrators)

•
Serve as the primary commercial and strategic owner for customers, maintaining executive and operational relationships throughout the life of the account

•
Navigate complex stakeholder sets including mission owners, technical leadership, contracting officers, security, legal, and executive sponsors

•
Develop capture strategies across primes, subcontracting paths, OTAs, CSOs, pilots, and direct awards

•
Translate mission and technical requirements into high-value Devin use cases across software engineering, data, AI, and platform teams

•
Deliver technically credible demos and engage deeply with customer engineering teams before and after deployment

•
Drive successful onboarding and production adoption, identifying and resolving barriers that limit customer usage or value realization

•
Develop account plans that identify opportunities to increase Devin consumption, expand into new teams and use cases, and grow the long term value of each customer relationship

•
Identify new federal and contractor use cases and provide structured feedback to product and engineering based on both prospective customer needs and observed production usage

•
Build federal GTM motion including pipeline generation, partner strategy, account management, expansion strategy, and repeatable customer lifecycle process

Requirements

•
Proven success selling technical software into U.S. federal customers and/or major system integrators/defense prime OEMs, with wins via primes or direct vehicles such as OTAs, CSOs, pilots, or programs of record

•
Experience owning customer relationships beyond the initial sale, including deployment, adoption, renewal, expansion, or consumption growth

•
Experience engaging DoW, IC, and or federal civilian agencies in classified or regulated environments

•
Strong technical background as a software engineer, sales engineer, forward deployed engineer, or equivalent technical fluency

•
Ability to quickly learn complex technical systems, mission constraints, and acquisition processes

•
Ability to move fluidly between selling, account strategy, technical problem solving, and customer success depending on what an account requires

•
Comfortable operating in ambiguous, fast changing startup environments with minimal structure

•
Strong ownership mindset with bias toward execution and results

You may excel if you:

•
Have founded or scaled an early stage company

•
Have closed large, multi-stakeholder enterprise or federal software deals and subsequently grown those relationships

•
Have experience moving pilots into production within federal environments and driving meaningful adoption and consumption after deployment

•
Have managed strategic accounts where success was measured by both new revenue and expansion of existing customer usage

•
Have a computer science or engineering background and moved into GTM to work closer to customers

•
Thrive in high intensity, high accountability environments where you are expected to own the customer outcome rather than hand the account off after close

Equal Opportunity

Cognition is an equal opportunity employer. We do not discriminate on the basis of race, color, religion, sex, sexual orientation, gender identity, national origin, age, disability, veteran status, or any other protected characteristic under applicable law. We are committed to providing reasonable accommodations for candidates with disabilities throughout the hiring process - please let us know if you need any.",5801,https://jobs.ashbyhq.com/cognition/b154cc8a-0f04-44b8-88d8-72901fc0582d,,https://www.linkedin.com/jobs/view/4351977619,2026-09-24,114,114 applicants,,matched,title,2026-10-02,2026-10-02T11:05:52,2026-10-02,,8,startDate+linkedin,true,0,,,,,Sales,2026-09-24,,false,,,,,,
170ec744-c6b9-4d75-bdb1-f1eaf5e24d79,Business Operations,cognition,cognition,Full time,Posted 354 Days Ago,,,San Francisco,1,San Francisco,false,,United States,,0,"We are an applied AI lab building end-to-end software agents.

We're the makers of Devin, the first AI software engineer.

Our team is extremely talent-dense. Among our founding team, we have world-class competitive programmers, former founders, and leaders from companies at the cutting edge of AI including Scale AI, Palantir, Cursor, Waymo, Tesla, Lunchclub, Modal, Google DeepMind, and Nuro.

Building Devin is just the first step—our hardest challenges still lie ahead. If you’re excited to solve some of the world’s biggest problems and build AI that can reason on real-world tasks, apply to join us.

About the Role

You'll operate as a high-trust generalist, embedded in different parts of the business depending on where you're needed. Projects will vary: standing up new business lines, building analytics infrastructure alongside engineering, supporting corporate development efforts, or helping teams navigate critical transitions. Scope and ownership will be significant. You'll be expected to move fast, drive outcomes, and operate with high autonomy.

This is a role for someone who wants to be close to the hardest problems at a company moving very quickly. You'll work directly with leadership and build relationships across every function. The path from here leads to functional leadership for those who want it.

Core Responsibilities

•
Own cross-functional projects end-to-end, from scoping through execution

•
Build relationships across the organization and become a trusted operator that teams want to work with

•
Identify gaps, inefficiencies, and opportunities before they become obvious

•
Drive results on tight timelines without sacrificing quality or detail

•
Pull and analyze data to inform decisions and track progress

•
Communicate clearly with stakeholders ranging from engineers to executives

•
Pick up whatever needs doing, even when it's outside your comfort zone

What We Value

•
Low ego. You care about outcomes, not credit or optics.

•
Speed and precision. You move fast without dropping details.

•
Trust-building. People want to work with you after the first interaction.

•
Proactive ownership. You see problems and fix them without being asked.

•
Analytical rigor. You're comfortable with data and use it to drive decisions.

•
Grit. You don't quit when the work gets tedious or the problem gets hard.

Requirements

•
Relevant experience in consulting, investment banking, or operations at a high-growth technology company

•
Demonstrated ability to operate autonomously and deliver results without close supervision

•
Strong analytical foundation

•
Ability to communicate credibly with both technical and non-technical teams

•
Track record of exceptional performance in whatever you've pursued

•
High tolerance for ambiguity, context-switching, and intensity

You might excel if you...

•
Have a technical degree (CS, engineering, math, physics) even if you took a non-technical career path

•
Worked as an early employee at a startup where you operated well beyond your job description

•
Have been a Chief of Staff or BizOps lead at a scaling company

•
Care deeply about building teams and culture, not just processes

Equal Opportunity

Cognition is an equal opportunity employer. We do not discriminate on the basis of race, color, religion, sex, sexual orientation, gender identity, national origin, age, disability, veteran status, or any other protected characteristic under applicable law. We are committed to providing reasonable accommodations for candidates with disabilities throughout the hiring process - please let us know if you need any.",3612,https://jobs.ashbyhq.com/cognition/170ec744-c6b9-4d75-bdb1-f1eaf5e24d79,,,,,,,no_match,,2026-10-02,,2026-10-02,,,,true,0,,,,,General & Administrative,,,false,,,,,,
f1430967-f367-4afe-9107-e58da423633c,"Deployed Engineer, Federal",cognition,cognition,Full time,Posted 249 Days Ago,,,Washington DC,2,"Washington DC; {'location': 'San Francisco', 'address': {'postalAddress': {'addressRegion': 'California', 'addressCountry': 'United States', 'addressLocality': 'San Francisco'}}}",false,,United States,,0,"We are an applied AI lab building end-to-end software agents.

We're the makers of Devin, the first AI software engineer.

Our team is extremely talent-dense. Among our founding team, we have world-class competitive programmers, former founders, and leaders from companies at the cutting edge of AI including Scale AI, Palantir, Cursor, Waymo, Tesla, Lunchclub, Modal, Google DeepMind, and Nuro.

Building Devin is just the first step—our hardest challenges still lie ahead. If you’re excited to solve some of the world’s biggest problems and build AI that can reason on real-world tasks, apply to join us.

About the Role

This is an unparalleled opportunity to join our team as a foundational engineer in our newly formed federal group. As one of the very first engineers in this critical space, you will not only be instrumental in shaping the technical direction and initial project successes but will also play a key role in the strategic growth and scaling of the entire federal engineering organization, establishing core engineering practices, defining our technical stack for federal clients, and directly influencing the culture of a fast-growing, mission-driven team. Your early contributions and leadership will be essential in defining the trajectory of our federal sector, making this an unparalleled opportunity for high-impact ownership and professional development.

Deployed Engineers bring technical depth to Cognition’s most federal enterprise engagements.

You’ll own a narrow set of strategic accounts, tackling the hardest problems—whether that’s architecting a deployment, building an integration, or debugging something no one else can figure out.

A core part of this role is shaping the product. You'll identify patterns from the field, build on the product edge to unblock customers, and translate those learnings into requirements that inform what core engineering builds next. When customers hit friction that the product doesn’t solve, you’re the person who figures out what should exist—and makes it happen.

You’ll own the technical direction of accounts, making decisions that shape long-term adoption, architecture, and how the Cognition platform evolves in real-world environments.

Core Responsibilities

•
Operate across strategic accounts, providing technical depth on complex engagements

•
Own the technical direction and success of customer accounts and deployments

•
Translate customer pain points into product direction: scope requirements, define solutions, and drive implementation

•
Be the connective link between our Federal GTM team and core product engineering teams.

•
Build product extensions and integrations using Cognition’s APIs and platform primitives

•
Architect and maintain complex enterprise deployments

•
Handle escalated technical issues requiring deep debugging or architectural judgment

•
Be a credible technical voice to engineering on what the field needs

What We Value

•
Technical depth and the judgment that comes from seeing many deployments

•
Product instinct — you synthesize feedback into solutions, not just feature requests

•
Builder mentality — you’d rather ship something than wait for someone else to build it

•
Credibility with engineering teams, both internal and customer-side

•
Comfort operating across many contexts simultaneously

Requirements

•
Strong engineering foundation

•
Have operated cross-functionally—whether at a startup wearing multiple hats or by driving product/commercial thinking at a larger company

•
Experience working within the government or working in a government focused company.

•
Have a track record of pursuing excellence at high levels, in any domain

•
Proficiency in Python, TypeScript, or similar; comfort navigating unfamiliar codebases

•
Experience scoping and shipping features in collaboration with product and engineering teams

You might excel if….

•
Have built software at companies known for engineering rigor and want broader impact

•
Track record in forward-deployed engineering, solutions architecture, or similar technical roles

•
Experience with enterprise infrastructure (cloud deployments, networking, security)

•
Want to stay close to customers while shaping how the product evolves

•
Enjoy hard problems without obvious solutions and the autonomy to figure them out

•
Have a high tolerance for ambiguity, intensity, and sustained effort when the problem demands it

Equal Opportunity

Cognition is an equal opportunity employer. We do not discriminate on the basis of race, color, religion, sex, sexual orientation, gender identity, national origin, age, disability, veteran status, or any other protected characteristic under applicable law. We are committed to providing reasonable accommodations for candidates with disabilities throughout the hiring process - please let us know if you need any.",4853,https://jobs.ashbyhq.com/cognition/f1430967-f367-4afe-9107-e58da423633c,,,,,,,no_match,,2026-10-02,,2026-10-02,,,,true,0,,,,,Customer Engineering,,,false,,,,,,
f2e1096f-72c4-42c8-867e-51c2ebc296f9,Account Director,cognition,cognition,Full time,Posted 248 Days Ago,,,San Francisco,3,"San Francisco; {'location': 'New York City', 'address': {'postalAddress': {'postalCode': '10021', 'addressRegion': 'NY', 'addressCountry': 'United States', 'addressLocality': 'New York City'}}}; {'location': 'Austin, Texas', 'address': {'postalAddress': {'addressRegion': 'Texas', 'addressCountry': 'United States', 'addressLocality': 'Austin'}}}",false,,United States,,0,"We are an applied AI lab building end-to-end software agents.

We're the makers of Devin, the first AI software engineer.

Our team is extremely talent-dense. Among our founding team, we have world-class competitive programmers, former founders, and leaders from companies at the cutting edge of AI including Scale AI, Palantir, Cursor, Waymo, Tesla, Lunchclub, Modal, Google DeepMind, and Nuro.

Building Devin is just the first step—our hardest challenges still lie ahead. If you’re excited to solve some of the world’s biggest problems and build AI that can reason on real-world tasks, apply to join us.

About the Role

As an Account Director, you will be responsible for sourcing, closing and activating enterprise customers, while providing critical product feedback to the Cognition team. You will be a crucial contributor to Cognition’s revenue growth and Devin’s development.

You’ll work closely with the whole Cognition team including engineering, product and go-to-market to accelerate the sales cycle and help build one of the fastest-growing AI startups.

Successful candidates will have deep experience selling highly technical solutions to businesses, have experience with software engineering and exhibit the drive and grit required to win consistently in a fast-paced, high-intensity environment.

In this role, you will:

•
Drive revenue for Cognition, owning the entire sales cycle, from prospecting through close and activation for early stage through enterprise companies

•
Navigate layered customer organizations including working directly with C-suite executives, Tech and AI leaders, procurement and legal stakeholders

•
Develop strategies for sourcing, demoing the product, and closing opportunities with layered buying organizations

•
Deeply understand the customer’s technical pain points and priorities, and qualify the best use cases and teams to deploy Devin to large technology organizations

•
Discover new use cases in our customers’ Tech organizations and overshare customer feedback with our product and engineering teams

•
Focus on results - generate pipeline, revenue, and help build the best technical sales organization to bring Devin to market

Requirements for the role:

•
Demonstrate a track record of success selling deeply technical products to enterprise customers

•
You have technical experience - either as a software engineer, sales engineer or forward deployed engineer. If not, you have an exceptional ability to learn and understand the complex technical problems and requirements our customers are trying to solve using Devin

•
Thrive in ambiguous and rapidly changing environments — you’re willing to move fast and quickly grow in scope and responsibility

•
You have a demonstrated exceptional ability to learn

You might excel if you…

•
previously founded a startup

•
successfully sourced and closed large, complex enterprise software deals

•
were a software engineer or sales engineer, or studied computer science, but moved into go-to market roles to be closer to the customer

•
are a competitive, highly ambitious person who loves working in high-intensity environments

Equal Opportunity

Cognition is an equal opportunity employer. We do not discriminate on the basis of race, color, religion, sex, sexual orientation, gender identity, national origin, age, disability, veteran status, or any other protected characteristic under applicable law. We are committed to providing reasonable accommodations for candidates with disabilities throughout the hiring process - please let us know if you need any.",3574,https://jobs.ashbyhq.com/cognition/f2e1096f-72c4-42c8-867e-51c2ebc296f9,,https://www.linkedin.com/jobs/view/4347897170,2026-09-27,183,183 applicants,,matched,title,2026-10-02,2026-10-02T11:06:00,2026-10-02,,5,startDate+linkedin,true,0,,,,,Sales,2026-09-27,,false,,,,,,
a12f5aac-c232-4bf2-953a-2b7217412aed,"Director, Enterprise Sales (Central)",cognition,cognition,Full time,Posted 70 Days Ago,,,"Austin, Texas",1,"Austin, Texas",false,,United States,,0,"We are an applied AI lab building end-to-end software agents.

We're the makers of Devin, the first AI software engineer.

Our team is extremely talent-dense. Among our founding team, we have world-class competitive programmers, former founders, and leaders from companies at the cutting edge of AI including Scale AI, Palantir, Cursor, Waymo, Tesla, Lunchclub, Modal, Google DeepMind, and Nuro.

Building Devin is just the first step—our hardest challenges still lie ahead. If you’re excited to solve some of the world’s biggest problems and build AI that can reason on real-world tasks, apply to join us.

We are an applied AI lab building end-to-end software agents.

We're the makers of Devin, the first AI software engineer. Cognition is building collaborative AI teammates that enable engineers to focus on more interesting problems and empower engineering teams to strive for more ambitious goals.

Our team is small and talent-dense. Among our founding team, we have world-class competitive programmers, former founders, and leaders from companies at the cutting edge of AI including Scale AI, Cursor, Waymo, Tesla, Lunchclub, Modal, Google DeepMind, and Nuro.

Building Devin is just the first step - our hardest challenges still lie ahead. If you're excited to solve some of the world's biggest problems and build AI that can reason on real-world tasks, apply to join us.

About the Role

As a Director of Enterprise Sales, you will build and lead a high-performing team of Enterprise Account Directors and Account Managers responsible for driving revenue across the full customer lifecycle - from net new lands through expansions and renewals. You will own a region of enterprise business across the central U.S. and be accountable for your team's performance against ambitious growth targets.

This is a great opportunity to build from the ground up - establishing playbooks and processes that drive consistent execution, and cultivate a culture of excellence. You'll work closely with engineering, product, and go-to-market leadership to accelerate sales cycles, shape product direction through customer feedback, and help scale one of the fastest-growing AI startups.

Successful candidates will have deep experience selling highly technical solutions to enterprises, a proven track record of building and developing sales teams, and the adaptability required to lead in a fast-paced, rapidly evolving environment.

In this role, you will:

•
Build, lead, and develop a team of Enterprise Account Directors and Enterprise Account Managers

•
Own a regional team quota achieved through a combination of net new lands, expansions, and renewals

•
Recruit, hire, and onboard top enterprise sales talent to scale the team

•
Coach and develop your team to navigate complex, layered customer organizations including C-suite executives, Tech and AI leaders, procurement, and legal stakeholders

•
Establish and refine sales processes, deal strategies, and best practices that accelerate revenue growth

•
Obsess over customer health - ensure your team builds strong, long-term partnerships that maximize customer value and retention

•
Partner cross-functionally with engineering, product, and GTM leadership to share customer insights and inform product development

•
Foster a culture of collaboration, continuous learning, and high performance

Requirements for the role:

•
8+ years of sales experience with a track record of consistently exceeding quota

•
3+ years of experience leading and managing enterprise sales teams

•
Demonstrated success selling deeply technical products to large, complex organizations

•
Experience building teams - recruiting, hiring, onboarding, and developing talent

•
Strong executive presence with the ability to engage and influence C-suite stakeholders

•
Technical acumen - you can deeply understand customer pain points and articulate how Cognition’s products solve complex engineering challenges

•
Thrives in ambiguous, rapidly changing environments with a bias toward action and learning

•
Customer-obsessed mindset focused on building lasting partnerships and driving long-term value

You might excel if you…

•
Have experience selling AI, developer tools, or infrastructure software

•
Previously founded a startup or operated in an early-stage environment

•
Were a software engineer, sales engineer, or studied computer science before moving into sales leadership

•
Have built enterprise sales teams from the ground up

•
Are a power user of AI tools with genuine curiosity about the space

•
Are highly competitive and thrive in high-intensity, high-accountability environments

This role is onsite in Austin, TX.

Equal Opportunity

Cognition is an equal opportunity employer. We do not discriminate on the basis of race, color, religion, sex, sexual orientation, gender identity, national origin, age, disability, veteran status, or any other protected characteristic under applicable law. We are committed to providing reasonable accommodations for candidates with disabilities throughout the hiring process - please let us know if you need any.",5110,https://jobs.ashbyhq.com/cognition/a12f5aac-c232-4bf2-953a-2b7217412aed,,,,,,,no_match,,2026-10-02,,2026-10-02,,,,true,0,,,,,Sales,,,false,,,,,,
6d539905-c75e-45e0-8c3e-db9831a5e6e6,Partner Deployed Engineer,cognition,cognition,Full time,Posted 234 Days Ago,,,San Francisco,3,"San Francisco; {'location': 'New York City', 'address': {'postalAddress': {'postalCode': '10021', 'addressRegion': 'NY', 'addressCountry': 'United States', 'addressLocality': 'New York City'}}}; {'location': 'Austin, Texas', 'address': {'postalAddress': {'addressRegion': 'Texas', 'addressCountry': 'United States', 'addressLocality': 'Austin'}}}",false,,United States,,0,"We are an applied AI lab building end-to-end software agents.

We're the makers of Devin, the first AI software engineer.

Our team is extremely talent-dense. Among our founding team, we have world-class competitive programmers, former founders, and leaders from companies at the cutting edge of AI including Scale AI, Palantir, Cursor, Waymo, Tesla, Lunchclub, Modal, Google DeepMind, and Nuro.

Building Devin is just the first step—our hardest challenges still lie ahead. If you’re excited to solve some of the world’s biggest problems and build AI that can reason on real-world tasks, apply to join us.

About the Role

At Cognition, partners are force multipliers. Partner Deployed Engineers (Partner DEs) are partner-facing (and customer-facing) technical experts who enable services partners such as Global Systems Integrators to successfully deploy, scale, and deliver value with Devin across their client base.

In this role, you will work closely with partner solution architects, delivery leads, and engineering teams to help them build repeatable offerings and internal expertise on top of the Cognition platform. Rather than owning a single customer, you’ll amplify impact by enabling partners to support many customers at scale.

This role blends deep technical work, partner enablement, and ecosystem thinking. You’ll lead technical enablement sessions, co-deliver pilots, unblock complex deployments, and help GSIs operationalize Devin into their delivery motions. You’ll act as Cognition’s technical representative within partner organizations.

In This Role, You Will

•
Own the technical success of GSI partners across onboarding, enablement, and scaled delivery of Devin

•
Work directly with partner engineering and architecture teams to understand their delivery models, tooling, and customer use cases

•
Enable partners to build repeatable solutions, accelerators, and reference architectures using Devin

•
Lead technical trainings, workshops, and deep dives for partner teams (hands-on, not slideware)

•
Support partner-led customer pilots and early production deployments, stepping in where complexity is highest

•
Act as a technical escalation point for complex integrations, security reviews, CI/CD environments, and enterprise workflows

•
Build strong, trust-based relationships with partner technical leaders in GSIs (e.g., delivery heads, principal engineers, solution architects)

•
Capture field learnings and partner feedback to influence product roadmap, packaging, and partner readiness

•
Proactively identify gaps in partner capability and work with internal teams to close them

What We Value

•
Partner expertise. You understand how GSIs operate, deliver projects, and measure success

•
Ownership mindset. You take responsibility for partner outcomes, not just enablement activities

•
Technical depth. You can reason about real systems, not just demos

•
Leverage thinking. You prefer enabling 10 teams over doing the work for 1

•
Bias toward execution. You move quickly from concept to working deployment

•
Comfort with ambiguity. Partner environments are messy; you thrive in that reality

Requirements

•
Degree in STEM field and a strong engineering foundation from a rigorous technical environment

•
Demonstrated track record of exceptional performance in academic, professional, or entrepreneurial pursuits

•
Experience working with or alongside large engineering teams (enterprise or services environments preferred)

•
Strong communication skills; you can engage credibly and build relationships with senior partner leaders, architects, and executives

•
High tolerance for ambiguity, intensity, and sustained effort when required

•
Willingness to travel 25–50%, including frequent travel to India and partner/customer sites

You Might Excel If You…

•
Are advanced in at least one modern programming language (e.g., Python, TypeScript)

•
Have experience writing, debugging, and deploying real production systems

•
Have worked with SI / GSI delivery models, enterprise software deployments, or large-scale developer platforms

•
Enjoy enabling others to be successful, not just building things yourself

•
Learn quickly by embedding in complex, real-world environments

•
Have operated beyond your formal job description in high-growth or early-stage settings or have previously founded a startup

•
Thrive in roles that require you to context switch quickly and handle a broad range of technical and non-technical problems

Equal Opportunity

Cognition is an equal opportunity employer. We do not discriminate on the basis of race, color, religion, sex, sexual orientation, gender identity, national origin, age, disability, veteran status, or any other protected characteristic under applicable law. We are committed to providing reasonable accommodations for candidates with disabilities throughout the hiring process - please let us know if you need any.",4919,https://jobs.ashbyhq.com/cognition/6d539905-c75e-45e0-8c3e-db9831a5e6e6,,https://www.linkedin.com/jobs/view/4363094518,2026-09-15,200,Over 200 applicants,,matched,title,2026-10-02,2026-10-02T11:07:47,2026-10-02,,17,startDate+linkedin,true,0,,,,,Customer Engineering,2026-09-15,,true,,,,,,
589326d3-9dc0-447e-ae0c-972b808f831d,"Devops Engineer, Federal",cognition,cognition,Full time,Posted 232 Days Ago,,,Washington DC,1,Washington DC,false,,United States,,0,"We are an applied AI lab building end-to-end software agents.

We're the makers of Devin, the first AI software engineer.

Our team is extremely talent-dense. Among our founding team, we have world-class competitive programmers, former founders, and leaders from companies at the cutting edge of AI including Scale AI, Palantir, Cursor, Waymo, Tesla, Lunchclub, Modal, Google DeepMind, and Nuro.

Building Devin is just the first step—our hardest challenges still lie ahead. If you’re excited to solve some of the world’s biggest problems and build AI that can reason on real-world tasks, apply to join us.

About the Role

This is an unparalleled opportunity to join our team as a foundational engineer in our newly formed federal group. As one of the very first engineers in this critical space, you will not only be instrumental in shaping the technical direction and initial project successes but will also play a key role in the strategic growth and scaling of the entire federal engineering organization, establishing core engineering practices, defining our technical stack for federal clients, and directly influencing the culture of a fast-growing, mission-driven team. Your early contributions and leadership will be essential in defining the trajectory of our federal sector, making this an unparalleled opportunity for high-impact ownership and professional development.

Federal DevOps Engineers are full-stack deployment experts who own and maintain the technical lifecycle of our most important federal enterprise deployments.

You’ll own a narrow set of strategic deployments, working directly with customer engineering teams to scope out complex deployments, ensure compliance with security controls, and implement any needed platform modifications.

A core part of this role is shaping the product from a deployability and operability standpoint. You will make changes directly to the core codebase to ensure our products can be deployed in a variety of environments easily and reliably. You'll identify deployment patterns from the field and translate those learnings into requirements that inform what core engineering builds next. When customers hit friction that the product doesn’t solve, you’re the person who figures out what should exist—and makes it happen.

You’ll own the technical direction of our deployments, making decisions that shape long-term adoption, architecture, and how the Cognition platform evolves in real-world environments.

Core Responsibilities

•
Architect, own, and maintain the end-to-end technical lifecycle of complex, mission-critical federal enterprise deployments and their environments.

•
Work directly with customer engineering and GTM teams to define deployment scope, ensuring compliance with security controls and federal regulations.

•
Provide technical depth on strategic deployments; serving as the trusted expert on deployment, security, and platform architecture.

•
Contribute directly to the core product codebase to improve deployability, operability, and reliability across a variety of environments.

•
Translate field learnings and customer pain points into actionable product direction: scope requirements, define solutions, and drive implementation.

•
Build product extensions, integrations, and automation using Cognition’s APIs and platform primitives to unblock deployments.

•
Serve as the key technical and connective link between the Federal team and core infrastructure engineering teams.

•
Handle escalated technical issues and provide architectural judgment requiring deep debugging and systems analysis.

What We Value

•
Technical depth and the judgment that comes from seeing many deployments

•
Product instinct — you synthesize feedback into solutions, not just feature requests

•
Builder mentality — you’d rather ship something than wait for someone else to build it

•
Credibility with engineering teams, both internal and customer-side

•
An automation-first mindset—you look to engineer repeatable solutions to operational challenges.

•
A collaborative approach to problem-solving, bridging the gap between internal and external teams.

•
Comfort operating across many contexts simultaneously

Requirements

•
Strong engineering foundation with a proven ability to build, debug, and maintain complex, distributed systems.

•
2+ years of experience as a software engineer.

•
Experience working within the government or working in a government focused company.

•
Direct experience in, implementing compliance and security controls required for federal or highly regulated environments.

•
Proficiency in Python, TypeScript, or similar; comfort navigating unfamiliar codebases

•
Have a track record of pursuing excellence at high levels, in any domain

•
Have operated cross-functionally—whether at a startup wearing multiple hats or by driving product/commercial thinking at a larger company

You might excel if….

•
Have built or contributed to software at companies known for engineering rigor and want the broader impact of a foundational role.

•
Enjoy hard, ambiguous problems without obvious solutions and thrive on the autonomy to figure them out.

•
Have a high tolerance for ambiguity, intensity, and sustained effort when the mission-critical nature of the work demands it.

Equal Opportunity

Cognition is an equal opportunity employer. We do not discriminate on the basis of race, color, religion, sex, sexual orientation, gender identity, national origin, age, disability, veteran status, or any other protected characteristic under applicable law. We are committed to providing reasonable accommodations for candidates with disabilities throughout the hiring process - please let us know if you need any.",5717,https://jobs.ashbyhq.com/cognition/589326d3-9dc0-447e-ae0c-972b808f831d,,,,,,,no_match,,2026-10-02,,2026-10-02,,,,true,0,,,,,Customer Engineering,,,false,,,,,,
23b1c551-42ed-4cf7-828c-d3b65569bb41,Brand Marketer,cognition,cognition,Full time,Posted 200 Days Ago,,,San Francisco,2,"San Francisco; {'location': 'New York City', 'address': {'postalAddress': {'postalCode': '10021', 'addressRegion': 'NY', 'addressCountry': 'United States', 'addressLocality': 'New York City'}}}",false,,United States,,0,"We are an applied AI lab building end-to-end software agents.

We're the makers of Devin, the first AI software engineer.

Our team is extremely talent-dense. Among our founding team, we have world-class competitive programmers, former founders, and leaders from companies at the cutting edge of AI including Scale AI, Palantir, Cursor, Waymo, Tesla, Lunchclub, Modal, Google DeepMind, and Nuro.

Building Devin is just the first step—our hardest challenges still lie ahead. If you’re excited to solve some of the world’s biggest problems and build AI that can reason on real-world tasks, apply to join us.

About the Role

We're looking for a creative, strategic marketer to own how Cognition shows up to developers, from product launches and brand campaigns to the day-to-day work of figuring out what we say, how we say it, and where. You'll plan and execute integrated campaigns across channels and work closely with our creative agencies and growth team to turn big ideas into things people actually see and remember.

You might:

•
Plan and execute product launches end-to-end, coordinating messaging, creative, channels, timing, and cross-functional teams to make launches land. We have two major ones in the next 90 days.

•
Define campaign strategy: what's the insight, what's the message, who's the audience, and how does it come to life across paid, organic, out-of-home, events, and partnerships.

•
Be the strategic counterpart to our creative agencies: set the brief, give sharp feedback, and make sure the work that comes back is on-strategy and on-brand.

•
Own upper funnel brand awareness programs, like out-of-home marketing.

•
Develop messaging and positioning for specific campaigns, translating product capabilities into copy that resonates with developers and engineering leaders.

•
Scope and produce video content for campaigns, working with our in-house team and external partners to create ads, product demos, and launch videos.

•
Build, execute, and improve the marketing campaign playbook: templates, timelines, checklists, and processes that let a tiny team punch way above its weight.

You should be:

•
A creative strategist. You can look at a product and figure out what's interesting about it, who cares, and how to make them pay attention. You have taste.

•
An executor. Big ideas are worthless without follow-through. You can manage a campaign from brief to launch with dozens of moving pieces and not drop things.

•
AI-native. You use AI tools daily and are excited to work at a company where the product is AI. Your instinct is to automate everything.

•
A clear writer. Good campaigns start with good copy. You can write a headline, a brief, an email, or a landing page and make it sharp.

•
Comfortable with ambiguity. You'll help build our brand as we deploy it, adapting to the market’s response and what resonates with our customers.

You might have:

•
0-4 years of experience: we care more about taste, speed, and creative instinct than years on a resume

•
Run or meaningfully contributed to a product launch, brand campaign, or creative project

•
Written copy that has attracted attention, whether on X, a blog, or in marketing media like ads, landing pages, emails, briefs, anything

•
Worked with creative agencies or external partners

•
A portfolio, blog, side project, or body of work that shows how you think

Equal Opportunity

Cognition is an equal opportunity employer. We do not discriminate on the basis of race, color, religion, sex, sexual orientation, gender identity, national origin, age, disability, veteran status, or any other protected characteristic under applicable law. We are committed to providing reasonable accommodations for candidates with disabilities throughout the hiring process - please let us know if you need any.",3801,https://jobs.ashbyhq.com/cognition/23b1c551-42ed-4cf7-828c-d3b65569bb41,,https://www.linkedin.com/jobs/view/4384407304,2026-09-26,200,Over 200 applicants,,matched,title,2026-10-02,2026-10-02T11:05:54,2026-10-02,,6,startDate+linkedin,true,0,,,,,Marketing,2026-09-26,,true,,,,,,
dabc56df-b50a-4056-9e01-14ca3e0b12a4,GTM Systems Engineer,cognition,cognition,Full time,Posted 10 Days Ago,,,San Francisco,1,San Francisco,false,,United States,,0,"We are an applied AI lab building end-to-end software agents.

We're the makers of Devin, the first AI software engineer.

Our team is extremely talent-dense. Among our founding team, we have world-class competitive programmers, former founders, and leaders from companies at the cutting edge of AI including Scale AI, Palantir, Cursor, Waymo, Tesla, Lunchclub, Modal, Google DeepMind, and Nuro.

Building Devin is just the first step—our hardest challenges still lie ahead. If you’re excited to solve some of the world’s biggest problems and build AI that can reason on real-world tasks, apply to join us.

About the Role
We're hiring a GTM Systems Engineer to design, build, and scale the technical infrastructure behind our go-to-market engine. You'll own the architecture that connects our CRM, marketing automation, sales tools, and data warehouse, turning manual processes into reliable, automated workflows. Partnering closely with Sales, Marketing, Partnerships and GTM Operations, you'll translate needs from the field into solutions that improve data quality, speed up our teams, and give leadership a trusted view of the sales funnel.

In this role you will:

•
Architect, build, and maintain our GTM tech stack, including CRM, CPQ, marketing automation infrastructure, and more.

•
Design and own integrations and data flows between GTM systems and the data warehouse using APIs, webhooks, and reverse ETL

•
Build automations to improve data hygiene, pipeline accuracy, deal desk processes, etc.

•
Develop AI-powered and agent-based workflows that remove manual work and surface timely signals to reps

•
Ensure data integrity across systems through clear data models, deduplication, validation rules, and monitoring

•
Partner with Ops and Data Engineering to support reporting, dashboards, and forecasting infrastructure

•
Evaluate, implement, and retire tools as the business scales, with thoughtful documentation and change management

Requirements for the role:

•
4+ years in GTM Engineering, Business Systems, Revenue Operations, or a technical Sales/Marketing Ops role at a high-growth company

•
Deep hands-on experience administering and customizing a CRM (Salesforce), including objects, flows, permissions, and integrations

•
Experience building and maintaining CPQ and billing systems is preferred

•
Genuinely curious & interested in AI, with experience applying it to your day-to-day work

•
Strong SQL skills and experience working with a data warehouse (e.g., Snowflake, BigQuery)

•
Experience building integrations with APIs and automation platforms (e.g., Zapier, Workato, Tray.io); scripting in Python or JavaScript is a strong plus

•
A systems-thinking mindset: you design for scale, document your work, and care about clean data

•
You thrive in high-intensity, high-autonomy environments and enjoy owning problems end to end

Equal Opportunity

Cognition is an equal opportunity employer. We do not discriminate on the basis of race, color, religion, sex, sexual orientation, gender identity, national origin, age, disability, veteran status, or any other protected characteristic under applicable law. We are committed to providing reasonable accommodations for candidates with disabilities throughout the hiring process - please let us know if you need any.",3300,https://jobs.ashbyhq.com/cognition/dabc56df-b50a-4056-9e01-14ca3e0b12a4,,,,,,,no_match,,2026-10-02,,2026-10-02,,,,true,0,,,,,General & Administrative,,,false,,,,,,
b24559d8-c742-4da9-aa6c-581a00e56090,Developer Community Manager,cognition,cognition,Full time,Posted 190 Days Ago,,,San Francisco,1,San Francisco,false,,United States,,0,"We are an applied AI lab building end-to-end software agents.

We're the makers of Devin, the first AI software engineer.

Our team is extremely talent-dense. Among our founding team, we have world-class competitive programmers, former founders, and leaders from companies at the cutting edge of AI including Scale AI, Palantir, Cursor, Waymo, Tesla, Lunchclub, Modal, Google DeepMind, and Nuro.

Building Devin is just the first step—our hardest challenges still lie ahead. If you’re excited to solve some of the world’s biggest problems and build AI that can reason on real-world tasks, apply to join us.

About the Role

Devin is reshaping how developers work, and we want to build a community around that transformation. As our Developer Community Manager, you’ll be the connective tissue between Cognition and the broader developer ecosystem: running events, cultivating ambassadors, and bringing Devin to universities and developer communities worldwide.

This isn’t a traditional community manager role. We’re looking for someone with genuine technical depth, ideally a developer or engineer by background, who can speak credibly to software engineers, demo Devin and Windsurf in real workflows, and design programs that resonate with a deeply technical audience. You’ll own the strategy and execution of our community programs from the ground up, building something that doesn’t yet exist at Cognition.

This role is perfect for someone who loves being at the intersection of engineering and community.

Core Responsibilities

•
Scale Cognition’s developer ambassador program, recruiting, onboarding, and supporting technical advocates who champion Devin in their communities

•
Plan and execute developer events including hackathons, meetups, demo days, and conference activations that showcase Devin’s capabilities to engineering audiences

•
Build and manage university programs: campus ambassador networks, workshop series, and partnerships with CS departments and student engineering organizations

•
Create compelling technical content and resources including tutorials, demo scripts, and workshop materials that help developers understand and adopt Devin

•
Own the community feedback loop: synthesize what developers are saying, surface product insights to engineering, and close the loop with the community

•
Manage community platforms and channels, fostering authentic engagement and surfacing high-signal discussions

•
Collaborate with product, engineering, and go-to-market teams to align community programs with company priorities and product launches

•
Track and report on program metrics including ambassador activity, event attendance, community growth, and product adoption from community channels, then iterate based on what’s working

Requirements

•
Technical background: you’ve written code professionally or as part of a CS degree, and you can hold your own in a conversation about APIs, SDKs, and developer workflows

•
2+ years of experience in developer relations, community management, technical evangelism, or a related role at a technology company

•
Demonstrated experience planning and executing technical events, workshops, or community programs

•
Excellent written and verbal communication skills with the ability to translate complex technical concepts into approachable content

•
A builder mentality: you’d rather ship a scrappy v1 than wait for perfect conditions

•
Comfort operating autonomously in a fast-moving environment where priorities shift and ambiguity is the norm

•
A record of exceptional achievements and impact in any domain

You might excel if you…

•
Have built a developer community or ambassador program from scratch and can point to measurable results

•
Have a genuine passion for AI-powered developer tools and strong opinions about how they’ll change the way software is built

•
Are known in developer communities, whether through open source contributions, conference talks, content creation, or community leadership

•
Have experience running programs at universities or with early-career developers and understand what resonates with that audience

•
Thrive on the autonomy, intensity, and pace of an early-stage startup where your work directly shapes the company’s trajectory

•
Have a software engineering background and want to channel that technical credibility into a community-facing role with broader impact

Equal Opportunity

Cognition is an equal opportunity employer. We do not discriminate on the basis of race, color, religion, sex, sexual orientation, gender identity, national origin, age, disability, veteran status, or any other protected characteristic under applicable law. We are committed to providing reasonable accommodations for candidates with disabilities throughout the hiring process - please let us know if you need any.",4826,https://jobs.ashbyhq.com/cognition/b24559d8-c742-4da9-aa6c-581a00e56090,,https://www.linkedin.com/jobs/view/4391088183,2026-09-13,200,Over 200 applicants,,matched,title,2026-10-02,2026-10-02T11:07:48,2026-10-02,,19,startDate+linkedin,true,0,,,,,Marketing,2026-09-13,,true,,,,,,
c42ae7ec-4636-48a0-b682-34ac1c0fb3c6,Paid Media Marketer,cognition,cognition,Full time,Posted 200 Days Ago,,,San Francisco,2,"San Francisco; {'location': 'New York City', 'address': {'postalAddress': {'postalCode': '10021', 'addressRegion': 'NY', 'addressCountry': 'United States', 'addressLocality': 'New York City'}}}",false,,United States,,0,"We are an applied AI lab building end-to-end software agents.

We're the makers of Devin, the first AI software engineer.

Our team is extremely talent-dense. Among our founding team, we have world-class competitive programmers, former founders, and leaders from companies at the cutting edge of AI including Scale AI, Palantir, Cursor, Waymo, Tesla, Lunchclub, Modal, Google DeepMind, and Nuro.

Building Devin is just the first step—our hardest challenges still lie ahead. If you’re excited to solve some of the world’s biggest problems and build AI that can reason on real-world tasks, apply to join us.

About the Role

We're looking for a hands-on digital marketer to own Cognition's paid channels and scale them from early traction to $1M+/month in spend. You'll manage our agency partners while running key channels yourself, build and refine our measurement infrastructure, and figure out which channels actually work for converting our target customers as we scale up spend.

You might:

•
Run and optimize campaigns across Google, Meta, Tiktok, Instagram, Youtube, LinkedIn, Reddit, and X while managing budgets, testing creative, and driving down CAC week over week.

•
Manage our paid media agency relationship: set priorities, review performance, decide what stays outsourced vs. comes in-house as we scale.

•
Scale campaigns spanning from self-serve developers to large enterprise buyers.

•
Test 10+ new ad concepts per week across channels, working with our designer and creative partners to iterate on what's converting.

•
Stand up new channels (programmatic, podcast ads, CTV) as we prove out the core ones and expand spend.

You should be:

•
A channel operator. You've actually been in-platform managing campaigns, not just reviewing dashboards. You know what a good campaign structure looks like and can troubleshoot conversion tracking issues yourself.

•
AI-native. You get superpowers by using the latest AI tools to accomplish your work faster and with higher quality. Your instinct is to automate everything.

•
Analytically rigorous. You can measure the incrementality of a test with statistical significance and resist the urge to call a winner too early.

•
A creative marketer. You love ideating new marketing campaigns, creative angles, and copy that resonates with customers.

You might have:

•
2-4 years of experience managing digital marketing campaigns

•
Hands-on experience with Google Ads and/or Meta Ads Manager

•
Managed $50K-$250K/month in spend and scaled budgets while maintaining efficiency

•
Set up or significantly improved conversion tracking and attribution

•
Worked with creative teams or agencies to iterate on ad concepts at high velocity

Equal Opportunity

Cognition is an equal opportunity employer. We do not discriminate on the basis of race, color, religion, sex, sexual orientation, gender identity, national origin, age, disability, veteran status, or any other protected characteristic under applicable law. We are committed to providing reasonable accommodations for candidates with disabilities throughout the hiring process - please let us know if you need any.",3130,https://jobs.ashbyhq.com/cognition/c42ae7ec-4636-48a0-b682-34ac1c0fb3c6,,https://www.linkedin.com/jobs/view/4384403428,2026-09-26,200,Over 200 applicants,,matched,title,2026-10-02,2026-10-02T11:05:58,2026-10-02,,6,startDate+linkedin,true,0,,,,,Marketing,2026-09-26,,true,,,,,,
b6f96827-ce14-44f4-98fa-b1b8640858b6,"Research Engineer, ML Infrastructure",cognition,cognition,Full time,Posted 57 Days Ago,,,San Francisco,1,San Francisco,false,,United States,,0,"We are an applied AI lab building end-to-end software agents.

We're the makers of Devin, the first AI software engineer.

Our team is extremely talent-dense. Among our founding team, we have world-class competitive programmers, former founders, and leaders from companies at the cutting edge of AI including Scale AI, Palantir, Cursor, Waymo, Tesla, Lunchclub, Modal, Google DeepMind, and Nuro.

Building Devin is just the first step—our hardest challenges still lie ahead. If you’re excited to solve some of the world’s biggest problems and build AI that can reason on real-world tasks, apply to join us.

Role Mission

Research moves at the speed of the infrastructure underneath it. Every training run, evaluation loop, and experimental iteration depends on systems that are fast, reliable, and built to scale. This role exists to make sure nothing in the stack becomes the bottleneck that slows down the frontier.

You will own the core systems that researchers depend on daily: distributed training infrastructure, experiment orchestration, data pipelines, and the tooling that turns raw compute into usable research velocity. This is not a support role. You will work directly alongside researchers, understand the science deeply enough to anticipate what they need next, and build systems that hold up under the pressure of training jobs running across thousands of GPUs. We don't distinguish between research and engineering; the best infrastructure engineers here are also the ones who understand why the research works.

What You'll Accomplish

•
Distributed Training Infrastructure: Build and own the systems that run large-scale training jobs reliably across GPU clusters. This includes job launchers, checkpointing and recovery, fault tolerance, and the monitoring that keeps researchers informed and unblocked.

•
Scaling Agent Rollouts: Own the infrastructure that runs hundreds of thousands of concurrent coding agent rollouts in VM sandboxes, from high-fidelity environment design to the distributed systems that hold up at our largest RL training scales.

•
Performance Optimization: Profile and improve training throughput end to end. Identify bottlenecks across data loading, communication overhead, memory utilization, and compute efficiency. Implement solutions that meaningfully improve step time and MFU at scale.

•
Experiment Orchestration and Tooling: Design and maintain the systems researchers use to launch, track, and analyze experiments. Reduce friction in the research loop so that more time is spent on ideas and less on waiting.

•
Data Pipeline Engineering: Build high-throughput, reliable data pipelines for training and evaluation. Ensure data quality, reproducibility, and efficiency at the scale our training runs demand.

•
Debugging and Reliability: Diagnose and resolve training failures across GPUs, networking, numerics, and data. Maintain detailed understanding of failure modes and build systems that fail gracefully and recover fast.

•
Parallelism and Systems Research: Implement and optimize parallelism strategies: data, tensor, pipeline, and sequence parallelism. Understand the tradeoffs deeply and apply them to get the most out of available hardware.

•
Scaling Infrastructure Ahead of Research: Anticipate what the research team will need next and build it before it becomes a constraint. The best infrastructure engineers here are proactive, not reactive.

Exceptional Candidates Have Demonstrated

•
Deep experience building and operating distributed training systems for large models; comfortable owning infrastructure end to end from the cluster level down to the training loop

•
Strong systems engineering fundamentals: distributed systems, networking, storage, and the ability to reason about performance across the full hardware-software stack

•
Proficiency in Python and C++; experience with PyTorch or equivalent deep learning frameworks at a systems level, not just API usage

•
Hands-on experience with GPU performance profiling, memory optimization, and compute efficiency; able to diagnose why a training run is underperforming and fix it

•
Experience implementing or optimizing parallelism strategies (data, tensor, pipeline, sequence) for large model training

•
Track record of building tooling and abstractions that meaningfully accelerate research workflows

•
Strong debugging instincts across complex, distributed systems where failures are non-deterministic and hard to reproduce

•
Enough ML knowledge to engage substantively with researchers: understand what they are training, why the architecture choices matter, and what the infrastructure needs to support

•
We care more about demonstrated capability than credentials. A PhD is one signal among many.

Resources & Environment

•
Small, highly selective team where research and product move together; prototypes reach real deployment quickly

•
You'll own and operate infrastructure running across thousands of GPUs; compute is not a constraint and neither is access to the systems you need to do the work well

•
The environment rewards speed, autonomy, and technical depth with minimal process overhead; this is one of the most competitive and fast-moving problems in AI

Equal Opportunity

Cognition is an equal opportunity employer. We do not discriminate on the basis of race, color, religion, sex, sexual orientation, gender identity, national origin, age, disability, veteran status, or any other protected characteristic under applicable law. We are committed to providing reasonable accommodations for candidates with disabilities throughout the hiring process - please let us know if you need any.",5644,https://jobs.ashbyhq.com/cognition/b6f96827-ce14-44f4-98fa-b1b8640858b6,,,,,,,no_match,,2026-10-02,,2026-10-02,,,,true,0,,,,,Research & Development,,,false,,,,,,
57e1e2a1-e0a0-4448-a278-8eed035d7428,"Research Engineer, Mid-Training ",cognition,cognition,Full time,Posted 57 Days Ago,,,San Francisco,1,San Francisco,false,,United States,,0,"We are an applied AI lab building end-to-end software agents.

We're the makers of Devin, the first AI software engineer.

Our team is extremely talent-dense. Among our founding team, we have world-class competitive programmers, former founders, and leaders from companies at the cutting edge of AI including Scale AI, Palantir, Cursor, Waymo, Tesla, Lunchclub, Modal, Google DeepMind, and Nuro.

Building Devin is just the first step—our hardest challenges still lie ahead. If you’re excited to solve some of the world’s biggest problems and build AI that can reason on real-world tasks, apply to join us.

Role Mission

Mid-training sits at the seam between pre-training and post-training and is one of the highest-leverage points in the entire model pipeline. This is where raw base model capability is sharpened into something that can reason deeply, generalize reliably, and serve as the foundation that post-training builds on.

You will own the late-stage training decisions that determine what our models are fundamentally capable of: data mix and quality uplift, annealing schedules, context length extension, capability injection across coding, math, and reasoning, and the synthetic data strategies that make all of it scale. This role does cross-cutting work across what is classically considered both pre-training and post-training. We don't distinguish between research and engineering; we expect both.

What You'll Accomplish

•
Data Mix and Quality Uplift: Design and iterate on high-quality data mixtures for late-stage and annealing training runs. Develop principled methods for sourcing, filtering, and weighting data to sharpen model capabilities without degrading general performance.

•
Capability Injection: Drive targeted improvements in coding, mathematics, and long-horizon reasoning through curated data strategies and training interventions. Translate research insights into measurable capability gains on our agents.

•
Synthetic Data Research: Develop and evaluate synthetic data pipelines that generate training signal at scale. Understand the limits and failure modes of synthetic approaches and build methods that hold up in production training runs.

•
Annealing and Schedule Design: Research and optimize multi-stage learning rate schedules, warmup strategies, and compute allocation across training phases. Understand how schedule choices interact with data distribution and model behavior.

•
Context Length Extension: Research and implement methods for extending effective context length without degrading short-context performance. This includes positional encoding strategies, data construction, and targeted evaluation.

•
Evaluation and Iteration: Build evals that distinguish real capability improvements from benchmark overfitting. Close the loop between training decisions and what actually matters for Devin and our other systems in deployment.

•
Scaling and Methodology: Measure how mid-training interventions scale with compute and data. Develop new approaches when existing methods hit ceilings; we expect both rigorous empiricism and original thinking.

Exceptional Candidates Have Demonstrated

•
Deep familiarity with the LLM training pipeline end to end: pre-training data, optimization, architecture, and how mid-training and post-training interact

•
Hands-on experience with continual pre-training, annealing, or late-stage data mixing for large models

•
Strong intuition for data quality: what makes a dataset useful for training, how to filter and curate at scale, and how data mix choices compound across evals

•
Experience developing or evaluating synthetic data pipelines for capability improvement

•
Proficiency in Python and deep learning frameworks (PyTorch); comfortable debugging distributed training at scale

•
Strong fundamentals in optimization, statistics, and ML theory; able to distinguish real effects from noise, instability, and overfitting

•
A track record of original contributions: publications, open-source impact, or internal results that moved a capability frontier

•
Comfort operating in ambiguous, fast-moving environments where the problem definition is as important as the solution

•
We care more about demonstrated capability than credentials. A PhD is one signal among many.

Resources & Environment

•
Small, highly selective team where research and product move together; prototypes reach real deployment quickly

•
Compute is not a constraint: large allocations with training jobs routinely running across thousands of GPUs from day one

•
The environment rewards speed, autonomy, and technical depth with minimal process overhead; this is one of the most competitive and fast-moving problems in AI

Equal Opportunity

Cognition is an equal opportunity employer. We do not discriminate on the basis of race, color, religion, sex, sexual orientation, gender identity, national origin, age, disability, veteran status, or any other protected characteristic under applicable law. We are committed to providing reasonable accommodations for candidates with disabilities throughout the hiring process - please let us know if you need any.",5131,https://jobs.ashbyhq.com/cognition/57e1e2a1-e0a0-4448-a278-8eed035d7428,,,,,,,no_match,,2026-10-02,,2026-10-02,,,,true,0,,,,,Research & Development,,,false,,,,,,
71165bb4-9bc8-49df-9eca-49c4232f72ff,Security Engineer,cognition,cognition,Full time,Posted 57 Days Ago,,,San Francisco,1,San Francisco,false,,United States,,0,"We are an applied AI lab building end-to-end software agents.

We're the makers of Devin, the first AI software engineer.

Our team is extremely talent-dense. Among our founding team, we have world-class competitive programmers, former founders, and leaders from companies at the cutting edge of AI including Scale AI, Palantir, Cursor, Waymo, Tesla, Lunchclub, Modal, Google DeepMind, and Nuro.

Building Devin is just the first step—our hardest challenges still lie ahead. If you’re excited to solve some of the world’s biggest problems and build AI that can reason on real-world tasks, apply to join us.

About the Role

Security Engineers at Cognition own one of the most interesting security surfaces in the industry. Devin executes arbitrary code on behalf of users across millions of sandboxed sessions. Windsurf operates inside developer environments at scale. Both products handle highly sensitive customer code, credentials, and infrastructure access. You will help define what security looks like for AI-native developer tools and build the controls, systems, and culture that let Cognition ship fast without compromising on safety. This is a role for engineers who want to do hands-on, high-leverage security work at the edge of what is being figured out for the first time.

What You'll Accomplish

•
Secure the agent execution surface: Design and harden the sandboxing, isolation, and runtime controls that let Devin safely execute untrusted code and use tools across long-horizon tasks.

•
Own product and infrastructure security: Lead threat modeling, secure design reviews, and vulnerability management across Devin, Windsurf, and the underlying infrastructure they run on.

•
Build security tooling that engineers actually use: Create internal systems for secrets management, identity and access, dependency security, and detection that integrate naturally into how the team ships.

•
Lead incident response and detection: Build the detection pipeline, run incident response, and turn every event into systemic improvements.

•
Drive customer trust: Partner with go-to-market and legal teams to support compliance and customer trust initiatives. Build the controls that customers expect from a tool deeply embedded in their engineering workflow.

Exceptional Candidates Have Demonstrated

•
Deep security engineering: Hands-on experience across product security, infrastructure security, and detection and response.

•
Strong software engineering fundamentals: Security at Cognition means writing real code; proficiency in Python, Rust, Go, and comfort owning complex systems codebases.

•
Cloud security expertise: Practical experience securing Kubernetes, cloud platforms (AWS, GCP, or Azure), and multi-tenant compute environments.

•
Web security expertise: Hands-on experience hardening complex, modern web applications.

•
Threat modeling and adversarial thinking: You can look at a system and quickly identify how it breaks; you think like an attacker and design like a defender.

•
Incident response: Calm, methodical, and effective under pressure; experience leading incidents end to end and driving the fixes that follow.

•
Comfort with novel problem spaces: You are excited rather than intimidated by the security challenges unique to autonomous agents and AI-native developer tools.

•
Relevant industry experience: Prior experience at a frontier AI lab, applied AI company, or developer tools company. You know what good looks like in this category.

•
Degree from a top-tier university: BS, MS, or equivalent in Computer Science, Mathematics, Engineering, or a related technical discipline from a highly selective program.

Compensation & Benefits

•
Base Salary: $260,000 - $300,000 + significant early-stage equity

•
Medical, Dental, Vision: Fully paid for you and your dependents

•
401(k): Company match included

Perks: Private chef, cozy slippers, endless snacks, and more

Equal Opportunity

Cognition is an equal opportunity employer. We do not discriminate on the basis of race, color, religion, sex, sexual orientation, gender identity, national origin, age, disability, veteran status, or any other protected characteristic under applicable law. We are committed to providing reasonable accommodations for candidates with disabilities throughout the hiring process - please let us know if you need any.",4347,https://jobs.ashbyhq.com/cognition/71165bb4-9bc8-49df-9eca-49c4232f72ff,,,,,,,no_match,,2026-10-02,,2026-10-02,,,,true,0,,,,,Research & Development,,,false,,,,,,
48e3fa1e-e7b6-4822-b501-0714187c4ebd,"Support Specialist, Subscriptions & Billing",cognition,cognition,Full time,Posted 128 Days Ago,,,San Francisco,1,San Francisco,false,,United States,,0,"We are an applied AI lab building end-to-end software agents.

We're the makers of Devin, the first AI software engineer.

Our team is extremely talent-dense. Among our founding team, we have world-class competitive programmers, former founders, and leaders from companies at the cutting edge of AI including Scale AI, Palantir, Cursor, Waymo, Tesla, Lunchclub, Modal, Google DeepMind, and Nuro.

Building Devin is just the first step—our hardest challenges still lie ahead. If you’re excited to solve some of the world’s biggest problems and build AI that can reason on real-world tasks, apply to join us.

About the Role

Cognition is building the AI software engineer of the future. As a Support Specialist focused on Subscriptions & Billing, you will own customer-facing resolution for billing, invoicing, payment, subscription, and account access issues across Cognition and Windsurf customers.

This role requires excellent written communication, strong operational judgment, attention to detail, and the ability to manage sensitive customer issues with urgency and accuracy. You will help customers navigate everything from plan changes and payment failures to refunds, invoice blockers, purchase orders, renewal questions, and enterprise billing workflows.

You will be the first line of response for subscription and billing issues, owning customer communication end-to-end while partnering closely with Finance, Engineering, and other internal teams to ensure issues are resolved accurately and efficiently.

This is a customer-facing role with direct impact on revenue retention, customer trust, and the day-to-day experience of teams using Cognition and Windsurf.

Responsibilities

•
Own incoming subscription and billing issues from initial customer response through resolution, including renewals, upgrades, downgrades, refunds, payment failures, invoices, and billing-related account access.

•
Provide clear, empathetic, and accurate communication, especially when customers are blocked or dealing with sensitive billing situations.

•
Triage billing and subscription issues to determine whether they can be resolved within Support or require escalation to Finance, Engineering, or other internal stakeholders.

•
Partner with Finance on invoicing, purchase orders, tax/VAT questions, refunds, credits, payment reconciliations, and enterprise billing workflows.

•
Partner with Engineering on billing system bugs, product edge cases, account entitlements, internal tooling gaps, and subscription-related product behavior.

•
Track escalations to completion and keep customers updated with proactive, high-quality status updates.

•
Build internal playbooks, macros, tooling, and documentation that make future subscription and billing investigations faster and more consistent. Creatively apply AI tooling and agents to help improve deflection rate of billing issues.

•
Identify recurring ticket drivers and share actionable feedback with Finance, Engineering, Product, and Support leadership to reduce volume and improve customer outcomes.

Qualifications

•
2+ years of experience in customer support, billing operations, revenue operations, customer success, account management, or a similar customer-facing operational role.

•
Familiarity with subscription billing platforms such as Stripe, Chargebee, or similar.

•
Familiarity with ticketing and customer support systems such as Zendesk, Pylon, Intercom, or similar.

•
Excellent written communication and customer judgment, especially when handling sensitive or high-stakes billing issues.

•
Strong attention to detail and ability to manage billing-related work accurately across multiple systems and workflows.

•
Strong organizational skills and ability to manage a high volume of concurrent tickets and escalations.

•
Ability to triage ambiguous customer issues, identify the right next step, and drive resolution with urgency and ownership.

•
Comfort working across support, billing, CRM, and internal admin tools; able to learn new systems quickly and maintain accuracy across workflows.

•
Ability to operate effectively in a fast-paced environment where processes, products, and tools are evolving quickly.

•
Interest in AI, developer tools, and the future of software engineering.

Nice to Have

•
Experience supporting enterprise customers through invoicing, procurement workflows, purchase orders, tax/VAT questions, and payment reconciliation.

•
Experience with refunds, credits, failed charges, disputes, proration, renewals, and other subscription billing concepts.

•
Experience writing help center articles, internal documentation, macros, or operational runbooks.

•
Experience identifying recurring operational issues and improving processes, tooling, or customer-facing guidance to reduce future ticket volume.

Equal Opportunity

Cognition is an equal opportunity employer. We do not discriminate on the basis of race, color, religion, sex, sexual orientation, gender identity, national origin, age, disability, veteran status, or any other protected characteristic under applicable law. We are committed to providing reasonable accommodations for candidates with disabilities throughout the hiring process - please let us know if you need any.",5244,https://jobs.ashbyhq.com/cognition/48e3fa1e-e7b6-4822-b501-0714187c4ebd,,https://www.linkedin.com/jobs/view/4417247326,2026-09-12,200,Over 200 applicants,,matched,title,2026-10-02,2026-10-02T11:07:50,2026-10-02,,20,startDate+linkedin,true,0,,,,,Customer Engineering,2026-09-12,,true,,,,,,
781253e9-294d-4820-b465-dcb00d92476c,Workplace & Engagement Coordinator,cognition,cognition,Full time,Posted 116 Days Ago,,,New York City,1,New York City,false,,United States,,0,"We are an applied AI lab building end-to-end software agents.

We're the makers of Devin, the first AI software engineer.

Our team is extremely talent-dense. Among our founding team, we have world-class competitive programmers, former founders, and leaders from companies at the cutting edge of AI including Scale AI, Palantir, Cursor, Waymo, Tesla, Lunchclub, Modal, Google DeepMind, and Nuro.

Building Devin is just the first step—our hardest challenges still lie ahead. If you’re excited to solve some of the world’s biggest problems and build AI that can reason on real-world tasks, apply to join us.

About the Role

We’re hiring a Workplace & Engagement Coordinator to support our New York office and help create a warm, welcoming, and well-run workplace experience.

This is a hands-on, people-facing role that blends logistics and operations with hospitality and judgment. No day will look the same, and you’ll wear multiple hats to help keep the office running smoothly as our New York team grows!

What you’ll do

Be the face of the office

•
Greet employees, candidates, and guests with professionalism and warmth

•
Coordinate with building security to ensure a smooth, secure arrival experience

•
Support recruiting by welcoming candidates and helping interviews run on time

Keep the office moving

•
Manage incoming and outgoing mail, packages, and deliveries throughout the day

•
Coordinate and communicate out the ordering of employee meals (lunch, dinner) as needed

•
Assist office services teams (custodial, culinary, vendors) as needed

•
Help troubleshoot day-to-day issues and escalate when appropriate

Support workplace operations & events

•
Partner closely with the Employee Experience team on daily needs and employee onboarding processes

•
Stock and coordinate distribution of office supplies and swag for employees and guests

•
Coordinate client meetings, interviews, and team offsites for employees across our team

•
Assist in planning office events and activities to keep morale high

Contribute to a great employee experience

•
Notice what’s working and what isn’t in the office environment

•
Pitch in during busy moments, events, and high-traffic days

•
Help create a calm, welcoming, and reliable experience for everyone in the space (and eventually know all employees by first name!)

What we’re looking for

•
Professional, friendly presence with strong communication skills

•
Comfortable in a highly visible, customer-facing role

•
Organized and detail-oriented, with strong follow-through

•
Able to balance structure with flexibility in a fast-moving environment

•
Comfortable lifting up to 35 lbs and being on your feet throughout the day

•
Experience in front desk, office coordination, hospitality, or rapid-growth companies is a plus

•
Creativity and interest in employee events is also a plus

Why this role matters

Our office is more than a grouping of desks - it’s a central hub for our New York City team. This role helps shape how employees feel about coming into the office, how candidates experience us during interviews, and how smoothly the workplace functions day to day. You’ll have real ownership, real visibility, and the opportunity to make a meaningful impact on how the office feels and runs.

Equal Opportunity

Cognition is an equal opportunity employer. We do not discriminate on the basis of race, color, religion, sex, sexual orientation, gender identity, national origin, age, disability, veteran status, or any other protected characteristic under applicable law. We are committed to providing reasonable accommodations for candidates with disabilities throughout the hiring process - please let us know if you need any.",3703,https://jobs.ashbyhq.com/cognition/781253e9-294d-4820-b465-dcb00d92476c,,https://www.linkedin.com/jobs/view/4427394592,2026-09-11,200,Over 200 applicants,,matched,title,2026-10-02,2026-10-02T11:07:53,2026-10-02,,21,startDate+linkedin,true,0,,,,,General & Administrative,2026-09-11,,true,,,,,,
3e287a98-b54f-4fe1-a804-32391dfc43fc,People Operations,cognition,cognition,Full time,Posted 115 Days Ago,,,San Francisco,1,San Francisco,false,,United States,,0,"We are an applied AI lab building end-to-end software agents.

We're the makers of Devin, the first AI software engineer.

Our team is extremely talent-dense. Among our founding team, we have world-class competitive programmers, former founders, and leaders from companies at the cutting edge of AI including Scale AI, Palantir, Cursor, Waymo, Tesla, Lunchclub, Modal, Google DeepMind, and Nuro.

Building Devin is just the first step—our hardest challenges still lie ahead. If you’re excited to solve some of the world’s biggest problems and build AI that can reason on real-world tasks, apply to join us.

About the Role

We're growing fast and bringing in world-class talent from around the globe, and we're doing it differently than most. That kind of momentum doesn't run itself. We're hiring someone to build the engine behind it: the HR processes, playbooks, and systems that can scale as fast as we do. This is a rare chance to own real scope early. You'll help build and run our core HR functions from the ground up, including onboarding, benefits, compensation, compliance, and employee relations. You'll also own our immigration program end to end. Along the way you'll solve hard problems, work cases that actually matter to people's lives, and watch the things you build become how the company runs.

In this role you will:

•
Support global mobility and international expansion, helping evaluate and operationalize employee moves across countries and building the People infrastructure required as Cognition enters new markets.

•
Serve as a trusted point of contact for employees navigating immigration, including visa sponsorship, renewals, status changes, travel considerations, and other immigration-related questions; manage US immigration end to end (H-1B, O-1, PERM, green cards) in close coordination with outside counsel.

•
Drive process design and continuous improvement across the employee lifecycle, identifying opportunities to simplify, automate, and improve how the People team operates.

•
Bring an operational lens to business decisions, surfacing risks, dependencies, and tradeoffs early and helping leaders navigate complex People situations with strong judgment.

•
Jump into high-priority People and business projects as needed. We are a lean team operating in a rapidly evolving company, so the scope of this role will continue to expand alongside Cognition.

Requirements for this role:

•
3+ years in people operations or HR at a fast-growing startup or tech company

•
Solid generalist foundation across core HR: onboarding, benefits administration, compliance, employee relations, and policy

•
Practical experience managing US immigration cases (H-1B, O-1, PERM, green cards), including direct coordination with outside counsel

Equal Opportunity

Cognition is an equal opportunity employer. We do not discriminate on the basis of race, color, religion, sex, sexual orientation, gender identity, national origin, age, disability, veteran status, or any other protected characteristic under applicable law. We are committed to providing reasonable accommodations for candidates with disabilities throughout the hiring process - please let us know if you need any.",3204,https://jobs.ashbyhq.com/cognition/3e287a98-b54f-4fe1-a804-32391dfc43fc,,,,,,,no_match,,2026-10-02,,2026-10-02,,,,true,0,,,,,General & Administrative,,,false,,,,,,
5be1f6c8-a40e-4eb0-9fa5-9001cd32ebf6,Regional Sales Director,cognition,cognition,Full time,Posted 86 Days Ago,,,"San Francisco, Austin, New York City",1,"San Francisco, Austin, New York City",false,,United States,,0,"We are an applied AI lab building end-to-end software agents.

We're the makers of Devin, the first AI software engineer.

Our team is extremely talent-dense. Among our founding team, we have world-class competitive programmers, former founders, and leaders from companies at the cutting edge of AI including Scale AI, Palantir, Cursor, Waymo, Tesla, Lunchclub, Modal, Google DeepMind, and Nuro.

Building Devin is just the first step—our hardest challenges still lie ahead. If you’re excited to solve some of the world’s biggest problems and build AI that can reason on real-world tasks, apply to join us.

The Role:

We're looking for a Regional Sales Director to lead a team of Account Executives driving net-new and expansion revenue across Fortune 500 accounts.

This is a player-coach role in a high-ownership environment. You will set strategy, close alongside your team on the largest deals, and build one of the most consequential enterprise sales teams in AI. You will report directly to the VP of Sales and work in close partnership with Deployed Engineering, post-sales, and executive leadership.

This is not a role for someone who manages from a dashboard. The right person is in the field, knows every major deal, and has a point of view on how to win.

What You'll Own:

Revenue Execution

•
Own quarterly and annual bookings quota for your territory across new logo acquisition and expansion

•
Manage a pipeline of $5M--$20M+ ARR opportunities with average deal sizes of $1M+

•
Forecast accurately using MEDDIC; maintain deal hygiene and stage discipline

•
Be in the rooms that matter -- EBCs, executive dinners, key negotiations -- alongside your AEs

Team Leadership

•
Recruit, hire, and develop a team of 3-6 Enterprise AEs

•
Run rigorous weekly 1:1s and deal reviews focused on qualification, strategy, and close plans

•
Build a team culture of accountability, intellectual curiosity, and competitive drive

•
Identify performance gaps early and coach or make personnel changes decisively

Territory and GTM Strategy

•
Define territory segmentation and account prioritization within your vertical

•
Build vertical-specific messaging and competitive positioning in partnership with Marketing and Product

•
Partner with post-sales to expand the installed base and protect renewals

•
Develop executive relationships within key accounts that extend beyond the AE layer

Cross-functional Influence

•
Serve as the voice of the field - surface product gaps, competitive intelligence, and customer insights to leadership

•
Collaborate with Deployed Engineering to scope and deliver compelling POCs and technical evaluations

•
Work with Legal and Finance on complex contract structures, MSAs, and non-standard terms

What We're Looking For:

Required

•
7+ years of enterprise software sales experience, including at least 2 years managing a team of high-level AEs

•
2+ years of experience successfully selling into F500 companies

•
Demonstrated track record closing $1M+ ARR deals with F500 accounts in a complex, multi-stakeholder sales motion

•
Experience selling to CIO, CTO, SVP/VP Engineering, or equivalent technical executive buyers

•
Proficiency in MEDDIC or a comparable enterprise sales methodology

•
History of overachievement against quota as both an IC and a manager

•
Ability to recruit and close top-tier sales talent in a competitive market

Strongly Preferred

•
Vertical-relevant domain expertise - working knowledge of buyer personas, budget cycles, and procurement dynamics in the vertical

•
Prior experience selling developer tools, AI/ML platforms, cloud infrastructure, or adjacent technical products

•
Track record at a high-growth startup or scale-up (Series B through IPO stage)

•
Familiarity with the competitive landscape in AI coding, including GitHub Copilot, Cursor, Windsurf, and emerging agentic tools

What This Is Not:

•
A role where you manage by report and review dashboards. You will know every deal.

•
A role with an established, fully staffed team. You will hire some of your AEs.

•
A role where the product sells itself. Devin is a paradigm shift -- you will need to sell the vision before the prospect fully understands the category.

•
A slow-moving environment. We move fast, change direction when we learn something, and expect the same from leadership.

Equal Opportunity

Cognition is an equal opportunity employer. We do not discriminate on the basis of race, color, religion, sex, sexual orientation, gender identity, national origin, age, disability, veteran status, or any other protected characteristic under applicable law. We are committed to providing reasonable accommodations for candidates with disabilities throughout the hiring process - please let us know if you need any.",4771,https://jobs.ashbyhq.com/cognition/5be1f6c8-a40e-4eb0-9fa5-9001cd32ebf6,,,,,,,no_match,,2026-10-02,,2026-10-02,,,,true,0,,,,,Sales,,,false,,,,,,
1b2f97f6-2215-4ebd-bd01-4c6a10ca4ac0,Capture Lead - Federal,cognition,cognition,Full time,Posted 72 Days Ago,,,Washington DC,1,Washington DC,false,,United States,,0,"We are an applied AI lab building end-to-end software agents.

We're the makers of Devin, the first AI software engineer.

Our team is extremely talent-dense. Among our founding team, we have world-class competitive programmers, former founders, and leaders from companies at the cutting edge of AI including Scale AI, Palantir, Cursor, Waymo, Tesla, Lunchclub, Modal, Google DeepMind, and Nuro.

Building Devin is just the first step—our hardest challenges still lie ahead. If you’re excited to solve some of the world’s biggest problems and build AI that can reason on real-world tasks, apply to join us.

About the Role

Cognition is building its federal business, and capture is the engine that drives it. We're hiring a Capture Lead to partner directly with Federal leadership and own that engine end to end—from identifying the right pursuits to standing up the systems that make winning repeatable. This is a builder's role: you'll create the capture function, not inherit one.

What you'll do

Capture strategy & planning

•
Partner with Federal sales leadership on quarterly and annual capture planning

•
Partner with GTM, Mission Success, and Engineering on deal structuring, pricing strategy, and negotiation across contract vehicles

•
Track and prioritize contract vehicle strategy (GSA, OTAs, IDIQs, SBIR pathways, prime/sub relationships)

Pursuit & proposal operations

•
Identify and track relevant federal solicitations, from initial RFI through final RFP

•
Build the operational backbone for proposal response: intake, qualification, bid/no-bid decisioning, color team review cadence, and compliance

•
Manage relationships with proposal and capture partners supporting RFI-to-RFP response on Cognition's behalf

•
Build and maintain proposal collateral, and maintain the past performance, capabilities, and pricing libraries that compound across pursuits

GTM systems & performance

•
Define the metrics that matter for a federal GTM motion and build dashboards that surface them

•
Own solicitation response tracking across active pursuits

•
Run the red-team/AAR process on wins and losses; turn lessons learned into repeatable best practices

Cross-functional execution

•
Identify operational bottlenecks and build the systems, processes, and tooling to remove them

What we're looking for

•
4+ years of experience in federal business operations, capture management, or revenue strategy at a defense tech, federal SaaS, or government services company

•
Deep fluency in federal procurement: contract vehicles, working knowledge of FAR/DFARS, capture lifecycle, and the rhythm of federal sales cycles

•
Strong analytical foundation—you can build the model, run the analysis, and tell the story

•
Track record of working in and building capture programs from scratch in a fast-moving environment

•
Comfort operating without a playbook, and a low ego about doing the work yourself

•
Based in Washington, DC, or willing to relocate

•
Security clearance preferred, or ability to obtain one

What success looks like in the first year

•
A functioning bid/no-bid and proposal process with clear ownership

•
Live pipeline visibility and win/loss reporting leadership actually uses

•
A measurable improvement in win rate or pursuit efficiency

Equal Opportunity

Cognition is an equal opportunity employer. We do not discriminate on the basis of race, color, religion, sex, sexual orientation, gender identity, national origin, age, disability, veteran status, or any other protected characteristic under applicable law. We are committed to providing reasonable accommodations for candidates with disabilities throughout the hiring process - please let us know if you need any.",3702,https://jobs.ashbyhq.com/cognition/1b2f97f6-2215-4ebd-bd01-4c6a10ca4ac0,,,,,,,no_match,,2026-10-02,,2026-10-02,,,,true,0,,,,,Sales,,,false,,,,,,
d2f6813a-9a17-40be-84aa-df17201e4367,Payroll Operations Manager,cognition,cognition,Full time,Posted 58 Days Ago,,,San Francisco,3,"San Francisco; {'location': 'New York City', 'address': {'postalAddress': {'postalCode': '10021', 'addressRegion': 'NY', 'addressCountry': 'United States', 'addressLocality': 'New York City'}}}; {'location': 'Austin, Texas', 'address': {'postalAddress': {'addressRegion': 'Texas', 'addressCountry': 'United States', 'addressLocality': 'Austin'}}}",false,,United States,,0,"We are an applied AI lab building end-to-end software agents.

We're the makers of Devin, the first AI software engineer.

Our team is extremely talent-dense. Among our founding team, we have world-class competitive programmers, former founders, and leaders from companies at the cutting edge of AI including Scale AI, Palantir, Cursor, Waymo, Tesla, Lunchclub, Modal, Google DeepMind, and Nuro.

Building Devin is just the first step—our hardest challenges still lie ahead. If you’re excited to solve some of the world’s biggest problems and build AI that can reason on real-world tasks, apply to join us.

About the role

We're looking for a Payroll Operations Manager to own and scale our global payroll function while helping build the operational foundation that supports our next stage of growth.

You'll be responsible for ensuring employees, contractors, and commission recipients are paid accurately, compliantly, and on time across the countries in which we operate . You'll oversee payroll operations end-to-end, including domestic and international payroll tax compliance and tax withholding for cash and equity compensation, manage key workforce-related programs such as 401(k) administration, and partner closely with Finance, Accounting, People Operations, Tax, and Legal to build processes that scale.

In this role you will:

•
Own global payroll end-to-end. Run payroll across the U.S. and international jurisdictions for employees, contractors, and commission recipients—accurate, compliant, and on time, every cycle.

•
Build for scale. Design and improve the systems, automation, controls, and documentation that let payroll handle 2x, 5x, 10x the volume without proportional effort.

•
Manage vendors and partners. Own relationships with payroll providers, EORs, and benefits administrators, holding them to a high bar on accuracy, compliance, and service.

•
Own payroll tax compliance. Coordinate domestic and international payroll tax registrations, withholding, deposits, filings, reconciliations, and tax notice resolution; partner with providers and advisors on local requirements and cross-border employee scenarios.

•
Manage complex and variable compensation. Ensure the accurate payroll treatment of commissions, bonuses, taxable benefits, relocation payments, and other cash and non-cash compensation.

•
Administer key programs. Run 401(k) contributions, payroll deductions, contractor payments, garnishments, benefits inputs , and other payments where administered through payroll systems.

•
Partner cross-functionally. Work closely with Finance, Accounting, People Ops, Tax, and Legal to keep data clean, stay compliant, and give employees a seamless experience.

Requirements for the role:

•
5+ years in payroll, accounting operations, or finance operations, including ownership of complex payroll in a high-growth environment.

•
Deep domestic and international payroll experience, with meaningful exposure to international payroll, EORs, global payroll providers, and cross-border employee matters.

•
Strong command of US payroll tax compliance, including federal, state, and local withholding, deposits, filings, reconciliations, tax notices, and quarter- and year-end reporting.

•
International payroll tax knowledge. Working knowledge of international payroll tax and withholding concepts, with the judgment to identify issues and coordinate with local payroll providers, Tax, Legal, and external advisors.

•
Fluency with enterprise payroll platforms (ADP, Workday, Rippling, or similar), including configuration, process improvement, and vendor management.

•
Based in San Francisco and willing to work from the office 5 days per week.

Equal Opportunity

Cognition is an equal opportunity employer. We do not discriminate on the basis of race, color, religion, sex, sexual orientation, gender identity, national origin, age, disability, veteran status, or any other protected characteristic under applicable law. We are committed to providing reasonable accommodations for candidates with disabilities throughout the hiring process - please let us know if you need any.",4118,https://jobs.ashbyhq.com/cognition/d2f6813a-9a17-40be-84aa-df17201e4367,,,,,,,no_match,,2026-10-02,,2026-10-02,,,,true,0,,,,,General & Administrative,,,false,,,,,,
c6cd45c1-08d2-4acb-a33b-9ff6872025c0,Workplace & Engagement Coordinator,cognition,cognition,Full time,Posted 52 Days Ago,,,Washington DC,1,Washington DC,false,,United States,,0,"We are an applied AI lab building end-to-end software agents.

We're the makers of Devin, the first AI software engineer.

Our team is extremely talent-dense. Among our founding team, we have world-class competitive programmers, former founders, and leaders from companies at the cutting edge of AI including Scale AI, Palantir, Cursor, Waymo, Tesla, Lunchclub, Modal, Google DeepMind, and Nuro.

Building Devin is just the first step—our hardest challenges still lie ahead. If you’re excited to solve some of the world’s biggest problems and build AI that can reason on real-world tasks, apply to join us.

About the Role

We’re hiring a Workplace & Engagement Coordinator to support our Washington DC office and help create a warm, welcoming, and well-run workplace experience.

This is a hands-on, people-facing role that blends logistics and operations with hospitality and judgment. No day will look the same, and you’ll wear multiple hats to help keep the office running smoothly as our team grows!

What you’ll do

Be the face of the office

•
Greet employees, candidates, and guests with professionalism and warmth

•
Coordinate with building security to ensure a smooth, secure arrival experience

•
Support recruiting by welcoming candidates and helping interviews run on time

Keep the office moving

•
Manage incoming and outgoing mail, packages, and deliveries throughout the day

•
Coordinate and communicate out the ordering of employee meals (lunch, dinner) as needed

•
Assist office services teams (custodial, culinary, vendors) as needed

•
Help troubleshoot day-to-day issues and escalate when appropriate

Support workplace operations & events

•
Partner closely with the Employee Experience team on daily needs and employee onboarding processes

•
Stock and coordinate distribution of office supplies and swag for employees and guests

•
Coordinate client meetings, interviews, and team offsites for employees across our team

•
Assist in planning office events and activities to keep morale high

Contribute to a great employee experience

•
Notice what’s working and what isn’t in the office environment

•
Pitch in during busy moments, events, and high-traffic days

•
Help create a calm, welcoming, and reliable experience for everyone in the space (and eventually know all employees by first name!)

What we’re looking for

•
Professional, friendly presence with strong communication skills

•
Comfortable in a highly visible, customer-facing role

•
Organized and detail-oriented, with strong follow-through

•
Able to balance structure with flexibility in a fast-moving environment

•
Comfortable lifting up to 35 lbs and being on your feet throughout the day

•
Experience in front desk, office coordination, hospitality, or rapid-growth companies is a plus

•
Creativity and interest in employee events is also a plus

Why this role matters

Our office is more than a grouping of desks - it’s a central hub for our Washington DC team. This role helps shape how employees feel about coming into the office, how candidates experience us during interviews, and how smoothly the workplace functions day to day. You’ll have real ownership, real visibility, and the opportunity to make a meaningful impact on how the office feels and runs.

Equal Opportunity

Cognition is an equal opportunity employer. We do not discriminate on the basis of race, color, religion, sex, sexual orientation, gender identity, national origin, age, disability, veteran status, or any other protected characteristic under applicable law. We are committed to providing reasonable accommodations for candidates with disabilities throughout the hiring process - please let us know if you need any.",3699,https://jobs.ashbyhq.com/cognition/c6cd45c1-08d2-4acb-a33b-9ff6872025c0,,https://www.linkedin.com/jobs/view/4449828294,2026-09-23,192,192 applicants,,matched,title,2026-10-02,2026-10-02T11:07:51,2026-10-02,,9,startDate+linkedin,true,0,,,,,General & Administrative,2026-09-23,,false,,,,,,
9bcd9d64-8ea5-4c34-99c3-db9b37b6f3c7,"Event Producer - Recruiting, R&D",cognition,cognition,Full time,Posted 45 Days Ago,,,San Francisco,1,San Francisco,false,,United States,,0,"We are an applied AI lab building end-to-end software agents.

We're the makers of Devin, the first AI software engineer.

Our team is extremely talent-dense. Among our founding team, we have world-class competitive programmers, former founders, and leaders from companies at the cutting edge of AI including Scale AI, Palantir, Cursor, Waymo, Tesla, Lunchclub, Modal, Google DeepMind, and Nuro.

Building Devin is just the first step—our hardest challenges still lie ahead. If you’re excited to solve some of the world’s biggest problems and build AI that can reason on real-world tasks, apply to join us.

About the role

You’ll design and run events that bring people together—from candidate dinners and conference booth set-ups to R&D offsites and internal programs.

You’ll also own talent operations for the R&D recruiting team, helping create streamlined processes for things to run smoothly.

Some days you might be coordinating an offsite dinner for an international conference in Berlin followed by an intimate concert. Other days you’re launching a new internal referral program, planning a surprise celebration, or making sure a shipment of swag arrives before flying to your next destination.

If you love creating thoughtful experiences, have strong operational instincts, and enjoy making things happen behind the scenes, this role might be a great fit.

What you’ll do

Design and run memorable events

•
Plan and execute recruiting events including candidate dinners, conferences, and pop-up activations on campus

•
Source the most unique, creative venues and over-the-top a

•
Partner with leadership and the Employee Experience team to create events that feel thoughtful and intentional

•
Recruit the top talent at each event by acting as a Cognition ambassador

Make the details work

•
Track budgets and event spend

•
Coordinate vendors and logistics across multiple events and initiatives

•
Help continuously improve how we run events and programs as the company grows

•
Track ROI and get feedback from each event to evaluate each event’s effectiveness

We’d love to meet someone who

•
Has 2-4 years of experience planning events, programs, or community initiatives

•
Is both creative and operationally strong—able to dream up ideas and execute them well

•
Loves bringing people together and creating meaningful shared experiences

•
Has excellent organizational skills and strong attention to detail

•
Is comfortable managing multiple projects and shifting priorities

•
Enjoys working in a fast-moving, collaborative environment

Why this role matters

Hiring doesn’t happen without a lot of work behind the scenes. Building a team requires It’s shaped through shared experiences, thoughtful details, and the people who care about creating them.

This role will help define what recruiting top talent at Cognition looks like—from the biggest event experiences to the smallest everyday moments.

Equal Opportunity

Cognition is an equal opportunity employer. We do not discriminate on the basis of race, color, religion, sex, sexual orientation, gender identity, national origin, age, disability, veteran status, or any other protected characteristic under applicable law. We are committed to providing reasonable accommodations for candidates with disabilities throughout the hiring process - please let us know if you need any.",3361,https://jobs.ashbyhq.com/cognition/9bcd9d64-8ea5-4c34-99c3-db9b37b6f3c7,,https://www.linkedin.com/jobs/view/4452847985,2026-10-01,148,148 applicants,,matched,title,2026-10-02,2026-10-02T11:07:54,2026-10-02,,1,startDate+linkedin,true,0,,,,,General & Administrative,2026-10-01,,false,,,,,,
1eff622b-31c1-443b-9e1a-f0ceaa12e77c,"Executive Assistant, Sales Leadership",cognition,cognition,Full time,Posted 43 Days Ago,,,San Francisco,1,San Francisco,false,,United States,,0,"We are an applied AI lab building end-to-end software agents.

We're the makers of Devin, the first AI software engineer.

Our team is extremely talent-dense. Among our founding team, we have world-class competitive programmers, former founders, and leaders from companies at the cutting edge of AI including Scale AI, Palantir, Cursor, Waymo, Tesla, Lunchclub, Modal, Google DeepMind, and Nuro.

Building Devin is just the first step—our hardest challenges still lie ahead. If you’re excited to solve some of the world’s biggest problems and build AI that can reason on real-world tasks, apply to join us.

About the Role

We're hiring an Executive Assistant to support a group of 3 Sales VPs as Cognition scales its go-to-market organization. This is a high-trust, high-visibility role: you'll be the operational backbone for a fast-moving sales leadership team, keeping calendars, communications, travel, and cross-functional coordination running smoothly so our leaders can stay focused on revenue and team growth.

You'll work closely with Sales, GTM Operations, Marketing, and the broader EA team in our San Francisco office. This role is based on-site and requires someone who thrives in a fast-paced, high-growth environment and can juggle competing priorities across multiple executives without dropping a thread.

What You'll Do

•
Manage complex, ever-changing calendars across multiple Sales VPs, proactively resolving conflicts and prioritizing based on business impact.

•
Coordinate domestic and international travel, including itineraries, visas, and last-minute changes.

•
Own logistics for sales leadership meetings, QBRs, offsites, and customer/prospect visits, from scheduling to room setup to follow-up.

•
Act as a gatekeeper and first point of contact for the executives you support, exercising sound judgment on prioritization and confidentiality.

•
Prepare and edit correspondence, presentations, and internal communications on behalf of the Sales VPs.

•
Partner with GTM Operations, Recruiting, and Marketing to coordinate cross-functional initiatives and events.

•
Process expense reports and manage budgets related to travel, events, and team activities.

•
Anticipate needs before they arise and proactively solve problems with minimal oversight.

•
Handle sensitive and confidential information with the highest level of discretion.

What We're Looking For

•
3+ years of experience as an Executive Assistant, ideally supporting multiple executives or a sales/GTM leadership team in tech.

•
Track record of thriving in fast-paced, high-growth, ambiguous environments — startup or hyper-growth tech experience strongly preferred.

•
Exceptional organizational skills and an ability to context-switch across multiple executives' priorities without losing detail.

•
Strong written and verbal communication skills; comfortable interfacing with senior leaders, customers, and external partners.

•
Sound judgment and discretion when handling confidential or sensitive information.

•
Proficiency with calendar, travel, and productivity tools (e.g., Google Workspace, Slack, Ramp, Salesforce).

•
A proactive, no-task-too-small attitude paired with the ability to operate independently.

•
Based in or willing to relocate to San Francisco; able to work on-site 5 days a week.

Equal Opportunity

Cognition is an equal opportunity employer. We do not discriminate on the basis of race, color, religion, sex, sexual orientation, gender identity, national origin, age, disability, veteran status, or any other protected characteristic under applicable law. We are committed to providing reasonable accommodations for candidates with disabilities throughout the hiring process - please let us know if you need any.",3740,https://jobs.ashbyhq.com/cognition/1eff622b-31c1-443b-9e1a-f0ceaa12e77c,,,,,,,no_match,,2026-10-02,,2026-10-02,,,,true,0,,,,,General & Administrative,,,false,,,,,,
a751b58c-1d1b-48c6-96b4-c668100a9787,People Operations Lead,cognition,cognition,Full time,Posted 42 Days Ago,,,San Francisco,1,San Francisco,false,,United States,,0,"We are an applied AI lab building end-to-end software agents.

We're the makers of Devin, the first AI software engineer.

Our team is extremely talent-dense. Among our founding team, we have world-class competitive programmers, former founders, and leaders from companies at the cutting edge of AI including Scale AI, Palantir, Cursor, Waymo, Tesla, Lunchclub, Modal, Google DeepMind, and Nuro.

Building Devin is just the first step—our hardest challenges still lie ahead. If you’re excited to solve some of the world’s biggest problems and build AI that can reason on real-world tasks, apply to join us.

About the Role

We're growing fast and bringing in world-class talent from around the globe, and we're doing it differently than most. That kind of momentum doesn't run itself. We're hiring someone to build the engine behind it: the HR processes, playbooks, and systems that can scale as fast as we do. This is a rare chance to own real scope early. You'll help build and run our core HR functions from the ground up, including onboarding, benefits, compensation, compliance, and employee relations. You'll also own our immigration program end to end. Along the way you'll solve hard problems, work cases that actually matter to people's lives, and watch the things you build become how the company runs.

In this role you will:

•
Own and evolve our People systems and operational infrastructure, ensuring our HR technology, data, workflows, and integrations are accurate, scalable, and effective as Cognition grows.

•
Design the systems that make People Operations scalable, including tracking, playbooks, checklists, documentation, and clear ownership so that nothing falls through the cracks.

•
Lead benefits operations and administration, partnering with brokers, vendors, payroll, Finance, and employees to deliver a high-quality benefits experience in the US and support our evolving international benefits programs.

•
Build and manage our compliance infrastructure, translating employment requirements into practical processes and controls across an increasingly complex, multi-state and international workforce.

•
Develop and maintain employee policies and our handbook, balancing compliance requirements with Cognition’s culture and operating philosophy.

•
Bring an operational lens to business decisions, surfacing risks, dependencies, and tradeoffs early and helping leaders navigate complex People situations with strong judgment.

•
Partner closely with Payroll, Finance, Legal, IT, Recruiting, and external vendors to ensure People programs are executed accurately and seamlessly.

•
Use data and operational insights to identify issues and improve programs, building reporting, controls, and processes that allow the team to operate proactively rather than reactively.

•
Jump into high-priority People and business projects as needed. We are a lean team operating in a rapidly evolving company, so the scope of this role will continue to expand alongside Cognition.

Requirements for this role:

•
7+ years in people operations or HR at a fast-growing startup or tech company

•
Strong end-to-end People Operations experience, with the ability to own and scale programs across areas such as benefits, immigration, compliance, systems, and employee operations.

•
Experience in a fast-growing startup or technology company, with comfort operating in a high-velocity environment where priorities evolve quickly and processes are still being built.

•
Strong first-principles thinking and a can-do attitude — you can break down ambiguous problems, challenge existing assumptions, and figure out practical solutions without waiting for a playbook.

•
Strong data-driven, analytical, and program management skills, with the ability to use data to inform decisions, manage complex cross-functional initiatives, and drive work from idea through execution.

Equal Opportunity

Cognition is an equal opportunity employer. We do not discriminate on the basis of race, color, religion, sex, sexual orientation, gender identity, national origin, age, disability, veteran status, or any other protected characteristic under applicable law. We are committed to providing reasonable accommodations for candidates with disabilities throughout the hiring process - please let us know if you need any.",4313,https://jobs.ashbyhq.com/cognition/a751b58c-1d1b-48c6-96b4-c668100a9787,,,,,,,no_match,,2026-10-02,,2026-10-02,,,,true,0,,,,,General & Administrative,,,false,,,,,,
22a47602-27c2-476e-8e3d-caca249b0a7d,"Talent Operations Coordinator, R&D",cognition,cognition,Full time,Posted 38 Days Ago,,,San Francisco,1,San Francisco,false,,United States,,0,"We are an applied AI lab building end-to-end software agents.

We're the makers of Devin, the first AI software engineer.

Our team is extremely talent-dense. Among our founding team, we have world-class competitive programmers, former founders, and leaders from companies at the cutting edge of AI including Scale AI, Palantir, Cursor, Waymo, Tesla, Lunchclub, Modal, Google DeepMind, and Nuro.

Building Devin is just the first step—our hardest challenges still lie ahead. If you’re excited to solve some of the world’s biggest problems and build AI that can reason on real-world tasks, apply to join us.

About The Role

As Talent Operations Coordinator supporting R&D, you're the reason candidates leave every interaction feeling genuinely taken care of—and the person our researchers, engineers, and R&D leadership count on when they need something to just work. Part calendar guru, part host, part quiet fixer of whatever's about to go sideways, you make sure hiring never becomes the bottleneck.

The people you help bring on now will shape what Cognition's R&D team looks like for years. This role fits you if you get a kick out of solving logistics puzzles fast, don't mind things changing under you week to week, and actually enjoy the chaos of meeting new people all day.

Key Responsibilities

Talent Coordination for R&D

•
Run point on scheduling and interview logistics for the R&D team, juggling calendars, time zones, and last-minute changes so nobody's ever caught off guard

•
Greet and host candidates onsite, reading the room and adjusting so each person feels comfortable, whether they're a first-time interviewer or a seasoned researcher

•
Keep everyone in the loop. Candidates, interviewers, hiring managers with updates that are clear, timely, and never robotic

•
Work shoulder-to-shoulder with recruiters and hiring managers, flagging issues before they become problems and adjusting plans on the fly

•
Own our ATS data (Ashby) so the pipeline stays clean and nothing slips through

Operational Excellence

•
Poke at how the R&D team hires and runs meetings, and fix what's clunky before anyone has to ask

•
Pull together numbers on hiring pace, time to hire, and team growth for leadership

•
Help pull off team events, offsites, and research show-and-tells

•
Spot the cracks in the process early and build something more scalable before they turn into real problems

You May Be a Fit If

•
You've spent 2+ years doing recruiting coordination, recruiting ops, or talent ops somewhere fast and technical

•
You're the person who double-checks a calendar invite's time zone before it goes out, every time

•
A clunky process bugs you enough that you just go fix it—nobody has to ask

•
You genuinely care whether the interview went well for everyone involved: the candidate, the hiring manager, the interviewer squeezing this in between meetings

•
You can hold a dozen moving pieces at once without losing your cool

•
People trust you to follow through, every time, no reminders needed

•
You like people, all kinds of people, and it shows

•
You know how to keep sensitive information sensitive

•
Bonus points if you've supported a technical or research team before, or already know your way around Ashby

•
You're based in San Francisco or ready to be

Why Join Cognition

•
Real partnership with R&D and Talent leadership, not just admin support

•
A shot at scaling something from the ground floor

•
Plenty of room to grow the role as the R&D Talent team grows

•
Small, sharp team where your work is genuinely felt

Equal Opportunity

Cognition is an equal opportunity employer. We do not discriminate on the basis of race, color, religion, sex, sexual orientation, gender identity, national origin, age, disability, veteran status, or any other protected characteristic under applicable law. We are committed to providing reasonable accommodations for candidates with disabilities throughout the hiring process - please let us know if you need any.",3988,https://jobs.ashbyhq.com/cognition/22a47602-27c2-476e-8e3d-caca249b0a7d,,,,,,,no_match,,2026-10-02,,2026-10-02,,,,true,0,,,,,General & Administrative,,,false,,,,,,
45a0c361-33a6-4cf4-a2fa-077d65973417,Facility Security Officer,cognition,cognition,Full time,Posted 35 Days Ago,,,Washington DC,1,Washington DC,false,,United States,,0,"We are an applied AI lab building end-to-end software agents.

We're the makers of Devin, the first AI software engineer.

Our team is extremely talent-dense. Among our founding team, we have world-class competitive programmers, former founders, and leaders from companies at the cutting edge of AI including Scale AI, Palantir, Cursor, Waymo, Tesla, Lunchclub, Modal, Google DeepMind, and Nuro.

Building Devin is just the first step—our hardest challenges still lie ahead. If you’re excited to solve some of the world’s biggest problems and build AI that can reason on real-world tasks, apply to join us.

About the role

This is a rare opportunity to build a security program from the ground up. As Cognition's founding Facility Security Officer, you will stand up, own, and run the industrial security program that enables our rapidly growing federal business — supporting customers across the U.S. Government, including NASA JPL, the Social Security Administration, and the Department of War, as well as the defense industrial base.

You will be the appointed FSO of record with the Defense Counterintelligence and Security Agency (DCSA), responsible for establishing and maintaining our facility clearance (FCL), administering personnel security clearances for a fast-scaling cleared workforce, and ensuring day-to-day compliance with the National Industrial Security Program Operating Manual (NISPOM, 32 CFR Part 117). You will work directly with federal sales, deployed engineering, legal, and people operations to make sure security is an enabler of the mission, not a bottleneck.

Because you are first, you will define the playbook: the processes, tooling, and culture of security at a company that moves fast and holds itself to a high bar. Your judgment will shape how Cognition scales cleared work across programs, facilities, and classification levels.

Core responsibilities

•
Serve as the appointed FSO under 32 CFR Part 117 (NISPOM), owning the establishment, maintenance, and administration of Cognition's facility clearance in partnership with DCSA.

•
Administer the personnel security clearance lifecycle end-to-end: initiate, track, and maintain investigations and adjudications in DISS/NBIS, manage periodic reinvestigations and continuous vetting enrollment, and conduct indoctrinations and debriefings.

•
Establish and run the insider threat program as the Insider Threat Program Senior Official (ITPSO), including required training, monitoring processes, and reporting.

•
Prepare for and lead DCSA security vulnerability assessments and annual self-inspections; drive remediation of findings and maintain a posture of continuous review readiness.

•
Develop and deliver required security education: initial briefings, annual refresher training, foreign travel pre-briefs and debriefs, and derivative classification training where applicable.

•
Manage safeguarding of classified information and visits: visit authorization requests, classified meeting support, courier procedures, and (as the program grows) closed area accreditation.

•
Author and maintain security documentation: Standard Practice Procedures (SPP), technology control plans, DD Form 254 review and flow-down for classified contracts, and reporting of change conditions (SF-328, KMP changes) to DCSA.

•
Submit required reports — suspicious contacts, adverse information, security violations, and foreign travel — accurately and on time.

•
Partner with GTM, deployed engineering, and legal on capture and contract execution: advise on facility and personnel clearance requirements in solicitations, and forecast clearance needs against program timelines.

•
Coordinate with IT and security engineering on the physical and procedural controls that support classified and CUI work, including interface with FedRAMP High and DoD IL4/IL5/IL6 environments.

What we value

•
Ownership — you've built a security program from zero and would rather ship a working process today than wait for a perfect one.

•
Judgment under ambiguity — you can apply the NISPOM to novel situations at a company whose product and customers evolve monthly.

•
An enablement mindset — you find the compliant path to ""yes"" and communicate requirements in plain language to engineers and executives alike.

•
Precision and follow-through — you track deadlines and reporting requirements without being reminded.

•
Credibility with government stakeholders — DCSA representatives, contracting officers, and customer security offices trust your word.

•
Comfort operating across many contexts simultaneously — multiple programs, customers, and classification levels at once.

Requirements

•
Active U.S. Government security clearance at TS/SCI.

•
5+ years of industrial security experience under the NISP, including 2+ years as an appointed FSO (or Assistant FSO) at a cleared defense contractor or technology company.

•
FSO Program Management for Possessing Facilities certification (or Non-Possessing with willingness to complete Possessing curriculum), plus current ITPSO training.

•
Demonstrated hands-on proficiency with DISS, NISS, NBIS/eQIP, and SF-86 processing.

•
Working knowledge of 32 CFR Part 117 (NISPOM), the personnel security adjudicative guidelines (SEAD 4), continuous vetting (SEAD 3 reporting), and DD Form 254 administration.

•
Experience preparing for and passing DCSA security reviews, including self-inspection programs and remediation.

•
Excellent written communication — you will author the security procedures and briefings the whole company relies on.

•
Ability to work on-site in Washington, D.C. and travel occasionally to other Cognition offices and customer sites.

You might excel if you

•
Have stood up an FCL or a security program at a startup or a company new to the federal market, and enjoyed building from zero.

•
Hold additional credentials such as ISP certification or CDSE FSO curriculum completion, or have experience with SCI/SAP program security (CSSO/CPSO).

•
Have supported software or cloud companies pursuing FedRAMP, IL5/IL6, or classified cloud deployments and understand how personnel security intersects with those boundaries.

•
Thrive in high-intensity environments where the mission-critical nature of the work demands sustained effort and a high tolerance for ambiguity.

Equal Opportunity

Cognition is an equal opportunity employer. We do not discriminate on the basis of race, color, religion, sex, sexual orientation, gender identity, national origin, age, disability, veteran status, or any other protected characteristic under applicable law. We are committed to providing reasonable accommodations for candidates with disabilities throughout the hiring process - please let us know if you need any.",6740,https://jobs.ashbyhq.com/cognition/45a0c361-33a6-4cf4-a2fa-077d65973417,,,,,,,no_match,,2026-10-02,,2026-10-02,,,,true,0,,,,,Sales,,,false,,,,,,
1f3ff659-8106-4041-ab28-56713c1860d0,IT Support Engineer,cognition,cognition,Full time,Posted 16 Days Ago,,,San Francisco,1,San Francisco,false,,United States,,0,"We are an applied AI lab building end-to-end software agents.

We're the makers of Devin, the first AI software engineer.

Our team is extremely talent-dense. Among our founding team, we have world-class competitive programmers, former founders, and leaders from companies at the cutting edge of AI including Scale AI, Palantir, Cursor, Waymo, Tesla, Lunchclub, Modal, Google DeepMind, and Nuro.

Building Devin is just the first step—our hardest challenges still lie ahead. If you’re excited to solve some of the world’s biggest problems and build AI that can reason on real-world tasks, apply to join us.

We’re looking for an IT Support Engineer to own frontline employee support in our San Francisco office and raise the quality of service across Cognition’s global IT operations.

This role is for someone who views support as a technical and service discipline, not simply a stepping stone. The right person can manage volume without sacrificing care, remain calm when the environment is changing quickly, and turn incomplete reports into clear diagnoses and durable resolutions. Engineering depth may vary, but strong candidates see frontline support as a craft in its own right, are building depth in one or two adjacent areas, and can partner closely with global IT engineers to turn recurring employee friction into scalable solutions.

This is a hands-on individual contributor role. Leadership comes through service judgment, standards, coaching, and problem ownership rather than people management.

This role is onsite five days a week in San Francisco. We value teamwork and in-person collaboration.

What you’ll do

Deliver support employees trust

•
Serve as a primary IT partner for employees across walk-ups, chat, tickets, and other support channels, owning issues through resolution while delivering a consistent and thoughtful experience.

•
Ask effective clarifying questions, reproduce issues, test assumptions, and troubleshoot from first principles rather than relying on scripted fixes alone.

•
Balance a high-volume queue with walk-ups and high-touch support, prioritizing work by urgency, impact, and service commitments.

•
Communicate with clarity and empathy, setting expectations and providing useful updates even when resolution requires another team or vendor.

Operate a disciplined support service

•
Maintain strong issue hygiene across categorization, ownership, documentation, follow-up, SLA performance, escalation, and closure quality.

•
Create evidence-rich escalations with reproducible steps, actions taken, relevant logs, expected behavior, and business impact.

•
Use support data and employee feedback to identify recurring issues, service gaps, and opportunities to improve response quality and visibility.

•
Support reliable employee lifecycle and workplace operations across endpoints, identity, SaaS, conferencing, hardware, and software assets in partnership with global system owners.

Improve and scale how support works

•
Turn recurring issues into clear runbooks, knowledge-base content, self-service guidance, reusable troubleshooting patterns, and structured context that helps Console.ai and Devin deliver better support.

•
Configure and continuously improve Console.ai using real support patterns, including knowledge, skills, intake questions, response quality, and escalation paths.

•
Translate recurring employee friction into clear requirements and work closely with global IT engineers and IT leadership through solution design, testing, rollout, and measurement of service desk KPIs and outcomes.

•
Improve repeated workflows through service configuration, reporting, and automation, building directly where appropriate and partnering with engineers when deeper technical implementation is required.

What we’re looking for

•
A track record of remaining hands-on in frontline enterprise support while raising standards for issue quality, troubleshooting, and employee experience.

•
Demonstrated experience operating in high-volume support environments that combine queue-based service with walk-ups and workplace technology support.

•
A developed point of view on support quality, prioritization, escalation, and where documentation, self-service, or automation will improve the employee experience.

•
Strong troubleshooting experience across macOS and Windows endpoints, mobile devices, identity and access, SaaS applications, conferencing, and network connectivity.

•
Experience working within an ITSM queue and maintaining high standards for ticket ownership, categorization, SLA performance, documentation, escalation, and follow-through.

•
A track record of resolving ambiguous or complex issues by asking good questions, gathering evidence, isolating variables, and communicating a clear path forward.

•
Experience supporting identity and workplace platforms such as Okta, Google Workspace, Microsoft 365, Slack, Zoom, VPN, and MDM-managed devices.

•
Evidence of improving support through better documentation, service data, quality testing, workflow automation, or process design.

•
Strong written and verbal communication with the judgment to adapt to employees, executives, technical partners, and vendors.

•
Ability to work onsite five days a week in San Francisco.

An ideal candidate will bring

•
Service mindset: Treats each interaction as an opportunity to build trust and provides thoughtful support even under pressure.

•
Composure: Remains calm, organized, and clear during high volume, rapid change, and high-impact issues.

•
Ownership: Follows problems through resolution or evidence-rich escalation and keeps employees informed along the way.

•
Curiosity: Investigates how systems work, challenges assumptions, and looks for opportunities to develop deeper technical expertise.

Bonus points

•
Experience in a high-touch, customer-facing technical support or hardware repair environment.

•
Experience providing onsite support to executives or other high-impact employee groups.

•
Experience using SQL, reporting, or service analytics to identify trends and improve operations.

•
Experience automating support or access workflows with scripts, APIs, or low-code tools.

•
Experience leading UAT, service migrations, taxonomy improvements, or support-quality initiatives.

•
Deeper experience in IAM, MDM, endpoint engineering, or AI-enabled ITSM.

Equal Opportunity

Cognition is an equal opportunity employer. We do not discriminate on the basis of race, color, religion, sex, sexual orientation, gender identity, national origin, age, disability, veteran status, or any other protected characteristic under applicable law. We are committed to providing reasonable accommodations for candidates with disabilities throughout the hiring process - please let us know if you need any.",6792,https://jobs.ashbyhq.com/cognition/1f3ff659-8106-4041-ab28-56713c1860d0,,,,,,,no_match,,2026-10-02,,2026-10-02,,,,true,0,,,,,General & Administrative,,,false,,,,,,
3e384a5e-2ff7-4368-91f8-5972047318b0,Network Engineer,cognition,cognition,Full time,Posted 16 Days Ago,,,San Francisco,1,San Francisco,false,,United States,,0,"We are an applied AI lab building end-to-end software agents.

We're the makers of Devin, the first AI software engineer.

Our team is extremely talent-dense. Among our founding team, we have world-class competitive programmers, former founders, and leaders from companies at the cutting edge of AI including Scale AI, Palantir, Cursor, Waymo, Tesla, Lunchclub, Modal, Google DeepMind, and Nuro.

Building Devin is just the first step—our hardest challenges still lie ahead. If you’re excited to solve some of the world’s biggest problems and build AI that can reason on real-world tasks, apply to join us.

About the role

We’re looking for a Network Engineer to own the reliability, security, and evolution of Cognition’s global office

networks.

Strong candidates have operated networks in a hypergrowth startup and thrive amid rapid change, ambiguity, and high ownership. They will apply deep wireless and routing expertise and a builder mindset to deliver scalable wired, wireless, and cloud-connected networks, repeatable office infrastructure, and strong observability and automation. Working across internal teams, carriers, and partners, they will own outcomes end to end and continuously improve the network through stakeholder feedback and operational data.

This role is onsite five days a week. We value teamwork and in-person collaboration.

What you’ll do

Own scalable networks and office delivery

•
Design, deploy, and operate high-performance wired and wireless networks across offices, branches, and large campus environments, including RF optimization and resilient architectures using technologies such as VLANs, LACP, OSPF, BGP, VRFs, QoS, and redundant internet and core paths.

•
Own network delivery for offices, expansions, and moves—from procurement, circuit turn-up, and vendor coordination through cutover and handoff—and, as Cognition scales, build secure connectivity across offices, cloud infrastructure, and Devin environments using VPC peering, transit networking, IPsec, GRE, or SD-WAN.

•
Create repeatable reference architectures, configuration and lifecycle standards, high-availability patterns, capacity models, inventories, diagrams, runbooks, and deployment playbooks for a growing global footprint.

Build observable and automated network operations

•
Own network monitoring and observability across availability, performance, capacity, and employee experience, using telemetry and analytics to identify degradation before customers report it.

•
Develop scripts, reusable tooling, and data pipelines in Python, Go, TypeScript, or another modern language to improve reliability and turn network data into actionable insight.

•
Apply infrastructure-as-code, APIs, source control, and CI/CD to automate network configuration and deployment.

•
Use Devin and AI to improve network reliability, building the skills, context, and runbooks needed for effective troubleshooting and automation.

Secure access and serve our stakeholders

•
Implement secure, identity-aware network access, segmentation, certificate-based authentication, and least-privilege infrastructure administration.

•
Partner with Security on firewalls, threat detection and prevention, secure remote access, and incident response.

•
Troubleshoot systematically across the OSI model, using packet analysis and telemetry to isolate root causes across clients, RF, switching, routing, applications, and external providers.

•
Build trusted relationships with stakeholders, listen to their experience, communicate clearly during incidents, and continuously improve rather than accepting that the network is “good enough.”

What we’re looking for

•
5+ years of hands-on experience designing, deploying, and operating enterprise or campus networks, or equivalent practical experience.

•
Experience building and operating networks in a hypergrowth startup, with a track record of thriving amid rapid change, ambiguity, and high ownership.

•
A bachelor’s degree in computer science, information technology, network engineering, or a related discipline—or equivalent practical experience.

•
Demonstrated depth in wireless RF engineering and enterprise switching and routing, including successful delivery of branch offices or large office environments.

•
Strong knowledge of TCP/IP, DNS, DHCP, Ethernet, Wi-Fi, routing protocols, VPN and zero-trust remote access technologies such as Cloudflare WARP, and structured troubleshooting across the OSI model.

•
Experience designing for high availability, fault isolation, capacity, and scale across critical network services and connectivity paths.

•
Experience with network performance monitoring, telemetry, alerting, and analytics, with a track record of using operational data to improve reliability or customer experience.

•
Experience automating network operations with a modern programming or scripting language and applying APIs, infrastructure-as-code, Git, or CI/CD to configuration delivery.

•
Working knowledge of network security and identity controls, including IEEE 802.1X, NAC, AAA, RBAC, segmentation, IDS/IPS, or related technologies.

•
Experience coordinating carriers, contractors, and vendors while maintaining clear internal ownership of architecture, quality, documentation, and outcomes.

•
Strong judgment, communication, and service orientation, with a track record of carrying ambiguous problems through design, implementation, and ongoing operation.

An ideal candidate will bring

•
Ownership: Treats reliability and customer experience as personal responsibilities, drives ambiguous work through completion, and remains accountable across team and vendor boundaries.

•
Customer focus: Seeks direct feedback, translates user experience into technical improvements, and recognizes that a technically operational network may still be failing its customers.

•
Builder mindset: Solves immediate issues while improving architecture, automation, observability, documentation, and operating practices to prevent recurrence.

•
Curiosity: Continually tests assumptions, learns new technologies, and explores practical ways to use AI to improve network reliability, visibility, and engineering effectiveness.

Bonus points

•
High-density wireless, modern Wi-Fi, or large multi-site campuses.

•
IaaS cloud networking in AWS, Google Cloud, or Azure.

•
Advanced routing, SD-WAN, SASE, or hybrid-cloud connectivity.

•
Network telemetry and analytics using NetFlow/IPFIX, gNMI, or similar tools.

•
Automation using NetBox, Ansible, Terraform, or similar platforms.

•
Applying AI or AIOps to reliability, capacity planning, or incident response.

•
CCNP Enterprise, CWNP, or equivalent demonstrated technical depth.

Equal Opportunity

Cognition is an equal opportunity employer. We do not discriminate on the basis of race, color, religion, sex, sexual orientation, gender identity, national origin, age, disability, veteran status, or any other protected characteristic under applicable law. We are committed to providing reasonable accommodations for candidates with disabilities throughout the hiring process - please let us know if you need any.",7132,https://jobs.ashbyhq.com/cognition/3e384a5e-2ff7-4368-91f8-5972047318b0,,,,,,,no_match,,2026-10-02,,2026-10-02,,,,true,0,,,,,General & Administrative,,,false,,,,,,
b6928067-6e03-4934-befe-2940cf584a8d,Commercial Partner Manager,cognition,cognition,Full time,Posted 15 Days Ago,,,"San Francisco, Austin, New York City",1,"San Francisco, Austin, New York City",false,,United States,,0,"We are an applied AI lab building end-to-end software agents.

We're the makers of Devin, the first AI software engineer.

Our team is extremely talent-dense. Among our founding team, we have world-class competitive programmers, former founders, and leaders from companies at the cutting edge of AI including Scale AI, Palantir, Cursor, Waymo, Tesla, Lunchclub, Modal, Google DeepMind, and Nuro.

Building Devin is just the first step—our hardest challenges still lie ahead. If you’re excited to solve some of the world’s biggest problems and build AI that can reason on real-world tasks, apply to join us.

About the Role

WHAT YOU'LL DO

•
As a Commercial Channel Partnerships Manager, you will own the long tail of Cognition's global partner ecosystem — programmatically onboarding, activating, and scaling a high volume of partners around the world.

•
You'll build and run the systems, playbooks, and enablement programs that let dozens of partners ramp efficiently at once — turning a broad, fragmented partner base into a repeatable, scalable revenue channel.

•
You'll nurture emerging partners as they grow, identifying the ones showing real traction and championing their graduation into focus partnerships managed by our senior partner team.

•
You'll work closely with sales, engineering, product, and marketing to make sure every partner — no matter their size — has what they need to represent Devin credibly and win business.

•
Successful candidates will have 2+ years of experience in sales, consulting, investment banking, or private equity, strong analytical and organizational instincts, and the drive to build scalable programs in a fast-paced, high-intensity environment.

WHAT YOU'LL BRING

•
Insanely high adaptability and a deep passion for the (somewhat chaotic) early stages of company building.

•
Relentless drive – hunger to build, run, and continuously improve a partner program that operates at scale.

•
An operator's mindset – you love creating structure out of ambiguity: playbooks, processes, and metrics that make one person's effort go a hundred partners deep.

•
Boundless curiosity and ability to learn quickly – the market dynamics in this space change daily!

•
Deep partner and customer empathy – we're building long-term relationships and that requires always putting our partners and customers first.

•
The technical aptitude to become fluent in our products and a credible resource for partners on their AI strategy.

•
Team player – we win and lose with our incredible Product, Engineering, and GTM peers.

Equal Opportunity

Cognition is an equal opportunity employer. We do not discriminate on the basis of race, color, religion, sex, sexual orientation, gender identity, national origin, age, disability, veteran status, or any other protected characteristic under applicable law. We are committed to providing reasonable accommodations for candidates with disabilities throughout the hiring process - please let us know if you need any.",2988,https://jobs.ashbyhq.com/cognition/b6928067-6e03-4934-befe-2940cf584a8d,,,,,,,no_match,,2026-10-02,,2026-10-02,,,,true,0,,,,,Sales,,,false,,,,,,
31d6fdfd-4395-40a2-8ead-33c7ceb6d06b,Onboarding Coordinator ,cognition,cognition,Full time,Posted 10 Days Ago,,,San Francisco,1,San Francisco,false,,United States,,0,"We are an applied AI lab building end-to-end software agents.

We're the makers of Devin, the first AI software engineer.

Our team is extremely talent-dense. Among our founding team, we have world-class competitive programmers, former founders, and leaders from companies at the cutting edge of AI including Scale AI, Palantir, Cursor, Waymo, Tesla, Lunchclub, Modal, Google DeepMind, and Nuro.

Building Devin is just the first step—our hardest challenges still lie ahead. If you’re excited to solve some of the world’s biggest problems and build AI that can reason on real-world tasks, apply to join us.

Why are we hiring for this role?

Cognition is growing quickly across teams and international offices. Every new hire should feel welcomed, prepared, and ready to contribute from day one. That takes someone who cares about the employee experience and stays ahead of every detail behind it.

We need someone to own onboarding from offer acceptance through a new hire’s first week. Those early days shape how someone feels about joining Cognition, so you’ll bring warmth and care to every interaction while staying ahead of the details. You’ll build the onboarding program and first-week sessions, communicate proactively with new hires, and coordinate background checks, I-9 verification, HR system setup, travel, laptop deliveries, and systems access. You’ll work closely with Recruiting, IT, managers, and office teams, checking in directly with each new hire to make sure they have what they need. As we grow, you’ll keep improving the checklists and handoffs that make a great first week possible.

What does success look like?

•
New hires feel expected and cared for. They know where to go, what to expect, and who to ask for help before their first day.

•
Background checks, I-9 verification, employee records, and other required onboarding steps are completed accurately and on time.

•
First-week travel is arranged, laptops arrive when needed, accounts work, and schedules are clear. You check directly with each new hire rather than assuming everything is set.

•
Give executive hires a white-glove and personal onboarding experience

•
Immigration and visa needs are identified early, routed to the right people, and tracked through the next step.

•
Recruiting, IT, managers, and office teams know what they own. You spot delays, follow up proactively, and resolve issues before they affect a new hire’s start.

•
Trackers, checklists, and communications stay current as hiring grows.

What are the critical competencies?

•
Proactive coordination. You can juggle many starts, owners, and deadlines without losing track of the details. You anticipate what could go wrong, follow up before someone has to ask, and keep each start moving.

•
Care for the employee experience. You know a warm welcome is built through both thoughtful communication and reliable execution. You make new hires feel expected, check that they have what they need, and respond quickly when something isn’t working.

•
HR onboarding operations. You can manage background checks, I-9 verification, employee records, and HR system setup accurately and on time. You handle sensitive information with care.

•
Cross-functional follow-through. You keep Recruiting, IT, managers, office teams, and immigration partners aligned. You make ownership clear and stay with an issue until it’s resolved.

•
Process improvement. You spot recurring gaps in a checklist, handoff, or message and fix them. You make onboarding more reliable while keeping it personal.

•
Low ego, high ownership. You’re as willing to improve a workflow as you are to find a delayed laptop or help a new hire access their account. You care that the first week works.

Equal Opportunity

Cognition is an equal opportunity employer. We do not discriminate on the basis of race, color, religion, sex, sexual orientation, gender identity, national origin, age, disability, veteran status, or any other protected characteristic under applicable law. We are committed to providing reasonable accommodations for candidates with disabilities throughout the hiring process - please let us know if you need any.",4160,https://jobs.ashbyhq.com/cognition/31d6fdfd-4395-40a2-8ead-33c7ceb6d06b,,https://www.linkedin.com/jobs/view/4468948034,2026-09-22,176,176 applicants,,matched,title,2026-10-02,2026-10-02T11:07:56,2026-10-02,,10,startDate+linkedin,true,0,,,,,General & Administrative,2026-09-22,,false,,,,,,
7d82ddc1-8ec5-4b3a-8bbb-fc9b10c3cdf2,ABM/Enterprise Demand,cognition,cognition,Full time,Posted 9 Days Ago,,,San Francisco,1,San Francisco,false,,United States,,0,"We are an applied AI lab building end-to-end software agents.

We're the makers of Devin, the first AI software engineer.

Our team is extremely talent-dense. Among our founding team, we have world-class competitive programmers, former founders, and leaders from companies at the cutting edge of AI including Scale AI, Palantir, Cursor, Waymo, Tesla, Lunchclub, Modal, Google DeepMind, and Nuro.

Building Devin is just the first step—our hardest challenges still lie ahead. If you’re excited to solve some of the world’s biggest problems and build AI that can reason on real-world tasks, apply to join us.

We're looking for a leader of Enterprise Demand to build the demand engine behind Cognition's enterprise growth.

You'll own how Cognition creates demand across our highest-priority verticals and major strategic accounts, while building repeatable enterprise motions that can scale beyond them.

You'll determine where Cognition has the strongest opportunity to win, whether that's a specific industry, major account, use case, account cohort, technology environment, or strategic segment, and build the campaign strategy to go after it.

This is broader than traditional ABM.

You'll work across Product Marketing, Paid, Web, Field Marketing, Sales, RevOps, and other GTM teams to turn market opportunity into coordinated campaigns that generate qualified enterprise pipeline.

This is a highly hands-on role. You'll build the strategy and execute it: identifying audiences and accounts, developing campaign concepts and offers, building vertical and account-based programs, launching tests, analyzing pipeline, and continuously improving how Cognition creates enterprise demand.

What You'll Do

Build Cognition's Enterprise Demand Strategy

•
Identify and prioritize the verticals, major strategic accounts, account cohorts, use cases, and market opportunities where Cognition has the strongest opportunity to win.

•
Build a deep understanding of Cognition's ICP, buying committees, intent signals, pain points, technical environments, buying triggers, and enterprise buying journeys.

•
Develop differentiated GTM motions for priority industries rather than applying a generic enterprise playbook across the market.

•
Understand the regulatory, technical, operational, and business considerations that shape buying behavior within key verticals.

•
Partner with Sales leadership to identify a focused set of major accounts that warrant bespoke 1:1 programs.

•
Determine when the right motion is a vertical campaign, strategic-account program, 1:few cluster, use-case campaign, or broader enterprise demand motion.

•
Continuously identify new pockets of opportunity as Cognition's product, customer base, and market evolve.

Build Vertical & Major-Account Plays

•
Build repeatable demand programs for Cognition's highest-priority verticals.

•
Translate customer outcomes, industry dynamics, technical requirements, and buyer pain into vertical-specific campaigns, offers, proof points, and conversion experiences.

•
Own bespoke 1:1 programs for major strategic accounts, working closely with Sales to understand the account, buying committee, current initiatives, internal priorities, and potential entry points.

•
Develop account-specific campaign concepts, offers, executive experiences, customer proof, and digital journeys designed to create engagement inside those accounts.

•
Build 1:few programs around clusters of similar accounts where a common industry, use case, technology environment, business problem, or buying trigger creates leverage.

•
Use vertical and account-level insight to identify the right mix of personalization and scalability.

•
Turn successful vertical and major-account motions into playbooks that can be replicated across adjacent accounts, segments, and markets.

Build and Run Enterprise Campaigns

•
Own a continuous portfolio of campaigns targeted at Cognition's highest-value enterprise audiences.

•
Develop the campaign hypothesis: who we're targeting, why they should care, why now, what we're offering, and how we'll reach them.

•
Create integrated campaign plans across paid, web, content, field, direct outreach, customer proof, and other relevant channels.

•
Run campaigns across 1:1, 1:few, and 1:many account strategies.

•
Build campaigns around verticals, use cases, buyer pain points, competitive opportunities, customer outcomes, and strategic market moments.

•
Build repeatable campaign frameworks that allow winning motions to scale.

•
Move quickly from idea → campaign → pipeline → learning.

Turn Customer Proof Into Demand

•
Work closely with Product Marketing, Sales, Account teams, and customer-facing teams to understand where Cognition is creating meaningful business outcomes.

•
Turn those outcomes into campaign ideas, account plays, proof points, vertical narratives, and enterprise stories.

•
Identify opportunities to replicate customer success across similar accounts, industries, and use cases.

•
Ensure customer proof is embedded wherever it can materially improve demand creation and conversion.

•
Build feedback loops that continuously turn customer adoption and outcomes into new demand motions.

•
Use major customer wins to open adjacent accounts within the same vertical or account cluster.

Orchestrate the Demand Engine

•
Act as the campaign owner across Cognition's priority enterprise motions, including vertical campaigns and major-account programs.

•
Partner with Product Marketing to develop the industry narratives, customer proof, competitive positioning, and account-specific messaging required for each motion.

•
Partner with Paid Growth to determine how campaigns should be distributed and scaled across target audiences and accounts.

•
Partner with Web & CRO to build vertical-specific, campaign-specific, and account-specific digital experiences where appropriate.

•
Partner with Field Marketing and Events on executive programs, dinners, workshops, and experiences tied to priority verticals and major accounts.

•
Partner with Sales to align on target accounts, account strategy, buying signals, outreach, and follow-up.

•
Partner with RevOps to ensure campaigns are measurable from account engagement through opportunity creation and pipeline.

•
Keep cross-functional teams focused on the same target, campaign hypothesis, and business outcome.

Build a High-Velocity Testing Program

•
Continuously test new enterprise audiences, verticals, account segments, messages, offers, channels, and campaign formats.

•
Build clear hypotheses and success criteria for each motion.

•
Test different approaches to vertical marketing, major-account engagement, personalization, and orchestration.

•
Scale campaigns that create meaningful pipeline and stop those that don't.

•
Identify which combinations of account, message, offer, and channel consistently produce the strongest opportunities.

•
Build institutional knowledge around how Cognition wins enterprise demand.

Build Repeatable Enterprise Plays

•
Turn successful campaigns into repeatable GTM playbooks.

•
Develop motions around specific industries, major-account archetypes, use cases, buyer problems, competitive opportunities, and account segments.

•
Document what works without turning the organization into a process-heavy machine.

•
Make it increasingly easy for Cognition to enter a new segment, vertical, or account cluster and rapidly understand how to create pipeline there.

•
Build scalable frameworks for moving from a single successful account or customer outcome to broader market penetration.

Optimize for Enterprise Pipeline

•
Measure success based on qualified enterprise pipeline and revenue impact.

•
Track performance by campaign, vertical, account, segment, audience, offer, and channel.

•
Use account-level engagement and pipeline data to continuously refine targeting and campaign strategy.

•
Understand which verticals and account cohorts are generating the strongest business outcomes.

•
Partner with RevOps to understand which programs are creating incremental opportunity—not merely generating activity.

•
Help determine where Cognition should invest its next dollar, next campaign, and next strategic motion.

Work AI-Natively

•
Use AI aggressively for market research, account research, segmentation, campaign development, personalization, analysis, and execution.

•
Build workflows that allow enterprise campaigns to operate with exceptional speed and leverage.

•
Use AI to accelerate major-account research, buying committee analysis, vertical insight, and campaign development.

•
Continuously look for ways AI can fundamentally improve how account-based and enterprise demand generation is done.

What Success Looks Like

You'll know you're succeeding when:

•
Cognition has a consistent pipeline of high-quality enterprise campaigns in market.

•
Priority verticals have clear, differentiated demand strategies and repeatable GTM motions.

•
Major strategic accounts have thoughtful, coordinated programs that create meaningful engagement and opportunity.

•
We're systematically identifying and penetrating high-value account segments.

•
Winning campaigns become repeatable plays rather than one-off successes.

•
Customer outcomes are continuously being turned into new demand.

•
Sales and Marketing have a clear shared understanding of which verticals and accounts we're targeting and why.

•
We're learning quickly which combinations of audience, message, offer, and channel create pipeline.

•
Enterprise campaigns generate measurable qualified pipeline—not just engagement.

•
Cognition develops a repeatable advantage in how we create demand within strategic enterprise accounts and industries.

What We're Looking For

•
7+ years of experience in enterprise B2B demand generation, ABM, integrated campaigns, growth marketing, or GTM.

•
A track record of building campaigns that generated meaningful enterprise pipeline.

•
Experience developing and executing vertical-specific GTM programs.

•
Experience building 1:1 programs for major strategic accounts, as well as 1:few and 1:many motions.

•
Deep understanding of complex B2B buying committees and enterprise sales cycles.

•
Strong campaign instincts: you know how to connect an audience, insight, message, offer, and distribution plan.

•
Strong analytical ability and comfort measuring performance at the account, vertical, and pipeline level.

•
Comfortable owning both strategy and execution.

•
Experience partnering closely with Sales, Product Marketing, RevOps, Paid, Field Marketing, and Web teams.

•
Strong understanding of how customer outcomes and proof can be turned into new demand.

•
A strong operator: you've built things from zero, scaled what worked, and killed what didn't.

•
Able to translate complex technical products into enterprise business outcomes.

•
Excited about AI and interested in using it to fundamentally change enterprise demand generation.

The Ideal Candidate

You're not an ABM program manager.

You're a builder who looks at the market and asks: Where can we win, which accounts matter most, and what campaign will make that happen?

You can identify a vertical opportunity, build a repeatable campaign around it, and scale it across the market.

You can also take a single major strategic account, understand its priorities and buying committee, and build a thoughtful 1:1 program designed to create real engagement and opportunity.

You understand accounts and enterprise buying committees, but you don't confuse personalization with strategy.

You can orchestrate multiple teams around a campaign, launch quickly, look at the pipeline data, and decide what to do next.

Your goal isn't to create the most sophisticated ABM program.

Your goal is to create enterprise pipeline.

Equal Opportunity

Cognition is an equal opportunity employer. We do not discriminate on the basis of race, color, religion, sex, sexual orientation, gender identity, national origin, age, disability, veteran status, or any other protected characteristic under applicable law. We are committed to providing reasonable accommodations for candidates with disabilities throughout the hiring process - please let us know if you need any.",12253,https://jobs.ashbyhq.com/cognition/7d82ddc1-8ec5-4b3a-8bbb-fc9b10c3cdf2,,https://www.linkedin.com/jobs/view/4468983394,2026-09-23,30,30 applicants,,matched,title,2026-10-02,2026-10-02T11:05:57,2026-10-02,,9,startDate+linkedin,true,0,,,,,Marketing,2026-09-23,,false,,,,,,
d8ac696a-cdea-41d4-a50c-8249dab2c106,Paid & Digital,cognition,cognition,Full time,Posted 9 Days Ago,,,San Francisco,1,San Francisco,false,,United States,,0,"We are an applied AI lab building end-to-end software agents.

We're the makers of Devin, the first AI software engineer.

Our team is extremely talent-dense. Among our founding team, we have world-class competitive programmers, former founders, and leaders from companies at the cutting edge of AI including Scale AI, Palantir, Cursor, Waymo, Tesla, Lunchclub, Modal, Google DeepMind, and Nuro.

Building Devin is just the first step—our hardest challenges still lie ahead. If you’re excited to solve some of the world’s biggest problems and build AI that can reason on real-world tasks, apply to join us.

The Role

We're looking for a leader of Paid & Digital to build and scale Cognition's paid demand engine.

You'll own the strategy and execution behind how we use paid distribution to reach the engineers, technical leaders, and enterprise buyers shaping the future of software development.

This goes well beyond managing ad platforms.

You'll determine where Cognition should invest, which audiences we need to reach, what we should put in front of them, and how we turn that attention into qualified enterprise pipeline.

You'll operate across established channels like paid search, LinkedIn, YouTube, Reddit, and other social platforms, while continuously identifying new opportunities across technical publications, newsletters, communities, creators, sponsorships, and emerging channels.

This is a highly hands-on role. You'll build the strategy and execute it: launching campaigns, analyzing performance, developing audiences, reviewing search queries, testing creative, evaluating new channels, and deciding where the next dollar should go.

What You’ll Do

Build Cognition's Paid Demand Engine

•
Own Cognition's paid acquisition and distribution strategy with a focus on generating qualified enterprise pipeline.

•
Determine the right channel mix, investment strategy, audiences, offers, and campaign architecture as we scale.

•
Build a clear understanding of where our highest-value audiences spend their time and how we can reach them.

•
Allocate budget dynamically based on performance and opportunity rather than fixed channel assumptions.

•
Build the systems, processes, and measurement framework required to scale paid investment significantly.

•
Partner with sales, operations, and sales enablement to ensure leads are qualified and are effectively worked.

Own Paid Media

•
Own strategy and execution across paid search, LinkedIn, YouTube, Reddit, Meta, X, and other relevant platforms.

•
Build sophisticated audience and account strategies around enterprise segments, personas, intent, and buying stage.

•
Capture high-intent demand while creating demand among accounts that may not yet be actively searching.

•
Continuously optimize campaigns based on pipeline quality and downstream business outcomes—not just clicks, leads, or platform-reported conversions.

•
Maintain deep expertise in the platforms and stay close enough to execution to identify opportunities others miss.

Expand Paid Distribution Beyond Traditional Advertising

•
Identify and test new channels where technical and enterprise audiences spend attention.

•
Build partnerships across relevant newsletters, technical publications, developer and enterprise communities, podcasts, creators, influencers, and other emerging distribution channels.

•
Evaluate opportunities based on audience quality, enterprise relevance, scale potential, economics, and ability to test.

•
Build a repeatable process for finding, testing, measuring, and scaling new sources of demand.

•
Continuously challenge where Cognition should be spending its next dollar.

Build a High-Velocity Experimentation Engine

•
Run a continuous pipeline of experiments across channel × audience × message × creative × offer × format × landing experience.

•
Develop clear hypotheses and success criteria before launching tests.

•
Test fundamentally different approaches rather than only optimizing existing campaigns.

•
Quickly scale what works and shut down what doesn't.

•
Build a culture where experimentation velocity increases as the paid program grows.

•
Track investment impact throughout the sales journey.

•
Turn individual campaign learnings into insights that improve the broader Demand Gen strategy.

Build the Creative Testing System

•
Develop a systematic approach to paid creative experimentation.

•
Identify which messages, narratives, customer proof, product capabilities, and formats resonate with different audiences.

•
Partner with Product Marketing and Design to maintain a consistent pipeline of new creative concepts.

•
Test across video, static, product-led creative, customer proof, technical content, executive perspectives, and emerging formats.

•
Use performance data to inform the next generation of creative rather than simply requesting more assets.

Develop Offers That Create Demand

•
Partner with Web/CRO, Product Marketing, and the broader Demand Gen team to determine what we should put paid distribution behind.

•
Test different offers across stages of the enterprise buying journey—from product experiences and technical content to customer proof, benchmarks, assessments, executive content, and direct sales engagement.

•
Identify when the existing offer isn't working and help develop something better.

•
Match the right offer to the right audience rather than sending every campaign to the same conversion path.

Optimize for Enterprise Pipeline

•
Measure success based on qualified enterprise pipeline and downstream business impact.

•
Partner with RevOps to understand performance from impression → account engagement → opportunity → pipeline.

•
Understand performance by audience, account segment, channel, campaign, offer, and creative.

•
Develop clear frameworks for CAC, pipeline efficiency, marginal spend, and incrementality.

•
Use data to determine where Cognition should increase, decrease, or reallocate investment.

Work AI-Natively

•
Use AI aggressively across research, audience development, campaign creation, creative iteration, analysis, and optimization.

•
Build workflows that allow the paid program to operate with exceptional speed and leverage.

•
Experiment with emerging AI-native advertising, discovery, and distribution channels as they develop.

What Success Looks Like

•
Paid becomes a predictable and scalable source of qualified enterprise pipeline.

•
Cognition has a clear understanding of which channels, audiences, messages, offers, and creative combinations generate the highest-quality opportunities.

•
We're consistently discovering and validating new distribution channels.

•
Experimentation velocity increases over time.

•
Creative is continuously refreshed based on real market feedback.

•
Budget can scale materially without sacrificing pipeline quality or efficiency.

•
We can confidently explain where the next incremental dollar should go—and why.

•
Paid insights are helping the broader marketing organization understand what resonates with the market.

You Should Be

•
8+ years of experience in paid acquisition, growth marketing, digital marketing, or demand generation, ideally in a high-growth B2B technology company.

•
Experience managing and scaling significant paid media budgets.

•
Deep hands-on expertise across major advertising platforms, particularly paid search and LinkedIn.

•
Strong understanding of enterprise B2B buying journeys and account-based marketing.

•
Experience testing channels beyond traditional paid media.

•
Strong creative instincts and experience building systematic creative testing programs.

•
Exceptional analytical ability and comfort connecting media performance to pipeline and revenue.

•
Comfortable owning both strategy and execution.

•
Experience working closely with Product Marketing, Design, Web/Growth, RevOps, and Sales.

•
Strong commercial judgment and the ability to distinguish meaningful business outcomes from attractive marketing metrics.

•
Highly hands-on. You're comfortable opening an ad account, digging into campaign performance, writing a brief, evaluating a media opportunity, launching a test, and deciding what to do next.

•
Excited about AI and interested in using it to fundamentally change how performance marketing operates.

The Ideal Candidate

You're not looking to inherit a media plan and optimize it.

You want to figure out where Cognition's next million dollars of efficient growth should come from.

You're equally comfortable scaling a proven channel, killing an underperforming campaign, testing an unconventional distribution partner, developing a new offer, or digging into the data to understand why a campaign generated leads but no pipeline.

You combine the analytical rigor of a performance marketer with the curiosity of a growth marketer and the commercial instincts of an enterprise demand generation leader.

And you want to build, not just manage.

Equal Opportunity

Cognition is an equal opportunity employer. We do not discriminate on the basis of race, color, religion, sex, sexual orientation, gender identity, national origin, age, disability, veteran status, or any other protected characteristic under applicable law. We are committed to providing reasonable accommodations for candidates with disabilities throughout the hiring process - please let us know if you need any.",9369,https://jobs.ashbyhq.com/cognition/d8ac696a-cdea-41d4-a50c-8249dab2c106,,https://www.linkedin.com/jobs/view/4469382004,2026-09-23,43,43 applicants,,matched,title,2026-10-02,2026-10-02T11:05:55,2026-10-02,,9,startDate+linkedin,true,0,,,,,Marketing,2026-09-23,,false,,,,,,
3f98c483-326a-4a7e-aedb-71500b6171c5,Integrated Marketing & Campaigns,cognition,cognition,Full time,Posted 9 Days Ago,,,San Francisco,1,San Francisco,false,,United States,,0,"We are an applied AI lab building end-to-end software agents.

We're the makers of Devin, the first AI software engineer.

Our team is extremely talent-dense. Among our founding team, we have world-class competitive programmers, former founders, and leaders from companies at the cutting edge of AI including Scale AI, Palantir, Cursor, Waymo, Tesla, Lunchclub, Modal, Google DeepMind, and Nuro.

Building Devin is just the first step—our hardest challenges still lie ahead. If you’re excited to solve some of the world’s biggest problems and build AI that can reason on real-world tasks, apply to join us.

The Role

We’re looking for a hands-on marketer to turn Cognition’s differentiated technology and customer impact into enterprise campaigns that drive pipeline and sales.

You’ll create content and experiences that influence every key stakeholder in an enterprise purchase—from engineering champions and technical evaluators to executive sponsors and economic buyers. Your work will help customers understand what’s possible, evaluate our technology, build the business case, and move confidently toward adoption.

You’ll own campaigns from idea through execution and promotion, bringing together the right message, format, audience, and channels. This role combines strong storytelling, commercial judgment, and the ability to ship quickly.

What You’ll Do

•
Build integrated campaigns around our most important themes. Partner with Product Marketing to translate Cognition’s positioning, key messaging, and differentiation into campaigns that create demand and advance enterprise deals.

•
Create content across the buying journey. Develop ebooks, research, webinars, demo experiences, practical templates and guides, workshops, business-case tools, and other formats that help buyers move from initial interest through evaluation and purchase.

•
Reach the full buying group. Address the distinct priorities of engineering leaders, developers, IT and security stakeholders, and business executives—with the right depth, evidence, and next step for each audience.

•
Make campaigns relevant across verticals. Translate broad themes into industry-specific use cases, challenges, and customer outcomes, partnering with Enterprise Demand and Sales on priority segments and accounts.

•
Own the promotion strategy. Build distribution into every campaign from the start. Coordinate paid, email, web, social, partner, field, and sales activation with the teams responsible for each channel.

•
Bring technical differentiation to life. Work with Product Marketing, engineers, technical experts, and customers to turn complex capabilities into credible stories and demonstrations of enterprise impact.

•
Execute from brief to launch. Own campaign plans, content development, production, timelines, and follow-up. Write and build directly, bringing in internal experts and external resources where needed.

•
Optimize for pipeline and revenue. Partner with Revenue Operations and Sales to measure buying-group engagement, qualified pipeline, opportunity progression, and sales outcomes. Use those insights to improve the next campaign.

What Success Looks Like

Your campaigns consistently reach the right buyers, make Cognition’s differentiation tangible, and help Sales create and win enterprise opportunities. You build a repeatable approach to turning our strongest ideas, product capabilities, and customer evidence into programs that produce measurable commercial results.

You Should Be

•
A track record of building and executing integrated campaigns for enterprise B2B technology buyers.

•
Strong content development and writing skills, with examples of work you personally took from concept to launch.

•
Experience connecting content, distribution, and sales follow-up to measurable pipeline outcomes.

•
An understanding of complex enterprise buying groups and how their information needs change throughout a deal.

•
The ability to move between an executive business narrative and detailed product or use-case content.

•
Strong project ownership: you can coordinate multiple contributors, make decisions, and ship high-quality work quickly.

•
A practical approach to experimentation, including using AI tools to accelerate research, production, and iteration.

Bonus Points

•
Experience marketing developer tools, AI, infrastructure, or other technical enterprise products.

•
Comfort creating technical content and partnering closely with engineers or solutions teams.

•
Experience building vertical campaigns, technical webinars, demo-led programs, or content that supports active enterprise opportunities.

Equal Opportunity

Cognition is an equal opportunity employer. We do not discriminate on the basis of race, color, religion, sex, sexual orientation, gender identity, national origin, age, disability, veteran status, or any other protected characteristic under applicable law. We are committed to providing reasonable accommodations for candidates with disabilities throughout the hiring process - please let us know if you need any.",5064,https://jobs.ashbyhq.com/cognition/3f98c483-326a-4a7e-aedb-71500b6171c5,,,,,,,no_match,,2026-10-02,,2026-10-02,,,,true,0,,,,,Marketing,,,false,,,,,,
7a9d995f-bc55-4347-9db3-1d366308a95e,SEO & AEO,cognition,cognition,Full time,Posted 9 Days Ago,,,San Francisco,1,San Francisco,false,,United States,,0,"We are an applied AI lab building end-to-end software agents.

We're the makers of Devin, the first AI software engineer.

Our team is extremely talent-dense. Among our founding team, we have world-class competitive programmers, former founders, and leaders from companies at the cutting edge of AI including Scale AI, Palantir, Cursor, Waymo, Tesla, Lunchclub, Modal, Google DeepMind, and Nuro.

Building Devin is just the first step—our hardest challenges still lie ahead. If you’re excited to solve some of the world’s biggest problems and build AI that can reason on real-world tasks, apply to join us.

The Role

Search is changing rapidly. People still search Google, but increasingly they discover products through AI assistants, answer engines, technical communities, and other new interfaces.

We're looking for an SEO & AEO leader to build Cognition's organic demand engine from the ground up.

You'll own both the strategy and execution behind how Cognition gets discovered by the people and companies looking for what we're building—from engineers researching AI software development to enterprise technology leaders evaluating how to bring agentic software engineering into their organizations.

This is not a traditional SEO role, and it is not a traditional content marketing role.

Product Marketing owns our core positioning, messaging, product content, research, and customer stories. Your job is to turn that expertise into a search-optimized content engine that captures high-intent demand and converts it into pipeline.

You'll identify the searches we need to win, determine the right experience for each search, create and optimize the pages and resources needed to capture that demand, build our authority both on and off our website, and continuously improve our ability to rank, get cited, engage, and convert.

You'll have significant ownership over technical SEO, content strategy and production, on-page and off-page SEO, information architecture, enterprise search, AI-search visibility, and organic conversion.

What You’ll Do

Build the Organic Demand Engine

•
Build and execute Cognition's SEO and AEO strategy across Devin, Windsurf, and our broader web presence

•
Build a scalable organic content engine focused on high-intent searches that can drive qualified users, accounts, and enterprise pipeline

•
Identify high-value keywords and search themes across enterprise software engineering, AI coding agents, agentic engineering, developer productivity, software development, and related categories

•
Map search intent across the enterprise buying journey—from problem discovery and education through solution evaluation, competitive research, and purchase intent

•
Determine the right experience for each opportunity: landing page, use-case page, comparison page, blog, guide, gated resource, template, interactive tool, demo, or other format

•
Own the strategy and execute against it—you won't just create roadmaps and hand them off to someone else

Create Search-Optimized Experiences

•
Build search-optimized landing pages, solution pages, use-case pages, industry pages, comparison pages, glossary/educational experiences, and other high-intent web experiences

•
Develop SEO-driven blogs and editorial content in partnership with Product Marketing and subject matter experts

•
Turn PMM research, positioning, customer stories, product launches, and technical expertise into additional search-optimized assets

•
Develop gated resources—including guides, templates, benchmarks, reports, and other high-value assets—designed around specific search intent and conversion opportunities

•
Create search-driven product demos, interactive experiences, tools, and other experiences that help users understand Devin and Windsurf while moving them toward activation or enterprise engagement

•
Build and optimize conversion paths from organic search to signup, demo, contact, and other high-value actions

•
Develop programmatic and scalable content opportunities where they can create meaningful incremental demand without sacrificing quality

Own Technical, On-Page & Off-Page SEO

•
Own the technical SEO roadmap across site architecture, crawlability, indexing, internal linking, structured data, page performance, redirects, canonicalization, and other technical foundations

•
Develop and execute an off-page SEO and authority-building strategy across backlinks, digital PR, third-party publications, industry sites, relevant communities, partnerships, and other sources of authoritative mentions

•
Identify the publications, websites, organizations, and other sources that influence search visibility and AI-generated answers for our target audiences

•
Build strategies to earn high-quality links, citations, references, and mentions that strengthen Cognition's authority

•
Partner with Product Marketing, Communications, Developer Marketing, and others to turn launches, research, customer stories, data, and technical insights into opportunities for external distribution and authority building

•
Build Cognition's information architecture so that search engines and AI systems can understand our products, use cases, expertise, and relationships between concepts

Own AEO & AI Search

•
Own our emerging AEO / AI-search strategy across ChatGPT, Google AI Overviews, Perplexity, Claude, and other answer engines

•
Understand how AI systems discover, retrieve, evaluate, and cite information and develop strategies to increase Cognition's visibility in those experiences

•
Build authority around the categories and topics where Cognition needs to be the company buyers discover and trust

•
Monitor how Cognition and competitors are represented in AI-generated answers and continuously develop strategies to improve visibility and accuracy

Optimize for Pipeline, Not Traffic

•
Measure organic performance against qualified traffic, account engagement, conversion, and pipeline—not simply sessions and rankings

•
Develop a framework for prioritizing search opportunities based on intent, competitive difficulty, addressable audience, and potential business impact

•
Continuously test page structure, content formats, calls to action, offers, internal linking, conversion paths, and other variables to improve performance

•
Partner with Demand Gen and RevOps to understand which organic programs are actually contributing to enterprise pipeline

•
Build reporting that makes it clear which topics, pages, and search strategies are creating business value

Build the System

•
Establish the processes, tooling, briefs, templates, workflows, and measurement needed to scale organic production

•
Build a repeatable system for turning PMM content and subject-matter expertise into multiple search-optimized experiences

•
Use AI aggressively to accelerate research, content development, competitive analysis, technical audits, content refreshes, and experimentation while maintaining a high quality bar

•
Work directly with Web and Engineering to ship technical and structural improvements quickly

What Success Looks Like

•
Cognition becomes one of the most visible companies in organic and AI search for the categories we care about

•
We build a repeatable organic content engine that consistently produces high-quality search experiences across the enterprise buying journey

•
Cognition ranks for the high-intent searches that matter to enterprise software engineering teams—not just broad informational keywords

•
Cognition builds meaningful authority across the web through high-quality links, citations, mentions, and third-party references

•
Organic search becomes a meaningful and measurable source of enterprise pipeline

•
Search-optimized pages, resources, demos, and other experiences consistently convert organic visitors into high-value actions

•
Cognition is consistently represented in AI-generated answers when buyers research AI software engineering, coding agents, agentic engineering, and related categories

•
We have a scalable operating system for identifying search opportunities, producing content, launching pages, building authority, measuring results, and iterating

•
Every major PMM initiative has an organic distribution and search strategy attached to it

You Should Be

•
A strong SEO operator who has built or significantly scaled organic growth at a B2B technology company

•
Equally comfortable with strategy and execution. You should want to identify the opportunity and then personally build the strategy, write the brief, launch the experiment, create the page, or work with an engineer to ship it

•
Deeply hands-on with technical SEO and modern web architecture

•
A strong content strategist who understands how to match search intent → content format → conversion experience

•
Experienced with both on-page and off-page SEO, including building authority and earning high-quality links and mentions

•
Commercially minded. You care about qualified pipeline and revenue, not just rankings, traffic, or impressions

•
Excited about the evolution of search and actively experimenting with how AI changes discovery and information retrieval

•
A systems thinker who can turn a collection of one-off SEO projects into a scalable content and demand-generation engine

•
Comfortable operating with significant autonomy and ambiguity. You'll be building this function from scratch

•
An excellent collaborator who can work across Product Marketing, Demand Gen, Web, Engineering, Communications, and RevOps

•
AI-native. You use AI to move faster, automate repetitive work, analyze large amounts of information, and raise the quality of your output

Bonus Points

•
Experience with enterprise B2B software, developer tools, AI, infrastructure, or cybersecurity

•
Experience building SEO programs for complex technical products

•
Experience building content engines around high-intent commercial searches

•
Experience with AEO, LLM optimization, or AI search visibility

•
Experience building off-page SEO, digital PR, link acquisition, or authority-building programs

•
Experience building programmatic or data-driven SEO systems

•
Experience connecting organic acquisition to account-level engagement and pipeline

•
Experience creating interactive tools, demos, templates, or other non-traditional content formats

•
Strong technical fluency and comfort working with APIs, data, and modern web infrastructure

Equal Opportunity

Cognition is an equal opportunity employer. We do not discriminate on the basis of race, color, religion, sex, sexual orientation, gender identity, national origin, age, disability, veteran status, or any other protected characteristic under applicable law. We are committed to providing reasonable accommodations for candidates with disabilities throughout the hiring process - please let us know if you need any.",10844,https://jobs.ashbyhq.com/cognition/7a9d995f-bc55-4347-9db3-1d366308a95e,,,,,,,no_match,,2026-10-02,,2026-10-02,,,,true,0,,,,,Marketing,,,false,,,,,,
9b77007b-02f8-4d25-8f46-fab3a06ea1c0,Partner Director - US,cognition,cognition,Full time,Posted 5 Days Ago,,,"San Francisco, Austin, New York City",1,"San Francisco, Austin, New York City",false,,United States,,0,"We are an applied AI lab building end-to-end software agents.

We're the makers of Devin, the first AI software engineer.

Our team is extremely talent-dense. Among our founding team, we have world-class competitive programmers, former founders, and leaders from companies at the cutting edge of AI including Scale AI, Palantir, Cursor, Waymo, Tesla, Lunchclub, Modal, Google DeepMind, and Nuro.

Building Devin is just the first step—our hardest challenges still lie ahead. If you’re excited to solve some of the world’s biggest problems and build AI that can reason on real-world tasks, apply to join us.

We're looking for a talented Partner Director to join us on our mission to build the future of software engineering with focus on building our partnerships with the largest Consulting Firms in the world — McKinsey & Company, Boston Consulting Group, Bain & Company, Kearney, and their peers.

ABOUT US

Cognition is the team behind Devin, the world's first AI software engineer.

Today, the two primary forms of AI coding tools are IDEs and agents. Engineers naturally want both: the IDE for when you want to make each decision yourself, with AI-assisted speedups, and agents to delegate complete tasks asynchronously. Our product suite is uniquely capable of tackling the pair.

Our maniacal focus on serving the world's most innovative companies and largest enterprises has led Gartner to name us a ""Leader"" in the Magic Quadrant. Customers like Goldman Sachs, Mercedes Benz, NuBank, Ramp, Citi, Dell, Cisco, Palantir, and ServiceNow trust us to help them transform their businesses.

HIGHLIGHTS:

•
Cognition $48B fundraise and continued growth

•
Goldman Sachs Devin Case Study

•
Scott Wu The Wu Tapes Colossus Deep Dive

•
Russell Kaplan and Scott Wu on American Optimist

WHAT YOU’LL DO

•
As a Channel Director, you will be responsible for building Cognition’s partner ecosystem from the ground up — sourcing, recruiting, enabling, and activating partners that drive meaningful revenue for Cognition’s platform.

•
You will create partnerships from a standing start and turn them into partner-initiated business. This is not a maintenance role but rather a hunter/farmer role. You will define the strategy, build the program, support deals, and help close new business alongside our partners.

•
You’ll work closely with sales, but also engineering, product, and marketing to build a high-leverage partner engine that accelerates Cognition’s growth and expands Devin’s reach into the world’s most ambitious technology organizations.

•
Successful candidates will have 6+ years of experience in partnerships, channel, business development, sales, or strategic alliances, a strong understanding of the partner landscape, and the drive and grit required to build a revenue channel from zero in a fast-paced, high-intensity environment.

WHAT YOU’LL BRING

•
Insanely high adaptability and a deep passion for the (somewhat chaotic) early stages of company building.

•
Relentless drive – Hunger to dream up, plan, and execute a winning strategy for your territory.

•
Boundless curiosity and ability to learn quickly - the market dynamics in this space change daily!

•
Deep customer empathy, we’re building long-term relationships and that requires always putting our customers first.

•
The exceptional technical expertise required to become a master of our products and a trusted advisor on your customers' AI strategy.

•
Team player – We win and lose with our incredible Product, Engineering, and GTM peers.

WHAT WE BELIEVE

Only a small handful of companies have built career-defining sales teams. We’re on a mission to build the next one. That starts with setting the bar for talent extremely high.

Even the best sales reps are never a finished product. World-class enablement is key to a world-class sales organisation and a competitive advantage. We have hired one of the best teams in the industry to ensure everyone continues to get better.

Equal Opportunity

Cognition is an equal opportunity employer. We do not discriminate on the basis of race, color, religion, sex, sexual orientation, gender identity, national origin, age, disability, veteran status, or any other protected characteristic under applicable law. We are committed to providing reasonable accommodations for candidates with disabilities throughout the hiring process - please let us know if you need any.",4400,https://jobs.ashbyhq.com/cognition/9b77007b-02f8-4d25-8f46-fab3a06ea1c0,,,,,,,no_match,,2026-10-02,,2026-10-02,,,,true,0,,,,,Sales,,,false,,,,,,
