reqId,title,company,hiringOrg,timeType,postedOn,startDate,postingAgeDays,primaryLocation,nLocations,locations,remoteFlag,stateCodes,country,questionnaireId,similarJobsCount,description,descriptionLength,url,detailError,linkedinUrl,linkedinPostedDate,numApplicants,applicantLabel,dateDeltaDays,corroborationStatus,matchMethod,firstSeenDate,corroboratedOn,dumpDate,endDate,daysOnMarket,daysOnMarketBasis,censored,repostCount,lastResetDate,applicationDeadline,daysLeftToApply,workerSubType,jobFamilyGroup,earliestEvidenceDate,crossSourceRepostEvidence,applicantCensored,h1bFilings,h1bWageP25,h1bWageP50,h1bWageP75,h1bMatchBasis,h1bMatchTitle
9200051572950_1,Sample Coordinator,Frontage Laboratories,,Full time,Posted 2 Days Ago,2026-10-05,2,"Eagleview, Exton, PA, US",1,"Eagleview, Exton, PA, US",false,,united states,,0,"Position Summary: The ideal candidate will have experience in handling biological samples, chemicals, sample logistics and sample tracking, experience in regulated environments (GLP, SOPs, etc..), and strong written and oral communication skills.

Responsibilities:

• Receive, log in and track biological samples, reference standards, and chemicals according to Standard Operating Procedures (“SOPs”)

• Communicate with clients and study sites regarding issues for biological samples and reference standards

• Track and maintain biological samples and reference standards in appropriate storage conditions

• Prepare, track and maintain the biological samples and reference standards related documents according to SOPs

• Maintain and track sample storage status in freezers and notify clients and finance team regarding appropriate invoicing

• Prepare sample storage notification forms for clients on a regular basis

• Communicate with clients on sample disposal and dispose biological samples according to SOPs

• Enter samples into the Watson LIMS System

• Register compounds in E-Workbook

Requirements:

• Bachelor's degree in Biology, Chemistry, or a related scientific discipline required with 0+ years experience

• Experience in handling biological and chemical samples

• Experience in sample management and tracking

• Strong written and oral communication and interpersonal skills.

• Experience in regulated environments (GLP, SOPs, etc..) is a plus

• Must be able to lift up to 50lbs

Frontage Laboratories Inc. is an equal opportunity employer. All qualified applicants will receive consideration for employment without regard to race, religion, color, national origin, sex, sexual orientation, gender identity, age, status as a protected veteran, among other things, or status as a qualified individual with disability.",1843,https://workforcenow.adp.com/mascsr/default/mdf/recruitment/recruitment.html?cid=0fad767f-f389-40ea-b2d1-d8df05098476&ccId=19000101_000001&jobId=9200051572950_1&lang=en_US,,,,,,,not_checked,,2026-10-07,,2026-10-07,,2,startDate,false,0,,,,,,2026-10-05,,,,,,,,
9200346645147_1,Specimen Processor,Frontage Laboratories,,Full time,Posted 47 Days Ago,2026-08-21,47,"Exton, PA, US",1,"Exton, PA, US",false,,united states,,0,"Specimen Processor

Job Title: Specimen Processor, Central Laboratory Services
Reports To:  Specimen Processor Lead
Remote Position:  Onsite required, Full-time

Frontage Laboratories Inc. is an award winning, full-service, CRO/Contract Research Organization operating over 25 state-of-the-art laboratories across the US, Canada and China.  Our core competencies include drug metabolism, pharmacokinetics/ pharmacodynamics (PK/PD), safety and toxicology, bioanalytical services, chemistry and manufacturing controls for drug development, and core laboratory services for clinical trials.

Responsibilities:

• Specimen accessioning, sorting, triaging, and specimen storage

• Specimen processing including PBMC isolation, cell free DNA isolation, aliquot, etc.

• Creation and maintenance of Specimen and Biorepository-related SOP

• Trouble shooting and specimen-related issue reconciliation

• Other duties as assigned

Requirements:

• Has a High School Diploma or higher

• Experience working with laboratory specimens

• Has excellent communication skills

• High level of accountability with self and others

• Hands-on approach with a desire to teach others

• Track record of challenging the status quo

• Team and action-oriented

• Problem-solving

• Priority setting

Salary and Benefits:

Frontage Laboratories offers a competitive compensation and benefits package including health and dental insurance, a 401(k) plan, disability insurance, and life insurance.

Frontage Laboratories Inc. is an equal opportunity employer. All qualified applicants will receive consideration for employment without regard to race, religion, color, national origin, sex, sexual orientation, gender identity, age, status as a protected veteran, among other things, or status as a qualified individual with disability.",1811,https://workforcenow.adp.com/mascsr/default/mdf/recruitment/recruitment.html?cid=0fad767f-f389-40ea-b2d1-d8df05098476&ccId=19000101_000001&jobId=9200346645147_1&lang=en_US,,,,,,,not_checked,,2026-10-07,,2026-10-07,,47,startDate,true,0,,,,,,2026-08-21,,,,,,,,
9200400459013_1,Data Management Specialist,Frontage Laboratories,,Full time,Posted 8 Days Ago,2026-09-29,8,"Exton, PA, US",1,"Exton, PA, US",false,,united states,,0,"Data Management Specialist

JOB TITLE: Data Management Specialist

DEPARTMENT: Central Lab Services – IT

Full-time

Exton, PA

PURPOSE: Manage data transfers between Frontage and clients and internal reporting from data systems, per company SOPs and relevant regulations and requirements.

Frontage Laboratories Inc. is an award winning, full-service, CRO/Contract Research Organization operating over 25 state-of-the-art laboratories across the US, Canada and China.  Our core competencies include drug metabolism, pharmacokinetics/ pharmacodynamics (PK/PD), safety and toxicology, bioanalytical services, chemistry and manufacturing controls for drug development, and core laboratory services for clinical trials.

Roles and Responsibilities:

• Participate in project meetings to understand study protocol and capture clinical trial data elements that we need to capture in our system, particularly those that will need to be reported internally and transferred to our clients.

• Work with LIS Application Specialist to make sure those data elements are setup correctly in the system.

• Work with Project Managers and clients to create Data Transfer Agreement (DTA).

• Build and maintain data management templates for internal reporting and external transfer.

• Create process to generate project-specific export of data from or import data to LIS/LIMS and other systems.

• Work with Quality Assurance to make sure data accuracy in reports and data transfer.

• Ensure the data transfers are carried out according to the corresponding agreements in a timely manner.

• Assist with development of departmental data management procedures and ensure compliance with relevant regulations and requirements (HIPAA, GDPR, GCP, GLP, CAP, CLIA, etc.) in conjunction with QA and laboratory management.

• Other tasks as assigned.

Qualifications and Skills:

• Bachelor’s degree in the STEM field or equivalent work experience.

• At least one year of clinical data management or equivalent work experience.

• Good skills with office software such as Word, Excel Formula & Power Query, etc.

• Knowledge or experience of SQL is a great plus.

Salary and Benefits:

Frontage Laboratories offers a competitive compensation and benefits package including health and dental insurance, a 401(k) plan, disability insurance, and life insurance.

Frontage Laboratories Inc. is an equal opportunity employer. All qualified applicants will receive consideration for employment without regard to race, religion, color, national origin, sex, sexual orientation, gender identity, age, status as a protected veteran, among other things, or status as a qualified individual with disability.",2675,https://workforcenow.adp.com/mascsr/default/mdf/recruitment/recruitment.html?cid=0fad767f-f389-40ea-b2d1-d8df05098476&ccId=19000101_000001&jobId=9200400459013_1&lang=en_US,,,,,,,not_checked,,2026-10-07,,2026-10-07,,8,startDate,false,0,,,,,,2026-09-29,,,,,,,,
9200420789756_1,"Associate Scientist, Pharmaceutical Analysis-Microbiology ",Frontage Laboratories,,Full time,Posted 98 Days Ago,2026-07-01,98,"Exton, PA, US",1,"Exton, PA, US",false,,united states,,0,"Associate Scientist, Pharmaceutical Analysis-Microbiology

Full-time

Exton, PA

Frontage Laboratories:

Frontage Laboratories Inc. (Frontage) is a global contract research organization with broad expertise in supporting pre-clinical and clinical drug development. Frontage operates out of several different locations within the USA, Canada, and China. Frontage’s core competencies include drug metabolism, pharmokinetics/ pharmacodynamics (PK/PD), safety and toxicology, bioanalytical services, chemistry and manufacturing controls for drug development, and core laboratory services for clinical trials.

Analytical Chemistry-CMC:

We specialize in analytical services and method development, validation and transfer for product development and clinical trial materials (CTM) manufacturing support, as well as commercial product release and stability testing.

Position Summary:

Performs routine and non-routine microbiology sample analysis (specifically, MLT/Bioburden, Endotoxin, Environmental Monitoring, Sterility, and AET) and a variety of tasks to support product development, ensuring agreed timelines.

Responsibilities:

• Performs method development and validation under supervision.

• Prepares study protocols, reports, investigation reports, and generates cGMP documents as needed.

• Performs quality checks of data, laboratory notebooks, and other scientific documentation as required.

• Maintains qualification and compliance of instruments, and conducts technical and equipment troubleshooting as needed.

• Reports and resolves any unexpected issues under supervision.

• Complies with all relevant cGMP regulatory requirements while carrying out assigned studies.

• Collaborates with team members (Analytical Scientists, Quality Assurance, Material Coordinators, and Manufacturing Technicians) to meet timelines for drug product delivery.

• Identifies opportunities for improvement in quality of services, and works with the team to implement.

Requirements:

• B.S. in Biology or related discipline with 1-3 years relevant experience in pharmaceutical or related industry (CRO experience is a plus).

• Experience in pharmaceutical product and facility testing (MLT/Bioburden, Sterility, Endotoxin, Environmental Monitoring, AET).

• Experience working in a BSL2 laboratory is a plus.

• Capable of setting priorities based in a fast-paced, changing environment.

• Excellent oral and written communication skills, attention to detail and data quality, and experience working on diverse collaborative teams.

Salary and Benefits:

Frontage Laboratories offers a competitive compensation and benefits package including health and dental insurance, a 401(k) plan, disability insurance, and life insurance.

Frontage Laboratories Inc. is an equal opportunity employer. All qualified applicants will receive consideration for employment without regard to race, religion, color, national origin, sex, sexual orientation, gender identity, age, status as a protected veteran, among other things, or status as a qualified individual with disability.",3066,https://workforcenow.adp.com/mascsr/default/mdf/recruitment/recruitment.html?cid=0fad767f-f389-40ea-b2d1-d8df05098476&ccId=19000101_000001&jobId=9200420789756_1&lang=en_US,,,,,,,not_checked,,2026-10-07,,2026-10-07,,98,startDate,true,0,,,,,,2026-07-01,,,,,,,,
9200497096974_1,Kitting Specialist,Frontage Laboratories,,Full time,Posted 72 Days Ago,2026-07-27,72,"Exton, PA, US",1,"Exton, PA, US",false,,united states,,0,"Kitting Specialist

Title: Kitting Specialist, Central Lab Services

Location: Exton, PA

Reports to: Director of Logistics and Program Management

Full-time

Frontage Laboratories Inc. is an award winning, full-service, CRO/Contract Research Organization operating over 25 state-of-the-art laboratories across the US, Canada and China.  Our core competencies include drug metabolism, pharmacokinetics/ pharmacodynamics (PK/PD), safety and toxicology, bioanalytical services, chemistry and manufacturing controls for drug development, and core laboratory services for clinical trials.

Position/Job Summary:

The Kitting Specialist builds and organizes collection kits for clinical trials; including ordering supplies, picking supplies, packing supplies, and creating shipments to clinical sites in conjunction with the Project Management team.

Roles & Responsibilities:

• Maintain a working knowledge of different types of collection tubes and equipment, e.g., blood collection tubes, aliquots.

• Maintain kitting department and create an organized workflow to ensure accurate kit building.

• Create kits and all required documentation; participate in the quality control process of the kits prior to kit release to customers.

• Track kit and supply inventory, work with Program Administrator to order additional supplies as required.

• Alert Project Management of kit expiry dates.

• Fulfill kit orders in conjunction with Project Management to ensure on-time delivery.

• Help develop Commercial Invoices and customs documents when required.

• Partner with Shipping Specialist as required.

• Other duties as assigned.

Education, Experience & Skills Required:

Minimum of 1 year of experience in clinical trial, phlebotomy, or laboratory medicine; or warehouse/fulfillment experience.

• High level of accountability with self and others

• Hands-on approach with a desire to teach others

• Track record of challenging the status quo

• Team and action-oriented

• Problem-solving

• Priority setting

Salary and Benefits:

Frontage Laboratories offers a competitive compensation and benefits package including health and dental insurance, a 401(k) plan, disability insurance, and life insurance.

Frontage Laboratories Inc. is an equal opportunity employer. All qualified applicants will receive consideration for employment without regard to race, religion, color, national origin, sex, sexual orientation, gender identity, age, status as a protected veteran, among other things, or status as a qualified individual with disability.",2547,https://workforcenow.adp.com/mascsr/default/mdf/recruitment/recruitment.html?cid=0fad767f-f389-40ea-b2d1-d8df05098476&ccId=19000101_000001&jobId=9200497096974_1&lang=en_US,,,,,,,not_checked,,2026-10-07,,2026-10-07,,72,startDate,true,0,,,,,,2026-07-27,,,,,,,,
9202973864752_1,"Director, Business Development - Clinical Research",Frontage Laboratories,,Full time,Posted 42 Days Ago,2026-08-26,42,"Secaucus, NJ, US",1,"Secaucus, NJ, US",false,,united states,,0,"Manager-Director, Business Development - Clinical Research

Manager-Director, Clinical Business Development

Full Time

Remote-USA Based (Preferably East Coast)

Reports to: Senior Vice President, Clinical Services

Frontage Laboratories Inc.

Frontage Laboratories Inc. (Frontage) is a global contract research organization with broad expertise in supporting pre-clinical and clinical drug development. Frontage operates out of several different locations within the USA, Canada, and China. Frontage’s core competencies include drug metabolism, pharmacokinetics/ pharmacodynamics (PK/PD), safety and toxicology, bioanalytical services, chemistry and manufacturing controls for drug development, clinical research, and core laboratory services for clinical trials.

Frontage Clinical Services

At Frontage, we leverage more than 25 years of experience to develop a unique approach to overcome the challenges of every clinical study, while maximizing efficiency and mitigating risk. We apply best practices in study design and execution to advance each study to completion.

Position Summary:

The Business Development role involves the creation of long-term valued business relationships for the Company with both existing and new customers, with primary emphasis on new account development.

The position title can be Business Development Manager to Director depending on experience.

Responsibilities:

• Secure and retain business through professional, consultative, and proactive sales activities directed at key decision makers.

• Strong negotiating skills, knowledge of legal contracts and experience with RFIs/RFPs and competitive bidding processes.

• Analyze potential opportunities and develop sales plans for each target account, develop in-depth knowledge of the customer organization.

• Ensure appropriate strategy/solution is proposed to clients.

• Monitor actions and results against plans.

• Lead client visits to the Frontage facilities.

• Coordinate with scientific and operations staff to prepare and lead the sales presentations, present comprehensive proposals, and lead follow-up activities.

• Monitor sponsor satisfaction by regular communication with the clients/sponsors.

• Record all client/sponsor sales related (opportunities, CDA, MSA, Site Visits, Face to Face Meetings, etc.) activities in CRM (salesforce) system.

• Represent Frontage at trade shows and other meetings.

Education, Skills and Experience Required:

• BS degree or above, life science preferred.

• Must have 2+ years’ experience in selling Pre-Clinical or Phase 1 clinical research services.

• Solid understanding of the principles of drug discovery and development.

• Knowledge and experience in DMPK & Safety Toxicology

• Knowledge and understanding of FDA, GCP, and ICH regulations and guidance

• Highly proficient in using Microsoft Office Suite: MS PowerPoint, MS Word, and MS Excel.

• Attention to detail and ability to work simultaneously on multiple priorities. Able to adapt and be flexible to changing priorities.

• Excellent oral and written communication skills.

• Ability to travel.

• Established industry client network is a plus.

Salary and Benefits:

Frontage Laboratories offers a competitive compensation and benefits package including health and dental insurance, a 401(k) plan, disability insurance, and life insurance.

Frontage Laboratories Inc. is an equal opportunity employer. All qualified applicants will receive consideration for employment without regard to race, religion, color, national origin, sex, sexual orientation, gender identity, age, status as a protected veteran, among other things, or status as a qualified individual with disability.",3692,https://workforcenow.adp.com/mascsr/default/mdf/recruitment/recruitment.html?cid=0fad767f-f389-40ea-b2d1-d8df05098476&ccId=19000101_000001&jobId=9202973864752_1&lang=en_US,,,,,,,not_checked,,2026-10-07,,2026-10-07,,42,startDate,true,0,,,,,,2026-08-26,,,,,,,,
9202986857437_1,Associate Project Manager,Frontage Laboratories,,Full time,Posted 86 Days Ago,2026-07-13,86,"Exton, PA, US",1,"Exton, PA, US",false,,united states,,0,"Associate Project Manager

Title: Associate Project Manager

Location: Exton, PA

Reports to: Senior Project Manager, Central Lab

Full-time

Frontage Laboratories Inc. is an award winning, full-service, CRO/Contract Research Organization operating over 25 state-of-the-art laboratories across the US, Canada and China.  Our core competencies include drug metabolism, pharmacokinetics/ pharmacodynamics (PK/PD), safety and toxicology, bioanalytical services, chemistry and manufacturing controls for drug development, and core laboratory services for clinical trials.

Position/Job Summary: Plan, execute, manage, and close clinical trial projects.

Roles & Responsibilities

• Manage and monitor project progress and timelines to ensure successful completion.

• Participate and communicate effectively in project meetings with clients on a regular basis as well as with internal departments to ensure projects are met with quality and within the applicable scope and budget.

• Collaborate with financial sector throughout various stages of projects (invoices and revenue recognition).

• Prepare and review proposals.

• Generation of clinical trial related documentation as needed and per client request.

• Support Management and Business Development teams with new business opportunities.

• Maintain a general working knowledge of phase I-IV clinical trials, FDA regulations/ICH guidelines and other pertinent regulations.

Education, Experience & Skills Required:

• Associate Degree or higher.

• Has at least 2-3 years’ experience in a clinical laboratory, CRO, or pharmaceutical environment.

• Has previous project management experience.

• Excellent communication skills.

• Proficient with Excel, Word, PowerPoint, Microsoft Teams, and other computer skills.

• High level of accountability with self and others.

• Hands-on approach with a desire to teach others.

• Track record of challenging the status quo.

• Team and action oriented.

• Problem-solving.

• Able prioritize workload.

Salary and Benefits:

Frontage Laboratories offers a competitive compensation and benefits package including health and dental insurance, a 401(k) plan, disability insurance, and life insurance

Frontage Laboratories Inc. is an equal opportunity employer. All qualified applicants will receive consideration for employment without regard to race, religion, color, national origin, sex, sexual orientation, gender identity, age, status as a protected veteran, among other things, or status as a qualified individual with disability.",2536,https://workforcenow.adp.com/mascsr/default/mdf/recruitment/recruitment.html?cid=0fad767f-f389-40ea-b2d1-d8df05098476&ccId=19000101_000001&jobId=9202986857437_1&lang=en_US,,,,,,,not_checked,,2026-10-07,,2026-10-07,,86,startDate,true,0,,,,,,2026-07-13,,,,,,,,
9203014766506_1,Veterinarian,Frontage Laboratories,,Full time,Posted 40 Days Ago,2026-08-28,40,"Concord, OH, US",1,"Concord, OH, US",false,,united states,,0,"Veterinarian – Full time (onsite)

Location: Concord, Ohio

Concord, Unit of Frontage Laboratories: A global pharmaceutical development organization advancing drug discovery and development through integrated laboratory and clinical services. We are more than just a CRO – we are drug developers assisting clients in advancing therapeutics through development to commercial launch in global markets.

Role

Join our team as Staff veterinarian and make a meaningful impact in a dynamic and fast-paced laboratory animal environment. At our Concord, Ohio facility, you will play a crucial role in upholding the highest standards of animal welfare working under the guidance of Attending Veterinarian.

In this vital position you will be responsible for the clinical, preventative and surgical care of our research animals, ensuring their well-being and health. Your contributions will be instrumental in providing veterinary guidance and expertise to groundbreaking research projects, consulting and collaborating with investigators and assisting with facility management.

Moreover, you will be a key player in ensuring compliance with federal regulations and international standards, contributing to our commitment to excellence. Your role will also involve providing essential training to our staff, fostering a culture of continuous learning and improvement.

If you are passionate about animal welfare and eager to contribute to innovative research, we invite you to join our team and help us achieve our mission of advancing scientific discovery while maintaining the highest ethical standards.

Key Responsibilities

• Clinical Care: providing comprehensive clinical, preventative, surgical care and ensuring the overall well-being of the animals.

• Assist composition and refinement of living documents applicable to Animal Care and Use Program.

• Compliance: Ensuring compliance with federal regulations and international standards/guidelines related to animal welfare.

• Maintaining compliance with Good Laboratory Practices (GLP) and departmental Standard Operating Procedures (SOPs).

• Assist with preparation and submission of all reports to proper agencies to maintain compliance with the law and keep current accreditation status.

• Provide technical and scientific expertise to departmental scientists and technicians.

• Maintain Personal Documentation Record (curriculum vitae, job description, training record).

• Participation in Institutional Animal Care and Use Committee (IACUC).

• Review of proposal and protocol design for management and IACUC.

• Communication: Maintaining effective communication throughout the establishment regarding animal welfare and associated concerns. Including fostering an environment where staff feel confident to communicate animal welfare concerns and ensuring that communication is open and transparent.

• Maintain and facilitate communication with Attending Veterinarian, Study Directors, Sponsors, and management as to the status of studies.

• Adhere to corporate and departmental Environmental and Occupational Safety policies.

• Facilitate cooperation between Drug Safety and other Frontage operating units.

• Other responsibilities/duties as assigned.

Education, skills, and experience

• A DVM or equivalent is requirement.

• Relevant experiences in laboratory animal environment, surgery, and GLP regulations are highly desirable but not absolutely required.

• Excellent communication and interpersonal skills

• Knowledge of Microsoft Word, Excel and Adobe Systems is desirable.

Who we are & what we offer

• Frontage is publicly traded and an award winning CRO with over 20 locations across North America and Asia and growing. We offer competitive compensation and benefits, great place and teams to work with and state of the art facilities. Learn more about us at www.frontagelab.com

• Concord is a unit of Frontage Laboratories. This site provides toxicology testing and research laboratory services and specialized pre-clinical studies in support of pharmaceutical and biotechnology products.

Frontage Laboratories Inc. is an equal opportunity employer. All qualified applicants will receive consideration for employment without regard to race, religion, color, national origin, sex, sexual orientation, gender identity, age, status as a protected veteran, among other things, or status as a qualified individual with disability.",4413,https://workforcenow.adp.com/mascsr/default/mdf/recruitment/recruitment.html?cid=0fad767f-f389-40ea-b2d1-d8df05098476&ccId=19000101_000001&jobId=9203014766506_1&lang=en_US,,,,,,,not_checked,,2026-10-07,,2026-10-07,,40,startDate,true,0,,,,,,2026-08-28,,,,,,,,
9203033243132_1,Histology/Necropsy Technician,Frontage Laboratories,,,Posted 75 Days Ago,2026-07-24,75,"Concord, OH, US",1,"Concord, OH, US",false,,united states,,0,"Title: Histology/Necropsy Technician

Location: Concord, OH

Reports To: Team Leader, Histology and Necropsy

Company

Frontage Laboratories Inc. is an award winning, publicly listed, full-service CRO/Contract Research Organization operating over 25 state-of-the-art laboratories across the US, Canada, and China, growing significant YoY growth. Our core competencies include pre-clinical, drug metabolism, pharmacokinetics/ pharmacodynamics (PK/PD), safety and toxicology, bioanalytical services, chemistry and manufacturing controls for drug development, and core laboratory services for clinical trials.

Position Summary:

We are seeking a highly-motivated, detail-oriented team member to support client-driven projects using necropsy and histology techniques. The successful candidate will perform necropsy laboratory procedures, including but not limited to tissue collection/preservation, tissue trimming and weighing, and data entry, all in compliance with appropriate SOP, Protocol, and Regulatory Agency guidelines. In support of Histology, team member may also trim, embed, cut, and stain collected tissues, all in compliance with appropriate SOP, Protocol, and Regulatory Agency guidelines.

Roles and Responsibilities:

• Follow Standard Operating Procedures (SOPs), Good Laboratory Practices (GLPs), Health & Safety standards and department policies/procedures in the performance of all duties.

• Observe all safety procedures and working methods by making proper use of protective clothing and equipment and by reading, understanding, and following all safety documents.

• Successfully complete necessary tasks involved in animal necropsy and tissue trimming: proper dissection and collection of samples, organ weights and verification, laboratory preparation, and preparation of laboratory solutions.

• Provide support in the histology lab in trimming, processing, embedding, cutting, and staining collected tissues.

• Maintain the laboratory equipment in a clean and safe operating condition and maintain a clean and safe work area.

• Maintain logs and collect data according to GLP guidelines to a high degree of accuracy.

Education and Requirements:

• Bachelor’s Degree in Life Sciences, or Associate Degree/Certification in Histology, Laboratory Animal Technology, or Veterinary Technology (or related) is preferable, but not required.

• An equivalent amount of education and/or experience may be accepted as a satisfactory substitute for the specific education.

• Willing to train individual with correlating background, education, or skills.

• Highly desirable to have experience with necropsy procedures and/or working in a histology laboratory, preferably with multiple species.

• Proven ability to successfully work in a team environment. Excellent oral and written communication skills.

• Must be able to work in a laboratory setting with laboratory animals and chemicals.

• Basic computer knowledge (e.g. Microsoft Office), corresponding with essential functions of accurately reading and recording data.

• Must be able to stand or sit for extended periods of time.

• Must be able to lift up to 30 pounds regularly and 50 pounds on occasion.

• Must be able to tolerate strong odors.

Salary and Benefits:

Frontage Laboratories offers a competitive compensation and generous benefits package including health and dental insurance, a 401(k) plan, health insurance, short and long-term disability insurance, life insurance etc.

Frontage Laboratories Inc. is an equal opportunity employer. All qualified applicants will receive consideration for employment without regard to race, religion, color, national origin, sex, sexual orientation, gender identity, age, status as a protected veteran, among other things, or status as a qualified individual with disability.",3806,https://workforcenow.adp.com/mascsr/default/mdf/recruitment/recruitment.html?cid=0fad767f-f389-40ea-b2d1-d8df05098476&ccId=19000101_000001&jobId=9203033243132_1&lang=en_US,,,,,,,not_checked,,2026-10-07,,2026-10-07,,75,startDate,true,0,,,,,,2026-07-24,,,,,,,,
9203040620360_1,Facilities Technician ,Frontage Laboratories,,Full time,Posted 20 Days Ago,2026-09-17,20,"Exton, PA, US",1,"Exton, PA, US",false,,united states,,0,"Title: Facilities Technician

Location: Exton, PA (onsite)

Reports to: Senior Facilities Manager

Company:

Frontage Laboratories Inc. is an award winning, full-service, CRO/Contract Research Organization operating over 25 state-of-the-art laboratories across the US, Canada and China.  Our core competencies include drug metabolism, pharmacokinetics/ pharmacodynamics (PK/PD), safety and toxicology, bioanalytical services, chemistry and manufacturing controls for drug development, and core laboratory services for clinical trials.

Summary:
The incumbent will be responsible for the preventive, corrective and emergency maintenance of the building’s infrastructure, equipment, support utilities and is expected to provide contract services oversight and coordination. The Incumbent must be well versed in several construction trades and capable of working independently at one of three sites within a 2-mile radius.

Responsibilities:

• Performs/oversees general repair and maintenance involving HVAC, electrical, mechanical, and plumbing systems.

• Performs daily rounds of critical utilities and updates the system logbook accordingly.

• General maintenance may include replacing and/or repairing lighting, incidental carpentry, paint, ceiling tiles, bathroom fixtures, moving furniture-fixtures-equipment, etc.

• Identifies operational problems/inefficiencies, determines appropriate remedial action and executes planned changes after achieving approval.

• Monitors environmental conditions via the Building Automation System (BAS).

• General knowledge of building automation system, fire alarm system and building sprinkler systems.

• Responsible for remote monitoring of building systems for after hour emergency concerns.

• Performs work as assigned via Computer Maintenance Management System and documents work performed in a timely manner.

• Maintains a safe and clean working environment.

• Other duties as assigned.

• Participates in monthly EHS meetings.

• Work hand in hand with third party vendor personnel brought on site to maintain/repair the facility in accordance with approved procedures.

• Provide a supervisory role for temporary labor hired.

Number of direct reports – 0

Number of total reports - 0

Budget Responsibilities – None

Education, Experience & Skills Required:

• Requires a high school diploma or GED and must be skilled in one trade area (vocational school or equivalent in experience) with additional knowledge of one other building trade area.

• Three to six years facilities maintenance experience or equivalent in light mechanical, electrical or plumbing discipline.

• Prior experience in a pharmaceutical facility is a plus.

• Ability to work with hand and power tools.

• Ability to work from drawings or a rough sketch.

• Ability to source OEM documents as necessary

• Knowledge of all equipment, safety, and OSHA rules and regulations.

• Ability to work alone or with minimal supervision.

• Knowledge of Microsoft programs.

• Good verbal and written communications skills.

• Excellent people skills.

Physical Working Conditions:

• Ability to lift 50 pounds

• Use hand and power tools

• Work off a ladder

• Ability to work on ladders or lifts in high ceiling areas.

• Occasionally work outdoors or on a roof.

• Work with and/or coordinate work of third-party vendors.

• MUST have a can-do mentality

• Be respectful and courteous to others

• Ability to work within a TEAM structure or independently to ensure project tasks are completed in a timely and cost-effective manner.

Salary and Benefits:

Frontage Laboratories offers a competitive compensation and benefits package including health and dental insurance, a 401(k) plan, disability insurance, and life insurance.

Frontage Laboratories Inc. is an equal opportunity employer. All qualified applicants will receive consideration for employment without regard to race, religion, color, national origin, sex, sexual orientation, gender identity, age, status as a protected veteran, among other things, or status as a qualified individual with disability.",4089,https://workforcenow.adp.com/mascsr/default/mdf/recruitment/recruitment.html?cid=0fad767f-f389-40ea-b2d1-d8df05098476&ccId=19000101_000001&jobId=9203040620360_1&lang=en_US,,,,,,,not_checked,,2026-10-07,,2026-10-07,,20,startDate,false,0,,,,,,2026-09-17,,,,,,,,
9203048029375_1,Animal Research Technician ,Frontage Laboratories,,Full time,Posted 70 Days Ago,2026-07-29,70,"Concord, OH, US",1,"Concord, OH, US",false,,united states,,0,"Title: Animal Research Technician

Location: Concord, OH

Reports To: Manger/Supervisor Drug Safety Department

Company

Frontage Laboratories Inc. is an award winning, publicly listed, full-service CRO/Contract Research Organization operating over 25 state-of-the-art laboratories across the US, Canada, and China, growing significant YoY growth. Our core competencies include pre-clinical, drug metabolism, pharmacokinetics/ pharmacodynamics (PK/PD), safety and toxicology, bioanalytical services, chemistry and manufacturing controls for drug development, and core laboratory services for clinical trials.

Position Summary:

We are seeking a highly-motivated, detail-oriented team member to support client-driven projects. The successful candidate will perform animal care procedures, including but not limited to room and cage cleaning, dosing, observations, and data entry, all in compliance with appropriate SOP, Protocol, and Regulatory Agency guidelines.  In support of Drug Safety, team member must be able to work in compliance with appropriate SOP, Protocol, and Regulatory Agency guidelines.

Roles and Responsibilities:

• Follow Standard Operating Procedures (SOPs), Good Laboratory Practices (GLPs), Health & Safety standards and department policies/procedures in the performance of all duties.

• Observe all safety procedures and working methods by making proper use of protective clothing and equipment and by reading, understanding, and following all safety documents.

• Successfully complete necessary tasks involved in animal care and related activities:  room cleaning, cage cleaning, animal observations, animal dosing, etc.

• Maintain the laboratory equipment in a clean and safe operating condition and maintain a clean and safe work area.

• Maintain logs and collect data according to GLP guidelines to a high degree of accuracy.

Education and Requirements:

• Bachelor’s Degree in Life Sciences, or Associate Degree, Laboratory Animal Technology, or Veterinary Technology (or related) is preferable, but not required.

• An equivalent amount of education and/or experience may be accepted as a satisfactory substitute for the specific education.

• Willing to train individual with correlating background, education, or skills.

• Highly desirable to have experience with animals, preferably with multiple species.

• Proven ability to successfully work in a team environment. Excellent oral and written communication skills.

• Must be able to work in a laboratory setting with laboratory animals.

• Basic computer knowledge (e.g. Microsoft Office), corresponding with essential functions of accurately reading and recording data.

• Must be able to stand or sit for extended periods of time with frequent bending/lifting.

• Must be able to lift up to 30 pounds regularly and 50 pounds on occasion.

• Must be able to tolerate strong odors.

Salary and Benefits:

Frontage Laboratories offers a competitive compensation and generous benefits package including health and dental insurance, a 401(k) plan, health insurance, short and long-term disability insurance, life insurance etc.

Frontage Laboratories Inc. is an equal opportunity employer. All qualified applicants will receive consideration for employment without regard to race, religion, color, national origin, sex, sexual orientation, gender identity, age, status as a protected veteran, among other things, or status as a qualified individual with disability.",3456,https://workforcenow.adp.com/mascsr/default/mdf/recruitment/recruitment.html?cid=0fad767f-f389-40ea-b2d1-d8df05098476&ccId=19000101_000001&jobId=9203048029375_1&lang=en_US,,,,,,,not_checked,,2026-10-07,,2026-10-07,,70,startDate,true,0,,,,,,2026-07-29,,,,,,,,
9203055919612_1,Facilities Supervisor/ Manager,Frontage Laboratories,,Full time,Posted 9 Days Ago,2026-09-28,9,"Exton, PA, US",1,"Exton, PA, US",false,,united states,,0,"Title: Facilities Supervisor/Manager

Location: Exton, PA (onsite)

Reports to: Sr. Facilities Manager

Company:

Frontage Laboratories Inc. is an award winning, full-service, CRO/Contract Research Organization operating over 25 state-of-the-art laboratories across the US, Canada and China.  Our core competencies include drug metabolism, pharmacokinetics/ pharmacodynamics (PK/PD), safety and toxicology, bioanalytical services, chemistry and manufacturing controls for drug development, and core laboratory services for clinical trials.

Summary:
This position will be responsible for the maintenance and repair of the facility's infrastructure, equipment, associated utilities and grounds. This position is expected to maintain all facility systems and keep them operational with the help of our Mechanical Contractor. The position will report to the Sr. Manager of Facilities. The incumbent will be expected to be well versed in several construction trades and have the ability to work independently according to pre-established project plans. The manager will also assist at the loading dock when needed, manage lab waste, and cleaning service. The Incumbent must be capable of working independently at one of three sites within a 2-mile radius.

Responsibilities:

• Performs/oversees general repair and maintenance involving HVAC, electrical, mechanical, and plumbing systems.

• Performs daily rounds of critical utilities and updates the system logbook accordingly.

• Run Emergency Generators weekly and take accurate readings for logbook.

• General maintenance may include replacing and/or repairing lighting, incidental carpentry, paint, ceiling tiles, bathroom fixtures, moving furniture-fixtures-equipment, etc.

• Identifies operational problems/inefficiencies, determines appropriate remedial action and executes planned changes after achieving approval.

• General knowledge of building automation systems, fire alarm systems and building sprinkler systems. Monitors environmental conditions via the Building Automation System (BAS).

• Responsible for remote monitoring of building systems for after-hour emergency concerns.

• Performs work as assigned via Computer Maintenance Management System and documents work performed in a timely manner.

• Maintains a safe and clean working environment.

• Participates in monthly EHS meetings.

• Maintains/coordinates annual inspections and reports to keep company within all designated guidelines.

• Work hand in hand with third party vendor personnel brought on site to maintain/repair the facility in accordance with approved procedures.

• Monitors service request system via email to ensure all work requests are completed in a timely manner.

• Provide a supervisory role for temporary labor hired.

• Other duties as assigned.

Number of direct reports – 0

Number of total reports - 0

Budget Responsibilities – None

Education, Experience & Skills Required:

• Requires a high school diploma or GED and must be skilled in one trade area (vocational school or equivalent in experience) with additional knowledge of one other building trade area.

• Three to six years facilities maintenance experience or equivalent in light mechanical, electrical, HVAC and plumbing discipline.

• Experience in working with compressed air, vacuum and DI water systems

• Prior experience in a pharmaceutical facility is a plus.

• Ability to work with hand and power tools.

• Ability to work from blueprints, drawings or a rough sketch.

• Ability to source OEM documents as necessary

• Knowledge of all equipment, safety, and OSHA rules and regulations.

• Ability to work alone or with minimal supervision.

• Knowledge of Microsoft programs.

• Good verbal and written communications skills.

• Excellent people skills.

Physical Working Conditions:

• Ability to lift 50 pounds

• Use hand and power tools

• Work off a ladder

• Ability to work on ladders or lifts in high ceiling areas.

• Occasionally work outdoors or on a roof.

• Work with and/or coordinate work of third-party vendors.

• MUST have a can-do mentality

• Be respectful and courteous to others

• Ability to work within a TEAM structure or independently to ensure project tasks are completed in a timely and cost-effective manner.

Salary and Benefits:

Frontage Laboratories offers a competitive compensation and benefits package including health and dental insurance, a 401(k) plan, disability insurance, and life insurance.

Frontage Laboratories Inc. is an equal opportunity employer. All qualified applicants will receive consideration for employment without regard to race, religion, color, national origin, sex, sexual orientation, gender identity, age, status as a protected veteran, among other things, or status as a qualified individual with disability.",4801,https://workforcenow.adp.com/mascsr/default/mdf/recruitment/recruitment.html?cid=0fad767f-f389-40ea-b2d1-d8df05098476&ccId=19000101_000001&jobId=9203055919612_1&lang=en_US,,,,,,,not_checked,,2026-10-07,,2026-10-07,,9,startDate,false,0,,,,,,2026-09-28,,,,,,,,
9203072899643_1,Laboratory Application Specialist,Frontage Laboratories,,Full time,Posted 50 Days Ago,2026-08-18,50,"Exton, PA, US",1,"Exton, PA, US",false,,united states,,0,"Laboratory Application Specialist-Large Molecule

Department: Biomarker & Biologics
Location: Onsite Frontage 760 site
Employment Type: Full-time

Frontage Laboratories

Frontage Laboratories Inc. is an award winning, full-service, CRO/Contract Research Organization operating over 25 state-of-the-art laboratories across the US, Canada and China.  Our core competencies include drug metabolism, pharmacokinetics/ pharmacodynamics (PK/PD), safety and toxicology, bioanalytical services, chemistry and manufacturing controls for drug development, and core laboratory services for clinical trials.

Position Summary:

Laboratory Application Specialist-Large Molecule — a role that is to support lab operational and studies in a regulated (GLP/GCLP) research environment, including but not limited to documentation and data archival, sample handling, and other activities to support the studies. This role will support project PIs (principal investigator) with documentation, and coordination tasks, sample handling, ensuring compliance with GLP/GCLP standards and efficient study progression from setup to completion.

Key Responsibilities:

1. Laboratory Operations Support

• Assist in daily laboratory activities such as sample management, labeling, preparation, and storage.

• Maintain laboratory supplies, reagents, and consumables inventory to support ongoing projects.

• Support instrument setup, calibration, and routine maintenance under supervision.

• Other assigned tasks

2. Study Coordination and Documents/Data Archival

• Support study PIs with project documentation and study setup tasks.

• Assist in compiling data summaries, study logs, and project documents and reports.

• Assist and maintain study records, worksheets, and study files according to SOPs.

• Ensure all documents are reviewed, signed, and filed accurately.

• Support document archival and retrieval activities per GLP/GCLP and company retention requirements.

• Assist with electronic document uploads and metadata entry in LIMS or document management systems.

• Follow all company SOPs, GLP/GCLP requirements, and data integrity standards.

3. Continuous Improvement

• Identify opportunities to improve relative workflows or documentation processes.

• Support implementation of digital tools for study tracking or data management.

• Participate in cross-functional process improvement initiatives.

Qualifications:

Education:

• Bachelor’s degree in Life Sciences, Biology, Chemistry, Biochemistry, or a related scientific discipline.

Experience:

• 0–3 years of experience in lab assistant, document management, or records management (preferably in a regulated industry such as pharmaceutical, biotech, or CRO).

• Experience with document control systems (e.g., SharePoint, Documentum, or similar).

• Familiarity with regulatory documentation standards (e.g., GxP, GLP) preferred.

Skills:

• Strong organizational and time management abilities with attention to detail.

• Excellent communication and interpersonal skills.

• Proficiency in Microsoft Office Suite (Excel, Word, PowerPoint).

• Ability to manage multiple priorities and meet deadlines in a fast-paced environment.

• Analytical mindset with focus on process accuracy and compliance.

Core Competencies:

• Accountability and ownership

• Process-oriented and detail-focused

• Team collaboration and cross-functional coordination

• Data and document integrity awareness

• Problem-solving and initiative-taking

Preferred Qualifications (optional):

• Experience in a laboratory, clinical, or regulatory documentation setting.

• Knowledge of long-term data retention and archival best practices.

• Familiarity with electronic archiving systems and metadata management.

Salary and Benefits:

Frontage Laboratories offers a competitive compensation and benefits package including health and dental insurance, a 401(k) plan, disability insurance, and life insurance.

Frontage Laboratories Inc. is an equal opportunity employer. All qualified applicants will receive consideration for employment without regard to race, religion, color, national origin, sex, sexual orientation, gender identity, age, status as a protected veteran, among other things, or status as a qualified individual with disability.",4271,https://workforcenow.adp.com/mascsr/default/mdf/recruitment/recruitment.html?cid=0fad767f-f389-40ea-b2d1-d8df05098476&ccId=19000101_000001&jobId=9203072899643_1&lang=en_US,,,,,,,not_checked,,2026-10-07,,2026-10-07,,50,startDate,true,0,,,,,,2026-08-18,,,,,,,,
9203083807941_1,Associate Director/Director-BD,Frontage Laboratories,,Full time,Posted 75 Days Ago,2026-07-24,75,"Exton, PA, US",2,"Exton, PA, US; Exton, PA, US",false,,united states,,0,"Associate Director/Director, Business Development, CMC Services

Associate Director/Director, Business Development, CMC Services

Full time

Remote

Location – United states (Mid-west to Northeast), Preferred Boston Area

Reports to: Director, Scientific Strategy & Business development

Frontage Laboratories Inc.

Frontage Laboratories Inc. (Frontage) is a global CRDMO with broad expertise in supporting pre-clinical and clinical drug development. Frontage operates out of several different locations within the USA, Canada, and China. Frontage’s core competencies include drug metabolism, pharmokinetics/ pharmacodynamics (PK/PD), safety and toxicology, bioanalytical services, chemistry and manufacturing controls for drug development, and core laboratory services for clinical trials.

Frontage CMC:

At Frontage, we leverage over 25 years of expertise to develop specialized solutions that address CMC challenges across all dosage forms, encompassing drug product development, analysis, clinical trial materials, submission batches, and commercial manufacturing. Our state-of-the-art facilities are equipped with advanced CDMO operations and manufacturing equipment for oral solid doses, semisolids, ophthalmic products, sterile injectables and biologics. We also provide comprehensive analytical testing services—including API and product release, stability studies, dissolution testing—and maintain fully equipped in-house microbiological laboratories.

Responsibilities:

• Prioritize the promotion of CMC services while integrating Frontage's broader capabilities within the differentiation framework.

• Manage the entire business development process, from lead generation through to contract completion.

• Attain sales objectives through a strategic approach focused on securing profitable opportunities.

• Secure and retain business through professional, consultative, and proactive sales activities directed at key decision makers

• Strong negotiating skills, knowledge of legal contracts and experience with RFIs/RFPs and competitive bidding processes

• Formulate and implement a competitive strategy driven by market analysis and intelligence.

• Proactively identify and develop project prospects, new clients to ensure a robust sales pipeline.

• Assess customer challenges and collaborate with subject matter experts to deliver customized solutions.

• Commit to frequent travel for client meetings, industry conferences, and seminars as required.

• Continuously analyze the competitive landscape and formulate tactics to strengthen market position.

• Work closely with technical and operational teams to uncover and pursue up-selling opportunities.

• Establish and maintain account management plans and actions to foster relationships with prospective and key clients.

• Develop and adhere to a structured client engagement cycle to expand the client portfolio and exceed sales targets.

• Identify and communicate cross-selling opportunities for other Frontage business units.

• Utilize the CRM tool to accurately document all stages of the sales cycle and provide reliable sales forecasts (Opportunities, CDA, MSA, Site Visits, Face to Face Meetings, Proposal requests, Proposal issued, Closed won or lost, etc.)

Requirements:

• BS degree or above, life science preferred.

• 3-8 years’ working experience of commercial sales or technical expertise in formulation development, analytical testing, or commercial manufacturing in a Pharmaceutical CDMO company.

• Self-starter with proven ability to develop a territory strategy for quota attainment.

• Solid understanding of the drug products and dosage forms such as OSD, Injectables, Semi solids, Ophthalmic Dosage forms

• Fair knowledge in Biologicals, Cell and Gene therapy market

• Excellent interpersonal and communications skills required.

• Very strong work ethic and comfortable with travels (50%)

• Knowledge and understanding of FDA, GXP, and ICH regulations and guidance

• Highly proficient in using Microsoft Office Suite: MS PowerPoint, MS Word, and MS Excel

Salary and Benefits:

Frontage Laboratories offers a competitive compensation and benefits package including health and dental insurance, a 401(k) plan, disability insurance, and life insurance

Frontage Laboratories Inc. is an equal opportunity employer. All qualified applicants will receive consideration for employment without regard to race, religion, color, national origin, sex, sexual orientation, gender identity, age, status as a protected veteran, among other things, or status as a qualified individual with disability",4593,https://workforcenow.adp.com/mascsr/default/mdf/recruitment/recruitment.html?cid=0fad767f-f389-40ea-b2d1-d8df05098476&ccId=19000101_000001&jobId=9203083807941_1&lang=en_US,,,,,,,not_checked,,2026-10-07,,2026-10-07,,75,startDate,true,0,,,,,,2026-07-24,,,,,,,,
9203090042992_1,QA Specialist-GLP/BIO,Frontage Laboratories,,Full time,Posted 54 Days Ago,2026-08-14,54,"Exton, PA, US",1,"Exton, PA, US",false,,united states,,0,"Quality Assurance Specialist Bio-Analytical GLP

Location: Exton PA

Reports to: Director BIO GLP Quality assurance

Full-time

Position/Job Summary:

Are you ready for a role that will combine your thirst for scientific knowledge and eye for quality.   Then you are the perfect fit for our team of quality associates whose audits contribute to the award-winning services provided by Frontage Laboratories Inc.   The Quality Assurance Specialist works closely with the scientists and management auditing research studies that support modern medicine in support of finding cures or treatments of diseases.

Frontage Laboratories Inc. is an award winning, publicly listed (HKSE), full-service CRO/Contract Research Organization operating over 25 state-of-the-art laboratories across the US, Canada and China, and growing over 30% YOY. Our core competencies include drug metabolism, pharmacokinetics/ pharmacodynamics (PK/PD), safety and toxicology, bioanalytical services, chemistry and manufacturing controls for drug development, and core laboratory services for clinical trials.

Roles & Responsibilities:

• The QA Specialist conducts QA audits of BIO laboratories and functions including but not limited to ongoing process, data review audits, technical report, and study independent facility / process.

• The QA specialists reports quality issues to QA management, Study Director and laboratory management as appropriate.

• QA Specialist will maintain audit detailed notes, reports and records on Frontage Systems.

• Review, support and maintain Standard Operating Procedures.

• Provide oversight and input to investigations and CAPA as appropriate.

• Support and train staff on GLP regulations and SOPs as needed.

Education, Experience & Skills Required:

• Working knowledge of US FDA, OECD, and ICH regulatory requirements including 21 CFR Part 58, 21 CFR Part 11, 21 CFR Part 320, and other relevant guidance and publications. One of our groups also works to 40 CFR part 160.

• BS/BA in a relevant scientific discipline experience may substitute for minimum education requirement.

• Experience in quality systems and quality assurance processes, development and documentation.

• Experience in Bio-Analytical Laboratory preferred.

Salary and Benefits:

Frontage Laboratories offers a competitive compensation and benefits package including health and dental insurance, a 401(k) plan, disability insurance, and life insurance

Frontage Laboratories Inc. is an equal opportunity employer. All qualified applicants will receive consideration for employment without regard to race, religion, color, national origin, sex, sexual orientation, gender identity, age, status as a protected veteran, among other things, or status as a qualified individual with disability.",2779,https://workforcenow.adp.com/mascsr/default/mdf/recruitment/recruitment.html?cid=0fad767f-f389-40ea-b2d1-d8df05098476&ccId=19000101_000001&jobId=9203090042992_1&lang=en_US,,,,,,,not_checked,,2026-10-07,,2026-10-07,,54,startDate,true,0,,,,,,2026-08-14,,,,,,,,
9203103934202_1,Manufacturing Associate,Frontage Laboratories,,Full time,Posted 90 Days Ago,2026-07-09,90,"Exton, PA, US",1,"Exton, PA, US",false,,united states,,0,"Manufacturing Associate

Title: Manufacturing Associate

Location: Exton, PA

Full Time

Frontage Laboratories Inc. is an award winning, full-service, CRO/Contract Research Organization operating over 25 state-of-the-art laboratories across the US, Canada and China.  Our core competencies include drug metabolism, pharmacokinetics/ pharmacodynamics (PK/PD), safety and toxicology, bioanalytical services, chemistry and manufacturing controls for drug development, and core laboratory services for clinical trials.

Position/Job Summary:

Frontage Laboratories Inc. is hiring Manufacturing Associate. The Manufacturing Associate will support GMP manufacturing operations, perform hands‑on production activities, assist in facility and equipment setup, and ensure compliance with cGMP standards. Responsibilities include executing GMP manufacturing of drug products, documenting activities, maintaining equipment cleanliness, and supporting raw material handling.

Roles & Responsibilities:

• Perform manufacturing tasks according to SOPs and cGMP requirements, including production of Sterile and non-sterile formulations.

• Take samples and perform in-process tests as required.

• Record all manufacturing, qualification, cleaning, and maintenance activities in logbooks following approved documentation practices.

• Assist in drafting SOPs, qualification protocols, and additional GMP documentation.

• Clean and disinfect GMP cleanrooms and manufacturing equipment to meet cleaning requirements.

• Perform equipment maintenance, calibration, conditioning, and troubleshooting.

• Gown into classified cleanroom environments and follow aseptic handling procedures when necessary.

• Maintain and monitor inventory of equipment and supplies.

• Handle hazardous and nonhazardous materials according to safety guidelines.

• Participate in process improvement, cost reduction, and new product development projects.

• Perform other duties as assigned to support manufacturing and facility operations

• Other duties assigned by Supervisor/Manager.

• Follow company policies and conduct work according to appropriate Frontage SOPs and comply with cGMP guidelines.

Education, Experience & Skills Required:

• Associate/Bachelor’s degree or equivalent preferred.

• 1-2 years’ relevant experience.

• Experience in a regulated pharma/biotech environment with cGMP guidelines, cleanroom operations, equipment qualification, and cleaning procedures.

• Experience in aseptic cleanroom operations, buffer formulation, or sterile environments is a plus.

• Ability to wear PPE including respirators or dust masks.

• Good verbal and written communication skills.

• Ability to work independently and follow instructions accurately.

• Must be physically capable of lifting heavy objects and performing tasks that require prolonged standing, walking, bending, and reaching.

Salary and Benefits:

Frontage Laboratories offers a competitive compensation and benefits package including health and dental insurance, a 401(k) plan, disability insurance, and life insurance.

Frontage Laboratories Inc. is an equal opportunity employer. All qualified applicants will receive consideration for employment without regard to race, religion, color, national origin, sex, sexual orientation, gender identity, age, status as a protected veteran, among other things, or status as a qualified individual with disability.

.",3409,https://workforcenow.adp.com/mascsr/default/mdf/recruitment/recruitment.html?cid=0fad767f-f389-40ea-b2d1-d8df05098476&ccId=19000101_000001&jobId=9203103934202_1&lang=en_US,,,,,,,not_checked,,2026-10-07,,2026-10-07,,90,startDate,true,0,,,,,,2026-07-09,,,,,,,,
9203117417089_1,Project Manager,Frontage Laboratories,,Full time,Posted 63 Days Ago,2026-08-05,63,"Exton, PA, US",1,"Exton, PA, US",false,,united states,,0,"Project Manager- Bioanalytical & Biologics Services

Location: Exton, PA

Reports to: Group Leader, BioA Project Management

Full-time

Frontage Laboratories:

Frontage Laboratories Inc. is an award winning, full-service, CRO/Contract Research Organization operating over 25 state-of-the-art laboratories across the US, Canada and China.  Our core competencies include drug metabolism, pharmacokinetics/ pharmacodynamics (PK/PD), safety and toxicology, bioanalytical services, chemistry and manufacturing controls for drug development, and core laboratory services for clinical trials.

Bioanalytical & Biologics Services:

At Frontage, we believe that we deliver high quality services through our focus on technical excellence, which enables us to understand and solve complex drug development challenges. Our deep scientific expertise in method development, transfer and validation allows us to provide clients with complex solutions for challenging studies including oncology clinical trials, rare disease assay development and specialty assays.

Position Summary:

-Manage and monitor project progress and timelines to ensure successful completion from start up to end of study.

-Participate and communicate effectively in project meetings with clients on a regular basis as well as with cross-functional teams to ensure projects are met with quality and within the applicable scope and budget.

-Collaborate with the financial sector throughout various stages of projects (monthly invoices, revenue recognition, and budget final reconciliation).

-Support Management and BD team for new business opportunities.

-Onsite is required as needed.

Position Responsibilities:

-Minimizes risks on projects by working closely with the lab operations and lab support teams, PIs, and sponsors to ensure project progress is met for each milestone in accordance with project scope per requested timelines by the sponsor.

-Creates, updates and tracks projects in project management tool (QuickBase) daily and generating project trackers and reports as requested.

-Leads/participate in project meetings with sponsors on a regular basis or on as needed basis and prepare meeting minutes to ensure alignment of deliverables.

-Serves as a liaison between internal departments (scientific staff, QC/TW, QA, SM, etc.) to ensure project timelines are met with quality.

-Proactively communicate with clients on project timelines, issues, and updates via phone, e-mails, or TC as necessary.

-Requests and reviews invoices per milestone on a rolling basis that are tracked in QuickBase and respond to client's questions related to invoices or finance aspects or assists finance team on those issues as needed (i.e. revenue recognition per month and final budget reconciliation.

-Facilitate internal and external communication and activities on data transfer specification (DTS) development and complete data transfers to data management vendors/sponsors.

-Participate in onsite client visits and assist internally in preparation as necessary.

Position Requirements:

• Bachelor’s degree or higher in biological sciences, chemistry, or related discipline.

• In-depth knowledge of bioanalytical and/or biologics assays.

• Minimum 4-5 years of project management experience in GLP, Pharmaceutical or CRO environment.

• Excellent communication and strong client relationship management skills.

• Proficient with Excel, Word, PowerPoint and other computer skills.

• Good Time Management/ Organizational skills adopting a committed approach to providing a high level of customer service when managing multiple tasks.

• Demonstrated professionalism including excellent work ethic, positive attitude and experience communicating with external clients.

• Bi-lingual (Chinese/English) is preferred.

Salary and Benefits:

Frontage Laboratories offer a competitive compensation and benefits package including health and dental insurance, a 401(k) plan, disability insurance, and life insurance.

Frontage Laboratories Inc. is an equal opportunity employer. All qualified applicants will receive consideration for employment without regard to race, religion, color, national origin, sex, sexual orientation, gender identity, age, status as a protected veteran, among other things, or status as a qualified individual with disability.",4321,https://workforcenow.adp.com/mascsr/default/mdf/recruitment/recruitment.html?cid=0fad767f-f389-40ea-b2d1-d8df05098476&ccId=19000101_000001&jobId=9203117417089_1&lang=en_US,,,,,,,not_checked,,2026-10-07,,2026-10-07,,63,startDate,true,0,,,,,,2026-08-05,,,,,,,,
9203120794339_1,Director of Toxicology,Frontage Laboratories,,Full time,Posted 89 Days Ago,2026-07-10,89,"Chicago, IL, US",1,"Chicago, IL, US",false,,united states,,0,"Director, Toxicology

Job Title: Director of Toxicology

Location: Chicago, IL

Reports to: Vice President of Safety and Toxicology

Full-time

Frontage Laboratories Inc. is an award winning, full-service, CRO/Contract Research Organization operating over 25 state-of-the-art laboratories across the US, Canada, Europe, and China. Our core competencies include drug metabolism, pharmacokinetics/ pharmacodynamics (PK/PD), safety and toxicology, bioanalytical services, chemistry and manufacturing controls for drug development, and core laboratory services for clinical trials.

Our Chicago, IL site provides services in General Toxicology, Developmental and Reproductive Toxicology (DART), juvenile and ocular toxicology in support of pharmaceutical and biotechnology products.

Position Summary:

We are seeking an experienced and highly motivated Director of Toxicology with specialized expertise in Developmental and Reproductive Toxicology (DART). This leadership role will be responsible for overseeing study design, execution, and interpretation of nonclinical toxicology studies, while managing and mentoring a team of Study Directors and scientific staff. The ideal candidate will bring strong scientific expertise, regulatory knowledge, and proven leadership experience within a CRO environment.

Key Responsibilities:

• Lead and oversee General Tox, Developmental and Reproductive Toxicology studies in compliance with GLP and regulatory guidelines.

• Provide scientific direction for study design, protocol development, and data interpretation.

• Serve as Study Director, as and when needed, or Senior Scientific Advisor on complex programs.

• Manage, mentor, and grow a team of Study Directors and scientific staff.

• Ensure high-quality deliverables, timelines, and client satisfaction.

• Interact with clients to provide scientific guidance and support business development efforts.

• Contribute to regulatory submissions and support audits/inspections (FDA, OECD, etc.).

• Stay current with evolving regulatory requirements and scientific advancements.

Qualifications:

• PhD, D.V.M or equivalent in Toxicology or a related field.

• 10+ years of relevant experience in a reputable CRO or pharmaceutical/biotech setting.

• Demonstrated expertise in reproductive and developmental toxicology study design and interpretation.

• Experience serving as Study Director in GLP-compliant studies.

• Proven experience managing and leading scientific teams.

• Strong knowledge of regulatory guidelines (FDA, ICH, OECD).

• Excellent communication, leadership, and client-facing skills.

Preferred Qualifications:

• Board certification (e.g., DABT) is a plus

• Experience supporting regulatory submissions (IND, NDA, etc.)

• Track record of successful client engagement and project delivery

Salary: $150k-$200k, annual salary compensation based on experience.

Benefits:

• 401k Employer Match with immediate vesting

• Medical, Dental and Vision Insurance with multiple coverage options

• FSA (Medical, Dependent Care, and Commuter)

• Short Term Disability

• Long Term Disability

• Life Insurance

• Generous Paid Holidays and PTO

Frontage Laboratories Inc. is an equal opportunity employer. All qualified applicants will receive consideration for employment without regard to race, religion, color, national origin, sex, sexual orientation, gender identity, age, status as a protected veteran, among other things, or status as a qualified individual with disability.",3495,https://workforcenow.adp.com/mascsr/default/mdf/recruitment/recruitment.html?cid=0fad767f-f389-40ea-b2d1-d8df05098476&ccId=19000101_000001&jobId=9203120794339_1&lang=en_US,,,,,,,not_checked,,2026-10-07,,2026-10-07,,89,startDate,true,0,,,,,,2026-07-10,,,,,,,,
9203132089444_1,Animal Care/Cagewash Technician,Frontage Laboratories,,Full time,Posted 70 Days Ago,2026-07-29,70,"Concord, OH, US",1,"Concord, OH, US",false,,united states,,0,"Title: Animal Care/Cagewash Technician

Location: Concord, OH

Reports To: Manger/Supervisor Drug Safety Department

Company

Frontage Laboratories Inc. is an award winning, publicly listed, full-service CRO/Contract Research Organization operating over 25 state-of-the-art laboratories across the US, Canada, and China, growing significant YoY growth. Our core competencies include pre-clinical, drug metabolism, pharmacokinetics/ pharmacodynamics (PK/PD), safety and toxicology, bioanalytical services, chemistry and manufacturing controls for drug development, and core laboratory services for clinical trials.

Position Summary:

We are seeking a highly-motivated, detail-oriented team member to support client-driven projects. The successful candidate will perform animal care procedures, including but not limited to room and cage cleaning, animal husbandry and data entry, all in compliance with appropriate SOP, Protocol, and Regulatory Agency guidelines. In support of Drug Safety, team member must be able to work in compliance with appropriate SOP, Protocol, and Regulatory Agency guidelines.

Roles and Responsibilities:

• Follow Standard Operating Procedures (SOPs), Good Laboratory Practices (GLPs), Health & Safety standards and department policies/procedures in the performance of all duties.

• Observe all safety procedures and working methods by making proper use of protective clothing and equipment and by reading, understanding, and following all safety documents.

• Successfully complete necessary tasks involved in animal care and related activities: room cleaning, cage cleaning, cage wash procedures, etc.

• Maintain the laboratory equipment in a clean and safe operating condition and maintain a clean and safe work area.

• Maintain logs and collect data according to GLP guidelines to a high degree of accuracy.

Education and Requirements:

• High School Diploma or equivalent

• Proven ability to successfully work in a team environment. Excellent oral and written communication skills.

• Must be able to work in a laboratory setting with laboratory animals.

• Basic computer knowledge (e.g. Microsoft Office), corresponding with essential functions of accurately reading and recording data.

• Must be able to stand or sit for extended periods of time with frequent bending/lifting.

• Must be able to lift up to 30 pounds regularly and 50 pounds on occasion.

• Must be able to tolerate strong odors.

Salary and Benefits:

Frontage Laboratories offers a competitive compensation and generous benefits package including health and dental insurance, a 401(k) plan, health insurance, short and long-term disability insurance, life insurance etc.

Frontage Laboratories Inc. is an equal opportunity employer. All qualified applicants will receive consideration for employment without regard to race, religion, color, national origin, sex, sexual orientation, gender identity, age, status as a protected veteran, among other things, or status as a qualified individual with disability.",3019,https://workforcenow.adp.com/mascsr/default/mdf/recruitment/recruitment.html?cid=0fad767f-f389-40ea-b2d1-d8df05098476&ccId=19000101_000001&jobId=9203132089444_1&lang=en_US,,,,,,,not_checked,,2026-10-07,,2026-10-07,,70,startDate,true,0,,,,,,2026-07-29,,,,,,,,
9203132966480_1,QA Manager,Frontage Laboratories,,Full time,Posted 93 Days Ago,2026-07-06,93,"Exton, PA, US",1,"Exton, PA, US",false,,united states,,0,"Quality Assurance (QA) Specialist / Manager – DMPK

Location: Exton, PA
Department: DMPK (Drug Metabolism & Pharmacokinetics)

Reports To: Senior VP, DMPK
Employment Type: Full-Time

Company

Frontage Laboratories Inc. is an award winning, publicly listed, full-service CRO/Contract Research Organization operating over 25 state-of-the-art laboratories across the US, Canada, and China, growing significant YoY growth. Our core competencies include pre-clinical, drug metabolism, pharmacokinetics/ pharmacodynamics (PK/PD), safety and toxicology, bioanalytical services, chemistry and manufacturing controls for drug development, and core laboratory services for clinical trials.

Position Summary

We are seeking a highly motivated Quality Assurance (QA) Specialist/Manager to support and strengthen quality systems across our growing DMPK organization, including quality oversight, inspection readiness, SOP management, training programs, auditing activities, data integrity initiatives, and archival systems.

This position offers an excellent opportunity for an experienced quality professional to help shape and enhance quality processes within a dynamic scientific environment.

Roles and Responsibilities

Quality Systems & Compliance

• Support and maintain DMPK quality systems and compliance programs.

• Ensure compliance with GLP regulations, company SOPs, client requirements, and industry best practices.

• Promote quality culture and continuous improvement throughout DMPK operations.

• Support quality oversight of both GLP and non-GLP studies.

Audits & Inspections

• Plan, conduct, and report internal audits of laboratories, facilities, studies, processes, and documentation.

• Support/host sponsor audits, regulatory inspections, and client visits.

• Coordinate responses to audit observations and inspection findings.

• Assist with inspection readiness programs and mock audits.

• Conduct outside vendor audits as may be required, including laboratories and services for subcontracting and/or supporting services, and follow-through on any quality issues

SOP & Document Control

• Manage SOP lifecycle activities including drafting, review, approval, revision, and periodic review.

• Maintain document control systems and ensure compliance with document management procedures.

• Work with scientific teams to establish and improve quality procedures and work instructions.

• Coordinate employee training programs and maintain training records.

• Track compliance with required quality and technical training.

Data Integrity & Documentation Review

• Review study documentation, notebooks, reports, worksheets, and electronic records for compliance and completeness.

• Participate in investigations involving deviations, documentation issues, and compliance concerns.

Archive & Records Management

• Oversee archival and retrieval of study records, reports, raw data, and electronic files.

• Ensure compliance with record retention requirements.

• Coordinate archive activities with internal and external storage providers.

• Support long-term data preservation and retrieval processes.

Education and Requirements

Education

• Bachelor's degree in Life Sciences, Chemistry, Biology, Pharmacology, Pharmaceutical Sciences, or a related field.

• Advanced degree is a plus.

Experience

• 5+ years of QA, QC, GLP, or regulated laboratory experience in CRO, pharmaceutical, biotechnology, or related industries.

• Experience supporting GLP studies and quality systems preferred.

• Experience in DMPK, ADME, bioanalysis, or related scientific disciplines is highly desirable.

Knowledge & Skills

• Strong knowledge of GLP regulations and quality systems.

• Familiarity with data integrity principles and regulatory expectations.

• Excellent organizational, communication, and problem-solving skills.

• Strong attention to detail and ability to work independently.

• Experience with document management systems and electronic records preferred.

Salary and Benefits:

Frontage Laboratories offers a competitive compensation and generous benefits package including health and dental insurance, a 401(k) plan, health insurance, short and long-term disability insurance, life insurance etc.

Frontage Laboratories Inc. is an equal opportunity employer. All qualified applicants will receive consideration for employment without regard to race, religion, color, national origin, sex, sexual orientation, gender identity, age, status as a protected veteran, among other things, or status as a qualified individual with disability.",4567,https://workforcenow.adp.com/mascsr/default/mdf/recruitment/recruitment.html?cid=0fad767f-f389-40ea-b2d1-d8df05098476&ccId=19000101_000001&jobId=9203132966480_1&lang=en_US,,,,,,,not_checked,,2026-10-07,,2026-10-07,,93,startDate,true,0,,,,,,2026-07-06,,,,,,,,
9203136047957_1,"Study Prep Assistant, Histology & Necropsy ",Frontage Laboratories,,,Posted 105 Days Ago,2026-06-24,105,"Concord, OH, US",1,"Concord, OH, US",false,,united states,,0,"Title: Study Prep Assistant, Histology and Necropsy

Location: Concord, OH

Reports To: Team Leader, Histology and Necropsy

Status: Full-time or Part-time (minimum 24 hours/week; flexible based on candidate)

Company

Frontage Laboratories Inc. is an award winning, publicly listed, full-service CRO/Contract Research Organization operating over 25 state-of-the-art laboratories across the US, Canada, and China, growing significant YoY growth. Our core competencies include pre-clinical, drug metabolism, pharmacokinetics/ pharmacodynamics (PK/PD), safety and toxicology, bioanalytical services, chemistry and manufacturing controls for drug development, and core laboratory services for clinical trials.

Position Summary:

We are seeking a highly-motivated, detail-oriented team member to support client-driven projects in the necropsy and histology department. The successful candidate will prepare supplies and materials for both necropsy and histological functions, all in compliance with appropriate SOP, Protocol, and Regulatory Agency guidelines. This position does not require necropsy participation, though optional cross-training opportunities may become arise based on candidate’s interest and business needs. The option to train and develop into a full-time necropsy/histology technician may be available based on employee’s interest and career intentions.

Roles and Responsibilities:

• Follow Standard Operating Procedures (SOPs), Good Laboratory Practices (GLPs), Health & Safety standards and department policies/procedures in the performance of all duties.

• Prepare, label, and organize cassettes, slides, and specimen containers.

• Assist with study setup and material preparation for necropsy and histology.

• Inventory and organize slides, paraffin blocks, and study materials.

• Prepare, package, and ship study materials to pathologists or archives in compliance with GLP requirements.

• Complete handwritten and electronic records clearly and accurately in accordance with GLP documentation standards.

• Maintain lab organization, cleanliness, and supply levels.

Requirements and Qualifications:

• Interest in biology, laboratory science, or veterinary medicine preferred.

• Strong attention to detail and organizational skills.

• Ability to follow standardized procedures and maintain accurate, well-organized records.

• Comfortable working in a laboratory environment that handles animal tissues and chemicals.

• Basic computer knowledge (e.g. Microsoft Office), corresponding with essential functions of accurately reading and recording data.

• Must be able to lift up to 20 pounds regularly and 50 pounds on occasion.

No prior histology or necropsy experience is required.

Salary and Benefits:

Frontage Laboratories offers a competitive compensation and generous benefits package including health and dental insurance, a 401(k) plan, health insurance, short and long-term disability insurance, life insurance etc.

Frontage Laboratories Inc. is an equal opportunity employer. All qualified applicants will receive consideration for employment without regard to race, religion, color, national origin, sex, sexual orientation, gender identity, age, status as a protected veteran, among other things, or status as a qualified individual with disability",3298,https://workforcenow.adp.com/mascsr/default/mdf/recruitment/recruitment.html?cid=0fad767f-f389-40ea-b2d1-d8df05098476&ccId=19000101_000001&jobId=9203136047957_1&lang=en_US,,,,,,,not_checked,,2026-10-07,,2026-10-07,,105,startDate,true,0,,,,,,2026-06-24,,,,,,,,
9203141897507_1,"Manager, Business Development-BioAnalytical & Biologics Services",Frontage Laboratories,,Full time,Posted 84 Days Ago,2026-07-15,84,"Exton, PA, US",1,"Exton, PA, US",false,,united states,,0,"Manager, Business Development- Bioanalytical & Biologic Services

Fulltime - Remote

Location(s): Home based in California, Westcoast USA

Salary- $80K-$110K

Frontage Laboratories:

Frontage Laboratories Inc. (Frontage) is a global contract research organization with broad expertise in supporting pre-clinical and clinical drug development. Frontage operates out of several different locations within the USA, Canada, and China. Frontage’s core competencies include drug metabolism, pharmacokinetics/ pharmacodynamics (PK/PD), safety and toxicology, bioanalytical services, chemistry and manufacturing controls for drug development, and core laboratory services for clinical trials.

Job Duties:

• Manage existing and new client for bioanalytical and biologics business.

• Assesses client satisfaction and recommends opportunities for improvement to ensure the overall success of the account.

• Serve as client point of escalation on key accounts.

• Identify and develop bioanalytical business in assigned territories with new and existing accounts.

• Work closely with the proposal development and marketing teams.

• Fosters a customer-centered culture focused on the delivery of quality service to clients through synergized team efforts.

• Participates in sponsor’s visit activities, maintaining a strong relationship with our clients and external vendors.

• Contributes to the Company’s business development events/activities by providing strategic consultancy to marketing and Business Development colleagues.

Requirements:

Strong commercial acumen with skills to identify and develop sales leads, professionally present capabilities, manage the sales process through close and handle all aspects of contract negotiations.

• Advanced leadership skills and business acumen with a comprehensive understanding of the organization and functional areas.

• Strong customer relationship management skills.

• Solid competitive and business intelligence with ability to convert strategies into profitability & business growth.

• Demonstrated strategic planning skills.

• Basic negotiation skills.

• Strong organizational agility and drive for results.

• Analytical skills as well as excellence in oral and written communications.

•  Experienced User of SFDC as CRM.

• Ability to travel as needed, sometimes on short notice.

• Ability to handle multiple issues on multiple projects simultaneously.

• Strong attention to detail, prioritization and time management proficiencies.

• Strong organizational agility and drive for results.

• Bachelor’s degree required; 2-3 years of experience in a CRO, Pharmaceutical or lab sales industry experience.

Salary and Benefits:

Frontage Laboratories offers a competitive compensation and benefits package including health and dental insurance, a 401(k) plan, disability insurance, and life insurance.

Frontage Laboratories Inc. is an equal opportunity employer. All qualified applicants will receive consideration for employment without regard to race, religion, color, national origin, sex, sexual orientation, gender identity, age, status as a protected veteran, among other things, or status as a qualified individual with disability.",3199,https://workforcenow.adp.com/mascsr/default/mdf/recruitment/recruitment.html?cid=0fad767f-f389-40ea-b2d1-d8df05098476&ccId=19000101_000001&jobId=9203141897507_1&lang=en_US,,,,,,,not_checked,,2026-10-07,,2026-10-07,,84,startDate,true,0,,,,,,2026-07-15,,,,,,,,
9203142200016_1,Automation and Instrumentation Specialist,Frontage Laboratories,,Full time,Posted 83 Days Ago,2026-07-16,83,"Exton, PA, US",1,"Exton, PA, US",false,,united states,,0,"Automation and Instrumentation Specialist

Location: Exton, PA

Full Time

Frontage Laboratories Inc. is an award winning, full-service, CRO/Contract Research Organization operating over 25 state-of-the-art laboratories across the US, Canada and China. Our core competencies include drug metabolism, pharmacokinetics/ pharmacodynamics (PK/PD), safety and toxicology, bioanalytical services, chemistry and manufacturing controls for drug development, and core laboratory services for clinical trials.

Job Description

We are seeking a detail-oriented Automation and Instrumentation Specialist to support the operation, maintenance, automation, and calibration of laboratory and manufacturing equipment. This role is responsible for ensuring instruments are properly calibrated, automation systems operate reliably, and equipment complies with internal quality standards and applicable regulatory requirements. The ideal candidate has strong troubleshooting skills, hands-on experience with laboratory instrumentation, and an interest in improving workflows through automation.

General Support Responsibilities Include

• Perform routine and scheduled calibration of laboratory and manufacturing instruments in accordance with established procedures.

• Develop, implement, and maintain automation solutions to improve laboratory and operational efficiency.

• Install, configure, troubleshoot, and maintain automated equipment and instrumentation.

• Perform preventive maintenance and coordinate repairs with equipment vendors when necessary.

• Investigate equipment failures, identify root causes, and implement corrective actions.

• Maintain accurate calibration, maintenance, and service records in compliance with company quality systems.

• Support equipment qualification activities, including IQ/OQ/PQ, as applicable.

• Ensure all instruments remain compliant with applicable regulatory and quality requirements (e.g., GLP).

• Collaborate with laboratory, manufacturing, quality, and engineering teams to support daily operations and continuous improvement initiatives.

• Assist in evaluating and implementing new equipment and automation technologies.

• Develop and update SOPs, work instructions, and equipment documentation.

• Provide training to users on proper operation and basic troubleshooting of laboratory equipment.

Qualifications

Required

• Associate's or Bachelor's degree in Engineering, Automation, Electronics, Instrumentation, Biomedical Engineering, or a related technical field.

• 1+ years of experience in laboratory equipment maintenance, instrumentation, automation, or calibration.

• Experience calibrating laboratory instruments and maintaining calibration documentation.

• Strong mechanical, electrical, and troubleshooting skills.

• Familiarity with computerized laboratory equipment and automation systems.

• Proficiency with Microsoft Office applications.

• Excellent organizational, communication, and problem-solving skills.

• Ability to lift up to 40 lbs.

• Ability to stand, walk, and work around laboratory and production equipment for extended periods.

• Ability to use hand tools and diagnostic equipment safely.

Experience and Skills

• Prior experience working in a laboratory, particularly with sample preparation, equipment operation, and data recording is preferred.

• Familiarity with common laboratory equipment and instruments, such as centrifuges, microscopes, pH meters, etc.

• Knowledge of preparing buffers, media, and other common laboratory reagents.

• Capable of recording experimental data and using computer software (e.g., Excel, SPSS) for data processing and analysis.

• Able to manage time and prioritize tasks effectively in a fast-paced work environment.

• Strong learning ability.

Salary and Benefits:

Frontage Laboratories offers a competitive compensation and benefits package including health and dental insurance, a 401(k) plan, disability insurance, and life insurance.

Frontage Laboratories Inc. is an equal opportunity employer. All qualified applicants will receive consideration for employment without regard to race, religion, color, national origin, sex, sexual orientation, gender identity, age, status as a protected veteran, among other things, or status as a qualified individual with disability.",4306,https://workforcenow.adp.com/mascsr/default/mdf/recruitment/recruitment.html?cid=0fad767f-f389-40ea-b2d1-d8df05098476&ccId=19000101_000001&jobId=9203142200016_1&lang=en_US,,,,,,,not_checked,,2026-10-07,,2026-10-07,,83,startDate,true,0,,,,,,2026-07-16,,,,,,,,
9203143195307_1,Director Business Development-West Coast,Frontage Laboratories,,Full time,Posted 78 Days Ago,2026-07-21,78,"Hayward, CA, US",1,"Hayward, CA, US",false,,united states,,0,"Director of Business Development – Drug Safety, Toxicology, & Preclinical Services

Title: Director of Business Development – Drug Safety, Toxicology, and Preclinical Services

Location: Home based (WFH) in San Diego, California

Reports to: Executive Director, Business Development

Compensation & Benefits: Competitive, including base & commission

Salary: $120K-$160K annual salary compensation

Frontage Laboratories Inc. is an award winning, publicly listed, full-service CRO/Contract Research Organization operating over 25 state-of-the-art laboratories across the US, Canada, and China, growing significant YoY growth. Our core competencies include pre-clinical, drug metabolism, pharmacokinetics/ pharmacodynamics (PK/PD), safety and toxicology, bioanalytical services, chemistry and manufacturing controls for drug development, and core laboratory services for clinical trials.

Position Summary:

The Director of Business Development supports PK/DMPK and Safety & Toxicology Services business. Position involves the developing and maintaining long-term valued business relationships from both existing and the new customers. The focus of the role is new business development for pre-clinical / non-clinical toxicology and drug safety services in pharmaceutical drug development, and services including DMPK and related bioanalytical. The position serves markets in the west coast to support our aggressive growth objectives.

The primary target market is small-to-mid biotech and pharma companies in the ‘small molecule’ space. Some activity in ‘Big Pharma’ and in large molecule (proteins / antibodies) is expected as we continue to provide services in that area.

Essential Functions:

o    Meet or exceed sales objectives for assigned region.

o    Solicit and develop new business opportunities through direct selling, referrals, trade shows, conferences, meetings etc.

o    Meet or visit existing and former customers periodically to reaffirm satisfaction and identify new and expanding opportunities with positive client engagement.

o    Develop new business plans for existing customers as well as potential new customers.

o    Promptly respond to new BD leads and coordinate with internal support teams.

o    Qualify, pursue, and close new opportunities.

o    Identify decision-makers and areas of service needs.

o    Negotiate and close deals.

o    Keep accurate records of calls, meetings, and other activities (call reports) in CRM.

o    Develop and maintain an up-to-date pipeline of new business opportunities.

o    Assist with preparing proposals, quotes, and customer contracts.

o    Develop a comprehensive understanding of all services offered for potential cross-selling opportunities.

Education, Experience & Skills:

o    BS or MS in biology, chemistry, or related area.

o    3-5 years of demonstrated success in sales / business development with a history of sustainable growth.

o    Solid knowledge of CRO, Biotech and Pharma industries with a grasp on preclinical toxicology, both GLP and non-GLP studies.

o    Familiar with drug development biology to include toxicology, metabolism, and pharmacokinetics.

o    Ability to assess leads, value of new business, craft recommendations through effective written and oral presentations, work with scientific and the marketing teams, and close deals.

o    Excellent organization and planning skills.

o    Self-motivated and self-directed with an attitude to set higher targets and achieve.

o    Strong communication in English language, presentation, analytical, sales interview, negotiation and closing skills.

o    Working knowledge of Microsoft Office, CRM (Salesforce, Microsoft Dynamics or similar).

Additional requirements:

o    Must have a functional home office setup.

o    Must have reliable means of transportation as needed.

o    Frontage will reimburse business mileage for use of personal vehicle. If personal vehicle is to be used for company business, the employee must have a valid driver license and a reliable automobile.

Salary: $120-160k, annual salary compensation based on experience.

Benefits:

•    401k Employer Match with immediate vesting

•    Medical, Dental and Vision Insurance with multiple coverage options

•    FSA (Medical, Dependent Care, and Commuter)

•    Short Term Disability

•    Long Term Disability

•    Life Insurance

•    Generous Paid Holidays and PTO

Frontage Laboratories Inc. is an equal opportunity employer. All qualified applicants will receive consideration for employment without regard to race, religion, color, national origin, sex, sexual orientation, gender identity, age, status as a protected veteran, among other things, or status as a qualified individual with disability.",4742,https://workforcenow.adp.com/mascsr/default/mdf/recruitment/recruitment.html?cid=0fad767f-f389-40ea-b2d1-d8df05098476&ccId=19000101_000001&jobId=9203143195307_1&lang=en_US,,,,,,,not_checked,,2026-10-07,,2026-10-07,,78,startDate,true,0,,,,,,2026-07-21,,,,,,,,
9203144965919_1,Project & Logistics Assistant,Frontage Laboratories,,Full time,Posted 72 Days Ago,2026-07-27,72,"Exton, PA, US",1,"Exton, PA, US",false,,united states,,0,"Project & Logistics Assistant

Location: Exton, PA

Full-time

Frontage Laboratories:

Frontage Laboratories Inc. is an award winning, full-service, CRO/Contract Research Organization operating over 25 state-of-the-art laboratories across the US, Canada and China. Our core competencies include drug metabolism, pharmacokinetics/ pharmacodynamics (PK/PD), safety and toxicology, bioanalytical services, chemistry and manufacturing controls for drug development, and core laboratory services for clinical trials.

Duties/Responsibilities:

• Assist Project Management and Kit/Logistics teams with inventory management including but not limited to kit parts, kits, labels, and shipment materials.

• Monitor and restock office supplies.

• Print labels and create label packets.

• Monitor and fulfill supply orders from sites.

• Complete kit and shipper builds.

• Complete QC of kit builds.

• Schedule and track logistics of outgoing and incoming shipments.

• Billing entry for labels, kits, and supply fulfillment.

• Taking meeting minutes.

• Data entry for kitting activities.

• Creation of kit build and order documentation.

Education/Experience Requirements:

• Highschool diploma, GED, or higher.

• Excellent communication skills.

• Proficient with Excel, Word, PowerPoint, Microsoft Teams, and other computer skills.

• High level of accountability with self and others.

• Hands-on approach with a desire to teach others.

• Track record of challenging the status quo.

• Team and action oriented.

• Problem-solving.

• Priority setting.

Salary and Benefits:

Frontage Laboratories offer a competitive compensation and benefits package including health and dental insurance, a 401(k) plan, disability insurance, and life insurance.

Frontage Laboratories Inc. is an equal opportunity employer. All qualified applicants will receive consideration for employment without regard to race, religion, color, national origin, sex, sexual orientation, gender identity, age, status as a protected veteran, among other things, or status as a qualified individual with disability.",2087,https://workforcenow.adp.com/mascsr/default/mdf/recruitment/recruitment.html?cid=0fad767f-f389-40ea-b2d1-d8df05098476&ccId=19000101_000001&jobId=9203144965919_1&lang=en_US,,,,,,,not_checked,,2026-10-07,,2026-10-07,,72,startDate,true,0,,,,,,2026-07-27,,,,,,,,
9203145221787_1,LIS Application Specialist,Frontage Laboratories,,Full time,Posted 71 Days Ago,2026-07-28,71,"Exton, PA, US",1,"Exton, PA, US",false,,united states,,0,"LIS Application Specialist - Central Lab Services

Location: Exton, PA

Full-time

Frontage Laboratories:

Frontage Laboratories Inc. is an award winning, full-service, CRO/Contract Research Organization operating over 25 state-of-the-art laboratories across the US, Canada and China. Our core competencies include drug metabolism, pharmacokinetics/ pharmacodynamics (PK/PD), safety and toxicology, bioanalytical services, chemistry and manufacturing controls for drug development, and core laboratory services for clinical trials.

Duties/Responsibilities:

• Independently develop and maintain Central Lab Service standard procedures and training Job-Aids regarding LIS/LIMS, middleware, and other supporting software Systems.

• Build and maintain LIS/LIMS database for clinical trials, medical diagnostic testing, and Biorepository.

• Partner with Laboratory Operation and Project Management to build appropriate tests and calculations in central lab LIS/LIMS systems.

• Assist laboratory management and QA Specialist with comprehensive Change Control related to the Laboratory Information Systems.

• Liaise between laboratory management, QA, and Information Technology departments, coordinating multidisciplinary efforts.

• Ensure Central Lab Services instruments and systems follow relevant regulations and requirements (HIPAA, GDPR, GCP, GLP, CAP, CLIA, etc.) in conjunction with QA and laboratory management.

• Work with Data Management team to ensure uniformity and accuracy between LIS/LIMS and client data transfer agreements.

• Build and maintain multifarious, protocol driven, studies within LIS/LIMS databases in accordance with the appropriate Study protocol and Laboratory manuals to ensure all client needs are met.

• Identify, analyze, and take corrective action for technical difficulties with LIS/LIMS databases experienced by Laboratory personnel or clients.

• Assist Bio Analytics Sample Management team with study design and sample login within the WATSON system or LabVantage

• Administrate users and security of central lab systems.

• Document LIS system related incidents and resolutions in IT support ticket system or logbooks.

• Timely communicate with supervisor on workload and prioritize tasks according to project timelines.

• Other tasks as assigned.

Education/Experience Requirements:

• Bachelor’s degree in related fields such as Biology, Chemistry, or relevant work experience in similar fields.

• At least one year LIS Setup working experience.

• Experience with LabVantage Medical Suite and Biobanking preferred.

Salary and Benefits:

Frontage Laboratories offer a competitive compensation and benefits package including health and dental insurance, a 401(k) plan, disability insurance, and life insurance.

Frontage Laboratories Inc. is an equal opportunity employer. All qualified applicants will receive consideration for employment without regard to race, religion, color, national origin, sex, sexual orientation, gender identity, age, status as a protected veteran, among other things, or status as a qualified individual with disability.",3099,https://workforcenow.adp.com/mascsr/default/mdf/recruitment/recruitment.html?cid=0fad767f-f389-40ea-b2d1-d8df05098476&ccId=19000101_000001&jobId=9203145221787_1&lang=en_US,,,,,,,not_checked,,2026-10-07,,2026-10-07,,71,startDate,true,0,,,,,,2026-07-28,,,,,,,,
9203145360462_1,Study Assistant,Frontage Laboratories,,Full time,Posted 71 Days Ago,2026-07-28,71,"Concord, OH, US",1,"Concord, OH, US",false,,united states,,0,"Title: Study Assistant

Location: Concord, OH (on-site)

Reports To: Study Support Team Leader

Company

Frontage Laboratories Inc. is an award winning, publicly listed, full-service CRO/Contract Research Organization operating over 25 state-of-the-art laboratories across the US, Canada, and China, growing significant YoY growth. Our core competencies include pre-clinical, drug metabolism, pharmacokinetics/ pharmacodynamics (PK/PD), safety and toxicology, bioanalytical services, chemistry and manufacturing controls for drug development, and core laboratory services for clinical trials.

Position Summary:

We are seeking a highly-motivated, detail-oriented team member to support client-driven projects. The successful candidate will be an active member of the Study Support Group and will assist Study Directors on assigned studies with general client needs, drafting and issuing protocols/protocol amendments, preparing subreports, running Provantis data tables, and reviewing study data all in compliance with appropriate SOP, Protocol, and Regulatory Agency guidelines.

Roles and Responsibilities:

• Generate Provantis data tables and create PDFs of tables for reporting

• Draft subreports (Ophthalmology, Anatomic Pathology, Clinical Pathology, ECG), protocols, and protocol amendments.

• Review study data, data binders, and documents generated by Study Directors/Study Support as needed.

• Assist with drafting deviations as they arise

• Update Toxicology Project Management system as milestone tasks are completed.

• Review and edit grammar, styles, typefaces, and formatting based on report writing style guidelines for all generated documents.

• Reviewing Locomotor Activity Data spreadsheets and ECGs.

• Data entry into Provantis for various studies

Education and Requirements:

• Associate’s or Bachelor’s Degree preferably in Life Sciences, communication, English, or similar related discipline.

• An equivalent amount of education and/or experience may be accepted as a satisfactory substitute for the specific education.

• Willing to train individuals with correlating background, education, or skills.

• Proven ability to successfully work in a team environment.

• Excellent oral and written communication skills.

• Basic computer knowledge (e.g. Microsoft Word, Excel, Adobe Acrobat)

• Experience with Provantis or similar LIMS software is a plus.

Salary and Benefits:

Frontage Laboratories offers a competitive compensation and generous benefits package including health and dental insurance, a 401(k) plan, health insurance, short and long-term disability insurance, life insurance etc.

Frontage Laboratories Inc. is an equal opportunity employer. All qualified applicants will receive consideration for employment without regard to race, religion, color, national origin, sex, sexual orientation, gender identity, age, status as a protected veteran, among other things, or status as a qualified individual with disability.",2968,https://workforcenow.adp.com/mascsr/default/mdf/recruitment/recruitment.html?cid=0fad767f-f389-40ea-b2d1-d8df05098476&ccId=19000101_000001&jobId=9203145360462_1&lang=en_US,,,,,,,not_checked,,2026-10-07,,2026-10-07,,71,startDate,true,0,,,,,,2026-07-28,,,,,,,,
9203146272967_1,Principal Scientist,Frontage Laboratories,,,Posted 68 Days Ago,2026-07-31,68,"Exton, PA, US",1,"Exton, PA, US",false,,united states,,0,"In vitro ADME Senior/Principal Scientist – DMPK

Location: Exton, PA
Department: DMPK (Drug Metabolism & Pharmacokinetics)
Employment Type: Full-Time

Company

Frontage Laboratories Inc. is an award winning, publicly listed, full-service CRO/Contract Research Organization operating over 25 state-of-the-art laboratories across the US, Canada, and China, growing significant YoY growth. Our core competencies include pre-clinical, drug metabolism, pharmacokinetics/ pharmacodynamics (PK/PD), safety and toxicology, bioanalytical services, chemistry and manufacturing controls for drug development, and core laboratory services for clinical trials.

Position Summary

Frontage Laboratories is seeking an experienced and highly motivated Senior/Principal Scientist to join our In Vitro ADME group. This is a laboratory-based position responsible for the development, execution, interpretation, and reporting of a broad range of in vitro ADME studies supporting drug discovery and IND-enabling programs.

Roles & Responsibilities

• Design, perform, troubleshoot, and interpret a broad range of in vitro ADME studies including metabolic stability, CYP inhibition, time-dependent inhibition (TDI), CYP induction, reaction phenotyping, enzyme kinetics, plasma protein binding, blood-to-plasma partitioning, tissue binding, using LC-MS/MS-based analytical methods.

• Independently conduct routine and complex ADME assays while ensuring high-quality data generation and timely project completion.

• Perform sample preparation, LC-MS/MS analysis, data processing, and result interpretation.

• Prepare study protocols, technical reports, and scientific summaries.

• Troubleshoot experimental and analytical challenges and implement appropriate solutions.

• Maintain laboratory instruments and ensure compliance with SOPs, quality standards, and laboratory safety requirements.

• Support client discussions by providing scientific expertise in study design and data interpretation.

Education & Requirements

• Ph.D. or MS degree in Pharmaceutical Sciences, Analytical Chemistry, Biochemistry, Pharmacology, or related discipline with more than 5 years of relevant industry experience,

• Strong hands-on experience with multiple in vitro ADME assays.

• Extensive experience with LC-MS/MS-based quantitative bioanalysis is preferred.

• Strong troubleshooting and laboratory problem-solving skills.

• Good written and verbal communication skills.

• Ability to manage multiple studies in a fast-paced CRO environment.

Salary and Benefits:

Frontage Laboratories offers a competitive compensation and generous benefits package including health and dental insurance, a 401(k) plan, health insurance, short and long-term disability insurance, life insurance etc.

Frontage Laboratories Inc. is an equal opportunity employer. All qualified applicants will receive consideration for employment without regard to race, religion, color, national origin, sex, sexual orientation, gender identity, age, status as a protected veteran, among other things, or status as a qualified individual with disability.",3096,https://workforcenow.adp.com/mascsr/default/mdf/recruitment/recruitment.html?cid=0fad767f-f389-40ea-b2d1-d8df05098476&ccId=19000101_000001&jobId=9203146272967_1&lang=en_US,,,,,,,not_checked,,2026-10-07,,2026-10-07,,68,startDate,true,0,,,,,,2026-07-31,,,,,,,,
9203146406430_1,Histology Technician,Frontage Laboratories,,Full time,Posted 68 Days Ago,2026-07-31,68,"Exton, PA, US",1,"Exton, PA, US",false,,united states,,0,"Histology Technician

Title: Histology Technician

Location: Exton, PA (Onsite)

Full-time

Frontage Laboratories Inc. is an award winning, full-service, CRO/Contract Research Organization operating over 25 state-of-the-art laboratories across the US, Canada and China. Our core competencies include drug metabolism, pharmacokinetics/ pharmacodynamics (PK/PD), safety and toxicology, bioanalytical services, chemistry and manufacturing controls for drug development, and core laboratory services for clinical trials.

Duties/Responsibilities:

The Histology Technician reports to the Laboratory Supervisor (Laboratory Manager or Director) and performs day-to-day laboratory activities during regular business hours in the CAP-accredited, CLIA-certified Histology Laboratory at Frontage Central Lab Services. The Histology Technician follows established SOPs, regulatory requirements, and applicable GxP and ICH guidelines to support the timely delivery of high-quality histopathology services while collaborating effectively with internal and external stakeholders.

Responsibilities include, but are not limited to:

• Accession, receive, store, retrieve, transfer, and dispose of pathology specimens.

• Prepare tissue specimens by grossing (predominantly biopsies), chemically treating, processing, embedding, cutting, mounting, staining (e.g., H&E, Special Stains, IHC, etc.), coverslipping, and labeling for microscopic evaluation by the pathologists.

• Monitor laboratory reagent and consumable inventories; promptly notify management of low stock levels or impending expirations, and order and restock supplies as needed.

• Perform validation and verification studies for new instruments, equipment, and testing methods.

• Assist the supervisor in developing, implementing, and maintaining standard operating procedures (SOPs).

• Perform quality control, routine daily and periodically maintenance, and applicable calibration for laboratory instruments, equipment, and assays.

• Adhere to GDP guidelines and maintain accurate, complete, and contemporaneous laboratory records.

• Collaborate with the supervisor, service engineers, and vendor technical support to troubleshoot and resolve issues with laboratory instruments, equipment, and assays.

• Adhere to laboratory hygiene, safety, quality, and regulatory procedures at all times.

• Participate in Proficiency Testing, maintain competency on all assigned instruments, equipment, and methods, including initial, six-month, and annual competency assessments, as applicable.

• Maintain a working knowledge of CLIA, CAP and other applicable regulatory requirements, and help foster audit and inspection readiness.

• Perform other duties and responsibilities as assigned by laboratory management as needed.

Education/Experience Requirements:

• Education/Training of the Histology Technician must meet CLIA personnel qualification requirements for high-complexity testing (42 CFR Part 493), as applicable;

• The Histology Technician must hold either an associate degree in a chemical or biological science or medical laboratory technology, or bachelor's degree in a chemical, biological, clinical or medical laboratory science or medical technology, from an accredited institution;

• The Histology Technician must be eligible to be certified Histotechnician (HT), Histotechnologist (HTL) through ASCP (please see ASCP Board of Certification webpage for eligibility requirements). Active ASCP certification as an HT or HTL is preferred;

• The Histology Technician must be able to differentiate color on stained slides and ensure proper staining technique;

• Previous at least 3 months of hands-on Histology Technician experience is required for Histology Technician holding an associate degree;

• Previous more than one (1) years of hands-on Histology Technician experience in a CLIA and/or CAP histology lab setting is preferred.

Salary and Benefits:

Frontage Laboratories offer a competitive compensation and benefits package including health and dental insurance, a 401(k) plan, disability insurance, and life insurance.

Frontage Laboratories Inc. is an equal opportunity employer. All qualified applicants will receive consideration for employment without regard to race, religion, color, national origin, sex, sexual orientation, gender identity, age, status as a protected veteran, among other things, or status as a qualified individual with disability.",4435,https://workforcenow.adp.com/mascsr/default/mdf/recruitment/recruitment.html?cid=0fad767f-f389-40ea-b2d1-d8df05098476&ccId=19000101_000001&jobId=9203146406430_1&lang=en_US,,,,,,,not_checked,,2026-10-07,,2026-10-07,,68,startDate,true,0,,,,,,2026-07-31,,,,,,,,
9203149080479_1,Lab Technician,Frontage Laboratories,,Full time,Posted 58 Days Ago,2026-08-10,58,"Exton, PA, US",1,"Exton, PA, US",false,,united states,,0,"Laboratory Technician – CMC Analytical Services

Location: Exton, PA

Fulltime

Department: Chemistry, Manufacturing, and Controls (CMC) Analytical Services

Reports To: Associate Director

Employment Type: Full-Time (40 hours/week)

Frontage Laboratories Inc. is an award-winning, publicly listed (HKSE) full-service Contract Research Organization (CRO) with more than 25 state-of-the-art laboratories across the United States, Canada, and China. As one of the fastest-growing CROs in the industry, Frontage provides comprehensive drug development services spanning drug metabolism and pharmacokinetics (DMPK), pharmacodynamics (PD), bioanalytical services, safety and toxicology, Chemistry, Manufacturing, and Controls (CMC), and central laboratory services for clinical trials.

Our commitment to scientific excellence, quality, and customer service enables us to support pharmaceutical and biotechnology companies from early discovery through commercialization.

Position Summary:

Frontage Laboratories is seeking a motivated and detail-oriented Laboratory Technician to join our CMC Analytical Services team. This position provides essential laboratory support to scientists by ensuring the laboratory operates efficiently, safely, and in compliance with company procedures and current Good Manufacturing Practices (cGMP).

The Laboratory Technician will be responsible for laboratory organization, equipment maintenance, reagent preparation, sample support, inventory management, and general laboratory operations. The ideal candidate is organized, dependable, eager to learn, and enjoys working in a collaborative laboratory environment.

Roles & Responsibilities:

• Support daily laboratory operations within the CMC Analytical Services group by working closely with scientists, Sample Management, and Metrology teams.

• Clean, inspect, and maintain laboratory glassware and equipment to ensure readiness for use.

• Perform routine equipment calibration, preventative maintenance, and maintain associated documentation.

• Assist with sample receipt, logging, labeling, storage, retrieval, and chain-of-custody documentation.

• Prepare laboratory reagents and other solutions according to approved procedures.

• Maintain accurate laboratory records in compliance with SOPs and cGMP requirements.

• Maintain laboratory cleanliness, organization, and inspection readiness through routine housekeeping.

• Assist with chemical inventory management, including labeling, storage, expiration monitoring, and disposal.

• Support laboratory investigations and documentation activities as needed.

• Follow all laboratory safety procedures, company policies, SOPs, and cGMP guidelines.

• Participate in training activities and maintain required training records.

• Perform other duties as assigned.

Education Requirements

High school diploma or equivalent required.

Associate degree in Chemistry, Biology, or another scientific discipline preferred.

Skills & Experience

Previous laboratory experience through academic coursework, internships, or industry experience is preferred.

Strong attention to detail with the ability to maintain accurate documentation.

Excellent organizational, communication, and interpersonal skills.

Ability to manage multiple tasks and prioritize work in a fast-paced laboratory environment.

Proficiency with Microsoft Office, including Outlook, Word, and Excel.

Demonstrated ability to work independently while contributing effectively as part of a team.

Physical Requirements

Ability to stand and walk for extended periods and frequently move throughout the laboratory and facility.

Ability to safely lift and carry up to 50 pounds.

Ability to wear required personal protective equipment (PPE), including laboratory coats, gloves, and safety glasses.

Ability to perform repetitive tasks involving manual dexterity, including pipetting, lifting laboratory supplies, and handling laboratory equipment.

Salary and Benefits:

Frontage Laboratories offers a competitive compensation and benefits package including health and dental insurance, a 401(k) plan, disability insurance, and life insurance.

Frontage Laboratories Inc. is an equal opportunity employer. All qualified applicants will receive consideration for employment without regard to race, religion, color, national origin, sex, sexual orientation, gender identity, age, status as a protected veteran, among other things, or status as a qualified individual with disability.",4487,https://workforcenow.adp.com/mascsr/default/mdf/recruitment/recruitment.html?cid=0fad767f-f389-40ea-b2d1-d8df05098476&ccId=19000101_000001&jobId=9203149080479_1&lang=en_US,,,,,,,not_checked,,2026-10-07,,2026-10-07,,58,startDate,true,0,,,,,,2026-08-10,,,,,,,,
9203150138848_1,Junior Accountant,Frontage Laboratories,,Full time,Posted 55 Days Ago,2026-08-13,55,"Secaucus, NJ, US",1,"Secaucus, NJ, US",false,,united states,,0,"Position Title: Junior Accountant

Reports to: SVP Clinical Services

Location: On-site, Secaucus, NJ

Company

Frontage Laboratories Inc. is an award winning, publicly listed, full-service CRO/Contract Research Organization operating over 25 state-of-the-art laboratories across the US, Canada, and China, growing significant YoY growth. Our core competencies include pre-clinical, drug metabolism, pharmacokinetics/ pharmacodynamics (PK/PD), safety and toxicology, bioanalytical services, chemistry and manufacturing controls for drug development, and core laboratory services for clinical trials.

Position Summary:

We are seeking a highly-motivated, detail-oriented team member to support our Clinical Operations team. The successful candidate will be responsible for day-to-day accounting tasks including Accounts Payable and Accounts Receivable, maintaining accounting book and other finance-related data, financial reporting, ensuring accuracy of the financial data and reports for the site.

Responsibilities:

• Accounts Payable and Accounts Receivable for the Clinical Services site

• AP – ensuring all the vendors are paid on time

• AR – ensuring all Receivables are followed up and collected on time

• Bank and credit card reconciliation

• Assist in preparing invoices for clinical studies

• Maintaining revenue recognition tracker so able to project monthly revenue/expenses

• Assist with Payroll process and entry, if required

• Assists in month-end closing and reporting

• Liaise with internal or external accountants in preparation for tax returns

• Other accounting tasks as assigned

Qualifications and Experience:

• Bachelor’s degree in accounting or finance, or similar degree or certification.

• 3–5-years of accounting experience especially bookkeeping and assisting with month end close and financial reporting.

• Solid accounting knowledge and an understanding of accounting best practices, knowledge of U.S. GAAP or IFRS desirable but not essential.

• Strong experience in using Microsoft Excel and other MS software.

• Proactive approach, a sense of urgency and can produce quality work products.

• Detail and process-oriented, self-starter and seamless multi-tasker with the ability to prioritize and simultaneously manage multiple projects while being able to work independently.

• Excellent interpersonal and people skills – a relationship builder and work effectively with the site leaders and corporate finance and other teams.

• Good written and verbal communication skills.

• Team-oriented with the ability to contribute to a fast-paced and rapidly changing environment.

• Experience with Oracle or NetSuite financial system preferred.

Salary and Benefits:

Frontage Laboratories offers a competitive compensation and generous benefits package including health and dental insurance, a 401(k) plan, health insurance, short and long-term disability insurance, life insurance etc.

Salary Range: $55,000 to $65,000 ($26 - $31.25 per hour)

Frontage Laboratories Inc. is an equal opportunity employer. All qualified applicants will receive consideration for employment without regard to race, religion, color, national origin, sex, sexual orientation, gender identity, age, status as a protected veteran, among other things, or status as a qualified individual with disability.",3327,https://workforcenow.adp.com/mascsr/default/mdf/recruitment/recruitment.html?cid=0fad767f-f389-40ea-b2d1-d8df05098476&ccId=19000101_000001&jobId=9203150138848_1&lang=en_US,,,,,,,not_checked,,2026-10-07,,2026-10-07,,55,startDate,true,0,,,,,,2026-08-13,,,,,,,,
9203152846517_1,Administrative and Shipping Coordinator,Frontage Laboratories,,Full time,Posted 44 Days Ago,2026-08-24,44,"Exton, PA, US",1,"Exton, PA, US",false,,united states,,0,"Title: Administrative and Shipping Coordinator

Department: Procurement

Location: Exton, Pennsylvania

Reports to: Senior Buyer

Full-time

Frontage Laboratories Inc. is an award winning, full-service, CRO/Contract Research Organization operating over 25 state-of-the-art laboratories across the US, Canada and China. Our core competencies include drug metabolism, pharmacokinetics/ pharmacodynamics (PK/PD), safety and toxicology, bioanalytical services, chemistry and manufacturing controls for drug development, and core laboratory services for clinical trials.

Position/Job Summary:

Frontage Laboratories is seeking a full-time, on-site front desk receptionist and shipping/receiving coordinator to support daily administrative and shipping operations at our Exton, PA facility.

This position reports to the Procurement department and serves as the first point of contact for visitors while managing the receipt and shipment of packages and laboratory materials. The ideal candidate is organized, dependable, customer-focused, and able to balance front desk responsibilities with hands-on shipping and receiving duties in a fast-paced laboratory environment.

This position requires regular movement throughout the facility and the ability to safely lift and move packages weighing up to 50 pounds.

Roles & Responsibilities:

• Greet visitors in a professional manner and manage visitor check-ins.

• Answer the main telephone line and direct calls to the appropriate personnel.

• Receive, sort, and distribute incoming mail, courier deliveries, and packages.

• Prepare outgoing shipments by packaging materials, creating shipping labels, completing shipping documentation, and coordinating carrier pickups.

• Receive incoming deliveries by verifying packing slips against received materials, documenting receipts, uploading records, notifying internal personnel, and promptly deliver critical or temperature-sensitive shipments when necessary.

• Maintain shipping and receiving documentation and report receiving discrepancies.

• Operate hand carts and pallet jacks to transport materials throughout the facility.

• Maintain clean, organized, and well-stocked front desk, loading dock, stockroom, and coffee station areas.

• Order routine office supplies, breakroom supplies, and other facility consumables.

• Coordinate meal orders for client visits, meetings, and special events as requested.

• Provide general administrative support, including scheduling meetings and routine Procurement department administrative tasks.

• Collaborate effectively with employees across multiple departments to ensure timely communication regarding visitors, deliveries, and shipments.

• Perform other duties as assigned.

Education, Experience & Skills:

• High school diploma or GED.

• Strong verbal and written communication skills.

• Strong organizational and interpersonal skills.

• Proficiency with Microsoft Office (Outlook, Word, and Excel).

• Ability to multitask and prioritize work in a fast-paced environment.

• Ability to frequently walk throughout the facility and safely lift packages weighing up to 50 pounds.

• Previous experience in a receptionist, administrative assistant, shipping and receiving, warehouse, or customer service role preferred.

Salary and Benefits:

Frontage Laboratories offers a competitive compensation and benefits package including health and dental insurance, a 401(k) plan, disability insurance, and life insurance.

Frontage Laboratories Inc. is an equal opportunity employer. All qualified applicants will receive consideration for employment without regard to race, religion, color, national origin, sex, sexual orientation, gender identity, age, status as a protected veteran, among other things, or status as a qualified individual with disability.",3809,https://workforcenow.adp.com/mascsr/default/mdf/recruitment/recruitment.html?cid=0fad767f-f389-40ea-b2d1-d8df05098476&ccId=19000101_000001&jobId=9203152846517_1&lang=en_US,,,,,,,not_checked,,2026-10-07,,2026-10-07,,44,startDate,true,0,,,,,,2026-08-24,,,,,,,,
9203153669773_1,Facilities Associate,Frontage Laboratories,,Full time,Posted 20 Days Ago,2026-09-17,20,"Exton, PA, US",1,"Exton, PA, US",false,,united states,,0,"Title: Facilities Associate

Location: Exton, PA (onsite)

Reports to: Senior Facilities Manager

Company:

Frontage Laboratories Inc. is an award winning, full-service, CRO/Contract Research Organization operating over 25 state-of-the-art laboratories across the US, Canada and China. Our core competencies include drug metabolism, pharmacokinetics/ pharmacodynamics (PK/PD), safety and toxicology, bioanalytical services, chemistry and manufacturing controls for drug development, and core laboratory services for clinical trials.

Summary:

The Facilities Associate is responsible for ensuring the safety, functionality, and upkeep of all company facilities. This role involves performing routine maintenance, repairs, and inspections of building systems, equipment, and infrastructure. The Facilities Associate is expected to be proactive and hands-on, with the ability to support multiple facilities as needed in a 2 mile radius ensuring a safe and efficient workplace in compliance with company standards and safety regulations.

Responsibilities:

• Performs/oversees general repair and maintenance involving HVAC, electrical, mechanical, and plumbing systems.

• Performs daily rounds of critical utilities and updates the system logbook accordingly.

• General maintenance may include replacing and/or repairing lighting, incidental carpentry, paint, ceiling tiles, bathroom fixtures, moving furniture-fixtures-equipment, etc.

• Perform scheduled preventative maintenance tasks to ensure systems run smoothly and efficiently.

• Keep accurate records of completed work, parts used, and maintenance schedules.

• Performs work as assigned via Computer Maintenance Management System and documents work performed in a timely manner.

• Interface with professional contractors, and third party vendors for projects and tasks as needed.

• Maintains a clean and safe working environment.

• May perform minor renovations or installations.

• Performs other duties as assigned.

Education, Experience & Skills Required:

• Minimum of 1-2 years of experience in facilities or a related field (experience can be substituted for relevant technical training).

• High school diploma or equivalent, preferably with technical training courses. Advanced education is a plus, but not critical.

• Prior experience in a pharmaceutical facility is a plus.

• Ability to work with hand and power tools.

• Ability to work from drawings or a rough sketch.

• Knowledge of all equipment, safety, and OSHA rules and regulations.

• Ability to work alone or with minimal supervision.

• Knowledge of Microsoft programs.

• Good verbal and written communications skills.

• Excellent people skills.

Physical Working Conditions:

• Ability to lift 50 pounds

• Use hand and power tools

• Work off a ladder

• Ability to work on ladders or lifts in high ceiling areas.

• Occasionally work outdoors or on a roof.

• Work with and/or coordinate work of third-party vendors.

• MUST have a can-do mentality

• Ability to work within a TEAM structure or independently to ensure project tasks are completed in a timely and cost-effective manner.

Salary and Benefits:

Frontage Laboratories offers a competitive compensation and benefits package including health and dental insurance, a 401(k) plan, disability insurance, and life insurance.

Frontage Laboratories Inc. is an equal opportunity employer. All qualified applicants will receive consideration for employment without regard to race, religion, color, national origin, sex, sexual orientation, gender identity, age, status as a protected veteran, among other things, or status as a qualified individual with disability.",3663,https://workforcenow.adp.com/mascsr/default/mdf/recruitment/recruitment.html?cid=0fad767f-f389-40ea-b2d1-d8df05098476&ccId=19000101_000001&jobId=9203153669773_1&lang=en_US,,,,,,,not_checked,,2026-10-07,,2026-10-07,,20,startDate,false,0,,,,,,2026-09-17,,,,,,,,
9203154547598_1,Director BGC Operations,Frontage Laboratories,,Full time,Posted 40 Days Ago,2026-08-28,40,"Exton, PA, US",1,"Exton, PA, US",false,,united states,,0,"Director, Biologics, Cell & Gene Therapy

Position Title: Director, Biologics, Cell & Gene Therapy

Department: CMC Analytical Services

Reports To: VP / Senior Vice President of Analytical Services

Frontage Laboratories Inc. is an award winning, full-service, CRO/Contract Research Organization operating over 25 state-of-the-art laboratories across the US, Canada, Europe, and China. Our core competencies include drug metabolism, pharmacokinetics/ pharmacodynamics (PK/PD), safety and toxicology, bioanalytical services, chemistry and manufacturing controls for drug development, and core laboratory services for clinical trials.

Position Summary

The Director of Biologics, Cell & Gene Therapy (CGT) serves as a senior executive leader within our Contract Development and Manufacturing Organization (CDMO) / Contract Research Organization (CRO). This client-facing role is responsible for directing technical operations, business growth, and service delivery. The Director acts as the primary executive contact for client partners, ensuring technical excellence, regulatory compliance, operational throughput, and high-margin service execution across viral vectors (AAV, LVV), cell therapies (CAR-T, stem cells), and recombinant biologics platforms.

Key Responsibilities

• Client Engagement & Service Delivery: Lead high-visibility technical governance with external biopharma partners, acting as the executive point of contact for technical problem-solving, project scope adjustments, and milestone delivery.

• Business Development & Proposal Support: Partner with BD teams to scope technical proposals, develop Statements of Work (SOWs), evaluate technical feasibility, and present capabilities in client pitch meetings and facility audits.

• CMC & Tech Transfer Execution: Direct cross-functional scientific teams through client technology transfers, analytical assay development/validation, and cGMP clinical/commercial product testing.

• Quality & Regulatory Compliance: Ensure full adherence to global cGMP/GLP regulations (FDA, EMA) during client manufacturing and analytical testing; host client audits and regulatory inspections.

Required Qualifications & Experience

• Education: Ph.D. or M.S. in Biotechnology, Bioengineering, Molecular Biology, Biochemistry, or related life sciences field.

• Experience: 10+ years in the biopharmaceutical industry with a minimum of 4+ years in a leadership role directly within a CDMO, CRO, or contract testing organization.

• Client-Facing Leadership: Demonstrated success managing client relationships, SOW scope management, revenue targets, and multi-project service portfolios in the ATMP/CGT sector.

• Technical Breadth: Deep knowledge of process/analytical development, vector biomanufacturing, cell processing, and regulatory expectations for advanced therapy contract services.

Salary and Benefits:

Frontage Laboratories offer a competitive compensation and benefits package including health and dental insurance, a 401(k) plan, disability insurance, and life insurance.

Frontage Laboratories Inc. is an equal opportunity employer. All qualified applicants will receive consideration for employment without regard to race, religion, color, national origin, sex, sexual orientation, gender identity, age, status as a protected veteran, among other things, or status as a qualified individual with disability.",3380,https://workforcenow.adp.com/mascsr/default/mdf/recruitment/recruitment.html?cid=0fad767f-f389-40ea-b2d1-d8df05098476&ccId=19000101_000001&jobId=9203154547598_1&lang=en_US,,,,,,,not_checked,,2026-10-07,,2026-10-07,,40,startDate,true,0,,,,,,2026-08-28,,,,,,,,
9203155235468_1,Research Technician,Frontage Laboratories,,Full time,Posted 37 Days Ago,2026-08-31,37,"Chicago, IL, US",1,"Chicago, IL, US",false,,united states,,0,"Research Technician, Toxicology

Title: Research Technician

Location: Chicago, IL

Reports to: Supervisor of Toxicology

Full-time

Frontage Laboratories Inc. is an award winning, full-service, CRO/Contract Research Organization operating over 25 state-of-the-art laboratories across the US, Canada and China. Our core competencies include drug metabolism, pharmacokinetics/ pharmacodynamics (PK/PD), safety and toxicology, bioanalytical services, chemistry and manufacturing controls for drug development, and core laboratory services for clinical trials.

Our Chicago, IL site provides toxicology testing and research laboratory services and specialized pre-clinical studies in support of pharmaceutical and biotechnology products.

Position/Job Summary: The Research Technician plays a key, hands-on role in the conduct of preclinical studies and supports the Study Director to ensure that Sponsor studies are conducted properly and according to FDA guidelines.

Roles & Responsibilities:

• Duties include handling, dosing, bleeding, weighing, and observing animals.

• Recording and summarizing data.

• Other responsibilities as assigned.

Education, Experience & Skills Required:

• Candidates must have a AS or BS degree in animal/veterinary science, biology, or related disciplines.

• The Research Technician I position requires 0-3 years of experience.

• The Research Technician II position requires a minimum of 3-5 years of experience.

• Knowledge of Good Laboratory Practice (GLP) Regulations as well as past experience in the conduct of toxicology studies or animal handling is a plus.

• AALAS accreditation is a plus.

Salary: $24.00-$28.00/hour

Benefits:

• 401k Employer Match with immediate vesting

• Vision Insurance

• Medical and Dental Insurance with multiple coverage options

• FSA (Medical, Dependent Care, and Commuter)

• Short Term Disability

• Long Term Disability

• Life Insurance

• Generous Paid Holidays and PTO

Frontage Laboratories Inc. is an equal opportunity employer. All qualified applicants will receive consideration for employment without regard to race, religion, color, national origin, sex, sexual orientation, gender identity, age, status as a protected veteran, among other things, or status as a qualified individual with disability.",2291,https://workforcenow.adp.com/mascsr/default/mdf/recruitment/recruitment.html?cid=0fad767f-f389-40ea-b2d1-d8df05098476&ccId=19000101_000001&jobId=9203155235468_1&lang=en_US,,,,,,,not_checked,,2026-10-07,,2026-10-07,,37,startDate,true,0,,,,,,2026-08-31,,,,,,,,
9203155247971_1,Report Writer,Frontage Laboratories,,,Posted 37 Days Ago,2026-08-31,37,"Chicago, IL, US",1,"Chicago, IL, US",false,,united states,,0,"Report Writer

Title: Report Writer

Location: Chicago, IL, onsite

Reports to: Technical Report Supervisor

Full-time

Frontage Laboratories Inc. is an award winning, full-service, CRO/Contract Research Organization operating over 25 state-of-the-art laboratories across the US, Canada and China. Our core competencies include drug metabolism, pharmacokinetics/ pharmacodynamics (PK/PD), safety and toxicology, bioanalytical services, chemistry and manufacturing controls for drug development, and core laboratory services for clinical trials.

Our Chicago, IL site provides toxicology testing and research laboratory services and specialized pre-clinical studies in support of pharmaceutical and biotechnology products.

Position/Job Summary:

This position supports toxicologists in their preparation and presentation of reports, protocols or other documents associated with the evaluation of the safety and/or toxicity of various materials (e.g., pharmaceuticals, chemicals, etc.). The Report Writer prepares documents from information provided by personnel and/or subcontractors to be submitted to Study Sponsors. In addition to preparation of text, this position requires tabulation and summarization of data as well as some interpretation of results. Writers receive assignments from Study Directors and Management and are supervised by the Technical Writing Supervisor.

Roles & Responsibilities:

• Generating, formatting, and, reviewing pre-clinical main study reports and sub-reports.

• Coordinating and facilitating the compilation of report information from the Frontage study team (e.g., Study Directors, Study Supervisors, Management, and Quality Assurance personnel), Principal Investigators, and Contributing Scientists.

• Maintain consistent formatting across all Sponsor-facing documents by adhering to current style guidelines.

• Set up and troubleshoot table template generation for data outputs as well as quality check outputs for formatting/data errors.

• Compile, organize, and present collected study data in a logical manner within summary and appendix sections of reports/sub-reports, as well as appropriately creating/linking in-text references to appended data.

• Maintaining technical information in both electronic and paper formats.

• Generating new documents from pre-established template files following pre-established guidelines in their implementation and maintenance, or creating/maintaining new templates as needed.

• Tracking the preparation of report or other documents (e.g., protocols, study specific procedures) as well as the progress of study data as it is prepared for reports.

• Maintaining open lines of communication within the reporting writing team, Study Directors, Quality Assurance, and Management regarding the status of reports/documents and data processing.

• Identifying and resolving problems related to the production of reports and other documents.

• Maintaining an understanding of pertinent governmental regulations (e.g., FDA, EPA, OECD, ICH, etc.), data handling best practices, and Sponsor guidelines.

• Delivering assignments on time and adjusting regular business hours to accommodate deadlines.

Education, Experience & Skills Required:

• Must have a minimum of a BS/BA degree in a science/related discipline or prior experience that contributes directly and significantly to the individual’s technical writing competence.

• Experience with electronic document management; proficiency in Microsoft Word (general operation/document formatting) and Excel required.

• Familiarity with Adobe Acrobat and Photoshop, or equivalent, for report compilation and finalization processes preferred.

• Must possess strong organizational, grammatical, editorial/proofreading, reading comprehension, and critical thinking skills.

• Must be able self-start independent work, cooperatively interact with study team members toward common goals, and to work on multiple projects concurrently.

• Must possess excellent communication skills to effectively interact with other personnel.

• Familiarity with adherence to protocol/SOP-specified parameters preferred.

Salary: $21.63-$25.97/hour

Benefits:

• 401k Employer Match with immediate vesting

• Vision Insurance

• Medical and Dental Insurance with multiple coverage options

• FSA (Medical, Dependent Care, and Commuter)

• Short Term Disability

• Long Term Disability

• Life Insurance

• Generous Paid Holidays and PTO

Frontage Laboratories Inc. is an equal opportunity employer. All qualified applicants will receive consideration for employment without regard to race, religion, color, national origin, sex, sexual orientation, gender identity, age, status as a protected veteran, among other things, or status as a qualified individual with disability.",4785,https://workforcenow.adp.com/mascsr/default/mdf/recruitment/recruitment.html?cid=0fad767f-f389-40ea-b2d1-d8df05098476&ccId=19000101_000001&jobId=9203155247971_1&lang=en_US,,,,,,,not_checked,,2026-10-07,,2026-10-07,,37,startDate,true,0,,,,,,2026-08-31,,,,,,,,
9203162040544_1,"Study Director, Developmental and Reproductive Toxicology (DART)",Frontage Laboratories,,Full time,Posted 13 Days Ago,2026-09-24,13,"Chicago, IL, US",1,"Chicago, IL, US",false,,united states,,0,"Study Director

Title: Study Director; Developmental and Reproductive Toxicology (DART)

Location: Chicago, IL (on-site)

Reporting to: VP of Toxicology

Full-time

Frontage Laboratories Inc. is an award winning, full-service, CRO/Contract Research Organization operating over 25 state-of-the-art laboratories across the US, Canada and China. Our core competencies include drug metabolism, pharmacokinetics/ pharmacodynamics (PK/PD), safety and toxicology, bioanalytical services, chemistry and manufacturing controls for drug development, and core laboratory services for clinical trials.

Our Chicago, IL site provides toxicology testing and research laboratory services and specialized pre‑clinical studies in support of pharmaceutical and biotechnology products.

We have an excellent career opportunity for a Study Director – Developmental and Reproductive Toxicology (DART) to join our dynamic team in Chicago!

Position/Job Summary: This position is for a Study Director within the Developmental and Reproductive Toxicology (DART) department at Frontage, specifically to perform duties related to directing nonclinical Developmental and Reproductive Toxicology (DART) studies as Study Director for regulatory submissions. The person will serve as the DART Study Director for Developmental and Reproductive Toxicology Studies, including Embryo-fetal Development, Fertility, Pre-/Postnatal and Juvenile Toxicology Studies as described in the GLPs. They have overall responsibility for the technical conduct of a study as well as for the interpretation, analysis, documentation, and reporting of results. Activities also include productive interactions with management, technical staff, global internal and external clients, and study direction staff.

Roles & Responsibilities:

• Perform responsibilities as a Study Director for regulatory and exploratory toxicology studies, including study design and protocol development, as well as data evaluation and reporting in compliance with GLPs.

• Stay current with DART study designs and techniques and suggest ideas for technical development as appropriate.

• Considered a subject matter expert in one or more of the following: fetal pathology, endocrinology, behavioral toxicity/neurotoxicity, juvenile toxicity.

• Review and confirm external, visceral, and skeletal fetal abnormalities.

• Prepare study specific methodologies and SOPs, as needed.

• Trained in providing expert consultations to clients on customized DART study designs and study timings according to drug development needs.

Education, Experience & Skills Required:

• PhD in toxicology or related subject, DABT certification preferred but not required.

• Relevant experience may be accepted in place of a PhD.

• Master’s with 2+ years of relevant scientific experience.

• Bachelor of Science with 5+ years of relevant scientific experience.

• The ability to work across multiple disciplines and to manage multiple projects simultaneously is highly desirable.

• Effective written and verbal communication skills required.

• Thorough understanding of GLP regulatory requirements, and various toxicology testing guidelines.

• Knowledge of standard operating procedures and IACUC requirements.

• Demonstrated leadership skills, experience with client interactions and business development.

• Proficiency in the use of standard software including Microsoft Excel, Word, PowerPoint, etc. and with standard laboratory calculations.

• The company offers a competitive package of benefits including health insurance, 401K Plan and profit-sharing.

Salary: $95K-$130K, based on qualification and experience.

Benefits:

• 401k Employer Match with immediate vesting

• Vision Insurance

• Medical and Dental Insurance with multiple coverage options

• FSA (Medical, Dependent Care, and Commuter)

• Short Term Disability

• Long Term Disability

• Life Insurance

• Generous Paid Holidays and PTO

Frontage Laboratories Inc. is an equal opportunity employer. All qualified applicants will receive consideration for employment without regard to race, religion, color, national origin, sex, sexual orientation, gender identity, age, status as a protected veteran, among other things, or status as a qualified individual with disability.",4260,https://workforcenow.adp.com/mascsr/default/mdf/recruitment/recruitment.html?cid=0fad767f-f389-40ea-b2d1-d8df05098476&ccId=19000101_000001&jobId=9203162040544_1&lang=en_US,,,,,,,not_checked,,2026-10-07,,2026-10-07,,13,startDate,false,0,,,,,,2026-09-24,,,,,,,,
9203162041107_1,"Study Director, Toxicology",Frontage Laboratories,,Full time,Posted 13 Days Ago,2026-09-24,13,"Chicago, IL, US",1,"Chicago, IL, US",false,,united states,,0,"Study Director

Title: Study Director; Toxicology

Location: Chicago, IL (on-site)

Reporting to: VP of Toxicology

Full-time

Frontage Laboratories Inc. is an award winning, full-service, CRO/Contract Research Organization operating over 25 state-of-the-art laboratories across the US, Canada and China. Our core competencies include drug metabolism, pharmacokinetics/ pharmacodynamics (PK/PD), safety and toxicology, bioanalytical services, chemistry and manufacturing controls for drug development, and core laboratory services for clinical trials.

Our Chicago, IL site provides toxicology testing and research laboratory services and specialized pre‑clinical studies in support of pharmaceutical and biotechnology products.

We have an excellent career opportunity for a Study Director – Safety and Toxicology to join our dynamic team in Chicago!

Position/Job Summary: This position is for a Study Director within the Safety and Toxicology department at Frontage, specifically to perform duties related to directing nonclinical Toxicology studies in as Study Director for regulatory submissions. The person will serve as the Study Director for Toxicology Studies, including Non-GLP MTD/DRF, and Acute, Sub-Chronic and Chronic GLP Toxicology Studies as described. They have overall responsibility for the technical conduct of a study as well as for the interpretation, analysis, documentation, and reporting of results. Activities also include productive interactions with management, technical staff, global internal and external clients, and study direction staff.

Roles & Responsibilities:

• Perform responsibilities as a Study Director for regulatory and exploratory toxicology studies, including study design and protocol development, as well as data evaluation and reporting in compliance with GLPs.

• Stay current with Safety and Toxicology study designs and techniques.

• Prepare study specific methodologies and SOPs, as needed.

• Trained in providing expert consultations to clients on IND enabling toxicology studies.

Education, Experience & Skills Required:

• PhD in toxicology or related subject, DABT certification preferred but not required.

• Relevant experience may be accepted in place of a PhD.

• Masters with 2+ years of relevant scientific experience.

• Bachelor of Science with 5+ years of relevant scientific experience.

• The ability to work across multiple disciplines and to manage multiple projects simultaneously is highly desirable.

• Effective written and verbal communication skills required.

• Thorough understanding of GLP regulatory requirements, and various toxicology testing guidelines.

• Knowledge of standard operating procedures and IACUC requirements.

• Demonstrated leadership skills, experience with client interactions and business development.

• Proficiency in the use of standard software including Microsoft Excel, Word, PowerPoint, etc. and with standard laboratory calculations.

• The company offers a competitive package of benefits including health insurance, 401K Plan and profit-sharing.

Salary: $85K-$120K, based on qualification and experience.

Benefits:

• 401k Employer Match with immediate vesting

• Vision Insurance

• Medical and Dental Insurance with multiple coverage options

• FSA (Medical, Dependent Care, and Commuter)

• Short Term Disability

• Long Term Disability

• Life Insurance

• Generous Paid Holidays and PTO

Frontage Laboratories Inc. is an equal opportunity employer. All qualified applicants will receive consideration for employment without regard to race, religion, color, national origin, sex, sexual orientation, gender identity, age, status as a protected veteran, among other things, or status as a qualified individual with disability.",3748,https://workforcenow.adp.com/mascsr/default/mdf/recruitment/recruitment.html?cid=0fad767f-f389-40ea-b2d1-d8df05098476&ccId=19000101_000001&jobId=9203162041107_1&lang=en_US,,,,,,,not_checked,,2026-10-07,,2026-10-07,,13,startDate,false,0,,,,,,2026-09-24,,,,,,,,
9203162897056_1,Provantis System Administrator,Frontage Laboratories,,Full time,Posted 9 Days Ago,2026-09-28,9,"Chicago, IL, US",1,"Chicago, IL, US",false,,united states,,0,"Provantis System Administrator

Job Title: Provantis System Administrator

Location: Chicago, IL (on-site)

Reports to: VP Toxicology and Site Head

Full-time

Frontage Laboratories Inc. is an award winning, full-service, CRO/Contract Research Organization operating over 25 state-of-the-art laboratories across the US, Canada, Europe and Asia. Our core competencies include drug metabolism, pharmacokinetics/ pharmacodynamics (PK/PD), safety and toxicology, bioanalytical services, chemistry and manufacturing controls for drug development, and core laboratory services for clinical trials.

Our Chicago, IL., site provides toxicology testing and research laboratory services and specialized pre-clinical studies in support of pharmaceutical and biotechnology products.

Position/Job Summary:

We are seeking an experienced Provantis System Administrator to support the Safety and Toxicology operations at our Chicago site. The successful candidate will have strong hands-on knowledge of the Provantis® Data Acquisition System and its application in nonclinical toxicology studies.

This individual will be responsible for setting up and maintaining nonclinical studies within Provantis, supporting Study Directors and study teams with data acquisition and reporting, generating study data tables, troubleshooting system-related issues, and helping ensure that Provantis is used effectively and consistently in a GLP-regulated environment.

Key Responsibilities:

• Serve as the primary Provantis administrator for Safety & Toxicology, including study setup, configuration, data acquisition, reporting, and ongoing user support.

• Partner with Study Directors and in-life personnel to establish and maintain nonclinical studies, including study parameters, groups, animals, observations, endpoints, and protocol amendments.

• Support data tables, reports, and SEND datasets, including review and resolution of data discrepancies and system-related issues.

• Maintain system documentation, SOPs, work instructions, and training materials; train and support Study Directors, Study Coordinators, and other users.

• Support Provantis testing, upgrades, configuration changes, validation/UAT, and new functionality in partnership with IT and relevant stakeholders.

• Collaborate with Quality Assurance, IT, and Safety & Toxicology to maintain GLP compliance, data integrity, and inspection readiness, including support for audits and regulatory inspections.

• Identify and implement opportunities to improve the efficiency, consistency, and quality of Provantis-based data acquisition and reporting processes.

Qualifications & Experience:

• Bachelor’s degree in Life Sciences, Computer Science, Information Systems, or related field; equivalent relevant experience may be considered.

• Hands-on experience with Provantis Data Acquisition System in a nonclinical research, toxicology, preclinical CRO, or pharma/biotech environment.

• Strong understanding of nonclinical toxicology study design and execution, including experience with common study types such as repeat-dose, reproductive/developmental toxicology, carcinogenicity, and safety pharmacology.

• Experience setting up and managing Provantis studies and generating data tables, reports, and study-related outputs.

• Experience with Provantis upgrades, validation, UAT, or implementation is highly desirable.

• Ability to work independently, manage multiple priorities, and support study/system activities in a GLP-regulated environment.

Salary: $45,000 - 55,000, based on experience.

Benefits:

• 401k Employer Match with immediate vesting

• Vision Insurance

• Medical and Dental Insurance with multiple coverage options

• FSA (Medical, Dependent Care, and Commuter)

• Short Term Disability

• Long Term Disability

• Life Insurance

• Generous Paid Holidays and PTO

Frontage Laboratories Inc. is an equal opportunity employer. All qualified applicants will receive consideration for employment without regard to race, religion, color, national origin, sex, sexual orientation, gender identity, age, status as a protected veteran, among other things, or status as a qualified individual with disability.",4180,https://workforcenow.adp.com/mascsr/default/mdf/recruitment/recruitment.html?cid=0fad767f-f389-40ea-b2d1-d8df05098476&ccId=19000101_000001&jobId=9203162897056_1&lang=en_US,,,,,,,not_checked,,2026-10-07,,2026-10-07,,9,startDate,false,0,,,,,,2026-09-28,,,,,,,,
9203164167310_1,Research Assistant,Frontage Laboratories,,Full time,Posted 5 Days Ago,2026-10-02,5,"Hayward, CA, US",1,"Hayward, CA, US",false,,united states,,0,"Research Assistant, Bioanalytical Services

Title: Research Assistant, Bioanalytical Services

Location: Hayward, CA

Reports To: Senior Scientist/Scientist, Bioanalytical Services

Company

Frontage Laboratories Inc. is an award winning, publicly listed, full-service CRO/Contract Research Organization operating over 25 state-of-the-art laboratories across the US, Canada, and China, growing significant growth. Our core competencies include pre-clinical, drug metabolism, pharmacokinetics/ pharmacodynamics (PK/PD), safety and toxicology, bioanalytical services, chemistry and manufacturing controls for drug development, and core laboratory services for clinical trials.

Position Summary:

This position will support experiment design, data collection, analysis, troubleshooting, and data reporting. This includes gathering data using a variety of techniques, organizing and processing the data using statistical and analytical methods to reach meaningful conclusions, and reporting observations.

Roles & Responsibilities:

• Assist with lab work and method development under supervision

• Follow SOP and protocol to conduct method valuation and sample analysis under supervision

• Comply with GLP regulations in lab work and documentation

• QC review data and reports

• Performing instrument daily instrument maintenance and basic troubleshooting under supervision.

• Other tasks as assigned

Education, Experience & Skills Required:

• Bachelor’s degree in chemistry, analytical chemistry, biology/ biologics or in related field with 0-2 years experience.

• Proven ability to successfully work in a team environment with hands skills.

• Great oral and written communication skills

Salary and Benefits:

Frontage Laboratories offers a competitive compensation and generous benefits package including health and dental insurance, a 401(k) plan, health insurance, short and long-term disability insurance, life insurance etc

Salary Range: $62,400 to $67,000

Frontage Laboratories Inc. is an equal opportunity employer. All qualified applicants will receive consideration for employment without regard to race, religion, color, national origin, sex, sexual orientation, gender identity, age, status as a protected veteran, among other things, or status as a qualified individual with disability.",2309,https://workforcenow.adp.com/mascsr/default/mdf/recruitment/recruitment.html?cid=0fad767f-f389-40ea-b2d1-d8df05098476&ccId=19000101_000001&jobId=9203164167310_1&lang=en_US,,,,,,,not_checked,,2026-10-07,,2026-10-07,,5,startDate,false,0,,,,,,2026-10-02,,,,,,,,
