reqId,title,company,hiringOrg,timeType,postedOn,startDate,postingAgeDays,primaryLocation,nLocations,locations,remoteFlag,stateCodes,country,questionnaireId,similarJobsCount,description,descriptionLength,url,detailError,linkedinUrl,linkedinPostedDate,numApplicants,applicantLabel,dateDeltaDays,corroborationStatus,matchMethod,firstSeenDate,corroboratedOn,dumpDate,endDate,daysOnMarket,daysOnMarketBasis,censored,repostCount,lastResetDate,applicationDeadline,daysLeftToApply,workerSubType,jobFamilyGroup,earliestEvidenceDate,crossSourceRepostEvidence,applicantCensored,h1bFilings,h1bWageP25,h1bWageP50,h1bWageP75,h1bMatchBasis,h1bMatchTitle
9201298441227_1,Cost Accountant - Finance Dept,Fuyao Glass America,,Full time,Posted 2 Days Ago,2026-09-25,15,"Moraine, OH, US",1,"Moraine, OH, US",false,,United States,,0,"Job Title: Cost Accountant

Job Summary：Responsible for the company's production data statistics and analysis as well as monitoring the production process. Responsible for the company's cost accounting and monitoring and controlling the company's products.

Job Functions

• Review the cost of control and manufacturing system strictly according to the company's regulations on expense reimbursement

• Review whether the statistics statements prepared by the statisticians are correct

• Responsible for the product cost accounting, the handling of relevant accounts and the preparation of cost statements

• Prepare the quota and supervise the correctness and fairness of the quota implementation

• Withdraw power bills, water bills and employee compensation, etc. according to the responsibility system

• Prepare the cost analysis report and organize the cost analysis meeting

• Carry out the inventory check system to guarantee the consistency of accounts; timely find out the reasons of any inconsistency and investigate the responsibility

• Get to know the inventory of the unfinished products and offer assistance in reducing the inventory of unfinished products at the end of the month

• Review whether each factory's, workshop's and process' shift forms and handover form are correctly filled out

• Nothing in the Position Description restricts management's right to assign or re-assign duties and responsibilities to this job at any time

Qualifications

•   Languages spoken commonly in the workplace are English and Mandarin. Ability to read, understand and comprehend documents such as safety rules, operating and maintenance instructions. Ability to interpret a variety of instructions furnished in written, oral, diagram, or schedule form. Ability to speak effectively and interact with other team members, engineers, leadership and customers

• 1+ years of experience in accounting

• Undergraduate or above; good professional integrity and working attitude (accounting major preferred)

• The employee is regularly required o stand or sit for long periods. Duties will include long periods of viewing a computer monitor

• Ability to add, subtract, multiply, and divide in all units of measure, using whole numbers, common fractions, and decimals

• Ability to solve practical problems and deal with a variety of variables

• Knowledge of and familiarity manufacturing software

• Proficient in Office software

• Good communication skills and language ability

• Company process and job characteristics

• Company's regulations and relevant laws and rules

• Company's finance management and financial accounting system

• Operation of ORACLE or similar systems

• Familiar with tax laws and regulations

• Financial accounting

• Significant experience in planning, organization and coordination

• Demonstrated skills in communications and persuasion with fellow employees and subordinates

• Demonstrated skills in financial analysis

• Excellent observational skills and ability to work under pressure

• Trained in financial accounting, management accounting and budgeting

• Trained in ORACLE and other kinds of ERP systems

• Trained in certain kinds of management skills and leadership

Must be 18 years of age or older.
Fuyao Glass America Inc., Core Foundation Competencies including Ethics, Integrity, Values & Trust. Fuyao Glass America Inc. is An Equal Opportunity/Affirmative Action Employer. All qualified applicants will receive consideration for employment without regard to race, color, religion, sex, national origin, disability or protected veteran status.
Fuyao Glass America, Inc. is a Drug-Free Workplace.",3652,https://workforcenow.adp.com/mascsr/default/mdf/recruitment/recruitment.html?cid=25319558-d6a9-48ab-93d2-99e4878a8ffc&ccId=19000101_000001&jobId=9201298441227_1&lang=en_US,,,,,,,no_match,,2026-09-27,,2026-10-10,,15,startDate,false,0,,,,,,2026-09-25,,false,,,,,,
9201213743583_1,Production Associate--ALL SHIFTS,Fuyao Glass America,,Full time,Posted 2 Days Ago,2026-09-25,15,"Moraine, OH, US",1,"Moraine, OH, US",false,,United States,,0,"I. Job ProfileJob TitleProduction AssociateDepartmentProduction areas

Direct SupervisorShift SupervisorDirect SubordinatesNone

II. Job Summary：
Responsible for post in production safety, TPM, 5s and complete assigned jobs.

III. Job Functions and Duties

NO.Representative Duties

1Responsible to the workshop manager, obeying his/her technician’s and shift supervisor’s arrangement and deployment;

2Responsible for assigned job tasks, reporting any problems to the technician or supervisors;

3Responsible for handling post abnormalities in production, promptly reporting the results;

4Responsible for cleaning, management and safety of post, tooling, tools and equipment;

5Understanding Post Environmental Factors, Hazards and Control Methods;

6Conscientiously implementing integrated management system related documents;

7Storing post wastes by categories;

8Familiar with post material safety data sheets and emergency response measures;

9Other duties as assigned

10Nothing in the Position Description restricts management's right to assign or re-assign duties and responsibilities to this job at any time

IⅤ. Qualification

Job RequirementsLanguageLanguage spoken commonly in the workplace is English. - Ability to read, understand and comprehend documents such as safety rules, operating and maintenance instructions. Ability to interpret a variety of instructions furnished in written, oral, diagram, or schedule form. Ability to speak effectively and interact with other team members, engineers, leadership and customers.

Experience1-2 years of previous manufacturing expereince prefered, but will train.

EducationHigh School Diploma or General Education Degree (GED)

Physical ConditionThe employee is regularly required to stand the duration for long periods of time.  Turning at the waist, reaching, bending, squatting, and lifting up to 55lbs. repeatedly.

Other Requirementsa. Near Acuity-Clarity of vision at 20 inches or less. Use the factor when special and minute accuracy is demanded.
b. Far Acuity - Clarity of vision at 20 feet or more. Use the factor when visual effeciency in terms of far acuity is required day & night/dark conditions.
Must Pass a Tier ll Physical.                                                Must Pass a Background Check.

Knowledge, Skills & Abilities utilized on the jobProfessional  Knowledge, Skills1.Familiar with technology, quality, equipment operating instructions and environmental operating instructions;

2. Familiar with product appearance quality requirements and test methods;

3. Familiar with product safety and regulation;

4. Familiar with production orders and tracking sheets;

5. Familiar with tin side detector/steel ruler and application of post other measuring instruments;

6. Familiar with loading and washing machine operation and maintenance;

7. Familiar with post safety precautions;

Training RequiredNew Hire Orientation

Enterprise Profile, Rules and Regulations, Product Quality, Technology, Safety, System and Other Awareness Training

Printing process production flow

Post safety operation

Post Related Material Safety Data Sheet

Post Related Operating Instructions

V. Work Environment:
While performing the duties of this job, the employee is exposed to extreme heat. The noise level in the work environment is usually moderate to loud. Safety requirements for this position are safety glasses and steel-toed work shoes and ear plugs.

VI. Key Performance Indicators:

Must be 18 years of age or older.

Fuyao Glass America Inc., Core Foundation Competencies including Ethics, Integrity, Values & Trust. Fuyao Glass America Inc. is An Equal Opportunity/Affirmative Action Employer. All qualified applicants will receive consideration for employment without regard to race, color, religion, sex, national origin, disability or protected veteran status.

Fuyao Glass America, Inc. is a Drug-Free Workplace.
Fuyao Glass America participates in E-Verify.

1st - 6:30am to 3:00pm
2nd - 2:30pm to 11:00pm
3rd - 10:30pm to 7:00am",4019,https://workforcenow.adp.com/mascsr/default/mdf/recruitment/recruitment.html?cid=25319558-d6a9-48ab-93d2-99e4878a8ffc&ccId=19000101_000001&jobId=9201213743583_1&lang=en_US,,,,,,,no_match,,2026-09-27,,2026-10-10,,15,startDate,false,0,2026-10-08,,,,,2026-09-25,,false,,,,,,
9201299374189_1,Logistics Operator 3rd Shift,Fuyao Glass America,,Full time,Posted 2 Days Ago,2026-09-25,15,"Moraine, OH, US",1,"Moraine, OH, US",false,,United States,,0,"Must be 18 years of age or older.

Fuyao Glass America Inc., Core Foundation Competencies including Ethics, Integrity, Values & Trust. Fuyao Glass America Inc. is An Equal Opportunity/Affirmative Action Employer. All qualified applicants will receive consideration for employment without regard to race, color, religion, sex, national origin, disability or protected veteran status.

Fuyao Glass America, Inc. is a Drug-Free Workplace.",435,https://workforcenow.adp.com/mascsr/default/mdf/recruitment/recruitment.html?cid=25319558-d6a9-48ab-93d2-99e4878a8ffc&ccId=19000101_000001&jobId=9201299374189_1&lang=en_US,,,,,,,no_match,,2026-09-27,,2026-10-10,,15,startDate,false,0,,,,,,2026-09-25,,false,,,,,,
9201299800265_1,Continuous Improvement Specialist,Fuyao Glass America,,,Posted 2 Days Ago,2026-09-25,15,"Plymouth, MI, US",1,"Plymouth, MI, US",false,,United States,,0,"Job Description

Position: Continuous Improvement Specialist

Direct Supervisor: Lean & 6-Sigma Manager

Backup:

Related KPI:

• Improve project completion rate.

• Project revenue achievement rate

• Rationalization proposal quantity completion rate

Summary/Objective

The primary role of the Continuous improvement Specialist is assisting the lean & 6-Sigma Manager to lean and advance the department planning and the overall operation planning. Meantime, grasping the company business conditions in times and distinguishing the improving program from quality, effectiveness, inventory, and material consumption etc. Updating well organized work plans and project management documents on time. Ensure the project meets the goal and achieves expected benefits. Improving processes by lean methods to improve efficiency, promote self-process completion and improve good product condition and compliance. Furthermore, grasping the progress of each project in time, promote the development of project and regularly organize project collection and publication.

Essential Duties and Responsibilities:

• Responsible for the promotion of various improvement projects of the company.

• Responsible for identification, teaming, tracking and coaching of company improvement projects.

• Responsible for improving the project's revenue goal.

• Responsible for production process improvement and optimization.

• Responsible for assisting the company's improvement project regular summary report.

• Responsible for the follow-up of the problem points of the weekly meeting.

• Responsible for the collection of rationalization proposals and promotion of implementation.

• Responsible for improving the cultivation of talents.

• Promotion and supervision of on-site 5S.

Job authority

• Lean staff promoted to raise wages.

• Inspect proposals from various departments.

• Recommend lean talent rights to general manager and personnel department.

• Implement the monitoring of the process and results of on-site activities and the power to propose rectification of non-conformities and shortcomings.

Work Environment

This job operates between manufacturing and office environment. This role routinely uses standard office equipment such as computers, phones, photocopiers, filing cabinets and fax machines as well as interfacing with the operation of machinery on the floor.

Physical Demands

The physical demands described here are representative of those that must be met by an employee to successfully perform the essential functions of this job.

• Position Type/Expected Hours of Work
This is a full-time position. The days and hours of work are Monday through Friday, 8:00 a.m. to 5 p.m. Occasional evening and weekend work may be required as job duties demand.

• Must be 18 years or older.

Travel

Occasional travel is expected for this position.

Required Education and Experience

• Min. bachelor’s degree, Statistics, Econometrics and similar.

• Proficient in strong planning, organization, and coordination skills.

• Proficient in Ability to check.

• Proficient in Master the use of data analysis and statistical methods

• Proficient in office software.

Position Key Result Index

• Project completion rate.

• Project revenue achievement rate.

• Rationalize the number of proposals and participation rate.

Preferred Education and Experience

With one or more years of plastic processing and design experience, an undergraduate degree and/or a combination of education and experience.

Bilingual in English and Chinese

Other Duties

Please note this job description is not designed to cover or contain a comprehensive listing of activities, duties or responsibilities that are required of the employee for this job. Duties, responsibilities, and activities may change at any time with or without notice.",3826,https://workforcenow.adp.com/mascsr/default/mdf/recruitment/recruitment.html?cid=25319558-d6a9-48ab-93d2-99e4878a8ffc&ccId=19000101_000001&jobId=9201299800265_1&lang=en_US,,,,,,,no_match,,2026-09-27,,2026-10-10,,15,startDate,false,0,,,,,,2026-09-25,,false,,,,,,
9201027593444_1,Customs Compliance Specialist (Remote Position),Fuyao Glass America,,Full time,Posted 4 Days Ago,2026-09-23,17,"Moraine, OH, US",1,"Moraine, OH, US",false,,United States,,0,"I. Job ProfileJob TitleCustoms Compliance SpecialistDepartment1301 SALES DEPARTMENT

Direct SupervisorOEM Sales DirectorDirect SubordinatesN/A

II. Job Summary：
Work on tariff classifications (Import and Export) and maintain HTS product code databases.
Proactively monitor all daily activities with brokerage companies, manage customs record keeping requirements, monitor regulatory and legislative changes,
and maintain import procedures manual. Take responsibility for ACE account.

III. Job Functions and Duties

NO.Representative Duties

1Work with tariff classifications (Import and Export) and maintain and update HTS product code databases, and other related information

2Proactively monitor all daily activities with brokerage companies, manage customs record keeping requirements, monitor regulatory and legislative changes, and maintain import procedures manual.

3Participate in team efforts to obtain proper tariff classification of products as well as guidance on use of materials regulated by OGA’s.

4Work with our Customs Compliance team in business’s Customs inquiries, Identify and resolve issues hindering customs clearance, including exams and PGA holds.

5Take responsibility for ACE account and related tasks.

6Tariff classification Process (for both Imports and Exports),Review all material on hand to determine the right tariff classification, Including but not limited to:

7Responsible for the required documents of the Sales/ Finance/ Purchasing Department and external audit.

10Collect and keep the update of Customs’ Informed Compliance Publications

11Advise Sourcing / Product Development teams on best practices to save duties and increase compliance rate by sharing Customs information on merchandise as it relates to the business units

12Execute tariff classifications process for exports and verify compliance with EAR, ECCN and RESTRICTED PARTY SCREENING demands

13Review SPECS sheets and other data provided (this includes interaction with sourcing teams) to ensure they are correct in order to assign an HTS

14Assign tariff classifications to merchandise ready and completed for Import and Exports orders

15Work with brokers on problem resolution related to filed entries, Assist in preparing periodic reporting

17Responsible for all duty drawback/ PSC/ refund tasks.

18Other duties as assigned

19Nothing in the Position Description restricts management's right to assign or re-assign duties and responsibilities to this job at any time

IⅤ. Qualification

Job RequirementsLanguageLanguages spoken commonly in the workplace are English  - Ability to read, understand and comprehend documents such as safety rules, operating and maintenance instructions. Ability to interpret a variety of instructions furnished in written, oral, diagram, or schedule form.
Ability to speak effectively and interact with other team members, engineers, leadership and customers.

Experience• Using the Harmonized Tariff Schedule of the United States, and OGA regulations: 2+ years
• International business including Import / Export rules and regulations: 2+ years
• Applying Schedule B and ECCN requirements for export shipments: 2+ Years
•  prefer own CBLE.

EducationUndergraduate; Masters degree is preferred .Preferred majors: International logistics.

Must have a United States Customs Broker License

Physical ConditionSafety FIRST! Mindset is required.
Ability to walk or move around the plant for extended periods of time.

Other RequirementsCOMPUTER SKILLS - MS Office, Excel, Word, PowerPoint.
Outlook is the email client.  Also use of Zoom, Teams and SharePoint navigation.
Knowledge of and familiarity: Certification of Customs Compliance.

Knowledge, Skills & Abilities utilized on the jobProfessional  Knowledge, SkillsUnderstanding rules and regulations involving EAR and ECCN, controls

Experience with a Global Trade Management (GTM) platform (i.e. ORACLE, QuestaWeb and Integration Point) and/or foreign trade zone (FTZ) a plus

Excellent knowledge of import / Export programs, including Free Trade Agreements (USMCA, AGOA), CFR Title 19, ACE and OGA regulations including overall knowledge of EAR and ECCN for exports shipments

Proficient in MS Office applications, PLEX system

Good analytical and database management skills

A self-starter, able to work in group sessions

Training RequiredManagement Knowledge and Skills

PLEX Operation Knowledge

Acknowledge of customs Compliance

Sales Management and Finance risk policy

V. Work Environment:
This is a remote position. Occasionally need to travel for business trip. The position does not require frequent travel, however if visiting the production facility the employee may be in the manufacturing plant and may occasionally be exposed to extreme heat. The noise level in the work environment is moderate. When in the plant safety requirements include safety glasses and steel-toed work boots.

VI. Key Performance Indicators:
Safety FIRST!, forecast accuracy , customer satisfaction, Document and data in control and accuracy.",5033,https://workforcenow.adp.com/mascsr/default/mdf/recruitment/recruitment.html?cid=25319558-d6a9-48ab-93d2-99e4878a8ffc&ccId=19000101_000001&jobId=9201027593444_1&lang=en_US,,,,,,,no_match,,2026-09-27,,2026-10-10,,17,startDate,false,0,,,,,,2026-09-23,,false,,,,,,
9201297392155_1,Continuous Improvement - Tempering Assembly Dept,Fuyao Glass America,,Full time,Posted 5 Days Ago,2026-09-22,18,"Moraine, OH, US",1,"Moraine, OH, US",false,,United States,,0,"Job Title: Continuous Improvement

Job Summary:

Establishing and maintaining plant KPI’s supported by Plex  or database systems. Recommends analytical techniques for data collection, gathers data; analyzes and interprets data; prepares reports and makes recommendations. Developing of the annual performance improvement project, innovation project. Reviews and analyzes departmental budgets; may monitor and administer department budget. Identify process inefficiencies and leading activities using cross-functional teams to deliver improvement results.  6-Communicating findings and economic recommendations to leadership. Participate in business case development and prioritization of technology and/or business process driven projects.  8-Evaluate operational issues to determine how competitive and current it is with the last trends in the industry.

Job Functions:

• Maintain the Continuous Improvement KPI's for the whole value stream.Define and implement the Continuous Improvement procedure and strategy. Provide recommendations and monitor trends.

• ""Performing statistical analyses to help guide decision making across projects and teams.

• Research and analyze data using a variety of software programs, including spreadsheets, statistical analysis, and database management programs.

• Carrying out advanced data collection and analysis for output& quality improvement, develop budgets and cost analysis to determine project feasibility; Conduct baseline and value stream studies to determine applicability of project idea to strategic business needs. ""

• Using reporting tools to develop reports that measure overall team performance.  Develop weekly, monthly, and seasonal reporting to monitor the production performance as well as share business insights with  product development,  cost, budgeting .

•   Identify business growth opportunities via data driven insights. Identify opportunities for performance improvement, particularly in PLEX data record, production efficiency; Identify sources of waste and non-value-added complexity, then developing and executing a strategy for improvement. Develop economic recommendations and present them to leadership.

• Reviews and analyzes departmental budgets; may monitor and administer department budget; Assists in preparation of capital improvement program.;Workforce analysis, Revenue analysis and internal policy development;

• Participate in business case development and prioritization of technology and/or business process driven projects; Develop and conduct compliance audits, program evaluations and reviews to driver results with the fortitude to ensure change is permanent.

• Developing of the annual performance improvement project, innovation project and seeing it through to its conclusion, including development of its month-end, year-end report.""

• Communicating findings and economic recommendations to leadership; Communicate analyses through presentations to senior management in the department and business partners from other departments.

• Evaluate operational issues to determine how competitive and current it is with the last trends in the industry

Qualifications:

• Languages spoken commonly in the workplace are English and Mandarin. - Ability to read, understand and comprehend documents such as safety rules, operating and maintenance instructions. Ability to interpret a variety of instructions furnished in written, oral, diagram, or schedule form.

• Ability to speak effectively and interact with other team members, engineers, leadership and customers.

• 1 to 3 years manufacturing experience and /or training; or equivalent combination of education and experience preferred.

• Bachelor degree or above with manufacturing experience is preferred

• The employee is regularly required o stand for long periods. Duties include turning at the waist, reaching, bending, squatting and lifting up to 50 pounds.                 Ability to pass static strength requirements (grip)

• Visual acuity including, but not limited to:

• a. NEAR ACUITY - Clarity of vision at 20 inches or less. Use this factor when special and minute accuracy is demanded.

• b. FAR ACUITY - Clarity of vision at 20 feet or more. Use this factor when visual efficiency in terms of far acuity is required in day and night/dark conditions.

• c. DEPTH PERCEPTION - Three-dimensional vision. Ability to judge distances and spatial relationships so as to see objects where and as they actually are.

• d. COLOR VISION - Ability to identify and distinguish colors.

• e. FIELD OF VISION - Observing an area that can be seen up and down or to right or left while eyes are fixed on a given point.

•  The noise level in the work environment is usually moderate. Safety requirements for this position

• are safety glasses, hearing protection and steel-toed work boots.

• ""MATHEMATICAL SKILLS -

• Ability to add, subtract, multiply, and divide in all units of measure, using whole numbers, common fractions, and decimals.

• REASONING ABILITY - Ability to solve practical problems and deal with a variety of  variables.

• COMPUTER SKILLS - Knowledge of and familiarity manufacturing software.

• Software proficiency: MS Excel, MS Word, MS Power Point; MRP systems""

• Familiar with Lean manufacturing / Six Sigma  concepts

• Good project management knowledge

• Familiar with the following systems: Total productive maintenance, SMED, VSM and creating continuous flow.

• Implementation and data base management of basic manufacturing KPI's like OEE, FTT etc.

• Familiar with the 5 lean manufacturing principles

• Clear understanding of value, the 7 different types of waste and the Plan - Do - Check - Act

• Strong database management skill

• Project management skill

• Manage and direct CI Teams using the different lean tools

• Manage and track KPI database and analysis

• Lead a kaizen event for a specific/identified area

• Change agent able to create the change on the production floor  implementing the CI tools

• Building effective Continuous Improvement teams

• Continuous Improvement or Operational Excellence

Must be 18 years of age or older.
Fuyao Glass America Inc., Core Foundation Competencies including Ethics, Integrity, Values & Trust. Fuyao Glass America Inc. is An Equal Opportunity/Affirmative Action Employer. All qualified applicants will receive consideration for employment without regard to race, color, religion, sex, national origin, disability or protected veteran status.
Fuyao Glass America, Inc. is a Drug-Free Workplace.",6543,https://workforcenow.adp.com/mascsr/default/mdf/recruitment/recruitment.html?cid=25319558-d6a9-48ab-93d2-99e4878a8ffc&ccId=19000101_000001&jobId=9201297392155_1&lang=en_US,,,,,,,no_match,,2026-09-27,,2026-10-10,,18,startDate,false,0,,,,,,2026-09-22,,false,3,57348,58195,58967,subset,Continuous Improvement
9201297604006_1,Assistant Quality Manager - Quality Dept,Fuyao Glass America,,Full time,Posted 5 Days Ago,2026-09-22,18,"Moraine, OH, US",1,"Moraine, OH, US",false,,United States,,0,"I. Job ProfileJob TitleAssistant Quality ManagerDepartmentQuality

Direct SupervisorQuality ManagerDirect SubordinatesCustomer Quality Engineer, Quality Performance Analyst, Quality Data Analyst, Quality Control Data Scientist

II. Job Summary：
1. Establish, maintain, and continuously improve customer quality processes and ensure compliance with customer-specific requirements and the Quality Management System (QMS).
2. Lead the timely and effective resolution of customer complaints, warranty claims, and quality issues through structured problem-solving and cross-functional collaboration.
3. Monitor customer scorecards, PPM, complaints, warranty performance, external quality losses, and other customer-related KPIs; identify risks and drive improvement actions.
4. Lead and support cross-functional quality improvement initiatives, verify corrective action effectiveness, and promote prevention-based quality management.
5. Maintain effective communication with customers, understand Voice of Customer (VOC), and represent FGA's quality interests while maintaining a constructive customer relationship.
6. Lead, develop, and manage the customer quality team to ensure appropriate capability, accountability, workload distribution, and performance.

III. Job Functions and Duties

NO.Representative Duties

1Customer Quality Management
1.1 Establish and maintain customer quality processes, procedures, and related documentation.
1.2 Ensure compliance with customer-specific requirements (CSRs), IATF 16949, and the Quality Management System (QMS).
1.3 Monitor changes in customer requirements and coordinate internal implementation.
1.4 Provide training and guidance on customer quality requirements

2Customer Complaint & Warranty Management
2.1 Manage customer complaints, warranty claims, and field quality issues.
2.2 Lead cross-functional problem solving, including containment, root cause analysis, corrective action, and effectiveness verification.
2.3 Ensure timely and effective customer responses and 8D closure.
2.4 Support warranty analysis, responsibility determination, recovery, and claim dispute activities.
2.5 Identify recurring issues and drive systemic corrective actions.

3Customer Quality Performance Management
3.1 Monitor and analyze customer scorecards, PPM, complaints, warranty performance, and external quality losses.
3.2 Identify performance risks and lead improvement action plans.
3.3 Report customer quality performance and key risks to management and recommend actions.
3.4 Ensure accuracy and timeliness of customer quality data and reports.

4Customer Relationship Management
4.1 Serve as a key quality interface with customers.
4.2 Maintain effective communication and understand Voice of Customer (VOC).
4.3 Support customer visits, audits, quality reviews, and escalation activities.
4.4 Represent FGA's quality position based on facts, data, customer requirements, and company interests.

5Quality Improvement & Audit
5.1 Support customer, internal, and certification audits and follow up on findings.
5.2 Drive cross-functional quality improvement and verify effectiveness of corrective actions.
5.3 Promote the application of APQP, PPAP, PFMEA, Control Plan, SPC, MSA, 8D, and other quality tools.

6Team Management
6.1 Lead and manage the customer quality team, including work assignment, prioritization, and performance management.
6.2 Develop team capability through training, coaching, and personnel development plans.
6.3 Promote accountability, teamwork, and a customer-focused quality culture.

7Reporting
7.1 Prepare and submit daily, weekly, monthly, quarterly, and annual quality reports as required.
7.2 Prepare customer quality performance reviews and management presentations.
7.3 Escalate significant quality risks and unresolved customer issues in a timely manner.

8Other Responsibilities
8.1 Support the Quality Manager in achieving departmental objectives and quality goals.
8.2 Perform other duties as assigned by management.

IⅤ. Qualification

Job RequirementsEducation1. Bachelor's degree or higher in Engineering, Quality Management, Manufacturing, or a related field.
2. Lean Six Sigma or quality-related certification/training preferred.

Experience1. 5+ years of experience in automotive quality, customer quality, or related fields.
2. 2+ years of experience in quality leadership, supervision, or project leadership.
3. Experience with customer quality, warranty, and IATF 16949 preferred.

Language1. Strong English communication skills, both written and verbal.
2. Mandarin proficiency preferred.

Physical Condition1. Ability to work in both office and manufacturing environments.
2. Ability to work under pressure and manage multiple priorities.
3. Willingness to travel to customers and other business facilities as required.

Other Requirements1. Proficient in using Microsoft Office software Word, Excel, Power Point;
2. Proficient in IATF Core (Five) Tools and quality statistics knowledge;
3. Proficient in using 8D method to solve problems;

Knowledge, Skills & Abilities utilized on the jobProfessional Knowledge, SkillsProfessional Knowledge:
1. Strong knowledge of automotive glass manufacturing, quality standards, and inspection/test methods.
2. Strong understanding of IATF 16949, customer-specific requirements, and quality management principles.
3. Proficient in 8D, structured problem solving, quality tools, and data analysis.
4. Strong cross-functional leadership, communication, and customer relationship management skills.
5. Proficiency in Microsoft Office, particularly Excel and PowerPoint
6. Ability to prioritize risks, respond with urgency, make sound decisions, and drive results while protecting company interests.

Training Required1. IATF 16949 Internal Auditor
2. AIAG Core Tools
3. APQP / PPAP
4. 8D / Structured Problem Solving
5. SPC / MSA
6. Customer-Specific Requirements
7. Automotive glass manufacturing and quality processes

V. Work Environment:
1. Internal: Office, manufacturing, laboratory, and inspection areas.
2. External: Customer facilities, supplier facilities, and other business locations as required.

VI. Key Performance Indicators:
1. Customer Satisfaction / Customer Scorecard
2. Customer PPM
3. Customer Complaints
4. Warranty Performance
5. External Quality Losses

Must be 18 years of age or older.
Fuyao Glass America Inc., Core Foundation Competencies including Ethics, Integrity, Values & Trust. Fuyao Glass America Inc. is An Equal Opportunity/Affirmative Action Employer. All qualified applicants will receive consideration for employment without regard to race, color, religion, sex, national origin, disability or protected veteran status.
Fuyao Glass America, Inc. is a Drug-Free Workplace.",6738,https://workforcenow.adp.com/mascsr/default/mdf/recruitment/recruitment.html?cid=25319558-d6a9-48ab-93d2-99e4878a8ffc&ccId=19000101_000001&jobId=9201297604006_1&lang=en_US,,,,,,,no_match,,2026-09-27,,2026-10-10,,18,startDate,false,0,,,,,,2026-09-22,,false,,,,,,
9201280367975_1,Waste Recycling Technician,Fuyao Glass America,,Full time,Posted 5 Days Ago,2026-09-22,18,"Moraine, OH, US",1,"Moraine, OH, US",false,,United States,,0,"I. Job ProfileJob TitleWaste Recycling TechnicianDepartmentSystem Engineering Department

Direct SupervisorFacility Maintenance SupervisorDirect SubordinatesNone

II. Job Summary：
Responsible for the daily collection, sorting, transportation, and cleanup of waste and recyclable materials throughout designated plant areas.

III. Job Functions and Duties

NO.Representative Duties

1Collect, sort, and transport waste and recyclable materials from designated areas according to established routes and schedules.

2Properly separate general waste, recyclables, and production waste and dispose of them in designated areas according to company requirements.

3Follow EHS, PPE, and safety requirements when handling broken glass, sharp objects, and other production waste, and promptly report hazardous waste, spills, or other abnormal conditions.

4Properly operate waste carts, hand trucks, compactors, and other related equipment; perform routine inspections and report any issues promptly.

5Maintain 5S standards in waste collection points, storage areas, and assigned work areas to ensure a clean, safe, and organized workplace.

6Coordinate with Production, EHS, and other departments as needed.

7Nothing in the Position Description restricts management's right to assign or re-assign duties and responsibilities to this job at any time

IⅤ. Qualification

Job RequirementsLanguageLanguages spoken commonly in the workplace are English and/or Mandarin. - Ability to read, understand and comprehend documents such as safety rules, operating and maintenance instructions. Ability to interpret a variety of instructions furnished in written, oral, diagram, or schedule form.
Ability to speak effectively and interact with other team members, engineers, leadership and customers.

ExperienceOver six months of work experience

EducationHigh School Diploma or General Education Degree (GED)

Physical ConditionThe employee is regularly required to stand for long periods.
Duties include turning at the waist, reaching, bending, squatting and lifting up to 50 pounds.
Ability to pass static strength requirements (grip)
Visual acuity including, but not limited to:
a. NEAR ACUITY - Clarity of vision at 20 inches or less. Use this factor when special and minute accuracy is demanded.
b. FAR ACUITY - Clarity of vision at 20 feet or more. Use this factor when visual efficiency in terms of far acuity is required in day and night/dark conditions.
c. DEPTH PERCEPTION - Three-dimensional vision. Ability to judge distances and spatial relationships so as to see objects where and as they actually are.
d. FIELD OF VISION - Observing an area that can be seen up and down or to right or left while eyes are fixed on a given point.
The noise level in the work environment is usually moderate. Safety requirements for this position
are safety glasses, hearing protection and steel-toed work boots.

Other RequirementsMATHEMATICAL SKILLS -
Ability to add, subtract, multiply, and divide in all units of measure, using whole numbers, common fractions, and decimals.
REASONING ABILITY - Ability to solve practical problems and deal with a variety of variables.
COMPUTER SKILLS - Knowledge of and familiarity manufacturing software.

Knowledge, Skills & Abilities utilized on the jobProfessional Knowledge, SkillsBe mechanically inclined

Proficient in the use of hand held and power tools

Self-driven able to work with minimal or no supervision

Be able to work with employees at all levels of the organization.

Training RequiredGeneral Safety & OSHA Training – OSHA General Safety, Hazard Communication (HazCom), and basic Lockout/Tagout (LOTO) awareness.

PPE & Injury Prevention Training – Proper PPE use and cut-injury prevention.

Waste Handling Safety Training – Broken Glass Handling and Sharp Waste Disposal.

Emergency Response Training – Chemical Spill Response and Fire Extinguisher Use.

Equipment Safety Training – Forklift Training/Certification,Equipment Operation Training.

V. Work Environment:
While performing the duties of this job, the employee is occasionally exposed to extreme heat. The noise level in the work environment is usually moderate. Safety requirements for this position are safety glasses and steel-toed work shoes.

VI. Key Performance Indicators:
1.Waste Collection On-Time Completion Rate
2.Safety & 5S Compliance Rate",4349,https://workforcenow.adp.com/mascsr/default/mdf/recruitment/recruitment.html?cid=25319558-d6a9-48ab-93d2-99e4878a8ffc&ccId=19000101_000001&jobId=9201280367975_1&lang=en_US,,,,,,,no_match,,2026-09-27,,2026-10-10,,18,startDate,false,0,,,,,,2026-09-22,,false,,,,,,
9201297416295_1,Software Control Engineer,Fuyao Glass America,,,Posted 5 Days Ago,2026-09-22,18,"South Carolina, Fountain Inn, SC, US",1,"South Carolina, Fountain Inn, SC, US",false,,United States,,0,"Job Description

I. Job ProfileJob TitleSoftware Control EngineerDepartmentEngineering Department

Direct SupervisorEngineering ManagerDirect SubordinatesNone

II. Job Summary：
1. Ensure safe working envioronment free of recognized hazards
2. Ensure company has stable utilities and production equipment
3. Ensure company compliance with all govermental requirements
4.Ensure smooth operation of equipment ,support for abrupt equipment failure,and promote PM managment.

III. Job Functions and Duties

NO.Representative Duties

1Prepare automation equipment account; Prepare and verify the automation equipment account of each factory;

2Responsible for reguarly inspecting hardware,software mantenance, assist in solving key issues and technical obstacles relate to equipment sudden break down by program issue.

3Responsible for fixing program and control system related equipment sudden breakdown;

4Responsible for applying the spare parts requisition list relating to automation equipment ;

5Regularly backup or revise automation program and ensure the reliability of backup;

6Responsible for prepareing transformation or upgrade plan, responsible for supervision of the implementation of transformation/upgrade plan; responsible for debugging through for all related product affected by the transformation/upgrade.

7Responsible for organizing the preparation of production technology management system, preparing or revising technical operation specification, and for strictly implementing, supervising, inspecting and correcting the system and specification.

8Responsible for reviewing the designed document and drawing, participate in preliminary investigation, location survey and preparations before construction; Ensure the accuracy of design drawing and the smooth construction.

9Responsible for organizing technician for technical problem tacking, technical innovation, promoting new technology, material and process. Ensure the production equipment under the best technical state.

10Responsible for new product related program and control system development and debugging.

11Nothing in the Position Description restricts management's right to assign or re-assign duties and responsibilities to this job at any time

IⅤ. Qualification

Job RequirementsLanguageLanguages spoken commonly in the workplace are English and/or Mandarin - Ability to read, understand and comprehend documents such as safety rules, operating and maintenance instructions. Ability to interpret a variety of instructions furnished in written, oral, diagram, or schedule form.
Ability to speak effectively and interact with other team members, engineers, leadership and customers.

Experienceat least three years of work experience at Mitsubishi, Omron, Siemens, AB, kuka Robot System etc.

EducationBachelor’s degree or above

Physical ConditionThe employee is regularly required o stand for long periods. Duties include turning at the waist, reaching, bending, squatting and lifting up to 50 pounds. Ability to pass static strength requirements (grip)
Visual acuity including, but not limited to:
a. NEAR ACUITY - Clarity of vision at 20 inches or less. Use this factor when special and minute accuracy is demanded.
b. FAR ACUITY - Clarity of vision at 20 feet or more. Use this factor when visual efficiency in terms of far acuity is required in day and night/dark conditions.
c. DEPTH PERCEPTION - Three-dimensional vision. Ability to judge distances and spatial relationships so as to see objects where and as they actually are.
d. COLOR VISION - Ability to identify and distinguish colors.
e. FIELD OF VISION - Observing an area that can be seen up and down or to right or left while eyes are fixed on a given point.
The noise level in the work environment is usually moderate. Safety requirements for this position
are safety glasses, hearing protection and steel-toed work boots.

Other RequirementsMATHEMATICAL SKILLS -
Ability to add, subtract, multiply, and divide in all units of measure, using whole numbers, common fractions, and decimals.
REASONING ABILITY - Ability to solve practical problems and deal with a variety of variables.
COMPUTER SKILLS - Knowledge of and familiarity manufacturing software.

Knowledge, Skills & Abilities utilized on the jobProfessional Knowledge, SkillsFamiliar with office software WORD, EXCELE;

Official document writing ability;

Familiar with brand/non-brand PLC programming, touch screen programming, experienced in motion control programming;

Familiar with the application of servo, stepping and frequency conversion;

Familiar with the selection and debugging of universal electric components;

Proficient in KUKA robotic system configuration and robot electric ports;

Familiar with robot programming command and advanced programming.

Familiar with glass production process;

Familiar with basic knoledge about the machinery and electrics;

Familiar with the basic structure of glass production equipment;

Mechanical technician should master ""four understandings and three know-hows"", four understands are understand principle, structure, performance and usage; three know-hows are how to use, how to maintain and how to troubleshoot.

Familiar with the application of computer office software, particularly control programming software

At least familiar with two of Mitsubishi, Omron, Siemens, AB,KUKA robot and order programming system.

Observational ability and strain capacity;

Interpersonal skill;

Strong planning, organization and coordinate ability;

Persuasive ability.

Training RequiredTraining regarding machinery, electrics, equipment management

V. Work Environment:
While performing the duties of this job, the employee is occasionally exposed to extreme heat. The noise level in the work environment is usually moderate. Safety requirements for this position are safety glasses and steel-toed work boots.

VI. Key Performance Indicators:
1. promote equipment availability 2. MTTR & MTBF 3. Project on-time completion rate 4. CIP project earnings",6015,https://workforcenow.adp.com/mascsr/default/mdf/recruitment/recruitment.html?cid=25319558-d6a9-48ab-93d2-99e4878a8ffc&ccId=19000101_000001&jobId=9201297416295_1&lang=en_US,,,,,,,no_match,,2026-09-27,,2026-10-10,,18,startDate,false,0,,,,,,2026-09-22,,false,,,,,,
9201297412518_1,Onsite Intern - Data Control,Fuyao Glass America,,,Posted 5 Days Ago,2026-09-22,18,"South Carolina, Fountain Inn, SC, US",1,"South Carolina, Fountain Inn, SC, US",false,,United States,,0,". Job ProfileJob TitleInternDepartmentProcess Department

Direct SupervisorProcess ManagerDirect SubordinatesNone

II. Job Summary：
As a Data Science Intern, you will work alongside experienced data scientists and engineers to turn raw data into meaningful business solutions. You will help collect, clean, and analyze datasets, build predictive models, and explore emerging machine learning or AI technologies to solve real-world challenges.

NO.Representative Duties

1Data Preparation: Collect, clean, transform, and organize raw data from various sources to make it ready for analysis and modeling.

2Exploratory Analysis: Conduct exploratory data analysis (EDA) to find hidden trends, patterns, and insights that drive business decisions.

3Model Development: Assist in building, testing, and refining statistical models, machine learning pipelines, and AI/GenAI prototypes.

4Visualization & Reporting: Create clear dashboards, reports, and visual aids to communicate complex technical findings to non-technical teams.

5Documentation: Document assumptions, methodologies, model performance metrics, and limitations to ensure reproducible research.

6Other duties as assigned

7Nothing in the Position Description restricts management's right to assign or re-assign duties and responsibilities to this job at any time

IⅤ. Qualification

Job RequirementsLanguageLanguage spoken commonly in the workplace is English. - Ability to read, understand and comprehend documents such as safety rules, operating and maintenance instructions. Ability to interpret a variety of instructions furnished in written, oral, diagram, or schedule form.
Ability to speak effectively and interact with other team members, engineers, leadership and customers.

Experience
N/A

Education
Education: Currently enrolled in an undergraduate or graduate degree program (BS, MS, or PhD) in Data Science, Computer Science, Statistics, Mathematics, Engineering, or a related quantitative field.

Physical ConditionThe employee is regularly required to stand or sit for long periods.                                                                                           Duties will include long periods of viewing a computer monitor.

Other RequirementsMATHEMATICAL SKILLS -
Ability to add, subtract, multiply, and divide in all units of measure, using whole numbers, common fractions, and decimals.
REASONING ABILITY - Ability to solve practical problems and deal with a variety of  variables.
COMPUTER SKILLS - Knowledge of and familiarity manufacturing software.

Knowledge, Skills & Abilities utilized on the jobProfessional  Knowledge, SkillsSolid ability and understanding of behavioral based and competency based interviewing

Ability to source passive candidates through multiple methods (job boards, social media, networking, etc.)

strong decision-making experience

Excellent communication and interpersonal skills

Ability to create relationships with hiring manager and to understand their needs

Outstanding organizational and planning abilities

Training RequiredCompany Policy, especially HR Policy;

New hire Orientation;

Related ERP training

V. Work Environment:
Bright, clean, and well-ventilated office building. While performing the duties of this job, the employee is occasionally exposed to extreme heat. The noise level in the work environment is usually moderate. Safety requirements for this position are safety glasses and steel-toed work shoes.

VI. Key Performance Indicators:",3487,https://workforcenow.adp.com/mascsr/default/mdf/recruitment/recruitment.html?cid=25319558-d6a9-48ab-93d2-99e4878a8ffc&ccId=19000101_000001&jobId=9201297412518_1&lang=en_US,,,,,,,no_match,,2026-09-27,,2026-10-10,,18,startDate,false,0,,,,,,2026-09-22,,false,,,,,,
9201295780286_1,Product Quality Engineer - Quality Dept,Fuyao Glass America,,Full time,Posted 6 Days Ago,2026-09-21,19,"Moraine, OH, US",1,"Moraine, OH, US",false,,United States,,0,"Job Description

I. Job ProfileJob TitleProduct Quality EngineerDepartmentQuality

Direct SupervisorLead Quality Control Supervisor/Quality Control SupervisorDirect SubordinatesN/A

II. Job Summary：
1. Work with new product development team to coordinate new product sample quality design and plan;
2. Develop appropriate part quality inspection plans;
3. Control the new product sample receiving and inspection process;
4. Conclude the OEM product sample inspection efforts, collect inspection data and perform result analysis;
5. Analyze root causes for defects and update production quality control plan with Advanced Quality Engineer, and process engineer.
6. Monitor implementation process of improvement methods and perform effectiveness verification;
7. Handling the customer complaints and concerns with Advanced Quality Engineer during the new product development phase.
8. Handling the customer complaints and concerns with Customer Quality Engineer on OEM product.
9. Guide and assistant the production management group to focus on identifying and cotrolling potential fail risk of OEM product.

III. Job Functions and Duties

NO.Representative Duties

1Work with new product development team to coordinate new product sample inspection:
1.1 Attend regular meetings with new product development team to discuss new product sample production schedule and shipping schedule;
1.2 Participate in the new product development process to verify that all applicable requirements are addressed fully;
1.3 Verify part quality standard and inspection requirements are identified, allocated to and executed by relevant product design and development efforts;
1.4 Determine product audit sample receiving date and estimate inspection completion date.

2Develop appropriate part quality inspection plans:
2.1 Propose appropriate part quality inspection plans according to the new product development timelines;
2.2 Work with tooling engineers and lab technicians to develop necessary testing tools to perform product inspection.

3Control the new product sample receiving and inspection process:
3.1 Verify all product testing standards, procedures, methods, equipment, and tools are appropriate for the inspection;
3.2 Monitor sample inspection process, evaluate quality issues found in the process and address any concerns;
3.3 Coordinate internal and off-site lab resources to conduct necessary tests;
3.4 Keep racking testing progress and resolve problems that may occur in the process.

4Conclude the OEM product sample inspection efforts, collect inspection data and perform result analysis:
4.1 Track and document the completion of all inspection duties and certify the completion of qualified OEM product delivery to customer;
4.2 Summary inspection defect findings, develop defect trends and gather concerns that OEM product inspectors may have during inspection;
4.3 Compile final product inspection report and make sure customer's specific requirements and internal standards are met;

5Analyze root causes for defects and update production quality control plan with Advance Quality Engineer and Process Engineer:
5.1 Communicate with production team regarding issues found during the inspection;
5.2 Analyze root causes of defects;
5.3 Work with product development team to impel production team to develop correction/preventative action;
5.4 Update the production quality control plan when necessary and perform training for related associates.

6Monitor implementation process of improvement methods and perform effectiveness verification:
6.1 Monitor and confirm improvement methods are being implemented accurately and fully;
6.2 Perform Product Validation Testing and Regulartory Testing to verify the effectiveness of implemented improvement methods

7Handling the customer complaints and concerns with Advanced Quality Engineer during the new product development phase.
7.1 Investigate issues and concerns customers may have for new product sample quality
7.2 Find root causes of defect occurrence
7.3 Respond customers with containment methods and improvement plans
7.4 Monitor execution of continuous improvement plan

8Handling the customer complaints and concerns with Customer Quality Engineer on OEM product.
8.1 Lead production team to start internal sorting once recieve cusertomer complaint
8.2 Investigate issues and concerns customers may have with other function across department
8.3 Find root causes of defect occurrence
8.4 Find an effective containment methods and improvement plans to production team for further process control
8.5 Monitor execution of continuous improvement plan

9Guide and assistant the production management group to focus on identifying and cotrolling potential fail risk of OEM product.
9.1 Identify product potential fail risk base on daily process control
9.2 Identify product potential fail risk from inspector performance
9.3 Revise non-standardized operation work of on-side cooperators
9.4 Guide production management group to build a OEM prodcut quality awareness for preventing any potential customer complaint

IⅤ. Qualification

Job RequirementsLanguageLanguages spoken commonly in the workplace are English and/or Mandarin. - Ability to read, understand and comprehend documents such as safety rules, operating and maintenance instructions. Ability to interpret a variety of instructions furnished in written, oral, diagram, or schedule form.
Ability to speak effectively and interact with other team members, engineers, leadership and customers.

ExperienceExperienced in quality engineer area

EducationBachelor degree or above (The mechanical and electrical major is preferred)

Physical ConditionThe employee is regularly required o stand for long periods. Duties include turning at the waist, reaching, bending, squatting and lifting up to 50 pounds. Ability to pass static strength requirements (grip)
Visual acuity including, but not limited to:
a. NEAR ACUITY - Clarity of vision at 20 inches or less. Use this factor when special and minute accuracy is demanded.
b. FAR ACUITY - Clarity of vision at 20 feet or more. Use this factor when visual efficiency in terms of far acuity is required in day and night/dark conditions.
c. DEPTH PERCEPTION - Three-dimensional vision. Ability to judge distances and spatial relationships so as to see objects where and as they actually are.
d. COLOR VISION - Ability to identify and distinguish colors.
e. FIELD OF VISION - Observing an area that can be seen up and down or to right or left while eyes are fixed on a given point.
The noise level in the work environment is usually moderate. Safety requirements for this position
are safety glasses, hearing protection and steel-toed work boots.

Other RequirementsMATHEMATICAL SKILLS -
Ability to add, subtract, multiply, and divide in all units of measure, using whole numbers, common fractions, and decimals.
REASONING ABILITY - Ability to solve practical problems and deal with a variety of variables.
COMPUTER SKILLS - Knowledge of and familiarity manufacturing software.

Knowledge, Skills & Abilities utilized on the jobProfessional Knowledge, SkillsKnowledge:
1. Familiar with manufacturing principle and technological process of automotive glass;
2. Familiar with the company's quality policy, objectives and commitments;
3. Have a good knowledge of IATF16949 quality management system;
4. Familiar with various standards and inspection/test methods for automotive glass;
5. Familiar with core knowledge of Five Tools.

Professional Skills:
1. Developing the Product Verification testing plan;
2. Risk assessment and management of PV testing plan;
3. Able to solve problems systematically.

Management:
1. Relatively better planning, organization, Leadership and control ability
2. Relatively strong sense of responsibility and sensitivity; be able to actively deal with problems;
3. Able to work under pressure.

Training RequiredCustomer standard, 8D or 5P

1. Proficient in using Microsoft Office software Word, Excel, Power Point;
2. Solving problems with 8D method;
3. Relatively better communication ability.
4. SPC

V. Work Environment:
While performing the duties of this job, the employee is occasionally exposed to extreme heat. The noise level in the work environment is usually moderate. Safety requirements for this position
are safety glasses and steel-toed work boots.

VI. Key Performance Indicators:
Rate of finished products in the early stage of development and mass production of new products; Timeliness rate of quality review and closed rate of problems;Timeliness rate of new product sample inspection completion

Must be 18 years of age or older.
Fuyao Glass America Inc., Core Foundation Competencies including Ethics, Integrity, Values & Trust. Fuyao Glass America Inc. is An Equal Opportunity/Affirmative Action Employer. All qualified applicants will receive consideration for employment without regard to race, color, religion, sex, national origin, disability or protected veteran status.
Fuyao Glass America, Inc. is a Drug-Free Workplace.",9043,https://workforcenow.adp.com/mascsr/default/mdf/recruitment/recruitment.html?cid=25319558-d6a9-48ab-93d2-99e4878a8ffc&ccId=19000101_000001&jobId=9201295780286_1&lang=en_US,,,,,,,no_match,,2026-09-27,,2026-10-10,,19,startDate,false,0,,,,,,2026-09-21,,false,3,61194,61194,61497,subset,Product Quality Engineer
9201295997492_1,Shift Supervisor - Tempering FBTA Dept,Fuyao Glass America,,Full time,Posted 6 Days Ago,2026-09-21,19,"Moraine, OH, US",1,"Moraine, OH, US",false,,United States,,0,"Job Description

I. Job ProfileJob TitleShift SupervisorDepartmentTempering Pre-Assembly Dept

Direct SupervisorLead SupervisorDirect SubordinatesTechnical Supervisor, Mold & Fixture Management, Coordinator, Preparation, Utility, Allocation Forklift, CBG Bystronic Operator, Print Operator, Pre-Sintering Operator, Furnace Operator, Inspector, Loader, Production Associates

II. Job Summary：
Responsible for the management and supervision of personnel, production, work regulations, quality. Implement cost management strictly. Improve production output and quality effectively.

III. Job Functions and Duties

NO.Representative Duties

1Report to Lead supervisor, organize and plan production based on production orders.

2Be responsible for plant safety issue, guiding and supervising safety management by supervisors; ensuring personal safety, production safety, equipment safety, and environmental sanitation, etc.

3Fully responsible to production quality and cost, manage and control each KPI in order to fulfill company's requests.

4Implement pre-shift meeting regulation. Report production, quality, work regulation issues.

5Responsible to solve production issues, organize personnel to solve problems.

6Responsible for work coordination, assist financial department and statistic department in plant stock taking and bonus management.

7Supervise the preparation of each positions before production, Monitor work regulations, quality, safety. Make sure that operators will work according to 3 operation instructions.

8Prepare initial training, formal training and multi-positions training, Implementation evaluation follow up.

9Collect shift production data, analyze shift production and quality status, report to Lead supervisor.

10Implement 5s and visionary management on-site. Keep safe and clean environment. Keep things at appropriate spots.

11In case of emergency, follow the instructions in emergency plan.

12Responsible for quality document and record management. Manage and supervise equipment and tools in plant.

13Double check the accuracy of production report preparation and import to system. Make sure the responsible warehouse materials quantities match system record.

14Identify workplace environment factors, hazard resource and control methods.

15Strictly implement the regulations of comprehensive management system.

16Take care of sorting and storage of own waste.

17Other duties as assigned.

18Nothing in the Position Description restricts management's right to assign or re-assign duties and responsibilities to this job at any time

IⅤ. Qualification

Job RequirementsLanguageLanguages spoken commonly in the workplace are English and/or Mandarin. - Ability to read, understand and comprehend documents such as safety rules, operating and maintenance instructions. Ability to interpret a variety of instructions furnished in written, oral, diagram, or schedule form.
Ability to speak effectively and interact with other team members, engineers, leadership and customers.

Experience1-to-2-year manufacturing experience and /or training; or equivalent combination of education and experience preferred.

EducationHigh School Diploma or General Education Degree (GED) or Avove

Physical ConditionThe employee is regularly required o stand for long periods. Duties include turning at the waist, reaching, bending, squatting and lifting up to 50 pounds. Ability to pass static strength requirements (grip)
Visual acuity including, but not limited to:
a. NEAR ACUITY - Clarity of vision at 20 inches or less. Use this factor when special and minute accuracy is demanded.
b. FAR ACUITY - Clarity of vision at 20 feet or more. Use this factor when visual efficiency in terms of far acuity is required in day and night/dark conditions.
c. DEPTH PERCEPTION - Three-dimensional vision. Ability to judge distances and spatial relationships so as to see objects where and as they actually are.
d. COLOR VISION - Ability to identify and distinguish colors.
e. FIELD OF VISION - Observing an area that can be seen up and down or to right or left while eyes are fixed on a given point.
The noise level in the work environment is usually moderate. Safety requirements for this position
are safety glasses, hearing protection and steel-toed work boots.

Other RequirementsMATHEMATICAL SKILLS -
Ability to add, subtract, multiply, and divide in all units of measure, using whole numbers, common fractions, and decimals.
REASONING ABILITY - Ability to solve practical problems and deal with a variety of variables.
COMPUTER SKILLS - Knowledge of and familiarity manufacturing software.

Knowledge, Skills & Abilities utilized on the jobProfessional Knowledge, SkillsMaintain a professional courteous demeanor

Excellent communication and interpersonal skills

Must be punctual, pleasant, and tactful with professional appearance and conduct

Ability to work in a fast-paced environment while meeting critical deadlines

Knowledgeable and understanding of organizational policies, procedures, standards, and systems

Ability to operate a computer and use mathematic skills to interpret production data

Master critical skills across workshop processes to provide immediate coverage for guarantee continuous line operation

Ability to operate a forklift

Training RequiredPosition related Safety Data Sheets, Job Hazard Analysis, Material Handling Safety Training

Position Work Instructions Training

Product Appearance Standards Training

Position 5S Management Training

Enterprise Profile, Rules and Regulations, Product Quality, Technology Operation, Safety, System, and Other Awareness Training

Forklift Training

V. Work Environment:
While performing the duties of this job, the employee is occasionally exposed to extreme heat. The noise level in the work environment is usually moderate. Safety requirements for this position are safety glasses and steel-toed work boots.

VI. Key Performance Indicators:
Output, Yield, Demission Rate, Sheet Return Rate, Delivery, Production Cost, Production Efficiency, External Damage, Product Audit Compliance Rate, Production Safety, Stock

This a 2nd Shift position

Must be 18 years of age or older.
Fuyao Glass America Inc., Core Foundation Competencies including Ethics, Integrity, Values & Trust. Fuyao Glass America Inc. is An Equal Opportunity/Affirmative Action Employer. All qualified applicants will receive consideration for employment without regard to race, color, religion, sex, national origin, disability or protected veteran status.
Fuyao Glass America, Inc. is a Drug-Free Workplace.",6574,https://workforcenow.adp.com/mascsr/default/mdf/recruitment/recruitment.html?cid=25319558-d6a9-48ab-93d2-99e4878a8ffc&ccId=19000101_000001&jobId=9201295997492_1&lang=en_US,,,,,,,no_match,,2026-09-27,,2026-10-10,,19,startDate,false,0,,,,,,2026-09-21,,false,,,,,,
9201291948439_1,Shift Supervisor,Fuyao Glass America,,Full time,Posted 6 Days Ago,2026-09-21,19,"Moraine, OH, US",1,"Moraine, OH, US",false,,United States,,0,"Job Title: Shift Supervisor

Job Summary：
1. Production safety (proper wear of PPEs)

2. Product quality (yield produced by each shift)

3. Productivity (pieces produced by each shift)

4. Job observation (associates’ skills/wait on the job/defects/on-site conditions/preparations)

5. Training (equipment operation, quality standards, process requirements and information feedback procedure)

6. Emergency issue handling (4M changes, sudden equipment breakdowns, production problems)

Job Functions:

• Conducting pre-shift meeting

• Assembly's process of finished products

• Guidance and leadership to personnel and motivation of Associates to reach

• Create grid whiteboard maintenance and direction to Associates

• Oversight of glass auditing and Plex entry

• Other duties as assigned

• Nothing in the Position Description restricts management's right to assign or re-assign duties and responsibilities to this job at any time

Qualifications:

• Languages spoken commonly in the workplace are English and Mandarin. Ability to read, understand and comprehend documents such as safety rules, operating and maintenance instructions. Ability to interpret a variety of instructions furnished in written, oral, diagram, or schedule form

• Ability to speak effectively and interact with other team members, engineers, leadership and customers

• 1 to 3 years manufacturing experience and /or training; or equivalent combination of education and experience preferred

• High School Diploma or General Education Degree (GED)

• The employee is regularly required to stand for long periods. Duties include turning at the waist, reaching, bending, squatting and lifting up to 50 pounds

• Ability to pass static strength requirements (grip)

• Clarity of vision at 20 inches or less. Use this factor when special and minute accuracy is demanded

• Clarity of vision at 20 feet or more. Use this factor when visual efficiency in terms of far acuity is required in day and night/dark conditions

• Three-dimensional vision. Ability to judge distances and spatial relationships so as to see objects where and as they actually are

•  Ability to identify and distinguish colors

• Observing an area that can be seen up and down or to right or left while eyes are fixed on a given point.

• The noise level in the work environment is usually moderate

• Safety requirements for this position are safety glasses, hearing protection and steel-toed work boots

• Ability to add, subtract, multiply, and divide in all units of measure, using whole numbers, common fractions, and decimals

• Ability to solve practical problems and deal with a variety of variables

• Knowledge of and familiarity manufacturing software

• FORKLIFT OPERATION (Certification Required)

• Operates forklifts, as needed, to support Production

• Background and policy of company, Processing of produce, safety requirement, and any necessary knowledge

• Knowledge of 5S and how it applies to specific work area

• Equipment and electric appliance's mechanical structures and operating principles

• Remember and understand <Material and Safety of processing menu book>

• Self working 90 days

• Familiar with operation 60 days

• Being a trainer 180 days

• Give advises 180 days

Responsible report to Lead supervisor,orgnize and plan production based on production orders, shift production daily report.

Fully responsible to shift production quality and cost, manage and control each KPI in order to fulfill the company's requests.

Implement pre-shift meeting regulation. Report production, quality, work regulation issues.

Responsible to solve production issues,orgnize personnel to solve problems.

Responsible for work coordination,assist finacial department and statistic department in plant stock taking and bonus management.

Supervise the preparation of each position before production, Monitor work regulations,q uality,safety.Make sure that operators will work according to 3 operation instructions.

Implement initial training ,formal training and multi positions training, Implementation evaluation follow-up.

Collect shift production data,analyze shift production and quality status, report to Lead supervisor.

.Responsible for managing 5 Star kanban and conducting the TPM activity of the workshop

Implement 5s and visionary management on-site.Keep safe and clean environment. Keep items in their positions.

In case of emergency,follow the instructions in emergency plan.

Responsible for quality document and record management. Manage and supervise equipment and tools in the plant.

Double check the accuracy of production report preparation and import to system.Make sure the responsible warehouse materials quantities match system record.

Identify workplace environment factor, hazard resource and control method.

Strictly implement the regulations of comprehensive management system(Complete Daily Safety checklist).

Take care of sorting and storage of own waste.

Assist other matters.

Other duties as assigned

Nothing in the Position Description restricts management's right to assign or re-assign duties and responsibilities to this job at any time",5155,https://workforcenow.adp.com/mascsr/default/mdf/recruitment/recruitment.html?cid=25319558-d6a9-48ab-93d2-99e4878a8ffc&ccId=19000101_000001&jobId=9201291948439_1&lang=en_US,,,,,,,no_match,,2026-09-27,,2026-10-10,,19,startDate,false,0,,,,,,2026-09-21,,false,,,,,,
9201291252092_1,Supervisor in Training,Fuyao Glass America,,Full time,Posted 6 Days Ago,2026-09-21,19,"Moraine, OH, US",1,"Moraine, OH, US",false,,United States,,0,"Job Description

I. Job ProfileJob TitleSupervisor in TrainingDepartmentSemi-Temp Lamination Assembly

Direct SupervisorLead SupervisorDirect SubordinatesCoordinator/Utility/Allocation Forklift

II. Job Summary：The Production Supervisor is responsible for overseeing and coordinating the activities of production workers on the manufacturing floor. They will ensure that production processes are carried out efficiently, safely, and according to established quality standards. The Production Supervisor will supervise production staff, assign tasks, monitor progress, and implement corrective actions as needed to meet production targets. Additionally, they will be responsible for maintaining a clean and organized work environment, enforcing safety regulations, and fostering a positive work culture. The Production Supervisor will work closely with other departments such as maintenance, quality control, and logistics to coordinate activities and resolve issues. They will also participate in continuous improvement initiatives to optimize production processes and enhance overall operational efficiency.

III. Job Functions and Duties

NO.Representative Duties

1Supervise and coordinate the activities of production workers on the shop floor.

2Ensure that production processes are carried out efficiently and according to established standards.

3Assign tasks to production workers and ensure that they are completed on time.

4Monitor production schedules and adjust as needed to meet production targets.

5Train new production workers and provide ongoing guidance and support to existing staff.

6Enforce safety regulations and ensure that all workers adhere to safety protocols.

7Maintain a clean and organized work environment to promote efficiency and safety.

8Conduct regular inspections of equipment and machinery to ensure proper functioning.

9Troubleshoot production issues and implement corrective actions to minimize downtime.

10Communicate with other departments such as maintenance, quality control, and logistics to coordinate activities and resolve issues.

11Monitor inventory levels and coordinate with procurement to ensure adequate supply of materials.

12Implement quality control measures to maintain product quality and consistency.

13Analyze production data and performance metrics to identify areas for improvement.

14Implement productivity improvement initiatives to optimize production processes.

15Address employee concerns and resolve conflicts as they arise.

16Conduct performance evaluations of production workers and provide feedback for improvement.

17Participate in meetings with management to provide updates on production activities and performance.

18Develop and maintain standard operating procedures for production processes.

19Collaborate with engineering teams to implement process improvements and new technologies.

20Ensure compliance with company policies and procedures.

21Manage production documentation and record-keeping.

22Foster a positive work culture that promotes teamwork, accountability, and continuous improvement.

IⅤ. Qualification

Job RequirementsLanguageLanguages spoken commonly in the workplace are English and Mandarin. - Ability to read, understand and comprehend documents such as safety rules, operating and maintenance instructions. Ability to interpret a variety of instructions furnished in written, oral, diagram, or schedule form.
Ability to speak effectively and interact with other team members, engineers, leadership and customers.

Experience1 year manufacturing experience and /or training; or equivalent combination of education and experience preferred.

EducationHigh School Diploma or General Education Degree (GED)

Physical ConditionThe employee is regularly required o stand for long periods. Duties include turning at the waist, reaching, bending, squatting and lifting up to 50 pounds. Ability to pass static strength requirements (grip)
Visual acuity including, but not limited to:
a. NEAR ACUITY - Clarity of vision at 20 inches or less. Use this factor when special and minute accuracy is demanded.
b. FAR ACUITY - Clarity of vision at 20 feet or more. Use this factor when visual efficiency in terms of far acuity is required in day and night/dark conditions.
c. DEPTH PERCEPTION - Three-dimensional vision. Ability to judge distances and spatial relationships so as to see objects where and as they actually are.
d. COLOR VISION - Ability to identify and distinguish colors.
e. FIELD OF VISION - Observing an area that can be seen up and down or to right or left while eyes are fixed on a given point.
The noise level in the work environment is usually moderate. Safety requirements for this position
are safety glasses, hearing protection and steel-toed work boots.

Other RequirementsMATHEMATICAL SKILLS -
Ability to add, subtract, multiply, and divide in all units of measure, using whole numbers, common fractions, and decimals.
REASONING ABILITY - Ability to solve practical problems and deal with a variety of variables.
COMPUTER SKILLS - Knowledge of and familiarity manufacturing software.
FORKLIFT OPERATION (Certification Required) - Operates forklifts, as needed, to support Production.

Knowledge, Skills & Abilities utilized on the jobProfessional Knowledge, Skills5s, Safety and cost

basic knowledge in Encapsulation

skilled in production management of each process

capable of technology problem analysis, judgment and problem-solving skills

knowledge in process technology, quality, equipment operating instructions and control programs

Familiar with safety and regulatory rules

Organization Ability

Coordination Ability

Communication skill, Implementation capacity

Training RequiredTWI Training

Yellow Belt Training

LPA Training

V. Work Environment: While performing the duties of this job, the employee is occasionally exposed to extreme heat. The noise level in the work environment is usually moderate. Safety requirements for this position
are safety glasses and steel-toed work boots.

VI. Key Performance Indicators: 5S, safety, output, qualified production ratio",6108,https://workforcenow.adp.com/mascsr/default/mdf/recruitment/recruitment.html?cid=25319558-d6a9-48ab-93d2-99e4878a8ffc&ccId=19000101_000001&jobId=9201291252092_1&lang=en_US,,,,,,,no_match,,2026-09-27,,2026-10-10,,19,startDate,false,0,,,,,,2026-09-21,,false,,,,,,
9201295826687_1,Hazmat Specialist,Fuyao Glass America,,Full time,Posted 6 Days Ago,2026-09-21,19,"Moraine, OH, US",1,"Moraine, OH, US",false,,United States,,0,"I. Job ProfileJob TitleHazmat SpecialistDepartmentEHS

Direct SupervisorEHS Environmental SupervisorDirect SubordinatesNone

II. Job Summary：
The Hazmat Specialist     reports directly to the EHS Environmental Supervisor, performing safety inspections, daily walk throughs in the plant to observe and correct unsafe behaviors.  The incumbents are to report serious safety hazards to the Manager to seek their direction and guidance in resolving the hazard(s).     The Specialist will be responsible to conduct daily inspections of the HAZWASTE Central Accumulation Area as well as all Satillite Accumulation Areas. The Hazmat Specialist will be responsible for inspection of PPE, safety equipment and special projects as assigned.    Specific reports to be designated as needed by the EH&S Manager.

III. Job Functions and Duties

NO.Representative Duties

1Perform periodic facility walk-thrus:
1.1  Complete scheduled walk-thrus of the HWCAA & SAA's on a daily basis.
1.2  Observe work environment for environmental or safety hazards.
1.3  Provide corrective actions to eliminate hazard.
1.4  Report any unusual environmental or safety issues to the EH&S Specialists for review and direction.
1.5  Document hazards, corrective actions, and status of hazards.

2Conduct training as needed:
2.1   Become familiar with training materials to be an effective trainer.
2.2   Conduct training for staff on hazardous waste handling, spill response and emergency procedures.
2.3 Schedule and coordinate regulatory required trainings such as DOT, RCRA, HAZWOPER.
2.4   Conduct testing to validate understanding.
2.5   Maintain attendance list of all employees.

3Conduct hygiene testing as needed:
3.1  Review schedule of hygiene sampling list.
3.2  Complete sampling by target date.
3.3 Classify and properly identify hazardous waste streams, including proper labeling. Waste profiling for disposal.
3.4 Maintain proper storage conditions for hazardous waste including segregations, secondary containment and temperature controls.
3.5 Coordinate with certified waste disposal companies for safe and compliant waste disposal.
3.6 Implement waste minimization programs to reduce hazardous waste generation.
3.7 Monitor waste streams for opportunities to reuse, recycle and recover materials.
3.8 Develop and implement emergency response plans for spills and other incidents.

4Record Keeping:
4.1 Maintain Daily HWCAA Temperature logs on file.
4.2 Maintain all DOT transportation record forms on file for 3 years.
4.3 Maintain all EPA (RCRA) records and forms on file for 3 years.
4.4 Maintain any other records or forms required by regulatory requirements.

5Assist EHS management in achieving and maintain ISO 14001 and ISO 45001 certifications. Aim to continually improve the EHS management systems.

6Other duties as assigned.

7Nothing in the Position Description restricts management's right to assign or re-assign duties and responsibilities to this job at any time.

IⅤ. Qualification

Job RequirementsLanguageLanguages spoken commonly in the workplace are English and/or Mandarin. Ability to read, understand and comprehend documents such as safety rules, operating and maintenance instructions. Ability to interpret a variety of instructions furnished in written, oral, diagram, or schedule form. Ability to speak effectively and interact with other team members, engineers, leadership and customers.

Experience1 to 3 years manufacturing experience and /or training; or equivalent combination of education and experience preferred.

EducationHigh School Diploma or General Education Degree (GED).

Physical ConditionThe employee is regularly required o stand for long periods.  Duties include turning at the waist, reaching, bending, squatting and lifting up to 50 pounds.  Ability to pass static strength requirements (grip).  Visual acuity including, but not limited to:
a. NEAR ACUITY - Clarity of vision at 20 inches or less. Use this factor when special and minute accuracy is demanded.
b. FAR ACUITY - Clarity of vision at 20 feet or more. Use this factor when visual efficiency in terms of far acuity is required in day and night/dark conditions.
c. DEPTH PERCEPTION - Three-dimensional vision. Ability to judge distances and spatial relationships so as to see objects where and as they actually are.
d. COLOR VISION - Ability to identify and distinguish colors.
e. FIELD OF VISION - Observing an area that can be seen up and down or to right or left while eyes are fixed on a given point.

The noise level in the work environment is usually moderate. Safety requirements for this position are safety glasses, hearing protection and steel-toed work boots.

Other RequirementsMATHEMATICAL SKILLS - Ability to add, subtract, multiply, and divide in all units of measure, using whole numbers, common fractions, and decimals.
REASONING ABILITY - Ability to solve practical problems and deal with a variety of  variables.
COMPUTER SKILLS - Knowledge of and familiarity manufacturing software.

Knowledge, Skills & Abilities utilized on the jobProfessional  Knowledge, SkillsStrong collaboration, leadership, teamwork, interpersonal relations/communications, customer focus, influencing/impact skills required.

Must be self-starter and demonstrate strong sense of initiative.

Supporting EH&S programs to assure compliance for the plant. Willingness to support other locations as needed.

Supporting initiative to form working relationship with Operations resulting in measurable success.

Federal, state and local regulations; and ability to seek them in detail if needed and not known.

Training RequiredEHS Policy

New hire Orientation

RCRA, OSHA, DOT training certificates, OSHA 30-hour Certification, ISO 14001 Auditor certification.

Fall protection, confined space, ARC flash

Obtain CPR/AED/First Aid Certification

V. Work Environment:
Bright, clean and well-ventilated office building. While performing the duties of this job, the employee is occasionally exposed to extreme heat. The noise level in the work environment is usually moderate. Safety requirements for this position are safety glasses and steel-toed work boots.

VI. Key Performance Indicators: Evaluates Saa areas and maintains compliance, Weekly Central Accumulation Area Inspections, EHS Project Assignments, ISO 14001 Conformance, Incident Investigation Closure Rate.",6350,https://workforcenow.adp.com/mascsr/default/mdf/recruitment/recruitment.html?cid=25319558-d6a9-48ab-93d2-99e4878a8ffc&ccId=19000101_000001&jobId=9201295826687_1&lang=en_US,,,,,,,no_match,,2026-09-27,,2026-10-10,,19,startDate,false,0,,,,,,2026-09-21,,false,,,,,,
9201293052211_1,Shipping Specialist - Logistics-Transportation Dept,Fuyao Glass America,,Full time,Posted 10 Days Ago,2026-09-17,23,"Moraine, OH, US",1,"Moraine, OH, US",false,,United States,,0,"I. Job ProfileJob TitleShipping SpecialistDepartment2070 Logistics-Transportation

Direct SupervisorShipping Assistant ManagerDirect SubordinatesNone

II. Job Summary：
Customer liaison for communicating customer requirements.  Coordinate with warehouse, planning, engineering and Business Development.      Plan the day to day tasks for the shipping area for assigned customers.  Lead team in executing shipments including any needed expedite shipments.  Ensure all shipments leave the facility on time, loaded properly and documentation and PLEX system updated.

III. Job Functions and Duties

NO.Representative Duties

1Provide requirements of what to stage for shipments to Dock personnel.

2Monitor Customer EDI transmissions for shipment requirements when discrepancies occur.

3Visually inspect staged products for any quality or quantity discrepancies.     Ensure proper containers for customer are used.

4Communicate to EDI team/Production all customer requirements including any pull ahead orders for expedited shipments and shortages for shipments.

5Ensure all ASNs are transmitted after trucks leave.  Ensure all loads leave on correct truck for customer.  Send the Bill of Lading with trucks and save copy for shipping dock.

6Ensure PLEX transactions are updated.

7Document any missed shipments and spills and assist Shipping Supervisor in completing 5 Why.

8Responsible for health and safety within every operation

9Assist teammates in other line processes toward continued line improvement

10Perform 5S and housekeeping duties to maintain high standard of facility cleanliness

11As Logistics & Import/Export Compliance Lead is responsible for the strategic management of the scheduling, monitoring and administration of outbound and inbound shipments along with ensuring the Fuyao is in compliance with governmental entities’ laws, rules and regulations both nationally and internationally.

12Additionally, will be responsible for establishing and auditing processes and systems to assure company remains in compliance as laws, regulations and international conditions change.

13Fulfill assignments/tasks given by Supervisor or Manager

14Other duties as assigned

15Nothing in the Position Description restricts management's right to assign or re-assign duties and responsibilities to this job at any time

IⅤ. Qualification

Job RequirementsLanguageLanguages spoken commonly in the workplace are English. - Ability to read, understand and comprehend documents such as safety rules, operating and maintenance instructions. Ability to interpret a variety of instructions furnished in written, oral, diagram, or schedule form.
Ability to speak effectively and interact with other team members, engineers, leadership and customers.

Experience1 to 3 years manufacturing experience and /or training; or equivalent combination of education and experience preferred.

EducationHigh School Diploma or General Education Degree (GED) or higher

Physical ConditionThe employee is regularly required o stand for long periods.                                                                                                                                                         Duties include turning at the waist, reaching, bending, squatting and lifting up to 50 pounds.                                                                                                                                                         Ability to pass static strength requirements (grip)
Visual acuity including, but not limited to:
a. NEAR ACUITY - Clarity of vision at 20 inches or less. Use this factor when special and minute accuracy is demanded.
b. FAR ACUITY - Clarity of vision at 20 feet or more. Use this factor when visual efficiency in terms of far acuity is required in day and night/dark conditions.
c. DEPTH PERCEPTION - Three-dimensional vision. Ability to judge distances and spatial relationships so as to see objects where and as they actually are.
d. COLOR VISION - Ability to identify and distinguish colors.
e. FIELD OF VISION - Observing an area that can be seen up and down or to right or left while eyes are fixed on a given point.
The noise level in the work environment is usually moderate. Safety requirements for this position
are safety glasses, hearing protection and steel-toed work boots.

Other RequirementsMATHEMATICAL SKILLS -
Ability to add, subtract, multiply, and divide in all units of measure, using whole numbers, common fractions, and decimals.
REASONING ABILITY - Ability to solve practical problems and deal with a variety of  variables.
COMPUTER SKILLS - Knowledge of and familiarity manufacturing software.

Knowledge, Skills & Abilities utilized on the jobProfessional  Knowledge, Skills1. Skillful use of Office software;

2. Able to read English document (export storage and transportation only)

3. Know warehouse management, transportation and insurance management

4. Familiar with road, railway, airline and waterway transportation

5. Familiar with relevant laws and regulations.

6. Glass production principles and technological process; all business processes by the company; conditions for raw material, unfinished and finished products storage

7. Company rules and regulations, quality policy, target and commitment

8. Storage and transportation process, storage, basic knowledge of customs clearance (export storage and transportation only), company procedure and post features;

9. Fill in booking list, provide logistics supplier with necessary document for custom clearance and telex release, check bill of lading

10. Able to make presentation, make shipment plan and have valid forklift license

11. Certain analytical and judging ability;

12. Good communication skills and ability to communicate with customers and leaders of other departments in a professional manner

13. Knowledgeable of work instructions and TS16949 systems.

14. Ability to complete required improvement , corrective actions form , 5W and 8D

Training Required1. Production process and major equipment training knowledge

2. Know factory production management mode;

3. Logistics and international trade training;

4. Supplier management training;

5. 5S training

V. Work Environment:
While performing the duties of this job, the employee is occasionally exposed to extreme heat. The noise level in the work environment is usually moderate. Safety requirements for this position are safety glasses , steel toed shoes, and reflective shirt , vest , or jacket.

VI. Key Performance Indicators:
1. Department Safety  3. On Time Delivery
2. Shipping Accuracy    4. CIP project Savings  5. BOL Scan rate

Must be 18 years of age or older.
Fuyao Glass America Inc., Core Foundation Competencies including Ethics, Integrity, Values & Trust. Fuyao Glass America Inc. is An Equal Opportunity/Affirmative Action Employer. All qualified applicants will receive consideration for employment without regard to race, color, religion, sex, national origin, disability or protected veteran status.
Fuyao Glass America, Inc. is a Drug-Free Workplace.",7078,https://workforcenow.adp.com/mascsr/default/mdf/recruitment/recruitment.html?cid=25319558-d6a9-48ab-93d2-99e4878a8ffc&ccId=19000101_000001&jobId=9201293052211_1&lang=en_US,,,,,,,no_match,,2026-09-27,,2026-10-10,,23,startDate,false,0,,,,,,2026-09-17,,false,,,,,,
9201294206153_1,Senior Corporate Counsel,Fuyao Glass America,,Full time,Posted 10 Days Ago,2026-09-17,23,"Dayton, Moraine, OH, US",1,"Dayton, Moraine, OH, US",false,,United States,,0,"Job Description

I. Job ProfileJob TitleSenior Corporate CounselDepartmentLegal

Direct SupervisorChief Legal Officer/General CounselDirect SubordinatesN/A

II. Job Summary: Support the Chief Legal Officer by: (1) providing legal advice; (2) legal representation; (3) overseeing litigation & risk management; (4) contract review; (5) training employees of workplace rules and policies; and (6) conducting internal investigations

III. Job Functions and Duties

NO.Representative Duties

1Conduct internal investigation and handle investigations of government administrative agencies

2Prepare and review contracts, policies or memos as directed by General Counsel, including NDAs, joint development agreements and purchase and sales agreements with 3rd parties.

3Advise on internal clients regarding employment, OSHA related, legal compliance and other issues as directed by General Counsel.

4Manage outside counsel as may be delegated by General Counsel

5Manage and/or handle investigations of internal complaints such as harassment, discrimination, and/or retaliation.

6
Assist General Counsel in managing litigation and pre-litigation disputes

7Other duties as assigned by General Counsel

8Nothing in the Position Description restricts management's right to assign or re-assign duties and responsibilities to this job at any time

IⅤ. Qualification

Job RequirementsLanguageLanguages spoken commonly in the workplace are English. - Ability to read, understand and comprehend documents .
Ability to speak effectively and interact with other team members, engineers, leadership and customers

ExperienceAt least 4 years of plus of legal experience as a licensed attorney in the US, preferably having experience advising manufacturing clients.

EducationJD from an ABA accredited law school

Physical ConditionThis is an office job requiring sitting for most of the day
Safety requirements for this position are safety glasses, hearing protection and steel-toed work boots on the production floor.

Other Requirements
WRITING SKILLS - Ability to communicate effectively and accurately in writing.

REASONING ABILITY - Ability to solve practical problems and deal with a variety of variables.

COMPUTER SKILLS - Can use Microsoft Office efficiently

Knowledge, Skills & Abilities utilized on the jobProfessional Knowledge, SkillsBar license in any US state is required, Ohio bar is preferred

Commercial litigation and trial experience
Conduct internal investigation and handle investigations of government administrative agencies

Self-motivated with a high degree of attention to detail, and excellent teamwork and writing and communication skills

Ability to multi-task and prioritize work and respond to multiple demands while meeting deadlines

Strong work ethics, understand business and practical considerations, and work in a fast-paced environment with team collaboration

Strong research and writing skills

Strong interpersonal and communications skills, along with the ability to communicate effectively with others at all levels of the Company

Strong negotiating skills with both legal and commercial issues

Ability to establish and maintain strong relationships within the legal department and across all businesses

Ability to work independently with little or no supervision in contract and litigation matters

Proven experience as a legal counsel in business environment

Preferred working knowledge in contracts, employment, real estate, IP, litigation.

Research and writing skills

Ability to communicate complicated concepts effectively to different audiences
Ability to quickly identify issues and provide effective solutions
Ability to balance risk with business interest

Training RequiredCLEs as required by Bar

V. Work Environment:
The noise level in the work environment is usually moderate. Safety requirements for this position are safety glasses and steel-toed work boots.

VI. Key Performance Indicators: Contracts reviewed; Memoranda drafted

This is an onsite position

Must be 18 years of age or older.
Fuyao Glass America Inc., Core Foundation Competencies including Ethics, Integrity, Values & Trust. Fuyao Glass America Inc. is An Equal Opportunity/Affirmative Action Employer. All qualified applicants will receive consideration for employment without regard to race, color, religion, sex, national origin, disability or protected veteran status.
Fuyao Glass America, Inc. is a Drug-Free Workplace.",4444,https://workforcenow.adp.com/mascsr/default/mdf/recruitment/recruitment.html?cid=25319558-d6a9-48ab-93d2-99e4878a8ffc&ccId=19000101_000001&jobId=9201294206153_1&lang=en_US,,,,,,,no_match,,2026-09-27,,2026-10-10,,23,startDate,false,0,,,,,,2026-09-17,,false,,,,,,
9201294861730_1,Production Associate--In probation 1st SHIFT ONLY,Fuyao Glass America,,Full time,Posted 11 Days Ago,2026-09-16,24,"Moraine, OH, US",1,"Moraine, OH, US",false,,United States,,0,"I. Job ProfileJob TitleProduction AssociateDepartmentProduction areas

Direct SupervisorShift SupervisorDirect SubordinatesNone

II. Job Summary：
Responsible for post in production safety, TPM, 5s and complete assigned jobs.

III. Job Functions and Duties

NO.Representative Duties

1Responsible to the workshop manager, obeying his/her technician’s and shift supervisor’s arrangement and deployment;

2Responsible for assigned job tasks, reporting any problems to the technician or supervisors;

3Responsible for handling post abnormalities in production, promptly reporting the results;

4Responsible for cleaning, management and safety of post, tooling, tools and equipment;

5Understanding Post Environmental Factors, Hazards and Control Methods;

6Conscientiously implementing integrated management system related documents;

7Storing post wastes by categories;

8Familiar with post material safety data sheets and emergency response measures;

9Other duties as assigned

10Nothing in the Position Description restricts management's right to assign or re-assign duties and responsibilities to this job at any time

IⅤ. Qualification

Job RequirementsLanguageLanguage spoken commonly in the workplace is English. - Ability to read, understand and comprehend documents such as safety rules, operating and maintenance instructions. Ability to interpret a variety of instructions furnished in written, oral, diagram, or schedule form. Ability to speak effectively and interact with other team members, engineers, leadership and customers.

Experience1-2 years of previous manufacturing expereince prefered, but will train.

EducationHigh School Diploma or General Education Degree (GED)

Physical ConditionThe employee is regularly required to stand the duration for long periods of time.  Turning at the waist, reaching, bending, squatting, and lifting up to 55lbs. repeatedly.

Other Requirementsa. Near Acuity-Clarity of vision at 20 inches or less. Use the factor when special and minute accuracy is demanded.
b. Far Acuity - Clarity of vision at 20 feet or more. Use the factor when visual effeciency in terms of far acuity is required day & night/dark conditions.
Must Pass a Tier ll Physical.                                                Must Pass a Background Check.

Knowledge, Skills & Abilities utilized on the jobProfessional  Knowledge, Skills1.Familiar with technology, quality, equipment operating instructions and environmental operating instructions;

2. Familiar with product appearance quality requirements and test methods;

3. Familiar with product safety and regulation;

4. Familiar with production orders and tracking sheets;

5. Familiar with tin side detector/steel ruler and application of post other measuring instruments;

6. Familiar with loading and washing machine operation and maintenance;

7. Familiar with post safety precautions;

Training RequiredNew Hire Orientation

Enterprise Profile, Rules and Regulations, Product Quality, Technology, Safety, System and Other Awareness Training

Printing process production flow

Post safety operation

Post Related Material Safety Data Sheet

Post Related Operating Instructions

V. Work Environment:
While performing the duties of this job, the employee is exposed to extreme heat. The noise level in the work environment is usually moderate to loud. Safety requirements for this position are safety glasses and steel-toed work shoes and ear plugs.

VI. Key Performance Indicators:

Must be 18 years of age or older.

Fuyao Glass America Inc., Core Foundation Competencies including Ethics, Integrity, Values & Trust. Fuyao Glass America Inc. is An Equal Opportunity/Affirmative Action Employer. All qualified applicants will receive consideration for employment without regard to race, color, religion, sex, national origin, disability or protected veteran status.

Fuyao Glass America, Inc. is a Drug-Free Workplace.",3901,https://workforcenow.adp.com/mascsr/default/mdf/recruitment/recruitment.html?cid=25319558-d6a9-48ab-93d2-99e4878a8ffc&ccId=19000101_000001&jobId=9201294861730_1&lang=en_US,,,,,,,no_match,,2026-09-27,,2026-10-10,,24,startDate,false,0,2026-10-08,,,,,2026-09-16,,false,,,,,,
9201293894118_1,Allocation Forklift  3rd Shift,Fuyao Glass America,,Full time,Posted 11 Days Ago,2026-09-16,24,"Moraine, OH, US",1,"Moraine, OH, US",false,,United States,,0,"Job Title: Allocation Forklift

Job Functions:

Knowledge of organizational structure of Assembly

Job Summary：Loading/unloading of float glass. This position will require additional forklift skills in order to move glass safely and efficiently

Job Function:

• Support loading/unloading of raw material semi-finished product, and finished product

• Be responsible for storage location

• Inspect fork lift for maintenance needs and provide to Maintenance for regularly scheduled maintenance

• Responsible for scanning product, truck assignments, and storage location in the PLEX system

• Responsible for health and safety within every operation

• Assist team with processes toward continued improvement

• Perform 6S and housekeeping duties

• Assists and participates with other plant projects as needed

• Other duties as assigned

• Nothing in the Position Description restricts management's right to assign or re-assign duties and responsibilities to this job at any time

Qualifications

• Languages spoken commonly in the workplace are English and Mandarin. Ability to read, understand and comprehend documents such as safety rules, operating and maintenance instructions. Ability to interpret a variety of instructions furnished in written, oral, diagram, or schedule form

• Ability to speak effectively and interact with other team members, engineers, leadership and customers

• 1 to 3 years manufacturing experience and /or training; or equivalent combination of education and experience preferred

• High School Diploma or General Education Degree(GED)

• The employee is regularly required o stand for long periods. Duties include turning at the waist, reaching, bending, squatting and lifting up to 50 pounds. Ability to pass static strength requirements (grip)

• Visual acuity including, but not limited to:

• Clarity of vision at 20 inches or less. Use this factor when special and minute accuracy is demanded

• Clarity of vision at 20 feet or more. Use this factor when visual efficiency in terms of far acuity is required in day and night/dark conditions

• Three-dimensional vision. Ability to judge distances and spatial relationships so as to see objects where and as they actually are

• Ability to identify and distinguish colors

• Observing an area that can be seen up and down or to right or left while eyes are fixed on a given point

• The noise level in the work environment is usually moderate. Safety requirements for this position are safety glasses, hearing protection and steel-toed work boots

• Ability to add, subtract, multiply, and divide in all units of measure, using whole numbers, common fractions, and decimals

• Ability to solve practical problems and deal with a variety of variables

• Knowledge of and familiarity manufacturing software

• Must be proficient in metric system and have adequate reading skills

• If an associate transfers from one position to a second position, he/she should remain in the second position for a minimum of six months prior to bidding on another job

• No active discipline above a Verbal Warning

• Good attendance record

• Interested associates should turn in a signed Job Interest Form by you and your supervisor to the Human Resource office, or place in the Job Interest Box

• Forklift driver and material handler experience preferred

• Proficiency in ERP/Microsoft Office

• Safety and goal oriented

• Self-motivated with excellent communication and interpersonal skills

• Knowledgeable of work instructions and TS16949 systems

• Fuyao Fork Lift License

The position’s preparation before production (including forklift recovery and charging)

Delivery of empty racks and crates (wood, steel) to lines

Transfer of packed and banded crates from lines to staging area

Removal of defect racks and transport to designated location

Effective and efficient forklift operating technique

Must be 18 years of age or older.

Fuyao Glass America Inc., Core Foundation Competencies including Ethics, Integrity, Values & Trust. Fuyao Glass America Inc. is An Equal Opportunity/Affirmative Action Employer. All qualified applicants will receive consideration for employment without regard to race, color, religion, sex, national origin, disability or protected veteran status.

Fuyao Glass America, Inc. is a Drug-Free Workplace.",4320,https://workforcenow.adp.com/mascsr/default/mdf/recruitment/recruitment.html?cid=25319558-d6a9-48ab-93d2-99e4878a8ffc&ccId=19000101_000001&jobId=9201293894118_1&lang=en_US,,,,,,,no_match,,2026-09-27,,2026-10-10,,24,startDate,false,0,,,,,,2026-09-16,,false,,,,,,
9201294586689_1,Cost Analyst,Fuyao Glass America,,Full time,Posted 11 Days Ago,2026-09-16,24,"Plymouth, MI, US",1,"Plymouth, MI, US",false,,United States,,0,"Job Description

I. Job ProfileJob TitleCost AnalystDepartmentBusiness & Development

Direct SupervisorDirector, Business & DevelopmentDirect SubordinatesNone

II. Job Summary：The Account Manager is directly responsible for managing current production business for any commercial requirements, assigned customer accounts to lead quotations for new business opportunities, and working with Program Management Team to support existing new business development wins.

III. Job Functions and Duties

NO.Representative Duties

1Create the Product Costing and Cost Model development process for North America

2Manage the Business Case process for New Model business opportunities for North America

3Manage the Cost Analysis and Pricing for Engineering Changes to awarded programs

4Establish and analyse quotation price historical database includes Fuyao and competitors.

5Create the customer piece price breakdown.

6Manage quotation documents.

7Support account manager with customers strategy map.

8Other duties as assigned

9Nothing in the Position Description restricts management's right to assign or re-assign duties and responsibilities to this job at any time

IⅤ. Qualification

Job RequirementsLanguageLanguages spoken commonly in the workplace are English and Mandarin. - Ability to read, understand and comprehend documents such as safety rules, operating and maintenance instructions. Ability to interpret a variety of instructions furnished in written, oral, diagram, or schedule form.
Ability to speak effectively and interact with other team members, engineers, leadership and customers.

ExperienceMore than 3 years experience in cost accounting

EducationBachelor's degree in accounting or finance

Physical ConditionThis position will spend the majority of time in office environments within Fuyao. It requires to work under pressure.
It will be frequently necessary to spend time on the manufacturing floor within Fuyao.
Strict observance of Fuyao safety policy & standards, use of Personal Protective Equipment (PPE), as well as compliance with our customer's safety policies are mandatory.

Other RequirementsTECHNICAL SKILLS -
Knowledge of product process, familiar with product cost structure and program cost calculation.
REASONING ABILITY - Ability to solve practical problems and deal with a variety of variables.
COMPUTER SKILLS - familiarity MS office softwares.

Knowledge, Skills & Abilities utilized on the jobProfessional Knowledge, SkillsAbility to communicate effectively, both written and verbal

Diligence, honesty, effective time management, innovative thinking

Sound financial accumen and ability to understand / interpret basic financial documents

Careful attention to detail / detail oriented

Willing to travel and work a flexible schedule

Knowledge of product production process and quality requirements.

Familiar with product cost structure and international trade.

Training RequiredProduct process control/Process capacity and capability/Cost structure

Product process development/Tooling development

Export declaration/Commercial inspection procedure

Production planning/Capability allocation and utilization

V. Work Environment:
While performing the duties of this job, the employee is occasionally exposed to extreme heat. The noise level in the work environment can sometimes be moderate. Safety requirements for this position can include safety glasses and steel-toed work boots.

VI. Key Performance Indicators: Profitable New Business Awards, Customer Satisfaction / Scorecard Trends, Existing Book of Business - Profit Improvement Attainment",3602,https://workforcenow.adp.com/mascsr/default/mdf/recruitment/recruitment.html?cid=25319558-d6a9-48ab-93d2-99e4878a8ffc&ccId=19000101_000001&jobId=9201294586689_1&lang=en_US,,,,,,,no_match,,2026-09-27,,2026-10-10,,24,startDate,false,0,,,,,,2026-09-16,,false,,,,,,
9201294562629_1,Customer Liaison Engineer,Fuyao Glass America,,Full time,Posted 11 Days Ago,2026-09-16,24,"TBD, TX, US",1,"TBD, TX, US",false,,United States,,0,"Job Title: Customer Liaison Engineer

Job Summary：To provid feedback to FGA on quality and inventory at customer locations. Prepare reports that accurately describe defects to the appropriate parties at FGA. Investigate and contain quality issues in a timely manner. Maintain and help improve customer satisfaction through effective communication and professional conduct at all times.

Job Functions:

• Regular visits to the assigned OEM s, Dealers, and Warranties to collect, analyze, and negotiate rejected parts.

• Provide regular quality reports to FGA contact list (Quality, Advanced Quality, Liaison Manager, Sales, etc.)

• Visit customer to pick up defective products to be returned to FGA for further analysis after receiving notification from the customer

• Organize containment activities if needed. Attend trial builds and provide detailed information, pictures, and any items to help FGA achieve success.

• Represent FGA to attend customer meetings upon request.

• Assist customer engineering to help investigate root cause analysis

• Other duties as assigned Nothing in the Position Description restricts management's right to assign or re-assign duties and responsibilities to this job at any time

Qualifications

•  English - Ability to read, understand and comprehend documents such as safety rules, operating and maintenance instructions. Ability to interpret a variety of instructions furnished in written, oral, diagram, or schedule form

• Ability to speak effectively and interact with other team members, engineers, leadership and customers

• 1 to 3 years manufacturing experience and /or training; or equivalent combination of education and experience preferred

• High School Diploma or General Education Degree (GED)

• The employee is regularly required to stand for long periods

• Duties include turning at the waist, reaching, bending, squatting and lifting up to 50 pounds. Ability to pass static strength requirements (grip)

• Visual acuity including, but not limited to:

• Clarity of vision at 20 inches or less. Use this factor when special and minute accuracy is demanded

• Clarity of vision at 20 feet or more. Use this factor when visual efficiency in terms of far acuity is required in day and night/dark conditions

• Three-dimensional vision. Ability to judge distances and spatial relationships so as to see objects where and as they actually are

• Ability to identify and distinguish colors

• Observing an area that can be seen up and down or to right or left while eyes are fixed on a given point. The noise level in the work environment is usually moderate. Safety requirements for this position are safety glasses, hearing protection, gloves, and steel-toed work boots

• Ability to add, subtract, multiply, and divide in all units of measure, using whole numbers, common fractions, and decimals

• Ability to solve practical problems and deal with a variety of variables

• Knowledge of and familiarity manufacturing software, PowerPoint, Excel, Outlook, etc.

• Familiar with the FGA manufacturing processes for their customer location's products.

• Familiar with the FGA inspection methods of automotive glass

• Have the ability to problem solve

• Strong communication skills both verbal and through reporting",3274,https://workforcenow.adp.com/mascsr/default/mdf/recruitment/recruitment.html?cid=25319558-d6a9-48ab-93d2-99e4878a8ffc&ccId=19000101_000001&jobId=9201294562629_1&lang=en_US,,,,,,,no_match,,2026-09-27,,2026-10-10,,24,startDate,false,0,,,,,,2026-09-16,,false,,,,,,
9201293017119_1,Logistics Operator 1st Shift,Fuyao Glass America,,Full time,Posted 12 Days Ago,2026-09-15,25,"Moraine, OH, US",1,"Moraine, OH, US",false,,United States,,0,"Must be 18 years of age or older.

Fuyao Glass America Inc., Core Foundation Competencies including Ethics, Integrity, Values & Trust. Fuyao Glass America Inc. is An Equal Opportunity/Affirmative Action Employer. All qualified applicants will receive consideration for employment without regard to race, color, religion, sex, national origin, disability or protected veteran status.

Fuyao Glass America, Inc. is a Drug-Free Workplace.

This is 1 Shift Position.",462,https://workforcenow.adp.com/mascsr/default/mdf/recruitment/recruitment.html?cid=25319558-d6a9-48ab-93d2-99e4878a8ffc&ccId=19000101_000001&jobId=9201293017119_1&lang=en_US,,,,,,,no_match,,2026-09-27,,2026-10-10,,25,startDate,false,0,,,,,,2026-09-15,,false,,,,,,
9201293257297_1,Production Associate,Fuyao Glass America,,,Posted 13 Days Ago,2026-09-14,26,"Fountain Inn, SC, US",1,"Fountain Inn, SC, US",false,,United States,,0,"Position: Production Associate

Classification: Non-Exempt

Direct Supervisor: Line Leader

Backup: Line Leader

Related KPI

Summary/Objective
The Production Associate is responsible for producing quality parts and materials while adhering to company policies, safety procedures, and customer specifications.

Essential Functions

• Follow all safety procedures, startup, and shutdown protocols.

• Operate machinery efficiently to prevent shutdowns and maintain workflow.

• Monitor and report any machine, fixture, product, or departmental issues to the Line Supervisor.

• Ensure maximum product quality by following standard operating procedures.

• Cross-train in various tasks and perform additional duties as assigned.

• Meet daily production targets and maintain accuracy in work.

• Report any production issues that may impact efficiency or quality.

• Be available for mandatory and planned overtime as needed.

• Maintain a professional attitude and work ethic at all times.

• Keep work areas clean and organized (5S methodology).

• Review and understand work instructions daily.

• Show a willingness to learn and improve skills.

• Maintain a positive attitude and accountability in work performance.

• Lift up to 50 lbs. as required.

Competencies

• Ability to read and follow work instructions.

• Work independently with minimal supervision.

• Properly use manufacturing equipment and tools.

• Conduct visual inspections to identify defects.

Supervisory Responsibility

This position does not have direct supervisory responsibilities.

Work Environment

• This job operates in a manufacturing environment with loud noises and usage of sharp utensils (razor blades).  Position requires the wearing of safety glasses, safety vest, gloves, and other personal protective equipment necessary and appropriate as designated by materials being handled.

• Must be 18 years or older

Physical Demands

The physical demands described here are representative of those that must be met by an employee to successfully perform the essential functions of this job.

While performing the duties of this job, the employee is regularly required to talk or listen. This is largely a sedentary role; however, this would require the ability to lift and move up to 30 lbs., stand for long periods, work independently, and perform repeated ranges of motion including bending and stretching.

Position Type/Expected Hours of Work
This is a full-time position. Days and hours of work may vary based on company needs.

Travel

Little to no travel is expected for this position.

Required Education and Experience

High School Diploma or GED

Preferred Education and Experience

High School Diploma or GED with 6 months of warehouse/manufacturing experience.

Other Duties

Please note this job description is not designed to cover or contain a comprehensive listing of activities, duties or responsibilities that are required of the employee for this job. Duties, responsibilities, and activities may change at any time with or without notice.

Please Note:
We kindly ask that applicants do not visit our office in person to submit applications or inquire about the position. All applications must be submitted online through the designated platform.

Due to the volume of applications, we will only contact candidates whose qualifications closely match the requirements of the role. We appreciate your understanding.

Fuyao Automotive North America, Inc., Core Foundation Competencies including Ethics, Integrity, Values & Trust. Fuyao Automotive North America, Inc. is An Equal Opportunity/Affirmative Action Employer. All qualified applicants will receive consideration for employment without regard to race, color, religion, sex, national origin, disability or protected veteran status.

Fuyao Automotive North America, Inc is a Drug-Free Workplace.",3853,https://workforcenow.adp.com/mascsr/default/mdf/recruitment/recruitment.html?cid=25319558-d6a9-48ab-93d2-99e4878a8ffc&ccId=19000101_000001&jobId=9201293257297_1&lang=en_US,,,,,,,no_match,,2026-09-27,,2026-10-10,,26,startDate,false,0,,,,,,2026-09-14,,false,,,,,,
9201293256240_1,Allocation Forklift,Fuyao Glass America,,,Posted 13 Days Ago,2026-09-14,26,"Fountain Inn, SC, US",1,"Fountain Inn, SC, US",false,,United States,,0,"Job Title: Allocation Forklift

Job Functions:

Knowledge of organizational structure of Assembly

Job Summary：Loading/unloading of float glass. This position will require additional forklift skills in order to move glass safely and efficiently

Job Function:

• Support loading/unloading of raw material semi-finished product, and finished product

• Be responsible for storage location

• Inspect fork lift for maintenance needs and provide to Maintenance for regularly scheduled maintenance

• Responsible for scanning product, truck assignments, and storage location in the PLEX system

• Responsible for health and safety within every operation

• Assist team with processes toward continued improvement

• Perform 6S and housekeeping duties

• Assists and participates with other plant projects as needed

• Other duties as assigned

• Nothing in the Position Description restricts management's right to assign or re-assign duties and responsibilities to this job at any time

Qualifications

• Languages spoken commonly in the workplace are English and Mandarin. Ability to read, understand and comprehend documents such as safety rules, operating and maintenance instructions. Ability to interpret a variety of instructions furnished in written, oral, diagram, or schedule form

• Ability to speak effectively and interact with other team members, engineers, leadership and customers

• 1 to 3 years manufacturing experience and /or training; or equivalent combination of education and experience preferred

• High School Diploma or General Education Degree(GED)

• The employee is regularly required o stand for long periods. Duties include turning at the waist, reaching, bending, squatting and lifting up to 50 pounds. Ability to pass static strength requirements (grip)

• Visual acuity including, but not limited to:

• Clarity of vision at 20 inches or less. Use this factor when special and minute accuracy is demanded

• Clarity of vision at 20 feet or more. Use this factor when visual efficiency in terms of far acuity is required in day and night/dark conditions

• Three-dimensional vision. Ability to judge distances and spatial relationships so as to see objects where and as they actually are

• Ability to identify and distinguish colors

• Observing an area that can be seen up and down or to right or left while eyes are fixed on a given point

• The noise level in the work environment is usually moderate. Safety requirements for this position are safety glasses, hearing protection and steel-toed work boots

• Ability to add, subtract, multiply, and divide in all units of measure, using whole numbers, common fractions, and decimals

• Ability to solve practical problems and deal with a variety of variables

• Knowledge of and familiarity manufacturing software

• Must be proficient in metric system and have adequate reading skills

• If an associate transfers from one position to a second position, he/she should remain in the second position for a minimum of six months prior to bidding on another job

• No active discipline above a Verbal Warning

• Good attendance record

• Interested associates should turn in a signed Job Interest Form by you and your supervisor to the Human Resource office, or place in the Job Interest Box

• Forklift driver and material handler experience preferred

• Proficiency in ERP/Microsoft Office

• Safety and goal oriented

• Self-motivated with excellent communication and interpersonal skills

• Knowledgeable of work instructions and TS16949 systems

• Fuyao Fork Lift License

The position’s preparation before production (including forklift recovery and charging)

Delivery of empty racks and crates (wood, steel) to lines

Transfer of packed and banded crates from lines to staging area

Removal of defect racks and transport to designated location

Effective and efficient forklift operating technique",3883,https://workforcenow.adp.com/mascsr/default/mdf/recruitment/recruitment.html?cid=25319558-d6a9-48ab-93d2-99e4878a8ffc&ccId=19000101_000001&jobId=9201293256240_1&lang=en_US,,,,,,,no_match,,2026-09-27,,2026-10-10,,26,startDate,false,0,,,,,,2026-09-14,,false,,,,,,
9201291811712_1,Allocation Forklift  2nd Shift,Fuyao Glass America,,Full time,Posted 13 Days Ago,2026-09-14,26,"Moraine, OH, US",1,"Moraine, OH, US",false,,United States,,0,"Job Title: Allocation Forklift

Job Functions:

Knowledge of organizational structure of Assembly

Job Summary：Loading/unloading of float glass. This position will require additional forklift skills in order to move glass safely and efficiently

Job Function:

• Support loading/unloading of raw material semi-finished product, and finished product

• Be responsible for storage location

• Inspect fork lift for maintenance needs and provide to Maintenance for regularly scheduled maintenance

• Responsible for scanning product, truck assignments, and storage location in the PLEX system

• Responsible for health and safety within every operation

• Assist team with processes toward continued improvement

• Perform 6S and housekeeping duties

• Assists and participates with other plant projects as needed

• Other duties as assigned

• Nothing in the Position Description restricts management's right to assign or re-assign duties and responsibilities to this job at any time

Qualifications

• Languages spoken commonly in the workplace are English and Mandarin. Ability to read, understand and comprehend documents such as safety rules, operating and maintenance instructions. Ability to interpret a variety of instructions furnished in written, oral, diagram, or schedule form

• Ability to speak effectively and interact with other team members, engineers, leadership and customers

• 1 to 3 years manufacturing experience and /or training; or equivalent combination of education and experience preferred

• High School Diploma or General Education Degree(GED)

• The employee is regularly required o stand for long periods. Duties include turning at the waist, reaching, bending, squatting and lifting up to 50 pounds. Ability to pass static strength requirements (grip)

• Visual acuity including, but not limited to:

• Clarity of vision at 20 inches or less. Use this factor when special and minute accuracy is demanded

• Clarity of vision at 20 feet or more. Use this factor when visual efficiency in terms of far acuity is required in day and night/dark conditions

• Three-dimensional vision. Ability to judge distances and spatial relationships so as to see objects where and as they actually are

• Ability to identify and distinguish colors

• Observing an area that can be seen up and down or to right or left while eyes are fixed on a given point

• The noise level in the work environment is usually moderate. Safety requirements for this position are safety glasses, hearing protection and steel-toed work boots

• Ability to add, subtract, multiply, and divide in all units of measure, using whole numbers, common fractions, and decimals

• Ability to solve practical problems and deal with a variety of variables

• Knowledge of and familiarity manufacturing software

• Must be proficient in metric system and have adequate reading skills

• If an associate transfers from one position to a second position, he/she should remain in the second position for a minimum of six months prior to bidding on another job

• No active discipline above a Verbal Warning

• Good attendance record

• Interested associates should turn in a signed Job Interest Form by you and your supervisor to the Human Resource office, or place in the Job Interest Box

• Forklift driver and material handler experience preferred

• Proficiency in ERP/Microsoft Office

• Safety and goal oriented

• Self-motivated with excellent communication and interpersonal skills

• Knowledgeable of work instructions and TS16949 systems

• Fuyao Fork Lift License

The position’s preparation before production (including forklift recovery and charging)

Delivery of empty racks and crates (wood, steel) to lines

Transfer of packed and banded crates from lines to staging area

Removal of defect racks and transport to designated location

Effective and efficient forklift operating technique

Must be 18 years of age or older.

Fuyao Glass America Inc., Core Foundation Competencies including Ethics, Integrity, Values & Trust. Fuyao Glass America Inc. is An Equal Opportunity/Affirmative Action Employer. All qualified applicants will receive consideration for employment without regard to race, color, religion, sex, national origin, disability or protected veteran status.

Fuyao Glass America, Inc. is a Drug-Free Workplace.

2nd shift",4331,https://workforcenow.adp.com/mascsr/default/mdf/recruitment/recruitment.html?cid=25319558-d6a9-48ab-93d2-99e4878a8ffc&ccId=19000101_000001&jobId=9201291811712_1&lang=en_US,,,,,,,no_match,,2026-09-27,,2026-10-10,,26,startDate,false,0,,,,,,2026-09-14,,false,,,,,,
9201292299050_1,Supervisor in Training - ARG Bending Dept,Fuyao Glass America,,Full time,Posted 13 Days Ago,2026-09-14,26,"Moraine, OH, US",1,"Moraine, OH, US",false,,United States,,0,"Job Description

I. Job ProfileJob TitleSupervisor in TrainingDepartmentARG Bending

Direct SupervisorLead SupervisorDirect SubordinatesCoordinator/Utility/Allocation Forklift

II. Job Summary：The Production Supervisor is responsible for overseeing and coordinating the activities of production workers on the manufacturing floor. They will ensure that production processes are carried out efficiently, safely, and according to established quality standards. The Production Supervisor will supervise production staff, assign tasks, monitor progress, and implement corrective actions as needed to meet production targets. Additionally, they will be responsible for maintaining a clean and organized work environment, enforcing safety regulations, and fostering a positive work culture. The Production Supervisor will work closely with other departments such as maintenance, quality control, and logistics to coordinate activities and resolve issues. They will also participate in continuous improvement initiatives to optimize production processes and enhance overall operational efficiency.

III. Job Functions and Duties

NO.Representative Duties

1Supervise and coordinate the activities of production workers on the shop floor.

2Ensure that production processes are carried out efficiently and according to established standards.

3Assign tasks to production workers and ensure that they are completed on time.

4Monitor production schedules and adjust as needed to meet production targets.

5Train new production workers and provide ongoing guidance and support to existing staff.

6Enforce safety regulations and ensure that all workers adhere to safety protocols.

7Maintain a clean and organized work environment to promote efficiency and safety.

8Conduct regular inspections of equipment and machinery to ensure proper functioning.

9Troubleshoot production issues and implement corrective actions to minimize downtime.

10Communicate with other departments such as maintenance, quality control, and logistics to coordinate activities and resolve issues.

11Monitor inventory levels and coordinate with procurement to ensure adequate supply of materials.

12Implement quality control measures to maintain product quality and consistency.

13Analyze production data and performance metrics to identify areas for improvement.

14Implement productivity improvement initiatives to optimize production processes.

15Address employee concerns and resolve conflicts as they arise.

16Conduct performance evaluations of production workers and provide feedback for improvement.

17Participate in meetings with management to provide updates on production activities and performance.

18Develop and maintain standard operating procedures for production processes.

19Collaborate with engineering teams to implement process improvements and new technologies.

20Ensure compliance with company policies and procedures.

21Manage production documentation and record-keeping.

22Foster a positive work culture that promotes teamwork, accountability, and continuous improvement.

IⅤ. Qualification

Job RequirementsLanguageLanguages spoken commonly in the workplace are English and Mandarin. - Ability to read, understand and comprehend documents such as safety rules, operating and maintenance instructions. Ability to interpret a variety of instructions furnished in written, oral, diagram, or schedule form.
Ability to speak effectively and interact with other team members, engineers, leadership and customers.

Experience1 year manufacturing experience and /or training; or equivalent combination of education and experience preferred.

EducationHigh School Diploma or General Education Degree (GED)

Physical ConditionThe employee is regularly required o stand for long periods. Duties include turning at the waist, reaching, bending, squatting and lifting up to 50 pounds. Ability to pass static strength requirements (grip)
Visual acuity including, but not limited to:
a. NEAR ACUITY - Clarity of vision at 20 inches or less. Use this factor when special and minute accuracy is demanded.
b. FAR ACUITY - Clarity of vision at 20 feet or more. Use this factor when visual efficiency in terms of far acuity is required in day and night/dark conditions.
c. DEPTH PERCEPTION - Three-dimensional vision. Ability to judge distances and spatial relationships so as to see objects where and as they actually are.
d. COLOR VISION - Ability to identify and distinguish colors.
e. FIELD OF VISION - Observing an area that can be seen up and down or to right or left while eyes are fixed on a given point.
The noise level in the work environment is usually moderate. Safety requirements for this position
are safety glasses, hearing protection and steel-toed work boots.

Other RequirementsMATHEMATICAL SKILLS -
Ability to add, subtract, multiply, and divide in all units of measure, using whole numbers, common fractions, and decimals.
REASONING ABILITY - Ability to solve practical problems and deal with a variety of variables.
COMPUTER SKILLS - Knowledge of and familiarity manufacturing software.
FORKLIFT OPERATION (Certification Required) - Operates forklifts, as needed, to support Production.

Knowledge, Skills & Abilities utilized on the jobProfessional Knowledge, Skills5s, Safety and cost

basic knowledge in Encapsulation

skilled in production management of each process

capable of technology problem analysis, judgment and problem-solving skills

knowledge in process technology, quality, equipment operating instructions and control programs

Familiar with safety and regulatory rules

Organization Ability

Coordination Ability

Communication skill, Implementation capacity

Training RequiredTWI Training

Yellow Belt Training

LPA Training

V. Work Environment: While performing the duties of this job, the employee is occasionally exposed to extreme heat. The noise level in the work environment is usually moderate. Safety requirements for this position
are safety glasses and steel-toed work boots.

VI. Key Performance Indicators: 5S, safety, output, qualified production ratio

1st Shift and 3rd Shift
Must be 18 years of age or older.
Fuyao Glass America Inc., Core Foundation Competencies including Ethics, Integrity, Values & Trust. Fuyao Glass America Inc. is An Equal Opportunity/Affirmative Action Employer. All qualified applicants will receive consideration for employment without regard to race, color, religion, sex, national origin, disability or protected veteran status.
Fuyao Glass America, Inc. is a Drug-Free Workplace.",6549,https://workforcenow.adp.com/mascsr/default/mdf/recruitment/recruitment.html?cid=25319558-d6a9-48ab-93d2-99e4878a8ffc&ccId=19000101_000001&jobId=9201292299050_1&lang=en_US,,,,,,,no_match,,2026-09-27,,2026-10-10,,26,startDate,false,0,,,,,,2026-09-14,,false,,,,,,
9201240704634_1,General Maintenance Mechanic,Fuyao Glass America,,Full time,Posted 16 Days Ago,2026-09-11,29,"Mount Zion, Decatur, IL, US",1,"Mount Zion, Decatur, IL, US",false,,United States,,0,"DUTIES AND RESPONSIBILITES:

• Perform all assigned routines to ensure line performance.

• Experience in mechanical, electrical, pneumatic, hydraulic controls and installation and maintenance experience.

• Perform all assigned Preventative Maintenance work scheduled by their Maintenance Supervisor.

• Uses all maintenance hand tools and power equipment to inspect, lubricate, repair, fabricate, assemble, or install any type of equipment or building component.

• Perform any other assignments given by Management as seen fit. Performs all types of work necessary to maintain machinery and equipment, buildings and all other plant facilities.

• Identify and report any risks to the plant that imperil Safety, Health, Environmental, Quality, Production and Reliability to the best of their knowledge.

• May instruct maintenance trainees in the performance of their maintenance duties and will instruct them in he practical and theoretical aspects of their training.

• Returns tools and materials to their proper location and keeps working area clean at all times.

• Assists and supports in maintenance flexibility training in other units.

• Transports and works in proximity of hazardous waste including ESP on Line #1 and 2 and regenerator sulfates.

• Participates in periodic training.

• ** Must be able to pass a GMM aptitude test **

Job Type: Full-time

Benefits:

• 401(k)

• 401(k) matching

• Dental insurance

• Employee assistance program

• Health insurance

• Health savings account

• Life insurance

• Paid time off

• Vision insurance

Experience:

• GMM: 4 years (Preferred)

• Mechanical knowledge: 4 years (Required)

Willingness to travel:

• 25% (Preferred)

Work Location: In person",1713,https://workforcenow.adp.com/mascsr/default/mdf/recruitment/recruitment.html?cid=25319558-d6a9-48ab-93d2-99e4878a8ffc&ccId=19000101_000001&jobId=9201240704634_1&lang=en_US,,,,,,,no_match,,2026-09-27,,2026-10-10,,29,startDate,false,0,,,,,,2026-09-11,,false,,,,,,
9201291961235_1,Maintenance Engineer (OEM Furnace Team - 1st Shift),Fuyao Glass America,,Full time,Posted 17 Days Ago,2026-09-10,30,"Moraine, OH, US",1,"Moraine, OH, US",false,,United States,,0,"Job Description

I. Job ProfileJob TitleMaintenance EngineerDepartmentSystem Engineering Department

Direct SupervisorMaintenance ManagerDirect SubordinatesMaintenance Technician

II. Job Summary：
Responsible for abrupt equipment failure maintenance, preventive equipment maintenance 负责突发设备故障维护，预防性设备维护

III. Job Functions and Duties

NO.Representative Duties

1Responsible for the maintenance and fix according to equipment breakdown calls during on-duty shift (10%)
负责根据设备的故障及受损情况进行维修工作

2Prepare specifications for the purchase of spare parts inventory. (15%)
能够识别并了解设备的维修备件参数以保证设备正常维护

3Responsible for mechanical and electrical maintenance of production equipment, perform issue analysis and resolve according to work orders/maintenance request; (25%)
能够执行对于生产设备的机械及电气维修，发现问题并解决，根据维修工单定期对设备进行维护

4Perform routine equipment inspection, identify potential failure risks and take action to prevent downtime; (10%)
对设备进行日常检查维护，发现潜在的风险点并有措施预防设备故障

5Responsible for regular backup or revision to automation program; Regularly backup or revise automation program and ensure the reliability of backup; (10%)
能够对自动化程序日常备份及调试

6Be responsible for equipment preventive maintenance and lubrication; reduce equipment downtime and quantity of scraped product due to equipment issue for responsible area. (15%) 对设备按规进行润滑及保养，提升设备效率及减少废品产出

7Assist the software engineer to carry out on-site debugging of the equipment, and complete the on-site debugging tasks according to the requirements of the debugging engineer with quality and quantity (5%) 协助软件工程师进行程序调整及纠错，根据软件工程师指导完成调整任务

8Responsible for document record, such as Equipment sudden breakdown maintenance record and Maintenance work daily log. (5%)
负责对设备进行故障记录及维修记录

9Responsible for staffs' related basic equipment knowledge, procedure, and skill training. (5%)
对公司设备熟悉并有相关的工作技能及培训能力

10Other duties as assigned

11Nothing in the Position Description restricts management's right to assign or re-assign duties and responsibilities to this job at any time

IⅤ. Qualification

Job RequirementsLanguageLanguages spoken commonly in the workplace are English.- Ability to read, understand and comprehend documents such as safety rules, operating and maintenance instructions. Ability to interpret a variety of instructions furnished in written, oral, diagram, or schedule form.
Ability to speak effectively and interact with other team members, engineers, leadership and customers.

ExperienceOver two years manufacturing experience and /or training; or equivalent combination of education and experience preferred.
Licensed high/low voltage electrician is required.

EducationBachelor's degree and above, major in machinery, electric or relevant majors;

Physical ConditionThe employee is regularly required o stand for long periods. Duties include turning at the waist, reaching, bending, squatting and lifting up to 50 pounds. Ability to pass static strength requirements (grip)
Visual acuity including, but not limited to:
a. NEAR ACUITY - Clarity of vision at 20 inches or less. Use this factor when special and minute accuracy is demanded.
b. FAR ACUITY - Clarity of vision at 20 feet or more. Use this factor when visual efficiency in terms of far acuity is required in day and night/dark conditions.
c. DEPTH PERCEPTION - Three-dimensional vision. Ability to judge distances and spatial relationships so as to see objects where and as they actually are.
d. COLOR VISION - Ability to identify and distinguish colors.
e. FIELD OF VISION - Observing an area that can be seen up and down or to right or left while eyes are fixed on a given point.
The noise level in the work environment is usually moderate. Safety requirements for this position
are safety glasses, hearing protection and steel-toed work boots.

Other RequirementsMATHEMATICAL SKILLS -
Ability to add, subtract, multiply, and divide in all units of measure, using whole numbers, common fractions, and decimals.
REASONING ABILITY - Ability to solve practical problems and deal with a variety of variables.
COMPUTER SKILLS - Knowledge of and familiarity manufacturing software.
Can accept overtime during weekend and emergency fixing after work

Knowledge, Skills & Abilities utilized on the jobProfessional Knowledge, SkillsSkillful use of computer

Knowledge of electricity and machinery

Factory power distribution equipment design/installation

Power supply and distribution operation and electric safety

Certain observational ability and adaptability to changes;

Certain interpersonal skills;

Certain planning, organization and coordination ability;

Certain persuasive ability;

Be able to operate lifts and forklifts.

Training RequiredReceived training on special electrician.

Training regarding safety training.

V. Work Environment:
While performing the duties of this job, the employee is occasionally exposed to extreme heat. The noise level in the work environment is usually moderate. Safety requirements for this position
are safety glasses and steel-toed work boots.

VI. Key Performance Indicators:
1. Repair fee 2. Promote equipment availability; 3. MTBF, MTTR; 4. PM completion rate >95%",5121,https://workforcenow.adp.com/mascsr/default/mdf/recruitment/recruitment.html?cid=25319558-d6a9-48ab-93d2-99e4878a8ffc&ccId=19000101_000001&jobId=9201291961235_1&lang=en_US,,,,,,,no_match,,2026-09-27,,2026-10-10,,30,startDate,false,0,,,,,,2026-09-10,,false,15,67683,75878,78854,subset,Maintenance Engineer
9201287611180_1,Manufacturing Engineer - Coating Connection Department,Fuyao Glass America,,Full time,Posted 24 Days Ago,2026-09-03,37,"Moraine, OH, US",1,"Moraine, OH, US",false,,United States,,0,"I. Job ProfileJob TitleManufacturing EngineerDepartmentCoating Preassembly

Direct SupervisorLead SupervisorDirect SubordinatesNone

II. Job Summary：
Responsible for improving pretreatment product quality, reducing the scrap rate in the pretreatment production process, enhancing output;

III. Job Functions and Duties

NO.Representative Duties

1Analyze and improve manufacturing processes to increase efficiency and reduce waste.

2Develop, implement, and optimize production workflows, layouts, and standard work.

3Support new equipment installation and lead process validation.

4Collaborate with Quality, Maintenance, and Production teams to resolve issues.

5Monitor and report on key performance indicators (KPIs) such as cycle time, yield, and downtime.

6Support the launch of new automotive glass products and ensure smooth transition into mass production.

7Implement Lean Manufacturing and continuous improvement initiatives (e.g., Kaizen, 5S, Six Sigma).

8Other duties as assigned.

9Nothing in the Position Description restricts management's right to assign or re-assign duties and responsibilities to this job at any time.

IⅤ. Qualification

Job RequirementsLanguageLanguages spoken commonly in the workplace are English and/or Mandarin. - Ability to read, understand and comprehend documents such as safety rules, operating and maintenance instructions. Ability to interpret a variety of instructions furnished in written, oral, diagram, or schedule form.
Ability to speak effectively and interact with other team members, engineers, leadership, and customers.

EducationBachelor's or Master's degree in Mechanical Engineering, Industrial Engineering, Manufacturing Engineering, or a related field.

Physical ConditionThe employee is regularly required to stand for long periods. Duties include turning at the waist, reaching, bending, squatting and lifting up to 50 pounds. Ability to pass static strength requirements (grip). The noise level in the work environment is usually moderate. Safety requirements for this position are safety glasses, hearing protection and steel-toed work boots. Visual acuity including, but not limited to:
a. NEAR ACUITY - Clarity of vision at 20 inches or less. Use this factor when special and minute accuracy is demanded.
b. FAR ACUITY - Clarity of vision at 20 feet or more. Use this factor when visual efficiency in terms of far acuity is required in day and night/dark conditions.
c. DEPTH PERCEPTION - Three-dimensional vision. Ability to judge distances and spatial relationships so as to see objects where and as they actually are.
d. COLOR VISION - Ability to identify and distinguish colors.
e. FIELD OF VISION - Observing an area that can be seen up and down or to right or left while eyes are fixed on a given point.

Other Requirements MATHEMATICAL SKILLS - Ability to add, subtract, multiply, and divide in all units of measure, using whole numbers, common fractions, and decimals.
REASONING ABILITY - Ability to solve practical problems and deal with a variety of variables.
COMPUTER SKILLS - Knowledge of and familiarity manufacturing software.

Training Required Competent in solving difficult problems in production;

Familiar with production management knowledge and ability;

Competent in leading, communication, coordination, and organizational skills;

Skilled in coating technology, enhancing, and training subordinates;

V. Work Environment:
While performing the duties of this job, the employee is occasionally exposed to extreme heat. The noise level in the work environment is usually moderate. Safety requirements for this position are safety glasses and steel-toed work boots.

VI. Key Performance Indicators:
Output, Yield, Safety

Must be 18 years of age or older.

Fuyao Glass America Inc., Core Foundation Competencies including Ethics, Integrity, Values & Trust. Fuyao Glass America Inc. is An Equal Opportunity/Affirmative Action Employer. All qualified applicants will receive consideration for employment without regard to race, color, religion, sex, national origin, disability or protected veteran status.

Fuyao Glass America, Inc. is a Drug-Free Workplace.",4149,https://workforcenow.adp.com/mascsr/default/mdf/recruitment/recruitment.html?cid=25319558-d6a9-48ab-93d2-99e4878a8ffc&ccId=19000101_000001&jobId=9201287611180_1&lang=en_US,,,,,,,no_match,,2026-09-27,,2026-10-10,,37,startDate,true,0,,,,,,2026-09-03,,false,4,67558,67558,68177,subset,Manufacturing Engineer
9201287679982_1,Shift Supervisor - Lamination Department (2nd Shift),Fuyao Glass America,,Full time,Posted 24 Days Ago,2026-09-03,37,"Moraine, OH, US",1,"Moraine, OH, US",false,,United States,,0,"Job Title: Shift Supervisor

Job Summary：
1. Production safety (proper wear of PPEs)

2. Product quality (yield produced by each shift)

3. Productivity (pieces produced by each shift)

4. Job observation (associates’ skills/wait on the job/defects/on-site conditions/preparations)

5. Training (equipment operation, quality standards, process requirements and information feedback procedure)

6. Emergency issue handling (4M changes, sudden equipment breakdowns, production problems)

Job Functions:

• Conducting pre-shift meeting

• Assembly's process of finished products

• Guidance and leadership to personnel and motivation of Associates to reach

• Create grid whiteboard maintenance and direction to Associates

• Oversight of glass auditing and Plex entry

• Other duties as assigned

• Nothing in the Position Description restricts management's right to assign or re-assign duties and responsibilities to this job at any time

Qualifications:

• Languages spoken commonly in the workplace are English and Mandarin. Ability to read, understand and comprehend documents such as safety rules, operating and maintenance instructions. Ability to interpret a variety of instructions furnished in written, oral, diagram, or schedule form

• Ability to speak effectively and interact with other team members, engineers, leadership and customers

• 1 to 3 years manufacturing experience and /or training; or equivalent combination of education and experience preferred

• High School Diploma or General Education Degree (GED)

• The employee is regularly required to stand for long periods. Duties include turning at the waist, reaching, bending, squatting and lifting up to 50 pounds

• Ability to pass static strength requirements (grip)

• Clarity of vision at 20 inches or less. Use this factor when special and minute accuracy is demanded

• Clarity of vision at 20 feet or more. Use this factor when visual efficiency in terms of far acuity is required in day and night/dark conditions

• Three-dimensional vision. Ability to judge distances and spatial relationships so as to see objects where and as they actually are

•  Ability to identify and distinguish colors

• Observing an area that can be seen up and down or to right or left while eyes are fixed on a given point.

• The noise level in the work environment is usually moderate

• Safety requirements for this position are safety glasses, hearing protection and steel-toed work boots

• Ability to add, subtract, multiply, and divide in all units of measure, using whole numbers, common fractions, and decimals

• Ability to solve practical problems and deal with a variety of variables

• Knowledge of and familiarity manufacturing software

• FORKLIFT OPERATION (Certification Required)

• Operates forklifts, as needed, to support Production

• Background and policy of company, Processing of produce, safety requirement, and any necessary knowledge

• Knowledge of 5S and how it applies to specific work area

• Equipment and electric appliance's mechanical structures and operating principles

• Remember and understand <Material and Safety of processing menu book>

• Self working 90 days

• Familiar with operation 60 days

• Being a trainer 180 days

• Advisor 180 days

Must be 18 years of age or older.

Fuyao Glass America Inc., Core Foundation Competencies including Ethics, Integrity, Values & Trust. Fuyao Glass America Inc. is An Equal Opportunity/Affirmative Action Employer. All qualified applicants will receive consideration for employment without regard to race, color, religion, sex, national origin, disability or protected veteran status.

Fuyao Glass America, Inc. is a Drug-Free Workplace.",3683,https://workforcenow.adp.com/mascsr/default/mdf/recruitment/recruitment.html?cid=25319558-d6a9-48ab-93d2-99e4878a8ffc&ccId=19000101_000001&jobId=9201287679982_1&lang=en_US,,,,,,,no_match,,2026-09-27,,2026-10-10,,37,startDate,true,0,,,,,,2026-09-03,,false,,,,,,
9201282082123_1,Technical Supervisor - Coating Semi-Temp Lamination Department,Fuyao Glass America,,Full time,Posted 24 Days Ago,2026-09-03,37,"Moraine, OH, US",1,"Moraine, OH, US",false,,United States,,0,"Job Title: Technical Supervisor

Job Functions:

• Conducting pre-shift meeting

• Assembly's process of finished products

• Deployment of personnel on lines

• Guidance and leadership to personnel and motivation of Associates to reach

• Basic proficiency of every position on the line

• Other duties as assigned

• Nothing in the Position Description restricts management's right to assign or re-assign duties and responsibilities to this job at any time

• Shipping& Receiving
• Knowledge of Fuyao products and PLEX system
• Knowledge of shipping and receiving process
• Communication with FGA planners and customers
• Directing forklift drivers

• Training
•Production work instruction knowledge
• Knowledge of human resources and attendance system
•Train new employees to follow work instructions

• Inventory
• Daily confirmation of empty racks delivered
• Monthly empty rack inventory
• Monthly material inventory
• Maintenance of material warehouse product

• Invoices
• Knowledge of all FGA services
• Knowledge of billing methods
• Communications with FGA accounting

• Bookkeeping
• Organization of all shipping and receiving paperwork, invoices, employee information etc.

• Other duties as assigned

• Nothing in the Position Description restricts management's right to assign or re-assign duties and responsibilities to this job at any time

Qualifications:

• Languages spoken commonly in the workplace are English and Mandarin. - Ability to read, understand and comprehend documents such as safety rules, operating and maintenance instructions. Ability to interpret a variety of instructions furnished in written, oral, diagram, or schedule form.

• Ability to speak effectively and interact with other team members, engineers, leadership and customers.

• 1 to 3 years manufacturing experience and /or training; or equivalent combination of education and experience preferred.

• High School Diploma or General Education Degree (GED)

• The employee is regularly required o stand for long periods.

• Duties include turning at the waist, reaching, bending, squatting and lifting up to 50 pounds.

• Ability to pass static strength requirements (grip)

• Visual acuity including, but not limited to:

• a. NEAR ACUITY - Clarity of vision at 20 inches or less. Use this factor when special and minute accuracy is demanded.

• b. FAR ACUITY - Clarity of vision at 20 feet or more. Use this factor when visual efficiency in terms of far acuity is required in day and night/dark conditions.

• c. DEPTH PERCEPTION - Three-dimensional vision. Ability to judge distances and spatial relationships so as to see objects where and as they actually are.

• d. COLOR VISION - Ability to identify and distinguish colors.

• e. FIELD OF VISION - Observing an area that can be seen up and down or to right or left while eyes are fixed on a given point.

•  The noise level in the work environment is usually moderate. Safety requirements for this position

• are safety glasses, hearing protection and steel-toed work boots

• ""MATHEMATICAL SKILLS -

• Ability to add, subtract, multiply, and divide in all units of measure, using whole numbers, common fractions, and decimals.

• REASONING ABILITY - Ability to solve practical problems and deal with a variety of  variables.

• COMPUTER SKILLS - Knowledge of and familiarity manufacturing software.

• FORKLIFT OPERATION (Certification Required) - Operates forklifts, as needed, to support Production.""

• Background and policy of company, Processing of produce, safety requirement, and any necessary knowledge.

• Wearing of workshop personal protective equipment

• Function of the emergency stop switch

• Remember and understand <Material and Safety of processing menu book>

• Self working 90 days

• Familiar with operation 60 days

• Being a trainer 180 days

• Give advises 180 days

• Powered Industrial Truck Certification. Propane, Gas, or Stand up if applicable & Forklift Train the Trainer Certified

Work Environment:

• While performing the duties of this job, the employee is occasionally exposed to extreme heat. The noise level in the work environment is usually moderate. Safety requirements for this position are safety glasses and steel-toed work boots.

Must be 18 years of age or older.

Fuyao Glass America Inc., Core Foundation Competencies including Ethics, Integrity, Values & Trust. Fuyao Glass America Inc. is An Equal Opportunity/Affirmative Action Employer. All qualified applicants will receive consideration for employment without regard to race, color, religion, sex, national origin, disability or protected veteran status.

Fuyao Glass America, Inc. is a Drug-Free Workplace.",4666,https://workforcenow.adp.com/mascsr/default/mdf/recruitment/recruitment.html?cid=25319558-d6a9-48ab-93d2-99e4878a8ffc&ccId=19000101_000001&jobId=9201282082123_1&lang=en_US,,,,,,,no_match,,2026-09-27,,2026-10-10,,37,startDate,true,0,,,,,,2026-09-03,,false,,,,,,
9201284439756_1,Shift Supervisor - Coating Connection Department,Fuyao Glass America,,Full time,Posted 24 Days Ago,2026-09-03,37,"Moraine, OH, US",1,"Moraine, OH, US",false,,United States,,0,"Job Title: Shift Supervisor

Job Summary：
1. Production safety (proper wear of PPEs)

2. Product quality (yield produced by each shift)

3. Productivity (pieces produced by each shift)

4. Job observation (associates’ skills/wait on the job/defects/on-site conditions/preparations)

5. Training (equipment operation, quality standards, process requirements and information feedback procedure)

6. Emergency issue handling (4M changes, sudden equipment breakdowns, production problems)

Job Functions:

• Conducting pre-shift meeting

• Assembly's process of finished products

• Guidance and leadership to personnel and motivation of Associates to reach

• Create grid whiteboard maintenance and direction to Associates

• Oversight of glass auditing and Plex entry

• Other duties as assigned

• Nothing in the Position Description restricts management's right to assign or re-assign duties and responsibilities to this job at any time

Qualifications:

• Languages spoken commonly in the workplace are English and Mandarin. Ability to read, understand and comprehend documents such as safety rules, operating and maintenance instructions. Ability to interpret a variety of instructions furnished in written, oral, diagram, or schedule form

• Ability to speak effectively and interact with other team members, engineers, leadership and customers

• 1 to 3 years manufacturing experience and /or training; or equivalent combination of education and experience preferred

• High School Diploma or General Education Degree (GED)

• The employee is regularly required to stand for long periods. Duties include turning at the waist, reaching, bending, squatting and lifting up to 50 pounds

• Ability to pass static strength requirements (grip)

• Clarity of vision at 20 inches or less. Use this factor when special and minute accuracy is demanded

• Clarity of vision at 20 feet or more. Use this factor when visual efficiency in terms of far acuity is required in day and night/dark conditions

• Three-dimensional vision. Ability to judge distances and spatial relationships so as to see objects where and as they actually are

•  Ability to identify and distinguish colors

• Observing an area that can be seen up and down or to right or left while eyes are fixed on a given point.

• The noise level in the work environment is usually moderate

• Safety requirements for this position are safety glasses, hearing protection and steel-toed work boots

• Ability to add, subtract, multiply, and divide in all units of measure, using whole numbers, common fractions, and decimals

• Ability to solve practical problems and deal with a variety of variables

• Knowledge of and familiarity manufacturing software

• FORKLIFT OPERATION (Certification Required)

• Operates forklifts, as needed, to support Production

• Background and policy of company, Processing of produce, safety requirement, and any necessary knowledge

• Knowledge of 5S and how it applies to specific work area

• Equipment and electric appliance's mechanical structures and operating principles

• Remember and understand <Material and Safety of processing menu book>

• Self working 90 days

• Familiar with operation 60 days

• Being a trainer 180 days

• Give advises 180 days

Must be 18 years of age or older.

Fuyao Glass America Inc., Core Foundation Competencies including Ethics, Integrity, Values & Trust. Fuyao Glass America Inc. is An Equal Opportunity/Affirmative Action Employer. All qualified applicants will receive consideration for employment without regard to race, color, religion, sex, national origin, disability or protected veteran status.

Fuyao Glass America, Inc. is a Drug-Free Workplace.",3688,https://workforcenow.adp.com/mascsr/default/mdf/recruitment/recruitment.html?cid=25319558-d6a9-48ab-93d2-99e4878a8ffc&ccId=19000101_000001&jobId=9201284439756_1&lang=en_US,,,,,,,no_match,,2026-09-27,,2026-10-10,,37,startDate,true,0,,,,,,2026-09-03,,false,,,,,,
9201284440813_1,Shift Supervisor - Coating Lamination Department,Fuyao Glass America,,Full time,Posted 24 Days Ago,2026-09-03,37,"Moraine, OH, US",1,"Moraine, OH, US",false,,United States,,0,"Job Title: Shift Supervisor

Job Summary：
1. Production safety (proper wear of PPEs)

2. Product quality (yield produced by each shift)

3. Productivity (pieces produced by each shift)

4. Job observation (associates’ skills/wait on the job/defects/on-site conditions/preparations)

5. Training (equipment operation, quality standards, process requirements and information feedback procedure)

6. Emergency issue handling (4M changes, sudden equipment breakdowns, production problems)

Job Functions:

• Conducting pre-shift meeting

• Assembly's process of finished products

• Guidance and leadership to personnel and motivation of Associates to reach

• Create grid whiteboard maintenance and direction to Associates

• Oversight of glass auditing and Plex entry

• Other duties as assigned

• Nothing in the Position Description restricts management's right to assign or re-assign duties and responsibilities to this job at any time

Qualifications:

• Languages spoken commonly in the workplace are English and Mandarin. Ability to read, understand and comprehend documents such as safety rules, operating and maintenance instructions. Ability to interpret a variety of instructions furnished in written, oral, diagram, or schedule form

• Ability to speak effectively and interact with other team members, engineers, leadership and customers

• 1 to 3 years manufacturing experience and /or training; or equivalent combination of education and experience preferred

• High School Diploma or General Education Degree (GED)

• The employee is regularly required to stand for long periods. Duties include turning at the waist, reaching, bending, squatting and lifting up to 50 pounds

• Ability to pass static strength requirements (grip)

• Clarity of vision at 20 inches or less. Use this factor when special and minute accuracy is demanded

• Clarity of vision at 20 feet or more. Use this factor when visual efficiency in terms of far acuity is required in day and night/dark conditions

• Three-dimensional vision. Ability to judge distances and spatial relationships so as to see objects where and as they actually are

•  Ability to identify and distinguish colors

• Observing an area that can be seen up and down or to right or left while eyes are fixed on a given point.

• The noise level in the work environment is usually moderate

• Safety requirements for this position are safety glasses, hearing protection and steel-toed work boots

• Ability to add, subtract, multiply, and divide in all units of measure, using whole numbers, common fractions, and decimals

• Ability to solve practical problems and deal with a variety of variables

• Knowledge of and familiarity manufacturing software

• FORKLIFT OPERATION (Certification Required)

• Operates forklifts, as needed, to support Production

• Background and policy of company, Processing of produce, safety requirement, and any necessary knowledge

• Knowledge of 5S and how it applies to specific work area

• Equipment and electric appliance's mechanical structures and operating principles

• Self working 90 days

• Familiar with operation 60 days

• Being a trainer 180 days

• Advisor 180 days

Must be 18 years of age or older.

Fuyao Glass America Inc., Core Foundation Competencies including Ethics, Integrity, Values & Trust. Fuyao Glass America Inc. is An Equal Opportunity/Affirmative Action Employer. All qualified applicants will receive consideration for employment without regard to race, color, religion, sex, national origin, disability or protected veteran status.

Fuyao Glass America, Inc. is a Drug-Free Workplace.",3610,https://workforcenow.adp.com/mascsr/default/mdf/recruitment/recruitment.html?cid=25319558-d6a9-48ab-93d2-99e4878a8ffc&ccId=19000101_000001&jobId=9201284440813_1&lang=en_US,,,,,,,no_match,,2026-09-27,,2026-10-10,,37,startDate,true,0,,,,,,2026-09-03,,false,,,,,,
9201286838766_1,Manufacturing Engineer - Lamination Assembly Department,Fuyao Glass America,,Full time,Posted 24 Days Ago,2026-09-03,37,"Moraine, OH, US",1,"Moraine, OH, US",false,,United States,,0,"I. Job ProfileJob TitleManufacturing EngineerDepartmentLamination Assembly

Direct SupervisorLead SupervisorDirect SubordinatesNone

II. Job Summary：
Responsible for improving pretreatment product quality, reducing the scrap rate in the pretreatment production process, enhancing output;

III. Job Functions and Duties

NO.Representative Duties

1Analyze and improve manufacturing processes to increase efficiency and reduce waste.

2Develop, implement, and optimize production workflows, layouts, and standard work.

3Support new equipment installation and lead process validation.

4Collaborate with Quality, Maintenance, and Production teams to resolve issues.

5Monitor and report on key performance indicators (KPIs) such as cycle time, yield, and downtime.

6Support the launch of new automotive glass products and ensure smooth transition into mass production.

7Implement Lean Manufacturing and continuous improvement initiatives (e.g., Kaizen, 5S, Six Sigma).

8Other duties as assigned.

9Nothing in the Position Description restricts management's right to assign or re-assign duties and responsibilities to this job at any time.

IⅤ. Qualification

Job RequirementsLanguageLanguages spoken commonly in the workplace are English and/or Mandarin. - Ability to read, understand and comprehend documents such as safety rules, operating and maintenance instructions. Ability to interpret a variety of instructions furnished in written, oral, diagram, or schedule form.
Ability to speak effectively and interact with other team members, engineers, leadership, and customers.

EducationBachelor's or Master's degree in Mechanical Engineering, Industrial Engineering, Manufacturing Engineering, or a related field.

Physical ConditionThe employee is regularly required to stand for long periods. Duties include turning at the waist, reaching, bending, squatting and lifting up to 50 pounds. Ability to pass static strength requirements (grip). The noise level in the work environment is usually moderate. Safety requirements for this position are safety glasses, hearing protection and steel-toed work boots. Visual acuity including, but not limited to:
a. NEAR ACUITY - Clarity of vision at 20 inches or less. Use this factor when special and minute accuracy is demanded.
b. FAR ACUITY - Clarity of vision at 20 feet or more. Use this factor when visual efficiency in terms of far acuity is required in day and night/dark conditions.
c. DEPTH PERCEPTION - Three-dimensional vision. Ability to judge distances and spatial relationships so as to see objects where and as they actually are.
d. COLOR VISION - Ability to identify and distinguish colors.
e. FIELD OF VISION - Observing an area that can be seen up and down or to right or left while eyes are fixed on a given point.

Other Requirements MATHEMATICAL SKILLS - Ability to add, subtract, multiply, and divide in all units of measure, using whole numbers, common fractions, and decimals.
REASONING ABILITY - Ability to solve practical problems and deal with a variety of variables.
COMPUTER SKILLS - Knowledge of and familiarity manufacturing software.

Training Required Competent in solving difficult problems in production;

Familiar with production management knowledge and ability;

Competent in leading, communication, coordination, and organizational skills;

Skilled in coating technology, enhancing, and training subordinates;

V. Work Environment:
While performing the duties of this job, the employee is occasionally exposed to extreme heat. The noise level in the work environment is usually moderate. Safety requirements for this position are safety glasses and steel-toed work boots.

VI. Key Performance Indicators:
Output, Yield, Safety

Must be 18 years of age or older.

Fuyao Glass America Inc., Core Foundation Competencies including Ethics, Integrity, Values & Trust. Fuyao Glass America Inc. is An Equal Opportunity/Affirmative Action Employer. All qualified applicants will receive consideration for employment without regard to race, color, religion, sex, national origin, disability or protected veteran status.

Fuyao Glass America, Inc. is a Drug-Free Workplace.",4149,https://workforcenow.adp.com/mascsr/default/mdf/recruitment/recruitment.html?cid=25319558-d6a9-48ab-93d2-99e4878a8ffc&ccId=19000101_000001&jobId=9201286838766_1&lang=en_US,,,,,,,no_match,,2026-09-27,,2026-10-10,,37,startDate,true,0,,,,,,2026-09-03,,false,4,67558,67558,68177,subset,Manufacturing Engineer
9201287395131_1,Manufacturing Engineer - Lamination Assembly Department,Fuyao Glass America,,Full time,Posted 24 Days Ago,2026-09-03,37,"Moraine, OH, US",1,"Moraine, OH, US",false,,United States,,0,"I. Job ProfileJob TitleManufacturing EngineerDepartmentLamination Assembly

Direct SupervisorLead SupervisorDirect SubordinatesNone

II. Job Summary：
Responsible for improving pretreatment product quality, reducing the scrap rate in the pretreatment production process, enhancing output;

III. Job Functions and Duties

NO.Representative Duties

1Analyze and improve manufacturing processes to increase efficiency and reduce waste.

2Develop, implement, and optimize production workflows, layouts, and standard work.

3Support new equipment installation and lead process validation.

4Collaborate with Quality, Maintenance, and Production teams to resolve issues.

5Monitor and report on key performance indicators (KPIs) such as cycle time, yield, and downtime.

6Support the launch of new automotive glass products and ensure smooth transition into mass production.

7Implement Lean Manufacturing and continuous improvement initiatives (e.g., Kaizen, 5S, Six Sigma).

8Other duties as assigned.

9Nothing in the Position Description restricts management's right to assign or re-assign duties and responsibilities to this job at any time.

IⅤ. Qualification

Job RequirementsLanguageLanguages spoken commonly in the workplace are English and/or Mandarin. - Ability to read, understand and comprehend documents such as safety rules, operating and maintenance instructions. Ability to interpret a variety of instructions furnished in written, oral, diagram, or schedule form.
Ability to speak effectively and interact with other team members, engineers, leadership, and customers.

EducationBachelor's or Master's degree in Mechanical Engineering, Industrial Engineering, Manufacturing Engineering, or a related field.

Physical ConditionThe employee is regularly required to stand for long periods. Duties include turning at the waist, reaching, bending, squatting and lifting up to 50 pounds. Ability to pass static strength requirements (grip). The noise level in the work environment is usually moderate. Safety requirements for this position are safety glasses, hearing protection and steel-toed work boots. Visual acuity including, but not limited to:
a. NEAR ACUITY - Clarity of vision at 20 inches or less. Use this factor when special and minute accuracy is demanded.
b. FAR ACUITY - Clarity of vision at 20 feet or more. Use this factor when visual efficiency in terms of far acuity is required in day and night/dark conditions.
c. DEPTH PERCEPTION - Three-dimensional vision. Ability to judge distances and spatial relationships so as to see objects where and as they actually are.
d. COLOR VISION - Ability to identify and distinguish colors.
e. FIELD OF VISION - Observing an area that can be seen up and down or to right or left while eyes are fixed on a given point.

Other Requirements MATHEMATICAL SKILLS - Ability to add, subtract, multiply, and divide in all units of measure, using whole numbers, common fractions, and decimals.
REASONING ABILITY - Ability to solve practical problems and deal with a variety of variables.
COMPUTER SKILLS - Knowledge of and familiarity manufacturing software.

Training Required Competent in solving difficult problems in production;

Familiar with production management knowledge and ability;

Competent in leading, communication, coordination, and organizational skills;

Skilled in coating technology, enhancing, and training subordinates;

V. Work Environment:
While performing the duties of this job, the employee is occasionally exposed to extreme heat. The noise level in the work environment is usually moderate. Safety requirements for this position are safety glasses and steel-toed work boots.

VI. Key Performance Indicators:
Output, Yield, Safety

Must be 18 years of age or older.

Fuyao Glass America Inc., Core Foundation Competencies including Ethics, Integrity, Values & Trust. Fuyao Glass America Inc. is An Equal Opportunity/Affirmative Action Employer. All qualified applicants will receive consideration for employment without regard to race, color, religion, sex, national origin, disability or protected veteran status.

Fuyao Glass America, Inc. is a Drug-Free Workplace.",4149,https://workforcenow.adp.com/mascsr/default/mdf/recruitment/recruitment.html?cid=25319558-d6a9-48ab-93d2-99e4878a8ffc&ccId=19000101_000001&jobId=9201287395131_1&lang=en_US,,,,,,,no_match,,2026-09-27,,2026-10-10,,37,startDate,true,0,,,,,,2026-09-03,,false,4,67558,67558,68177,subset,Manufacturing Engineer
9201287640987_1,Data Control Engineer,Fuyao Glass America,,Full time,Posted 25 Days Ago,2026-09-02,38,"South Carolina, Fountain Inn, SC, US",1,"South Carolina, Fountain Inn, SC, US",false,,United States,,0,"I. Job ProfileJob TitleData Control EngineerDepartmentProcess Development

Direct SupervisorProcess ManagerDirect SubordinatesNone

II. Job Summary：
Ensure timely distribution and collection of technical process documents and its effective control, data reception and management.

III. Job Functions and Duties

NO.Representative Duties

1Responsible to keep data, drawings, and standards effectively archived in a controlled way.

2Responsible to release drawings, standards, and documents in a controlled manner.

3Responsible to maintain corresponding data in PLEX according to the application.

4Responsible to ensure correct part numbers are used for finished parts, wip, materials, and other part numbers used in the company.

5Other duties as assigned.

IⅤ. Qualification

Job RequirementsLanguageAbility to read and understand English documents as needed. Ability to speak effectively and interact with other team members, engineers, leadership, and auditors. Ability to speak, read and/or write Mandarin is a plus.

ExperienceTraining in computer applications.

EducationJunior college and above.

Physical ConditionThe employee is regularly required to stand or sit for long periods.                                                                                                                                                         Duties will include long periods ofviewing a computer monitor.

Other RequirementsOrganized.  Ability to follow company procedures and rules.

Knowledge, Skills & Abilities utilized on the jobProfessional  Knowledge, SkillsBasic document management knowledge.

Proficient in MS Office software such as Excel, Word, and Powerpoint.

Familiar with Outlook or e-mailing system.

Familiarity with APQP process is a plus.

Familiarity with PLEX management system is a plus.

Training RequiredOn the job training.

V. Work Environment:
Bright, clean and well-ventilated office building.While performing the duties of this job, the employee is occasionally exposed to extreme heat. The noise level in the work environment is usually moderate. Safety requirements for this position are safety glasses and steel-toed work boots.

VI. Key Performance Indicators:
Timely distribution of documents and accuracy of data.",2253,https://workforcenow.adp.com/mascsr/default/mdf/recruitment/recruitment.html?cid=25319558-d6a9-48ab-93d2-99e4878a8ffc&ccId=19000101_000001&jobId=9201287640987_1&lang=en_US,,,,,,,no_match,,2026-09-27,,2026-10-10,,38,startDate,true,0,,,,,,2026-09-02,,false,,,,,,
9201284015149_1,Supervisor in Training - Semi-Temp Lamination Assembly Dept,Fuyao Glass America,,Full time,Posted 26 Days Ago,2026-09-01,39,"Moraine, OH, US",1,"Moraine, OH, US",false,,United States,,0,"Job Description

I. Job ProfileJob TitleSupervisor in TrainingDepartmentSemi-Temp Lamination Assembly

Direct SupervisorLead SupervisorDirect SubordinatesCoordinator/Utility/Allocation Forklift

II. Job Summary：The Production Supervisor is responsible for overseeing and coordinating the activities of production workers on the manufacturing floor. They will ensure that production processes are carried out efficiently, safely, and according to established quality standards. The Production Supervisor will supervise production staff, assign tasks, monitor progress, and implement corrective actions as needed to meet production targets. Additionally, they will be responsible for maintaining a clean and organized work environment, enforcing safety regulations, and fostering a positive work culture. The Production Supervisor will work closely with other departments such as maintenance, quality control, and logistics to coordinate activities and resolve issues. They will also participate in continuous improvement initiatives to optimize production processes and enhance overall operational efficiency.

III. Job Functions and Duties

NO.Representative Duties

1Supervise and coordinate the activities of production workers on the shop floor.

2Ensure that production processes are carried out efficiently and according to established standards.

3Assign tasks to production workers and ensure that they are completed on time.

4Monitor production schedules and adjust as needed to meet production targets.

5Train new production workers and provide ongoing guidance and support to existing staff.

6Enforce safety regulations and ensure that all workers adhere to safety protocols.

7Maintain a clean and organized work environment to promote efficiency and safety.

8Conduct regular inspections of equipment and machinery to ensure proper functioning.

9Troubleshoot production issues and implement corrective actions to minimize downtime.

10Communicate with other departments such as maintenance, quality control, and logistics to coordinate activities and resolve issues.

11Monitor inventory levels and coordinate with procurement to ensure adequate supply of materials.

12Implement quality control measures to maintain product quality and consistency.

13Analyze production data and performance metrics to identify areas for improvement.

14Implement productivity improvement initiatives to optimize production processes.

15Address employee concerns and resolve conflicts as they arise.

16Conduct performance evaluations of production workers and provide feedback for improvement.

17Participate in meetings with management to provide updates on production activities and performance.

18Develop and maintain standard operating procedures for production processes.

19Collaborate with engineering teams to implement process improvements and new technologies.

20Ensure compliance with company policies and procedures.

21Manage production documentation and record-keeping.

22Foster a positive work culture that promotes teamwork, accountability, and continuous improvement.

IⅤ. Qualification

Job RequirementsLanguageLanguages spoken commonly in the workplace are English and Mandarin. - Ability to read, understand and comprehend documents such as safety rules, operating and maintenance instructions. Ability to interpret a variety of instructions furnished in written, oral, diagram, or schedule form.
Ability to speak effectively and interact with other team members, engineers, leadership and customers.

Experience1 year manufacturing experience and /or training; or equivalent combination of education and experience preferred.

EducationHigh School Diploma or General Education Degree (GED)

Physical ConditionThe employee is regularly required o stand for long periods. Duties include turning at the waist, reaching, bending, squatting and lifting up to 50 pounds. Ability to pass static strength requirements (grip)
Visual acuity including, but not limited to:
a. NEAR ACUITY - Clarity of vision at 20 inches or less. Use this factor when special and minute accuracy is demanded.
b. FAR ACUITY - Clarity of vision at 20 feet or more. Use this factor when visual efficiency in terms of far acuity is required in day and night/dark conditions.
c. DEPTH PERCEPTION - Three-dimensional vision. Ability to judge distances and spatial relationships so as to see objects where and as they actually are.
d. COLOR VISION - Ability to identify and distinguish colors.
e. FIELD OF VISION - Observing an area that can be seen up and down or to right or left while eyes are fixed on a given point.
The noise level in the work environment is usually moderate. Safety requirements for this position
are safety glasses, hearing protection and steel-toed work boots.

Other RequirementsMATHEMATICAL SKILLS -
Ability to add, subtract, multiply, and divide in all units of measure, using whole numbers, common fractions, and decimals.
REASONING ABILITY - Ability to solve practical problems and deal with a variety of variables.
COMPUTER SKILLS - Knowledge of and familiarity manufacturing software.
FORKLIFT OPERATION (Certification Required) - Operates forklifts, as needed, to support Production.

Knowledge, Skills & Abilities utilized on the jobProfessional Knowledge, Skills5s, Safety and cost

basic knowledge in Encapsulation

skilled in production management of each process

capable of technology problem analysis, judgment and problem-solving skills

knowledge in process technology, quality, equipment operating instructions and control programs

Familiar with safety and regulatory rules

Organization Ability

Coordination Ability

Communication skill, Implementation capacity

Training RequiredTWI Training

Yellow Belt Training

LPA Training

V. Work Environment: While performing the duties of this job, the employee is occasionally exposed to extreme heat. The noise level in the work environment is usually moderate. Safety requirements for this position
are safety glasses and steel-toed work boots.

VI. Key Performance Indicators: 5S, safety, output, qualified production ratio

Must be 18 years of age or older.
Fuyao Glass America Inc., Core Foundation Competencies including Ethics, Integrity, Values & Trust. Fuyao Glass America Inc. is An Equal Opportunity/Affirmative Action Employer. All qualified applicants will receive consideration for employment without regard to race, color, religion, sex, national origin, disability or protected veteran status.
Fuyao Glass America, Inc. is a Drug-Free Workplace.",6543,https://workforcenow.adp.com/mascsr/default/mdf/recruitment/recruitment.html?cid=25319558-d6a9-48ab-93d2-99e4878a8ffc&ccId=19000101_000001&jobId=9201284015149_1&lang=en_US,,,,,,,no_match,,2026-09-27,,2026-10-10,,39,startDate,true,0,,,,,,2026-09-01,,false,,,,,,
9201282964314_1,EHS Technician,Fuyao Glass America,,Full time,Posted 27 Days Ago,2026-08-31,40,"Moraine, OH, US",1,"Moraine, OH, US",false,,United States,,0,"Job Title: EH&S Technician

· Job Summary

o Responsible for providing a safe and healthy working environment for all employees. Implement improvement systems in order to eliminate work-related inquires and ensure all employees are educated in safe work conditions, practices, and safety requirements. Work with EHS leadership team to develop the EHS management systems to aim in maintaining the safe workplace expected.

· Job Functions

o Safety in the Work Environment:

§ Evaluate work environment to ensure safe practices are established to prevent injuries, accidents, and eliminate work hazards

§ Design and implement safety program to include PPE, hearing protection and noise mapping, heat stress, LOTO, confined space, hot permit program, electrical safety and fork truck safety, as part of the initial implementation plan

§ Provide safety direction and/or guidance to on-site contractors to ensure compliance with FGA safety rules, policies, and procedures

o Accident/Injury Investigation:

§ Conduct accident investigations immediately upon notice of accident and/or injury; complete within 24 hours at the latest

§ Document interviews with employees and witnesses to the accident/injury.

§ Identify root cause analysis and implement corrective actions

§ Communicate details of accident and/or injury to EH&S Assistant Manager and/or Manager

§ Complete and submit, if necessary, worker's compensation report, OSHA log, and other regulatory agencies, including environmental reporting

§ Update and maintain injury and accident statistics to evaluate performance level of program

o Establish a Culture of Safety:

§ Instill a culture of safety throughout the organization

§ Conduct contractor safety training to ensure contractors comply with FGA safety rules,procedures, policies, and perform work in a safe manner

§ Provide integrated solutions to potential safety hazards

§ Act as a EHS resource to plant management

§ Provide technical support and assist in resolving safety issues to aid production and maintenance goals

o Industrial Hygiene Program:

§ Support industrial hygiene sampling and monitoring as requested

o Other duties as assigned

o Nothing in the position description restricts management’s right to assign or re-assign duties and responsibilities to this job at any time

· Qualifications

o Experience in automotive manufacturing environment preferred

o EH&S Experience required

o High School diploma and 7+ years of experience OR Associate/ Bachelor’s Degree in Industrial Safety, Safety Engineering, Environmental Engineering, or equivalent degree

o Ability to add, subtract, multiply, and divide in all units of measure, using whole numbers, common fractions, and decimals

o Ability to solve practical problems and deal with a variety of variables

o Knowledge of and familiarity manufacturing software

o Knowledge of and ability to achieve auditor certification for relevant ISO standards is required

o Languages spoken commonly in the workplace are English and Mandarin. - Ability to read, understand and comprehend documents such as safety rules, operating and maintenance instructions. Ability to interpret a variety of instructions furnished in written, oral, diagram, or schedule form.

Ability to speak effectively and interact with other team members, engineers,leadership and customers

o OSHA Compliance and Regulations; Familiar with Code of Federal Regulations; State and Federal Environmental Regulations; Strong knowledge of safety practices and programs in manufacturing environment's 14001. Ability to develop, improve, and enforce standards and policies related to the Occupational Health and Safety Management System, including ISO 45001 efforts

o Excellent computer skills using Microsoft Office, PLEX; Development of Safety Improvement Plans; Experienced Trainer on EHS subjects/courses

o Above average interpersonal skills; Strong verbal and written communication skills; Teamwork to help build strong work relationships; Leadership;

o Planning and Organization

o Ability to obtain CPR/First Aid/AED Certification",4094,https://workforcenow.adp.com/mascsr/default/mdf/recruitment/recruitment.html?cid=25319558-d6a9-48ab-93d2-99e4878a8ffc&ccId=19000101_000001&jobId=9201282964314_1&lang=en_US,,,,,,,no_match,,2026-09-27,,2026-10-10,,40,startDate,true,0,,,,,,2026-08-31,,false,,,,,,
9201284826081_1,Component Design and Development Engineer,Fuyao Glass America,,,Posted 30 Days Ago,2026-08-28,43,"Plymouth, MI, US",1,"Plymouth, MI, US",false,,United States,,0,"Job Description

Position:  Component Engineer

Classification: Exempt

Direct Supervisor:  Design and Development Supervisor

Backup: Design and Development Manager

Related KPI:

Summary/Objectives:

The Design & Development Component Engineer ensures the timely and accurate development, improvement, and validation of automotive accessories and components. This position plays a critical role in controlling product design and development processes while supporting the applicable sales area. The engineer will work closely with suppliers, manufacturing teams, and quality assurance to optimize product performance and compliance with industry standards.

Essential Functions:

• Lead the development of accessories, from feasibility evaluation to final validation.

• Conduct product quotations, technical planning, and development in coordination with sales and engineering teams.

• Develop components based on customer drawings and specifications, ensuring accuracy in design and application.

• Oversee supplier selection, accessory code applications, and standard conversions for new components.

• Validate and approve first-batch production samples, ensuring alignment with drawings and specifications.

• Assist procurement and quality assurance in supplier audits and QTS recognition.

• Track accessory development progress, maintain accessory code catalogs, and manage sample production.

• Prepare technical documents, inspection reports, and testing results for first article recognition.

• Verify and optimize technical processes for accessory installation tools.

• Develop and update standard operating procedures (SOPs) for accessory development and production.

• Support cross-functional teams in continuous improvement initiatives, including:

• Kaizen implementation

• Cross-training efforts

• Problem-solving and defect reduction

• Participate in failure mode and effects analysis (FMEA) to mitigate design risks.

• Ensure compliance with relevant automotive industry standards, including IATF 16949.

• Other duties as assigned.

Competencies:

• Technical Skills:

• Strong knowledge of CAD software (AutoCAD, UG NX, CATIA, Pro/E).

• Experience with component design, mold structures, and processing technologies.

• Understanding of accessory bonding processes and vehicle glazing system components.

• Familiarity with polymer materials, small injection molding, and stamping die development.

• Problem-Solving & Analytical Skills:

• Ability to analyze engineering data and solve practical design and manufacturing challenges.

• Strong mathematical skills, including proficiency in unit conversions and cost analysis.

• Project & Supplier Management:

• Experience in project management, APQP processes, and supplier development.

• Knowledge of raw materials, processing costs, and accessory manufacturing capabilities.

• Industry Standards & Compliance:

• TS16949, Six Sigma, and process improvement methodologies.

• Understanding of five automotive reference manuals.

• Communication & Collaboration:

• Fluency in English (reading, writing, and speaking); Mandarin proficiency is a plus.

• Strong ability to interact effectively with team members, leadership, engineers, and customers.

• Experience in preparing technical reports and conducting training sessions.

Physical Demands:

While performing the duties of this job, the employee is regularly required to talk or hear. The employee frequently is required to: stand, walk, and reach with hands and arms. The position involves sitting, walking, and lifting 15 pounds for long periods throughout the day.

Position Type/Expected Hours of Work:

This is a full-time position. Days and hours of work are Monday through Friday, see Production Manager for hours. Occasional evening and weekend work may be required.

Travel:

Little travel is expected for this position.

Required Education and Experience:

• Bachelor’s Degree in Mechanical Engineering (or related field).

• Experience with Computer-Aided Design (CAD) software (UG NX and/or CATIA V5).

• Knowledge of GD&T principles.

• 1 to 3 years of experience in manufacturing, engineering, or component development.

Preferred Education and Experience:

• Bachelor's degree in Mechanical Engineering, Electrical Engineering, or a related field.

• Bilingual in English and Chinese is plus

Other Duties:

Please note this job description is not designed to cover or contain a comprehensive listing of activities, duties, or responsibilities that are required of the employee for this job. Duties, responsibilities, and activities may change at any time with or without notice.",4637,https://workforcenow.adp.com/mascsr/default/mdf/recruitment/recruitment.html?cid=25319558-d6a9-48ab-93d2-99e4878a8ffc&ccId=19000101_000001&jobId=9201284826081_1&lang=en_US,,,,,,,no_match,,2026-09-27,,2026-10-10,,43,startDate,true,0,,,,,,2026-08-28,,false,,,,,,
9201283879384_1,Product Development Engineer,Fuyao Glass America,,Full time,Posted 32 Days Ago,2026-08-26,45,"Moraine, OH, US",1,"Moraine, OH, US",false,,United States,,0,"Job Description

I. Job ProfileJob TitleProduct Development EngineerDepartmentProduct and Customer Service Department

Direct SupervisorProgram Development ManagerDirect SubordinatesNone

II. Job Summary：
Ensure effective control of product development and modification processes. Responsible for planning, verifying, confirming, maintaining, and promoting new product processes, improve product development quality and reduce development costs. Assist with reviewing commercial quotation materials and lists.

III. Job Functions and Duties

NO.Representative Duties

1Responsible to keep data, drawings, and standards effectively archived in a controlled way.

2Responsible for development and confirmation of product standard requirements.

3Responsible for Product Development APQP tasks as per IATF16949 and company internal process (Advanced Product Quality Planning) tasks including documentation.

4Responsible for implementation of Engineering Change Notices.

5Responsible for technical analysis and development of new products.

6Responsible to lead Tooling Engineers, Process Engineers, and Packaging Engineers for requirements of their programs.

7Responsible to monitor and aid the sample build and shipping process.

8Responsible to track product status in production trials and acceptance of debugging parts.

9Responsible to follow TS16949 and customer standards and internal development process.

10Other duties as assigned

IⅤ. Qualification

Job RequirementsLanguageAbility to read and understand English documents as needed. Ability to speak effectively and interact with other team members, engineers, leadership and customers. Ability to speak, read and/or write Mandarin is a plus.

Experience1 or more years manufacturing experience and /or training; or equivalent combination of education and experience preferred.

EducationBachelor's Degree and above, major in mechanical engineering or related STEM degree.

Physical ConditionAble to travel. Able to work in a manufacturing environment.

Other RequirementsExperienced with manufacturing processes. Knowledge of automotive glass production a plus.

Knowledge, Skills & Abilities utilized on the jobProfessional Knowledge, SkillsProficient in office software such as WORD, EXCEL, Power Point, & Outlook

Proficient in three-dimensional software UG, CATIA, and AutoCAD.

Experience in APQP documents such as [failure mode (FMEA), BOM, process flow diagram, DVP&R, etc.]

Experience in project development is preferred.

Training Required3 to 6 months at start may be spent in production environment for training purposes.

Shadow current PE with his program to gain experience

V. Work Environment:
Bright, clean and well-ventilated office building.While performing the duties of this job, the employee is occasionally exposed to extreme heat. The noise level in the work environment is usually moderate. Safety requirements for this position are safety glasses and steel-toed work boots.

VI. Key Performance Indicators:
Documentation timing and accuracy.",3031,https://workforcenow.adp.com/mascsr/default/mdf/recruitment/recruitment.html?cid=25319558-d6a9-48ab-93d2-99e4878a8ffc&ccId=19000101_000001&jobId=9201283879384_1&lang=en_US,,,,,,,no_match,,2026-09-27,,2026-10-10,,45,startDate,true,0,,,,,,2026-08-26,,false,10,67102,67683,69526,title,Product Development Engineer
9201281210248_1,Maintenance Supervisor,Fuyao Glass America,,Full time,Posted 33 Days Ago,2026-08-25,46,"Moraine, OH, US",1,"Moraine, OH, US",false,,United States,,0,"Job Description

I. Job ProfileJob TitleMaintenance SupervisorDepartmentSystem Engineering Department

Direct SupervisorMaintenance Manager/Assistant ManagerDirect SubordinatesMaintenance Technician

II. Job Summary：
Responsible for abrupt equipment failure maintenance, preventive equipment maintenance, and fulfilling tasks assigned by Equipment Maintenance Manager;

III. Job Functions and Duties

NO.Representative Duties

1Responsible for abrupt equipment failure maintenance and preventive maintennace and inspection;Upon receipt of failure notice from workshop, arrive at the site in the shortest time less than 15min, maintain and inspect equipment in strict compliance with plan and, if cannot perform maintenance plan for any reason, report to the superior;

2Responsible for organizing equipment debugging, acceptance, identification, SOP preparation and personal training; Supervise the installation quality, partcipate in equipment debugging and provide equipment acceptance after up to the process and technical requirement;

3Responsible for preparing equipment operation and maintenance SOP, training supervisor and equipment operation; Train supervisor and equipment maintenance and prepare equipment operation and maintenance SOP for the accepted equipment;

4Responsible for preparing technical transformation plan for energy saving. Actively introduce new technology and improve old system for energy saving.

5Nothing in the Position Description restricts management's right to assign or re-assign duties and responsibilities to this job at any time

IⅤ. Qualification

Job RequirementsLanguageLanguages spoken commonly in the workplace are English and/or Mandarin - Ability to read, understand and comprehend documents such as safety rules, operating and maintenance instructions. Ability to interpret a variety of instructions furnished in written, oral, diagram, or schedule form.
Ability to speak effectively and interact with other team members, engineers, leadership and customers.

ExperienceAt least two years manufacturing experience and /or training; or equivalent combination of education and experience preferred.Electrowelding certificate

EducationJunior college or above, major in mechinery, electric or relevant majors;

Physical ConditionThe employee is regularly required o stand for long periods. Duties include turning at the waist, reaching, bending, squatting and lifting up to 50 pounds. Ability to pass static strength requirements (grip)
Visual acuity including, but not limited to:
a. NEAR ACUITY - Clarity of vision at 20 inches or less. Use this factor when special and minute accuracy is demanded.
b. FAR ACUITY - Clarity of vision at 20 feet or more. Use this factor when visual efficiency in terms of far acuity is required in day and night/dark conditions.
c. DEPTH PERCEPTION - Three-dimensional vision. Ability to judge distances and spatial relationships so as to see objects where and as they actually are.
d. COLOR VISION - Ability to identify and distinguish colors.
e. FIELD OF VISION - Observing an area that can be seen up and down or to right or left while eyes are fixed on a given point.
The noise level in the work environment is usually moderate. Safety requirements for this position
are safety glasses, hearing protection and steel-toed work boots.

Other RequirementsMATHEMATICAL SKILLS -
Ability to add, subtract, multiply, and divide in all units of measure, using whole numbers, common fractions, and decimals.
REASONING ABILITY - Ability to solve practical problems and deal with a variety of variables.
COMPUTER SKILLS - Knowledge of and familiarity manufacturing software.

Knowledge, Skills & Abilities utilized on the jobProfessional Knowledge, SkillsFamiliar with computer operation;

Master machinery knowledge.

Familiar with glass production process;

Familiar with basic knoledge about the machinery and electrics;

Familiar with the basic structure of glass production equipment;

Mechanical technician should master ""four understandings and three know-hows"", four understands are understand principle, structure, performance and usage; three know-hows are how to use, how to maintain and how to troubleshoot.

Equipment design/installation, deal with complex problems and failure relating to electrowelding and gas cutting;

Observational ability and strain capacity;

Interpersonal skill;

Strong planning, organization and coordinate ability;

Persuasive ability.

Training RequiredReceived professional training regarding electrowelding and gas cutting;

V. Work Environment:
While performing the duties of this job, the employee is occasionally exposed to extreme heat. The noise level in the work environment is usually moderate. Safety requirements for this position are safety glasses and steel-toed work boots.

VI. Key Performance Indicators:
1. Repair fee 2. PM comliance rate >95% 3. promote equipment availability 4. MTTR & MTBF 5. Spare part inventory",4949,https://workforcenow.adp.com/mascsr/default/mdf/recruitment/recruitment.html?cid=25319558-d6a9-48ab-93d2-99e4878a8ffc&ccId=19000101_000001&jobId=9201281210248_1&lang=en_US,,,,,,,no_match,,2026-09-27,,2026-10-10,,46,startDate,true,0,,,,,,2026-08-25,,false,,,,,,
9201281138594_1,Material Planner - Purchasing Dept,Fuyao Glass America,,Full time,Posted 34 Days Ago,2026-08-24,47,"Moraine, OH, US",1,"Moraine, OH, US",false,,United States,,0,"Job Description

I. Job ProfileJob TitleMaterial PlannerDepartmentPurchasing Department

Direct SupervisorAssistant Material Planning ManagerDirect SubordinatesN/A

II. Job Summary：
Responsible for material planning, buliding inventory balance, releasing purchase requestion and monitoring depleteion, reducing aged inventory level.

III. Job Functions and Duties

NO.Representative Duties

1Responsible for preparing raw material reserve planning;

2Responsible for releasing material purchase requisition (PR), follow up PR execution;

3Responsible for arranging raw material arriving schedule according to production schedule, monitor inventory level to keep turnover day balance;

4Responsible for monitoring raw material depletion comply to First In First Out, push aged raw material consumption;

5Responsible for reviewing sales order, process whether raw material can't meet demand;

6Responsible for organizing engineering material changes (when necessary, such as supply-side changes)

7Responsible for ensuring daily work comply to work instruction, reach Key Performance Indicators (KPIs)

8Responsible for handling emergencies, such as urgent procurement and disqualified batches, etc.

9Other duties as assigned

10Nothing in the Position Description restricts management's right to assign or re-assign duties and responsibilities to this job at any time

IⅤ. Qualification

Job RequirementsLanguageLanguages spoken commonly in the workplace are English and/or Mandarin. - Ability to read, understand and comprehend documents such as safety rules, operating and maintenance instructions. Ability to interpret a variety of instructions furnished in written, oral, diagram, or schedule form.
Ability to speak effectively and interact with other team members, engineers, leadership and customers.

Experience1. Major in supply chain;
2. 1 year experience with supply chain (inventory planning, scheduling & procurement)
or equivalent combination of education and experience preferred.

EducationPreferably degree from accredited college

Physical ConditionWhile performing the duties of this job, the employee is frequently required to sit, stoop, reach, bend, stand, walk, lift, pull, push, grasp, talk, hear, see, and lift up to 10 pounds. Specific vision abilities required by this job include close vision such as reading handwritten and or typed material and having the ability to stay focused. Adaptive to high stress environment.

Other RequirementsProficient in the use of Microsoft sofeware. Prefer have knowledge of PLEX/ SAP/ Oracle MRP function.

Knowledge, Skills & Abilities utilized on the jobProfessional Knowledge, SkillsGood sense of data, dedicate with data analysis, ability to multitask and prioritize

Excellent planning ability.Experience working with large data sets.

Understand procurement process, logistic concept.

Must be able to posses a high level of confidentiality Knowledge and skills

Training RequiredFuyao internal manufacture workflow

Fuyao policy/ management/ safety munual

Supply chain/Material Planning strategy

IATF16949 for Class A&B&CD OEM planner

V. Work Environment:
Safety requirements for this position are safety glasses and steel-toed work boots when visit production line.

VI. Key Performance Indicators:
Turnover Days of Float Glass --for Class A (float glass) material planner only
Turnover Days of Inventory PVB --for Class A (PVB) material planner only
Turnover Days of Inventory Components --for Class B/C/D material planner only
Cutting rate of float glass (Tempering/Lamination/ARG) --for Class A (float glass) material planner only
Obsolete Inventory rate --general for all material planner
Purchasing on time delivery rate--general for all material planner
Purchase Orders Close On Time --general for all material planner
Fulfill Rate --general for all material planner
CIP Proposal --general for all material planner

Must be 18 years of age or older.
Fuyao Glass America Inc., Core Foundation Competencies including Ethics, Integrity, Values & Trust. Fuyao Glass America Inc. is An Equal Opportunity/Affirmative Action Employer. All qualified applicants will receive consideration for employment without regard to race, color, religion, sex, national origin, disability or protected veteran status.
Fuyao Glass America, Inc. is a Drug-Free Workplace.",4329,https://workforcenow.adp.com/mascsr/default/mdf/recruitment/recruitment.html?cid=25319558-d6a9-48ab-93d2-99e4878a8ffc&ccId=19000101_000001&jobId=9201281138594_1&lang=en_US,,,,,,,no_match,,2026-09-27,,2026-10-10,,47,startDate,true,0,,,,,,2026-08-24,,false,5,60000,62795,67454,subset,Material Planner
9201278391744_1,Product Development Engineer - ARG Development Dept,Fuyao Glass America,,Full time,Posted 37 Days Ago,2026-08-21,50,"Dayton, Moraine, OH, US",1,"Dayton, Moraine, OH, US",false,,United States,,0,"Job Title: Product Development Engineer

Job Summary:

Responsible for new product and tooling development. Execute tooling/fixtures designs, optimization, and preventative troubleshooting in coordinate with product processes; ensure production's stability and efficiency.

Job Functions:

• Responsible for development of new products; Identify product development risk for new project.

• Responsible for confirmation of product standard requirements based on customer requests.

• Responsible for design, verification, and debugging of new product and fixtures based on project target, timeline, and budget; Ensure newly-developed tooling associated with specific product to be effective;

• Responsible to monitor and aid the new product sample build with related tooling and fixtures.

• Responsible for improving current fixture by optimizing designs, mechanisms or technical specification; Avoid such similar issues encountered in future development projects based on gathered experiences.

• Responsible for solving technical problems during project development and production.

• Familiar with relevant quality system, TS16949 and five tools.

• Other duties as assigned.

• Nothing in the Position Description restricts management's right to assign or re-assign duties and responsibilities to this job at any time.

Qualification

• Ability to read and understand English documents as needed. Ability to speak effectively and interact with other team members, engineers, leadership and customers. Ability to speak, read and/or write Mandarin is a plus.

• 1 or more years manufacturing experience and /or training; or equivalent combination of education and experience preferred.

• Bachelor's degree or above, major in mechanical engineering or technology.

• Healthy.  Able to travel.  Able to work in a manufacturing environment.

• Experienced with manufacturing processes.  Knowledge of automotive glass production a plus.

• Proficient in office software such as WORD, EXCEL, Power Point, & Outlook

• Proficient in three-dimensional software UG, CATIA, and AutoCAD.

• Experience in APQP documents such as [failure mode (FMEA), BOM, process flow diagram, DVP&R, etc.]

• Experience in project development is preferred.

• 3 to 6 months at start may be spent in production environment for training purposes.

Work Environment:

• Bright, clean and well-ventilated office building. While performing the duties of this job, the employee is occasionally exposed to extreme heat. The noise level in the work environment is usually moderate. Safety requirements for this position are safety glasses and steel-toed work boots.

Must be 18 years of age or older.
Fuyao Glass America Inc., Core Foundation Competencies including Ethics, Integrity, Values & Trust. Fuyao Glass America Inc. is An Equal Opportunity/Affirmative Action Employer. All qualified applicants will receive consideration for employment without regard to race, color, religion, sex, national origin, disability or protected veteran status.
Fuyao Glass America, Inc. is a Drug-Free Workplace.",3071,https://workforcenow.adp.com/mascsr/default/mdf/recruitment/recruitment.html?cid=25319558-d6a9-48ab-93d2-99e4878a8ffc&ccId=19000101_000001&jobId=9201278391744_1&lang=en_US,,,,,,,no_match,,2026-09-27,,2026-10-10,,50,startDate,true,0,,,,,,2026-08-21,,false,10,67102,67683,69526,subset,Product Development Engineer
9201280631361_1,Quality Control Technician,Fuyao Glass America,,,Posted 38 Days Ago,2026-08-20,51,"Decatur, IL, US",1,"Decatur, IL, US",false,,United States,,0,"Below duties are required, additional duties can be added and required.

Prepare and maintain test data for review

Ensure compliance with federal and state laws along with company standards and specifications

Perform inspections across all phases of production

Evaluate datea, noting relevant deviations

Communnicate quality concersn with urgency

REQUIRES:

Must have a high school education.

Must have adequate working knowledge of mathematics, must have mental ability to obtain working knowledge of all equipment used and must be tactful and courteous in dealing with production personnel.

Must have the ability to work independently, with little supervision

Must be available to work 12 hr shift

Job Type: Full-time

Benefits:

• 401(k)

• 401(k) matching

• Dental insurance

• Employee assistance program

• Health insurance

• Health savings account

• Life insurance

• Paid time off

• Vision insurance

Experience:

• quality control: 2 years (Required)

Work Location: In person

12 hr rotating shift; 7a - 7p; 7p - 7a",1038,https://workforcenow.adp.com/mascsr/default/mdf/recruitment/recruitment.html?cid=25319558-d6a9-48ab-93d2-99e4878a8ffc&ccId=19000101_000001&jobId=9201280631361_1&lang=en_US,,,,,,,no_match,,2026-09-27,,2026-10-10,,51,startDate,true,0,,,,,,2026-08-20,,false,,,,,,
9201277340055_1,Manufacturing Data Analyst - ARG Accessory B,Fuyao Glass America,,Full time,Posted 39 Days Ago,2026-08-19,52,"Moraine, OH, US",1,"Moraine, OH, US",false,,United States,,0,"I. Job ProfileJob TitleManufacturing Data AnalystDepartmentARG Pre-assembly

Direct SupervisorLead SupervisorDirect SubordinatesNone

II. Job Summary：
1. Verify data in Plex, in charge of correcting and standardizing the Plex operation and provide training to guarantee the accuracy of the system.
2. Collect, analyze, track and supervise the implementation of important data of the department, such as KPI data, weekly reports, monthly reports, handling of overdue inventory, writing of work instructions, etc.

III. Job Functions and Duties

NO.Representative Duties

1Collect, clean, and organize large datasets from multiple systems, including ERP (Enterprise Resource Planning), MES (Manufacturing Execution System), sensor networks, and inventory platforms such as Plex.

2Perform quantitative analysis and build predictive models to uncover trends in production efficiency, material usage, and quality deviations.

3Generate automated reports and interactive dashboards for cross-functional teams (manufacturing, quality, supply chain, finance), highlighting key performance indicators (KPIs) such as yield, OEE (Overall Equipment Effectiveness), and scrap rates.

4Conduct root cause analysis on production inefficiencies and quality issues; provide actionable insights that support process improvement and cost reduction initiatives.

5Utilize statistical software for hypothesis testing, regression analysis, and variance analysis in support of operational decision-making.

6Apply financial and operational modeling techniques to optimize production scheduling, reduce inventory holding costs, and improve ROI on capital equipment.

7Develop and maintain data pipelines and analytical frameworks that ensure data accuracy, integrity, and scalability.

8Collaborate with production teams and train operators and engineers on data collection methods, dashboard interpretation, and continuous improvement practices.

10Apply financial modeling techniques to evaluate ROI on capital equipment investments and analyze trade-offs in production scheduling, labor allocation, and raw material purchasing strategies.

11Build operational and financial forecasting models integrating manufacturing KPIs with budgeting and cash flow planning, directly supporting monthly variance analysis and strategic decision-making. Ensure accurate barcode-based packing and inventory tracking, integrating logistics data with financial reconciliation systems to support timely and accurate cost-of-goods-sold (COGS) reporting.

12Support and hoc financial analysis, including cost-benefit analyses for new process implementations and budgeting impact projections for new production lines.

13Nothing in the Position Description restricts management's right to assign or re-assign duties and responsibilities to this job at any time.

IⅤ. Qualification

Job RequirementsLanguageLanguages spoken commonly in the workplace are English and/or Mandarin. - Ability to read, understand and comprehend documents such as safety rules, operating and maintenance instructions. Ability to interpret a variety of instructions furnished in written, oral, diagram, or schedule form.
Ability to speak effectively and interact with other team members, engineers, leadership and customers.
English-Chinese (Preferred)

ExperienceMore than one year working experience

EducationBachelor's degree and above

Physical ConditionThe employee is regularly required to be in good health, available to work long time with computer, and bear high stress

Other RequirementsMATHEMATICAL SKILLS -
Ability to add, subtract, multiply, and divide into all units of measure, using whole numbers, common fractions, and decimals.
REASONING ABILITY - Ability to solve practical problems and deal with a variety of variables.
COMPUTER SKILLS - Knowledge of and familiarity manufacturing software.

Knowledge, Skills & Abilities utilized on the jobProfessional Knowledge, SkillsFamiliar with company's production process and Plex operation

Familiar with EXCEL and other office software, need strong data analysis ability

Good logic ability, strong data analysis ability

Familiar with supply chain management

Training RequiredPRP operation

PRP management

Management method for material planning

Operation training for supply chain management and logistics management

Program manual

V. Work Environment:
While performing the duties of this job, the employee is occasionally exposed to extreme heat. The noise level in the work environment is usually moderate. Safety requirements for this position are safety glasses, steel-toed work boots and reflective vests.

VI. Key Performance Indicators:
On time shipments-OEM/On time shipments_ARG/Improvement project earnings_1K/Days of Inventory WIP/Days of Inventory FG(OEM)/Hourly employee OT hours_Hr/Month/FBT/GT production batch

Might work on 2nd or 3rd shift
Must be 18 years of age or older.
Fuyao Glass America Inc., Core Foundation Competencies including Ethics, Integrity, Values & Trust. Fuyao Glass America Inc. is An Equal Opportunity/Affirmative Action Employer. All qualified applicants will receive consideration for employment without regard to race, color, religion, sex, national origin, disability or protected veteran status.
Fuyao Glass America, Inc. is a Drug-Free Workplace.",5299,https://workforcenow.adp.com/mascsr/default/mdf/recruitment/recruitment.html?cid=25319558-d6a9-48ab-93d2-99e4878a8ffc&ccId=19000101_000001&jobId=9201277340055_1&lang=en_US,,,,,,,no_match,,2026-09-27,,2026-10-10,,52,startDate,true,0,,,,,,2026-08-19,,false,,,,,,
9201280363742_1,Facility Maintenance Technician,Fuyao Glass America,,Full time,Posted 39 Days Ago,2026-08-19,52,"Moraine, OH, US",1,"Moraine, OH, US",false,,United States,,0,"I. Job ProfileJob TitleFacility Maintenance TechnicianDepartmentSystem Engineering Department

Direct SupervisorFacility Maintenance ManagerDirect SubordinatesNone

II. Job Summary：
Help maintain the facility and its functions. Correct safety related items. Keep the plant clean and functional. Install signage as needed. Install equipment and maintain.

III. Job Functions and Duties

NO.Representative Duties

1General repairs to buildings, and grounds equipment to include plumbing, electrical, ice machines, water coolers, and painting.

2Remove, replace & repair facility safety related problems (bolts, mirror balls, parking posts, etc.)

3Help in office and furniture moves

4Seasonal grounds preparation and maintenance

5Assist in office cleaning up and trash removal

6Install signage throughout the plant

7Coordinate facility doors repair and upgrade

8Other duties as assigned

9Nothing in the Position Description restricts management's right to assign or reassign duties and responsibilities to this job at any time

IⅤ. Qualification

Job RequirementsLanguageLanguages spoken commonly in the workplace are English and/or Mandarin. - Ability to read, understand and comprehend documents such as safety rules, operating and maintenance instructions. Ability to interpret a variety of instructions furnished in written, oral, diagram, or schedule form.
Ability to speak effectively and interact with other team members, engineers, leadership and customers.

Experience1 to 3 years’  manufacturing experience and /or training; or equivalent combination of education and experience preferred.

EducationHigh School Diploma or General Education Degree (GED)

Physical ConditionThe employee is regularly required to stand for long periods.
Duties include turning at the waist, reaching, bending, squatting and lifting to 50 pounds.
Ability to pass static strength requirements (grip)
Visual acuity including but not limited to:
a. NEAR ACUITY - Clarity of vision at 20 inches or less. Use this factor when special and minute accuracy is demanded.
b. FAR ACUITY - Clarity of vision at 20 feet or more. Use this factor when visual efficiency in terms of far acuity is required in day and night/dark conditions.
c. DEPTH PERCEPTION - Three-dimensional vision. Ability to judge distances and spatial relationships to see objects where and as they are.
d. FIELD OF VISION - Observing an area that can be seen up and down or to right or left while eyes are fixed on a given point.
The noise level in the work environment is usually moderate. Safety requirements for this position
are safety glasses, hearing protection and steel-toed work boots.

Other RequirementsMATHEMATICAL SKILLS -
Ability to add, subtract, multiply, and divide into all units of measure, using whole numbers, common fractions, and decimals.
REASONING ABILITY - Ability to solve practical problems and deal with a variety of variables.
COMPUTER SKILLS - Knowledge of and familiarity manufacturing software.

Knowledge, Skills & Abilities utilized on the jobProfessional Knowledge, SkillsBe mechanically inclined

Proficient in the use of handheld and power tools

Self-driven able to work with minimal or no supervision

Be able to work with employees at all levels of the organization.

Training RequiredOperation and use of floor scrubbers

LOTO

Arc Flash

Confined space

Fall protection

Forklift driver, scissor lift, and boom lift

V. Work Environment:
While performing the duties of this job, the employee is occasionally exposed to extreme heat. The noise level in the work environment is usually moderate. Safety requirements for this position are safety glasses and steel-toed work shoes.

VI. Key Performance Indicators:
ØOEE
ØNumbers of delayed invoices rate
ØPM completion rate
ØRepair fee_$/M2",3783,https://workforcenow.adp.com/mascsr/default/mdf/recruitment/recruitment.html?cid=25319558-d6a9-48ab-93d2-99e4878a8ffc&ccId=19000101_000001&jobId=9201280363742_1&lang=en_US,,,,,,,no_match,,2026-09-27,,2026-10-10,,52,startDate,true,0,,,,,,2026-08-19,,false,,,,,,
9201280361302_1,Lead Facility Technician,Fuyao Glass America,,Full time,Posted 39 Days Ago,2026-08-19,52,"Moraine, OH, US",1,"Moraine, OH, US",false,,United States,,0,"I. Job ProfileJob TitleLead Facility TechnicianDepartmentSystem Engineering Department

Direct SupervisorFacility Maintenance SupervisorDirect SubordinatesNone

II. Job Summary：
Responsible for the daily operation and supervision of the plant waste and recycling team, including employee management, waste collection and sorting activities, transportation, workplace organization.

III. Job Functions and Duties

NO.Representative Duties

1Manage daily waste and recycling operations, including staffing, work areas, collection routes, and schedules, to ensure timely completion of assigned tasks.

2Collect, sort, and transport waste and recyclable materials from designated areas according to established routes and schedules.

3Properly separate general waste, recyclables, and production waste and dispose of them in designated areas according to company requirements.

4Follow EHS, PPE, and safety requirements when handling broken glass, sharp objects, and other production waste, and promptly report hazardous waste, spills, or other abnormal conditions.

5Properly operate waste carts, hand trucks, compactors, and other related equipment; perform routine inspections and report any issues promptly.

6Maintain 5S standards in waste collection points, storage areas, and assigned work areas to ensure a clean, safe, and organized workplace.

7Oversee equipment, tools, and 5S conditions within assigned areas, and coordinate the resolution of equipment or workplace issues.

8Coordinate with Production, EHS, and other departments to resolve operational issues and continuously improve staffing, collection routes, and work methods to enhance safety and efficiency.

9Nothing in the Position Description restricts management's right to assign or re-assign duties and responsibilities to this job at any time

IⅤ. Qualification

Job RequirementsLanguageLanguages spoken commonly in the workplace are English and/or Mandarin. - Ability to read, understand and comprehend documents such as safety rules, operating and maintenance instructions. Ability to interpret a variety of instructions furnished in written, oral, diagram, or schedule form.
Ability to speak effectively and interact with other team members, engineers, leadership and customers.

Experience1+ year experience in manufacturing, warehouse, or waste management

EducationHigh School Diploma or General Education Degree (GED)

Physical ConditionThe employee is regularly required to stand for long periods.
Duties include turning at the waist, reaching, bending, squatting and lifting up to 50 pounds.
Ability to pass static strength requirements (grip)
Visual acuity including, but not limited to:
a. NEAR ACUITY - Clarity of vision at 20 inches or less. Use this factor when special and minute accuracy is demanded.
b. FAR ACUITY - Clarity of vision at 20 feet or more. Use this factor when visual efficiency in terms of far acuity is required in day and night/dark conditions.
c. DEPTH PERCEPTION - Three-dimensional vision. Ability to judge distances and spatial relationships so as to see objects where and as they actually are.
d. FIELD OF VISION - Observing an area that can be seen up and down or to right or left while eyes are fixed on a given point.
The noise level in the work environment is usually moderate. Safety requirements for this position
are safety glasses, hearing protection and steel-toed work boots.

Other RequirementsMATHEMATICAL SKILLS -
Ability to add, subtract, multiply, and divide in all units of measure, using whole numbers, common fractions, and decimals.
REASONING ABILITY - Ability to solve practical problems and deal with a variety of variables.
COMPUTER SKILLS - Knowledge of and familiarity manufacturing software.

Knowledge, Skills & Abilities utilized on the jobProfessional Knowledge, SkillsBe mechanically inclined

Proficient in the use of hand held and power tools

Self-driven able to work with minimal or no supervision

Be able to work with employees at all levels of the organization.

Training RequiredGeneral Safety & OSHA Training – OSHA General Safety, Hazard Communication (HazCom), and basic Lockout/Tagout (LOTO) awareness.

PPE & Injury Prevention Training – Proper PPE use and cut-injury prevention.

Waste Handling Safety Training – Broken Glass Handling and Sharp Waste Disposal.

Emergency Response Training – Chemical Spill Response and Fire Extinguisher Use.

Equipment Safety Training – Forklift Training/Certification,Equipment Operation Training.

V. Work Environment:
While performing the duties of this job, the employee is occasionally exposed to extreme heat. The noise level in the work environment is usually moderate. Safety requirements for this position are safety glasses and steel-toed work shoes.

VI. Key Performance Indicators:
1.Waste Collection On-Time Completion Rate
2.Safety & 5S Compliance Rate",4856,https://workforcenow.adp.com/mascsr/default/mdf/recruitment/recruitment.html?cid=25319558-d6a9-48ab-93d2-99e4878a8ffc&ccId=19000101_000001&jobId=9201280361302_1&lang=en_US,,,,,,,no_match,,2026-09-27,,2026-10-10,,52,startDate,true,0,,,,,,2026-08-19,,false,,,,,,
9201280359293_1,Facility Maintenance Engineer,Fuyao Glass America,,Full time,Posted 39 Days Ago,2026-08-19,52,"Moraine, OH, US",1,"Moraine, OH, US",false,,United States,,0,"I. Job ProfileJob TitleFacility Maintenance EngineerDepartmentSystem Engineering Department

Direct SupervisorFacility Maintenance SupervisorDirect SubordinatesNone

II. Job Summary：
Responsible for reliable operation, preventive maintenance, troubleshooting, repair, improvement and project coordination of facility systems; ensure safe, compliant and efficient facility support to production.

III. Job Functions and Duties

NO.Representative Duties

1Respond to facility equipment breakdowns and perform timely troubleshooting, corrective repairs and preventive maintenance for buildings, offices and facility support equipment.

2Conduct routine inspections, analyze equipment performance and service life, identify failure risks, and develop preventive maintenance plans to minimize downtime.

3Prepare spare-part specifications, analyze inventory levels, submit purchase requests, and recommend inventory optimization based on equipment needs.

4Support equipment modifications, facility improvement projects, and track project progress to ensure timely completion.

5Manage grounds, landscaping, snow removal, plant and office cleaning, pest control, waste management, and facility support services.

6Maintain facility support equipment, including sweepers, floor scrubbers, golf carts, radios, drinking water equipment, ice makers, and other facility support items.

7Maintain building interiors, loading docks, doors, locks, signage, fences, mirrors, bollards and other facility safety infrastructure.

8Coordinate maintenance of elevators, cranes and hoists and provide civil/site support for sewer and lift-station work.

9Maintain maintenance records, work orders, equipment documentation and KPI reports; analyze downtime and recommend improvements.

10Translate and edit technical documents and provide bilingual communication support when required.

11Nothing in the Position Description restricts management's right to assign or re-assign duties and responsibilities to this job at any time

IⅤ. Qualification

Job RequirementsLanguageLanguages spoken commonly in the workplace are English and/or Mandarin. - Ability to read, understand and comprehend documents such as safety rules, operating and maintenance instructions. Ability to interpret a variety of instructions furnished in written, oral, diagram, or schedule form.
Ability to speak effectively and interact with other team members, engineers, leadership and customers.

Experience3 years above experience in facility maintenance, utility systems, building maintenance or industrial maintenance.

EducationBachelor’s degree or above in Mechanical, Electrical, Facility, Engineering or related field.

Physical ConditionThe employee is regularly required to stand for long periods.
Duties include turning at the waist, reaching, bending, squatting and lifting up to 50 pounds.
Ability to pass static strength requirements (grip)
Visual acuity including, but not limited to:
a. NEAR ACUITY - Clarity of vision at 20 inches or less. Use this factor when special and minute accuracy is demanded.
b. FAR ACUITY - Clarity of vision at 20 feet or more. Use this factor when visual efficiency in terms of far acuity is required in day and night/dark conditions.
c. DEPTH PERCEPTION - Three-dimensional vision. Ability to judge distances and spatial relationships so as to see objects where and as they actually are.
d. FIELD OF VISION - Observing an area that can be seen up and down or to right or left while eyes are fixed on a given point.
The noise level in the work environment is usually moderate. Safety requirements for this position
are safety glasses, hearing protection and steel-toed work boots.

Other RequirementsMATHEMATICAL SKILLS -
Ability to add, subtract, multiply, and divide in all units of measure, using whole numbers, common fractions, and decimals.
REASONING ABILITY - Ability to solve practical problems and deal with a variety of variables.
COMPUTER SKILLS - Knowledge of and familiarity manufacturing software.

Knowledge, Skills & Abilities utilized on the jobProfessional Knowledge, SkillsMechanical/electrical fundamentals; HVAC; pumps/piping; compressed air; water/wastewater; facility systems.

Preventive maintenance, troubleshooting, lubrication, inspection, emergency response.

Project coordination, shutdown planning, commissioning, contractor supervision and schedule tracking.

Self-driven able to work with minimal or no supervision

Be able to work with employees at all levels of the organization.

Training RequiredGeneral Safety & OSHA Training – OSHA General Safety, Hazard Communication (HazCom), and basic Lockout/Tagout (LOTO) awareness.

PPE & Injury Prevention Training – Proper PPE use and cut-injury prevention.

Waste Handling Safety Training – Broken Glass Handling and Sharp Waste Disposal.

Emergency Response Training – Chemical Spill Response and Fire Extinguisher Use.

Equipment Safety Training – Forklift Training/Certification,Equipment Operation Training.

V. Work Environment:
1.While performing the duties of this job, the employee is occasionally exposed to extreme heat. The noise level in the work environment is usually moderate. Safety requirements for this position are safety glasses and steel-toed work shoes.
2.Able to support overtime, shutdowns, weekends and emergency/on-call response when required.

VI. Key Performance Indicators:
1.Facility & Utility Reliability
2.Maintenance Efficiency
3.Spare Parts Readiness
4.Work Order Management
5.Safety Performance
6.Project Delivery",5525,https://workforcenow.adp.com/mascsr/default/mdf/recruitment/recruitment.html?cid=25319558-d6a9-48ab-93d2-99e4878a8ffc&ccId=19000101_000001&jobId=9201280359293_1&lang=en_US,,,,,,,no_match,,2026-09-27,,2026-10-10,,52,startDate,true,0,2026-09-28,,,,,2026-08-19,,false,15,67683,75878,78854,subset,Maintenance Engineer
9201280268837_1,Allocation Forklift / Packaging Workshop 8am to 5pm,Fuyao Glass America,,Full time,Posted 39 Days Ago,2026-08-19,52,"Moraine, OH, US",1,"Moraine, OH, US",false,,United States,,0,"Job Title: Allocation Forklift

Job Functions:

Knowledge of organizational structure of Assembly

Job Summary：Loading/unloading of float glass. This position will require additional forklift skills in order to move glass safely and efficiently

Job Function:

• Support loading/unloading of raw material semi-finished product, and finished product

• Be responsible for storage location

• Inspect fork lift for maintenance needs and provide to Maintenance for regularly scheduled maintenance

• Responsible for scanning product, truck assignments, and storage location in the PLEX system

• Responsible for health and safety within every operation

• Assist team with processes toward continued improvement

• Perform 6S and housekeeping duties

• Assists and participates with other plant projects as needed

• Other duties as assigned

• Nothing in the Position Description restricts management's right to assign or re-assign duties and responsibilities to this job at any time

Qualifications

• Languages spoken commonly in the workplace are English and Mandarin. Ability to read, understand and comprehend documents such as safety rules, operating and maintenance instructions. Ability to interpret a variety of instructions furnished in written, oral, diagram, or schedule form

• Ability to speak effectively and interact with other team members, engineers, leadership and customers

• 1 to 3 years manufacturing experience and /or training; or equivalent combination of education and experience preferred

• High School Diploma or General Education Degree(GED)

• The employee is regularly required o stand for long periods. Duties include turning at the waist, reaching, bending, squatting and lifting up to 50 pounds. Ability to pass static strength requirements (grip)

• Visual acuity including, but not limited to:

• Clarity of vision at 20 inches or less. Use this factor when special and minute accuracy is demanded

• Clarity of vision at 20 feet or more. Use this factor when visual efficiency in terms of far acuity is required in day and night/dark conditions

• Three-dimensional vision. Ability to judge distances and spatial relationships so as to see objects where and as they actually are

• Ability to identify and distinguish colors

• Observing an area that can be seen up and down or to right or left while eyes are fixed on a given point

• The noise level in the work environment is usually moderate. Safety requirements for this position are safety glasses, hearing protection and steel-toed work boots

• Ability to add, subtract, multiply, and divide in all units of measure, using whole numbers, common fractions, and decimals

• Ability to solve practical problems and deal with a variety of variables

• Knowledge of and familiarity manufacturing software

• Must be proficient in metric system and have adequate reading skills

• If an associate transfers from one position to a second position, he/she should remain in the second position for a minimum of six months prior to bidding on another job

• No active discipline above a Verbal Warning

• Good attendance record

• Interested associates should turn in a signed Job Interest Form by you and your supervisor to the Human Resource office, or place in the Job Interest Box

• Forklift driver and material handler experience preferred

• Proficiency in ERP/Microsoft Office

• Safety and goal oriented

• Self-motivated with excellent communication and interpersonal skills

• Knowledgeable of work instructions and TS16949 systems

• Fuyao Fork Lift License

• Packaging/Building Cardboard containers

The position’s preparation before production (including forklift recovery and charging)

Delivery of empty racks and crates (wood, steel) to lines

Transfer of packed and banded crates from lines to staging area

Removal of defect racks and transport to designated location

Effective and efficient forklift operating technique

Must be 18 years of age or older.

Fuyao Glass America Inc., Core Foundation Competencies including Ethics, Integrity, Values & Trust. Fuyao Glass America Inc. is An Equal Opportunity/Affirmative Action Employer. All qualified applicants will receive consideration for employment without regard to race, color, religion, sex, national origin, disability or protected veteran status.

Fuyao Glass America, Inc. is a Drug-Free Workplace.

8am to 5pm - 1st Shift",4387,https://workforcenow.adp.com/mascsr/default/mdf/recruitment/recruitment.html?cid=25319558-d6a9-48ab-93d2-99e4878a8ffc&ccId=19000101_000001&jobId=9201280268837_1&lang=en_US,,,,,,,no_match,,2026-09-27,,2026-10-10,,52,startDate,true,0,,,,,,2026-08-19,,false,,,,,,
9201278953767_1,Mold Maker Tig Welder - 1st Shift,Fuyao Glass America,,Full time,Posted 40 Days Ago,2026-08-18,53,"Moraine, OH, US",1,"Moraine, OH, US",false,,United States,,0,"Job Description

I. Job ProfileJob TitleMold MakerDepartmentTechnology Development Department

Direct SupervisorScreen Print Workshop SupervisorDirect SubordinatesNone

II. Job Summary：
1. Finish molds and simple tooling making for glass with good quality in time; 2. Changes of simple tooling

III. Job Functions and Duties

NO.Representative Duties

1Finish molds and simple tooling making for glass with good quality in time;

2Change simple tooling of the production line.

3 Take charge of daily 5S work of the workshop.

4Other duties as assigned

5Nothing in the Position Description restricts management's right to assign or re-assign duties and responsibilities to this job at any time

IⅤ. Qualification

Job RequirementsLanguageLanguages spoken commonly in the workplace are English and/or Mandarin. - Ability to read, understand and comprehend documents such as safety rules, operating and maintenance instructions. Ability to interpret a variety of instructions furnished in written, oral, diagram, or schedule form.
Ability to speak effectively and interact with other team members, engineers, leadership and customers.

ExperienceNot required;

EducationSecondary school or above (those with production experience are preferred);

Physical ConditionThe employee is regularly required o stand for long periods.                                                                                                                                                         Duties include turning at the waist, reaching, bending, squatting and lifting up to 50 pounds.                                                                                                                                                         Ability to pass static strength requirements (grip)
Visual acuity including, but not limited to:
a. NEAR ACUITY - Clarity of vision at 20 inches or less. Use this factor when special and minute accuracy is demanded.
b. FAR ACUITY - Clarity of vision at 20 feet or more. Use this factor when visual efficiency in terms of far acuity is required in day and night/dark conditions.
c. DEPTH PERCEPTION - Three-dimensional vision. Ability to judge distances and spatial relationships so as to see objects where and as they actually are.
d. COLOR VISION - Ability to identify and distinguish colors.
e. FIELD OF VISION - Observing an area that can be seen up and down or to right or left while eyes are fixed on a given point.
The noise level in the work environment is usually moderate. Safety requirements for this position
are safety glasses, hearing protection and steel-toed work boots.

Other RequirementsMATHEMATICAL SKILLS -
Ability to add, subtract, multiply, and divide in all units of measure, using whole numbers, common fractions, and decimals.
REASONING ABILITY - Ability to solve practical problems and deal with a variety of  variables.
COMPUTER SKILLS - Knowledge of and familiarity manufacturing software.

Knowledge, Skills & Abilities utilized on the jobProfessional  Knowledge, SkillsBe acquainted with the flow of glass production;

Be acquainted with the rules and regulations of the Company;

Be acquainted with relevant product standards;

Be the master of professional skills of mold making for laminated glass;

Understand the requirements of product drawings;

Be the master of the standard of acceptance for the molds of laminated glass.

Abilities of communication and coordination

Training RequiredElectric welder certificate;

V. Work Environment:
While performing the duties of this job, the employee is occasionally exposed to extreme heat. The noise level in the work environment is usually moderate. Safety requirements for this position
are safety glasses and steel-toed work boots.

VI. Key Performance Indicators:
Timeliness rate or completion rate of mold making;

Must be 18 years of age or older.

Fuyao Glass America Inc., Core Foundation Competencies including Ethics, Integrity, Values & Trust. Fuyao Glass America Inc. is An Equal Opportunity/Affirmative Action Employer. All qualified applicants will receive consideration for employment without regard to race, color, religion, sex, national origin, disability or protected veteran status.
Fuyao Glass America, Inc. is a Drug-Free Workplace

1ST SHIFT",4268,https://workforcenow.adp.com/mascsr/default/mdf/recruitment/recruitment.html?cid=25319558-d6a9-48ab-93d2-99e4878a8ffc&ccId=19000101_000001&jobId=9201278953767_1&lang=en_US,,,,,,,no_match,,2026-09-27,,2026-10-10,,53,startDate,true,0,,,,,,2026-08-18,,false,,,,,,
9201274730063_1,Warehouse Supervisor - Float Glass - Logistics-Storage Dept,Fuyao Glass America,,Full time,Posted 41 Days Ago,2026-08-17,54,"Dayton, Moraine, OH, US",1,"Dayton, Moraine, OH, US",false,,United States,,0,"I. Job ProfileJob TitleFloat Glass Warehouse SupervisorDepartment Logistics-Storage

Direct SupervisorStorage ManagerDirect SubordinatesFloat Glass Keeper

II. Job Summary：
1, create and improve warehouse management;
2, carry out the annual comprehensive warehouse planning;
3, guide and supervise the quality management work;
4, quality problems and accident treatment;
5, continuous quality improvement.

III. Job Functions and Duties

NO.Representative Duties

1Report to the Storage Manager and timely complete the tasks arranged by company leaders.

2Responsible for float glass warehouse/PVB storage capacity, storage environment, location planning. Conscientiously implement the material the materials warehouse management system procedures and rules.

3Responsible for float glass receiving, shipping, storage, and inventory management, collect and evaluate the issues for daily cycle counting.

4Inspect materials storage quality (environment, expired/defective materials management) at regular intervals, do inspection records and re-certify unqualified items, dispose defective items according to the leader's instruction reports.

5Strict implement/monitor the First in-First out management of float glass and PVB. Submit the re-inspection application for expired materials, dispose the materials according to the report after inspection.

6Execute management of 5S, environment and fire safety of our department.

7Responsible for float glass receiving, shipping, inventory transfer, incoming inspection. Improve inventory accracy and effectiveness.

8Responsible for monthly (daily) cycle counting , and summarize, analyze, adjust for the results.

9Responsible for training new employees to grasp knowledge and job skills.

10Inform the inventory structure and status timely, propose unreasonable inventory details and disposal recommendations in order to reduce the risk of supply the lack of materials and overstock and stockpile.

11Other duties as assigned

12Nothing in the Position Description restricts management's right to assign or re-assign duties and responsibilities to this job at any time

IⅤ. Qualification

Job RequirementsLanguageLanguages spoken commonly in the workplace are English and/or Mandarin.
Ability to read, understand and comprehend documents such as safety rules, operating and maintenance instructions.
Ability to interpret a variety of instructions furnished in written, oral, diagram, or schedule form.
Ability to speak effectively and interact with other team members, engineers, leadership and customers.
Bilingual: English-Chinese (Preferred)

Experience1 to 3 years manufacturing experience and /or training; or equivalent combination of education and experience preferred.

EducationBachelor’s degree (or college diploma) in Logistics, Supply Chain Management, Materials Science, Mechanical Engineering, or a related field is preferred; relevant experience in float glass or industrial warehousing may substitute for formal education.

Physical ConditionThe employee is regularly required to stand or sit for long periods. Duties will include long periods of viewing a computer monitor.

Other Requirements MATHEMATICAL SKILLS - Ability to add, subtract, multiply, and divide in all units of measure, using whole numbers, common fractions, and decimals.
REASONING ABILITY - Ability to solve practical problems and deal with a variety of  variables.
COMPUTER SKILLS - Knowledge of and familiarity manufacturing software.

Knowledge, Skills & Abilities utilized on the jobProfessional  Knowledge, Skillsglass manufacturing principle and process flow; warehousing logistics management;

the use of logistics supply chain management analysis to solve problems;5 s knowledge management and upgrade the level of the scene, the department and individual;

strong ability of planning, organization, coordination;

strong ability of communication, to persuade;

strong analytical ability and innovative ability;

Training RequiredWith glass production technology training, field management, logistics management theory;

V. Work Environment:
While performing the duties of this job, the employee is occasionally exposed to extreme heat. The noise level in the work environment is usually moderate. Safety requirements for this position are safety glasses and steel-toed work boots.

VI. Key Performance Indicators:
Cycle Count Adjustments Class A
- Obsolete Inventory rate
- Improvement project earnings
- Receive PO delay
- Broken in transportation Float glass

This is a 1st Shift position
Must be 18 years of age or older.
Fuyao Glass America Inc., Core Foundation Competencies including Ethics, Integrity, Values & Trust. Fuyao Glass America Inc. is An Equal Opportunity/Affirmative Action Employer. All qualified applicants will receive consideration for employment without regard to race, color, religion, sex, national origin, disability or protected veteran status.
Fuyao Glass America, Inc. is a Drug-Free Workplace.",4970,https://workforcenow.adp.com/mascsr/default/mdf/recruitment/recruitment.html?cid=25319558-d6a9-48ab-93d2-99e4878a8ffc&ccId=19000101_000001&jobId=9201274730063_1&lang=en_US,,,,,,,no_match,,2026-09-29,,2026-10-10,,54,startDate,true,0,,,,,,2026-08-17,,false,,,,,,
9201276305563_1,Fire Alarm and Life Safety Engineer,Fuyao Glass America,,Full time,Posted 41 Days Ago,2026-08-17,54,"Moraine, OH, US",1,"Moraine, OH, US",false,,United States,,0,"I. Job ProfileJob TitleFire Alarm and Life Safety EngineerDepartmentSystem Engineering Department

Direct SupervisorUtility Maintenance ManagerDirect SubordinatesNone

II. Job Summary:
1. Responsible for the reliability, compliance, maintenance, and lifecycle management of plant fire alarm and life safety systems.
2. Plans inspections, testing, preventive maintenance, repairs, system improvements, and emergency restoration activities.
3. Coordinates contractors, EHS, Facility, Production, Security, monitoring companies, and authorities having jurisdiction as required.

III. Job Functions and Duties

NO.Representative Duties

1Manage fire alarm and life safety systems, including control panels, initiating devices, notification appliances, sprinkler supervisory and waterflow signals, fire pump signals, emergency lighting, exit signs, fire doors, fire/smoke dampers, and special suppression interfaces.

2Maintain a complete equipment register, point list, panel/network inventory, zone map, riser interface list, and current system status for all covered facilities.

3Develop and maintain daily, weekly, monthly, quarterly, semiannual, annual, and multi-year inspection, testing, and preventive maintenance plans.

4Review and respond to fire alarm, supervisory, trouble, disabled, bypassed, and communication conditions; coordinate timely repair and restoration.

5Lead or support functional testing of alarm initiation, notification, central-station transmission, fire pump signals, air-handling shutdown, door release, elevator recall, smoke control, gas shutoff, and other approved cause-and-effect functions.

6Administer fire protection impairment procedures, including system isolation, notifications, fire watch, temporary protection, restoration, and closure documentation.

7Review fire alarm and life safety drawings, point lists, sequence of operations, battery calculations, voltage-drop calculations, network diagrams, product submittals, and as-built documents.

8Plan and coordinate new installations, modifications, replacements, permitting support, commissioning, acceptance testing, and turnover documentation.

9Manage contractors, service agreements, quotations, purchase requests, schedules, site access, safety requirements, and vendor performance.

10Maintain compliance with applicable fire alarm, fire protection, electrical, building, and life safety requirements, including company standards and adopted codes.

11Maintain inspection reports, test records, annual tags, deficiency logs, repair records, permits, warranties, software backups, and system programming documentation.

12Investigate nuisance alarms, repeat trouble conditions, device failures, communication issues, and other recurring problems; complete root-cause analysis and corrective action.

13Develop critical spare-parts plans and lifecycle replacement strategies for panels, power supplies, batteries, modules, detectors, notification devices, and communication equipment.

14Provide emergency response and after-hours support for fire alarm and life safety system failures, impairments, and restoration activities.

15Provide technical training and operating guidance to Facility, Utility, Security, EHS, and other affected personnel.

16Nothing in the Position Description restricts management's right to assign or re-assign duties and responsibilities to this job at any time.

IV. Qualification

Job RequirementsLanguageEnglish is required. Mandarin is preferred but not required. Ability to read, understand, and interpret safety rules, codes, drawings, specifications, operating instructions, maintenance manuals, test reports, and written procedures. Ability to communicate effectively with technicians, engineers, leadership, contractors, inspectors, and emergency-response personnel.

ExperienceThree or more years of experience with fire alarm, life safety, fire protection, electrical controls, or related building systems in an industrial, manufacturing, commercial, or institutional environment. Experience with addressable fire alarm systems, central-station monitoring, sprinkler monitoring, and system commissioning is preferred.

EducationBachelor’s degree in electrical engineering, Fire Protection Engineering, Mechanical Engineering, Engineering Technology, or a related field; or an equivalent combination of education, technical training, and relevant experience.

Physical ConditionThe employee is regularly required to stand, walk, climb stairs, use ladders or lifts, bend, reach, and work in equipment rooms, production areas, and rooftop locations. The position may require lifting to 50 pounds and working in hot, cold, noisy, dusty, or outdoor conditions. Visual acuity, color recognition, depth perception, and the ability to read device labels, wiring, drawings, and test instruments are required. Required personal protective equipment may include safety glasses, hearing protection, steel-toed footwear, fall protection, and electrical PPE as applicable.

Other RequirementsAbility to troubleshoot electrical and low-voltage circuits, analyze practical problems, manage multiple priorities, and work independently. Must be able to support scheduled shutdowns, emergency response, occasional overtime, and after-hours work. Knowledge of permit, impairment, LOTO, electrical safety, and contractor-control procedures is required. NICET Fire Alarm Systems certification or equivalent manufacturer training is preferred.

Knowledge, Skills & Abilities utilized on the jobProfessional Knowledge, SkillsWorking knowledge of fire alarm and life safety requirements, including NFPA 72, NFPA 25, NFPA 13, NFPA 20, NFPA 70, NFPA 70E, NFPA 80, NFPA 101, applicable building/fire codes, and local requirements.

Knowledge of addressable fire alarm panels, initiating devices, notification appliances, releasing systems, power supplies, batteries, networked panels, and central-station communication.

Knowledge of sprinkler waterflow, valve tamper, fire pump, dry-system, deluge, clean-agent, CO₂, and other life safety system interfaces.

Ability to read and develop fire alarm drawings, riser diagrams, point lists, cause-and-effect matrices, sequence-of-operation documents, and as-built records.

Ability to perform or oversee inspections, testing, commissioning, troubleshooting, and verification using appropriate meters, software, and fire alarm test equipment.

Strong root-cause analysis skills for nuisance alarms, recurring trouble conditions, device failures, communication faults, and system impairments.

Proficiency with Microsoft Office, CMMS/document-control systems, PDF review tools, and AutoCAD or similar drawing software.

Project planning, scheduling, budgeting, procurement, contractor management, and construction coordination skills.

Clear technical writing, report preparation, recordkeeping, and communication skills.

Strong organization, judgment, teamwork, and emergency-response coordination skills.

Training RequiredFire alarm system manufacturer training and applicable NFPA 72 inspection, testing, programming, or maintenance training.

LOTO, electrical safety / arc-flash awareness, lift and fall-protection training, and other site-required safety training.

Plex/EPAC or applicable CMMS training, document-control procedures, impairment/fire-watch procedures, and company emergency-response training.

V. Work Environment:
Work is performed in offices, manufacturing areas, equipment rooms, electrical rooms, rooftops, warehouses, and outdoor locations. The employee may be exposed to heat, cold, noise, dust, moving equipment, energized systems, ladders, lifts, and emergency conditions. Required PPE and all site safety procedures must be followed.

VI. Key Performance Indicators:
1. On-time completion rate for required inspections, testing, and preventive maintenance.
2. Number of open fire alarm trouble, supervisory, disabled, and bypassed conditions.
3. Average closure time for deficiencies and failed test items.
4. Frequency of nuisance alarms, repeat alarms, and recurring system faults.
5. Duration and documentation compliance of system impairments.
6. Accuracy and completeness of drawings, point lists, reports, and maintenance records.
7. Project completion performance for scope, schedule, budget, commissioning, and turnover.
8. Individual work injuries and safety incidents (OSHA recordable).",8384,https://workforcenow.adp.com/mascsr/default/mdf/recruitment/recruitment.html?cid=25319558-d6a9-48ab-93d2-99e4878a8ffc&ccId=19000101_000001&jobId=9201276305563_1&lang=en_US,,,,,,,no_match,,2026-09-27,,2026-10-10,,54,startDate,true,0,,,,,,2026-08-17,,false,,,,,,
9201277128391_1,Manufacturing Engineer - Tempering Pre-Assembly Dept,Fuyao Glass America,,Full time,Posted 41 Days Ago,2026-08-17,54,"Moraine, OH, US",1,"Moraine, OH, US",false,,United States,,0,"I. Job ProfileJob TitleManufacturing EngineerDepartmentTempering Preassembly

Direct SupervisorLead SupervisorDirect SubordinatesNone

II. Job Summary：
Responsible for improving pretreatment product quality, reducing the scrap rate in the pretreatment production process, enhancing output;

III. Job Functions and Duties

NO.Representative Duties

1Analyze and improve manufacturing processes to increase efficiency and reduce waste.

2Develop, implement, and optimize production workflows, layouts, and standard work.

3Support new equipment installation and lead process validation.

4Collaborate with Quality, Maintenance, and Production teams to resolve issues.

5Monitor and report on key performance indicators (KPIs) such as cycle time, yield, and downtime.

6Support the launch of new automotive glass products and ensure smooth transition into mass production.

7Implement Lean Manufacturing and continuous improvement initiatives (e.g., Kaizen, 5S, Six Sigma).

8Other duties as assigned.

9Nothing in the Position Description restricts management's right to assign or re-assign duties and responsibilities to this job at any time.

IⅤ. Qualification

Job RequirementsLanguageLanguages spoken commonly in the workplace are English and/or Mandarin. - Ability to read, understand and comprehend documents such as safety rules, operating and maintenance instructions. Ability to interpret a variety of instructions furnished in written, oral, diagram, or schedule form.
Ability to speak effectively and interact with other team members, engineers, leadership, and customers.

EducationBachelor's or Master's degree in Mechanical Engineering, Industrial Engineering, Manufacturing Engineering, or a related field.

Physical ConditionThe employee is regularly required to stand for long periods. Duties include turning at the waist, reaching, bending, squatting and lifting up to 50 pounds. Ability to pass static strength requirements (grip). The noise level in the work environment is usually moderate. Safety requirements for this position are safety glasses, hearing protection and steel-toed work boots. Visual acuity including, but not limited to:
a. NEAR ACUITY - Clarity of vision at 20 inches or less. Use this factor when special and minute accuracy is demanded.
b. FAR ACUITY - Clarity of vision at 20 feet or more. Use this factor when visual efficiency in terms of far acuity is required in day and night/dark conditions.
c. DEPTH PERCEPTION - Three-dimensional vision. Ability to judge distances and spatial relationships so as to see objects where and as they actually are.
d. COLOR VISION - Ability to identify and distinguish colors.
e. FIELD OF VISION - Observing an area that can be seen up and down or to right or left while eyes are fixed on a given point.

Other Requirements MATHEMATICAL SKILLS - Ability to add, subtract, multiply, and divide in all units of measure, using whole numbers, common fractions, and decimals.
REASONING ABILITY - Ability to solve practical problems and deal with a variety of variables.
COMPUTER SKILLS - Knowledge of and familiarity manufacturing software.

Training Required Competent in solving difficult problems in production;

Familiar with production management knowledge and ability;

Competent in leading, communication, coordination, and organizational skills;

Skilled in coating technology, enhancing, and training subordinates;

V. Work Environment:
While performing the duties of this job, the employee is occasionally exposed to extreme heat. The noise level in the work environment is usually moderate. Safety requirements for this position are safety glasses and steel-toed work boots.

VI. Key Performance Indicators:
Output, Yield, Safety

Must be 18 years of age or older.
Fuyao Glass America Inc., Core Foundation Competencies including Ethics, Integrity, Values & Trust. Fuyao Glass America Inc. is An Equal Opportunity/Affirmative Action Employer. All qualified applicants will receive consideration for employment without regard to race, color, religion, sex, national origin, disability or protected veteran status.
Fuyao Glass America, Inc. is a Drug-Free Workplace.",4149,https://workforcenow.adp.com/mascsr/default/mdf/recruitment/recruitment.html?cid=25319558-d6a9-48ab-93d2-99e4878a8ffc&ccId=19000101_000001&jobId=9201277128391_1&lang=en_US,,,,,,,no_match,,2026-09-27,,2026-10-10,,54,startDate,true,0,,,,,,2026-08-17,,false,4,67558,67558,68177,subset,Manufacturing Engineer
9201259210942_1,Manufacturing Engineer,Fuyao Glass America,,Full time,Posted 44 Days Ago,2026-08-14,57,"Moraine, OH, US",1,"Moraine, OH, US",false,,United States,,0,"I. Job ProfileJob TitleManufacturing EngineerDepartmentCoating Preassembly

Direct SupervisorLead SupervisorDirect SubordinatesNone

II. Job Summary：
Responsible for improving pretreatment product quality, reducing the scrap rate in the pretreatment production process, enhancing output;

III. Job Functions and Duties

NO.Representative Duties

1Analyze and improve manufacturing processes to increase efficiency and reduce waste.

2Develop, implement, and optimize production workflows, layouts, and standard work.

3Support new equipment installation and lead process validation.

4Collaborate with Quality, Maintenance, and Production teams to resolve issues.

5Monitor and report on key performance indicators (KPIs) such as cycle time, yield, and downtime.

6Support the launch of new automotive glass products and ensure smooth transition into mass production.

7Implement Lean Manufacturing and continuous improvement initiatives (e.g., Kaizen, 5S, Six Sigma).

8Other duties as assigned.

9Nothing in the Position Description restricts management's right to assign or re-assign duties and responsibilities to this job at any time.

IⅤ. Qualification

Job RequirementsLanguageLanguages spoken commonly in the workplace are English and/or Mandarin. - Ability to read, understand and comprehend documents such as safety rules, operating and maintenance instructions. Ability to interpret a variety of instructions furnished in written, oral, diagram, or schedule form.
Ability to speak effectively and interact with other team members, engineers, leadership, and customers.

EducationBachelor's or Master's degree in Mechanical Engineering, Industrial Engineering, Manufacturing Engineering, or a related field.

Physical ConditionThe employee is regularly required to stand for long periods. Duties include turning at the waist, reaching, bending, squatting and lifting up to 50 pounds. Ability to pass static strength requirements (grip). The noise level in the work environment is usually moderate. Safety requirements for this position are safety glasses, hearing protection and steel-toed work boots. Visual acuity including, but not limited to:
a. NEAR ACUITY - Clarity of vision at 20 inches or less. Use this factor when special and minute accuracy is demanded.
b. FAR ACUITY - Clarity of vision at 20 feet or more. Use this factor when visual efficiency in terms of far acuity is required in day and night/dark conditions.
c. DEPTH PERCEPTION - Three-dimensional vision. Ability to judge distances and spatial relationships so as to see objects where and as they actually are.
d. COLOR VISION - Ability to identify and distinguish colors.
e. FIELD OF VISION - Observing an area that can be seen up and down or to right or left while eyes are fixed on a given point.

Other Requirements MATHEMATICAL SKILLS - Ability to add, subtract, multiply, and divide in all units of measure, using whole numbers, common fractions, and decimals.
REASONING ABILITY - Ability to solve practical problems and deal with a variety of variables.
COMPUTER SKILLS - Knowledge of and familiarity manufacturing software.

Training Required Competent in solving difficult problems in production;

Familiar with production management knowledge and ability;

Competent in leading, communication, coordination, and organizational skills;

Skilled in coating technology, enhancing, and training subordinates;

V. Work Environment:
While performing the duties of this job, the employee is occasionally exposed to extreme heat. The noise level in the work environment is usually moderate. Safety requirements for this position are safety glasses and steel-toed work boots.

VI. Key Performance Indicators:
Output, Yield, Safety",3712,https://workforcenow.adp.com/mascsr/default/mdf/recruitment/recruitment.html?cid=25319558-d6a9-48ab-93d2-99e4878a8ffc&ccId=19000101_000001&jobId=9201259210942_1&lang=en_US,,,,,,,no_match,,2026-09-27,,2026-10-10,,57,startDate,true,0,,,,,,2026-08-14,,false,4,67558,67558,68177,title,Manufacturing Engineer
9201277668387_1,General Utility,Fuyao Glass America,,Full time,Posted 44 Days Ago,2026-08-14,57,"Decatur, IL, US",1,"Decatur, IL, US",false,,United States,,0,"Fuyao is the largest automotive glass manufacturer in China and the second largest in the world. Fuyao is an established automotive glass manufacturing in the United States in Dayton, OH, and Mt. Zion, IL, investing in excess of $1 Billion in capital. Its main customers include GM, Honda, BMW, Volvo, Volkswagen, FCA, Toyota, Hyundai, and Kia, to name a few.

Fuyao Glass offers an excellent benefits package, including Health, Medical, Dental, Short Disability, as well as a 401(k) plan.

Position Summary:

The GU employee’s main tasks in closing are to inspect glass containers that are delivered to the closing area prior to closing. A basic visual inspection looking for stagger, breakage, bad cuts, etc. to ensure we deliver a quality product through the closing process ready to ship to our customers. This includes the use of manual, automatic tooling to prep, wrap, and band the glass in the containers. Trucking is also part of this process. At times there will be other tasks or special projects that may be required for the GU to assist in completing.

Primary Duties:

• Support packing line operations by preparing containers with the required materials, tools, and equipment necessary to safely and properly package glass products in accordance with customer requirements, work instructions, and quality standards.

• Transport containers to and from production lines, closing areas, rework areas, staging areas, shipping areas, and storage locations using authorized material handling equipment.

• Perform container closing activities in accordance with customer specifications, packaging requirements, work instructions, and established operating procedures.

• Perform container rework activities, including removal of broken glass, elimination of rat holes, correction of side stagger conditions, and other rework tasks required to restore containers to acceptable quality standards.

• Transfer glass between containers as required while maintaining product quality, identification, and traceability.

• Operate forklifts and other authorized industrial vehicles to support production, packaging, inventory, and shipping operations.

• Load and unload containers on launching devices, robot turntables, conveyors, and other production equipment as required.

• Transport, stage, and position empty racks to support production requirements while minimizing operational downtime.

• Assist production personnel with glass processing activities, including breakage removal, glass stacking, and other operational support tasks as assigned.

• Cut, prepare, and package materials required for container preparation, closing, and shipping operations.

• Cut and fabricate replacement components for damaged or improperly assembled containers in accordance with established standards.

• Cut paper, cardboard, and other packaging materials as required to support packaging operations.

• Operate automatic banding equipment and verify banding requirements are applied in accordance with approved packaging standards and banding charts.

• Empty cullet and waste hoppers in accordance with safety, environmental, and housekeeping requirements.

• Perform container audits and complete required production, inventory, inspection, and quality records accurately and in a timely manner.

• Assemble steel racks and related packaging components as required.

• Assist Maintenance personnel with routine repairs, emergency repairs, and assigned tasks that do not require specialized maintenance qualifications.

• Identify, report, and assist with containment of nonconforming product, packaging issues, damaged racks, and process abnormalities in accordance with established procedures.

• Inspect assigned equipment and promptly report equipment malfunctions, damage, and unsafe conditions to supervision.

• Maintain product identification and traceability throughout assigned operations.

• Maintain housekeeping and 5S standards in assigned work areas.

• Follow all company safety, environmental, quality, and operational procedures and perform work in a manner that minimizes environmental impact.

• Communicate and coordinate effectively with supervisors, operators, maintenance personnel, engineers, and other employees to support operational objectives.

• Assist during emergencies and support operational recovery efforts as directed.

• Perform other duties and responsibilities as assigned by Supervisors, Engineers, or Management.

Requirements:

• Employee must be able to lift 40 pounds, as needed to perform their required tasks.

• Must work well with others in a teamwork environment to complete the goals set forward by the management team.

Fuyao Glass America Inc., Core Foundation Competencies including Ethics, Integrity, Values & Trust. Fuyao Glass America Inc. is An Equal Opportunity/Affirmative Action Employer. All qualified applicants will receive consideration for employment without regard to race, color, religion, sex, national origin, disability or protected veteran status.

12-hour shifts
7:00am - 7:00pm or 7:00pm - 7:00am",5071,https://workforcenow.adp.com/mascsr/default/mdf/recruitment/recruitment.html?cid=25319558-d6a9-48ab-93d2-99e4878a8ffc&ccId=19000101_000001&jobId=9201277668387_1&lang=en_US,,,,,,,no_match,,2026-09-27,,2026-10-10,,57,startDate,true,0,,,,,,2026-08-14,,false,,,,,,
9201276442455_1,Manufacturing Engineer - ARG Pre- Assembly Dept,Fuyao Glass America,,Full time,Posted 45 Days Ago,2026-08-13,58,"Moraine, OH, US",1,"Moraine, OH, US",false,,United States,,0,"I. Job ProfileJob TitleManufacturing EngineerDepartmentARG Preassembly

Direct SupervisorLead SupervisorDirect SubordinatesNone

II. Job Summary：
Responsible for improving pretreatment product quality, reducing the scrap rate in the pretreatment production process, enhancing output;

III. Job Functions and Duties

NO.Representative Duties

1Analyze and improve manufacturing processes to increase efficiency and reduce waste.

2Develop, implement, and optimize production workflows, layouts, and standard work.

3Support new equipment installation and lead process validation.

4Collaborate with Quality, Maintenance, and Production teams to resolve issues.

5Monitor and report on key performance indicators (KPIs) such as cycle time, yield, and downtime.

6Support the launch of new automotive glass products and ensure smooth transition into mass production.

7Implement Lean Manufacturing and continuous improvement initiatives (e.g., Kaizen, 5S, Six Sigma).

8Other duties as assigned.

9Nothing in the Position Description restricts management's right to assign or re-assign duties and responsibilities to this job at any time.

IⅤ. Qualification

Job RequirementsLanguageLanguages spoken commonly in the workplace are English and/or Mandarin. - Ability to read, understand and comprehend documents such as safety rules, operating and maintenance instructions. Ability to interpret a variety of instructions furnished in written, oral, diagram, or schedule form.
Ability to speak effectively and interact with other team members, engineers, leadership, and customers.

EducationBachelor's or Master's degree in Mechanical Engineering, Industrial Engineering, Manufacturing Engineering, or a related field.

Physical ConditionThe employee is regularly required to stand for long periods. Duties include turning at the waist, reaching, bending, squatting and lifting up to 50 pounds. Ability to pass static strength requirements (grip). The noise level in the work environment is usually moderate. Safety requirements for this position are safety glasses, hearing protection and steel-toed work boots. Visual acuity including, but not limited to:
a. NEAR ACUITY - Clarity of vision at 20 inches or less. Use this factor when special and minute accuracy is demanded.
b. FAR ACUITY - Clarity of vision at 20 feet or more. Use this factor when visual efficiency in terms of far acuity is required in day and night/dark conditions.
c. DEPTH PERCEPTION - Three-dimensional vision. Ability to judge distances and spatial relationships so as to see objects where and as they actually are.
d. COLOR VISION - Ability to identify and distinguish colors.
e. FIELD OF VISION - Observing an area that can be seen up and down or to right or left while eyes are fixed on a given point.

Other Requirements MATHEMATICAL SKILLS - Ability to add, subtract, multiply, and divide in all units of measure, using whole numbers, common fractions, and decimals.
REASONING ABILITY - Ability to solve practical problems and deal with a variety of variables.
COMPUTER SKILLS - Knowledge of and familiarity manufacturing software.

Training Required Competent in solving difficult problems in production;

Familiar with production management knowledge and ability;

Competent in leading, communication, coordination, and organizational skills;

Skilled in coating technology, enhancing, and training subordinates;

V. Work Environment:
While performing the duties of this job, the employee is occasionally exposed to extreme heat. The noise level in the work environment is usually moderate. Safety requirements for this position are safety glasses and steel-toed work boots.

VI. Key Performance Indicators:
Output, Yield, Safety

2nd&3rd
Must be 18 years of age or older.
Fuyao Glass America Inc., Core Foundation Competencies including Ethics, Integrity, Values & Trust. Fuyao Glass America Inc. is An Equal Opportunity/Affirmative Action Employer. All qualified applicants will receive consideration for employment without regard to race, color, religion, sex, national origin, disability or protected veteran status.
Fuyao Glass America, Inc. is a Drug-Free Workplace.",4151,https://workforcenow.adp.com/mascsr/default/mdf/recruitment/recruitment.html?cid=25319558-d6a9-48ab-93d2-99e4878a8ffc&ccId=19000101_000001&jobId=9201276442455_1&lang=en_US,,,,,,,no_match,,2026-09-27,,2026-10-10,,58,startDate,true,0,,,,,,2026-08-13,,false,4,67558,67558,68177,subset,Manufacturing Engineer
9201275623201_1,Project Engineer,Fuyao Glass America,,Full time,Posted 47 Days Ago,2026-08-11,60,"Moraine, OH, US",1,"Moraine, OH, US",false,,United States,,0,"About the Role:

The Project Engineer - Utility is responsible for planning, engineering, executing, and closing utility and infrastructure projects in a high-volume manufacturing environment. The position leads projects from problem definition and technical scope development through procurement, construction, commissioning, and final turnover. The role supports safe, reliable, code-compliant, and energy-efficient operation of the plant's utility systems while maintaining clear ownership of project cost, schedule, quality, risk, and documentation.

Essential Duties and Responsibilities

• Project definition and planning. Evaluate operational needs, recurring failures, capacity constraints, compliance gaps, and energy-saving opportunities; develop project charters, scopes of work, budgetary estimates, schedules, risk registers, and implementation plans.

• Engineering and technical design. Prepare or review calculations, equipment selections, layouts, one-line diagrams, piping and instrumentation diagrams, control narratives, technical specifications, bid packages, and construction drawings.

• Utility systems engineering. Support projects involving medium- and low-voltage electrical distribution, compressed air, chilled and cooling water, process water and RO systems, wastewater and water-treatment systems, HVAC and dehumidification, natural gas, building controls, and related plant infrastructure.

• Capacity and reliability analysis. Analyze current and future utility demand, redundancy, equipment condition, failure history, and production impact; recommend technically and financially justified solutions.

• Cross-functional coordination. Coordinate requirements and project impacts with Production, Maintenance, Utility Operations, Facility, EHS, Quality, IT/Controls, Finance, Procurement, and other stakeholders. Communicate constraints, shutdown needs, risks, and decisions in a timely manner.

• Procurement and vendor management. Develop RFQ packages, conduct site walks, answer bidder questions, complete technical bid evaluations, support vendor selection, and verify that purchased equipment and services meet project requirements.

• Cost and change control. Track commitments, forecasts, invoices, contingency, and cost-to-complete; review contractor quotations and change orders; promptly escalate deviations from approved scope, budget, or schedule.

• Construction and contractor coordination. Coordinate field activities, access, permits, material staging, production interfaces, outages, and daily work plans. Inspect installation progress and workmanship and document deficiencies, action items, and recovery plans.

• Safety and compliance. Integrate applicable OSHA, NFPA, NEC, environmental, insurance, state, and local code requirements into project planning and execution. Coordinate LOTO, energized-work restrictions, hot work, lift plans, confined-space requirements, and other site safety controls with EHS and authorized personnel.

• Shutdown and cutover planning. Develop detailed method-of-procedure plans, outage schedules, temporary utility arrangements, contingency plans, and restoration steps to minimize production and business interruption.

• Quality assurance and commissioning. Verify submittals and installation quality; coordinate inspections, testing, FAT/SAT activities, startup, functional performance testing, punch-list closure, training, and formal acceptance.

• Project turnover and records. Deliver complete closeout packages, including approved drawings, as-built records, equipment data, O&M manuals, test reports, warranties, spare-parts recommendations, PM requirements, and asset information for the CMMS or equipment register.

• Operational and emergency support. Provide engineering troubleshooting and root-cause support for significant utility failures or project-related issues. Participate in planned shutdowns and occasional after-hours response when business needs require.

• Energy and continuous improvement. Identify and implement projects that reduce utility consumption, peak demand, operating cost, emissions, water use, and unplanned downtime; establish baselines and verify results using appropriate KPIs.

• Reporting and governance. Maintain accurate project schedules, meeting minutes, issue logs, risk registers, action lists, forecasts, status reports, and decision records. Follow applicable capital-approval and document-control processes.

Minimum Qualifications:

• Bachelor’s degree in Engineering or a related technical field.

• Proven experience in project engineering or a similar role within the engineering or construction industry.

• Proficiency in AutoCAD and the ability to produce and interpret detailed shop drawings.

• Strong understanding of project management principles and experience using Microsoft Project or equivalent scheduling software.

• Demonstrated ability to perform cost estimation and manage change orders effectively.

Preferred Qualifications:

• Professional Engineer (PE) license or equivalent certification.

• Experience with advanced engineering design software beyond AutoCAD.

• Familiarity with industry-specific codes, standards, and regulatory requirements.

• Previous experience working on large-scale or complex engineering projects.

• Strong leadership skills with experience coordinating multidisciplinary project teams.

Responsibilities:

• Develop and review detailed engineering designs and shop drawings using AutoCAD to ensure accuracy and compliance with project specifications.

• Prepare and manage cost estimations, budgets, and change orders to maintain financial control throughout the project lifecycle.

• Coordinate project activities by liaising with internal teams, contractors, and clients to ensure seamless communication and timely delivery of milestones.

• Utilize Microsoft Project to create, update, and monitor project schedules, identifying potential risks and implementing mitigation strategies.

• Support the preparation of technical documentation, reports, and presentations to communicate project status and engineering decisions to stakeholders.

Skills:

The required skills such as AutoCAD and shop drawing expertise are essential for creating precise engineering designs and ensuring technical accuracy on a daily basis. Project engineering and design skills enable the candidate to develop innovative solutions and adapt designs to meet evolving project needs. Cost estimation and change order management are critical for maintaining budgetary control and responding to project scope adjustments efficiently. Project coordination and the use of Microsoft Project facilitate effective scheduling, resource allocation, and communication among stakeholders, ensuring projects progress smoothly. Preferred skills like advanced design software proficiency and leadership capabilities further enhance the ability to manage complex projects and lead teams toward successful outcomes.",6974,https://workforcenow.adp.com/mascsr/default/mdf/recruitment/recruitment.html?cid=25319558-d6a9-48ab-93d2-99e4878a8ffc&ccId=19000101_000001&jobId=9201275623201_1&lang=en_US,,,,,,,no_match,,2026-09-27,,2026-10-10,,60,startDate,true,0,,,,,,2026-08-11,,false,7,69035,73986,80045,title,Project Engineer
9201275596536_1,Utility Engineer,Fuyao Glass America,,Full time,Posted 47 Days Ago,2026-08-11,60,"Moraine, OH, US",1,"Moraine, OH, US",false,,United States,,0,"I. Job ProfileJob TitleUtility EngineerDepartment2091 Utility Maintenance

Direct SupervisorUtility Maintenance ManagerDirect SubordinatesN/A

II. Job Summary：
负责公共设备的日常维护保养,制定作业指导书，整理备品备件储备计划及主导负责设备大中修计划及预防性维修计划。
Responsible for the daily maintenance of Utilityequipment, formulate work instructions, organize the spare parts plan, and lead the overhual maintenance plan and preventive maintenance plan for the equipment.

III. Job Functions and Duties

NO.Representative Duties

1熟练掌握公共设备的运行流程，负责公共设备的运行检查、维护维修并监督记录；
The operation process of Utility system equipment, responsible for the operation inspection, maintenance and supervision records of Utility equipment on Epic;

2负责制定公共设备的日常操作和维护保养作业指导书、备品备件储备计划、大中修计划及预防性维修计划（PM）；
Responsible for formulating daily operation and maintenance work instructions for Utility equipment, spare parts plan, overhual repair plan and preventive maintenance plan (PM);

3负责建立公共设备的维修档案及设备维修绩效分析（KPI）；
Responsible for establishing maintenance files of Utility equipment and maintenance performance analysis (KPI);

4负责公共设备突发性故障的快速处理，并制定公共设备的应急计划；
Responsible for the rapid handling of sudden failures&factory calls of Utility equipment, and prepare emergency plans for Utility equipment;

5负责统计公司能源消耗（电量与水量），并制定有效的节能减排计划与持续改善方案；
Responsible for calculating the company's energy consumption (electricity and water), and formulating effective energy conservation and emission reduction plans and continuous improvement plans;

6负责公司新增及改造的公共设备工程项目提报、方案确认、材料申购、安装调试并参与验收；
Responsible for the company's new and renovated public equipment project submission, scheme confirmation, material purchase, installation and commissioning, and participate in the acceptance;

7负责本部门环境因素与危险源的识别与评价及控制管理，并监测其运行情况；
Responsible for the identification, evaluation and control management of environmental factors and hazard sources in the department, and monitor their operation;

8负责公共设备现场5S、TPM管理、CIP项目等活动的组织与实施；
Responsible for the organization and implementation of on-site 5S, TPM management, CIP projects and other activities for public equipment;

9负责公共设备的相关文件记录（书面/媒体等）的收集、填写及移交；
Responsible for the collection, filling and handover of relevant documents and records (written/media, etc.) of Utility facilities;

16Other duties as assigned

17Nothing in the Position Description restricts management's right to assign or re-assign duties and responsibilities to this job at any time

IⅤ. Qualification

Job RequirementsLanguageLanguages spoken commonly in the workplace are English and Mandarin. - Ability to read, understand and comprehend documents such as safety rules, operating and maintenance instructions. Ability to interpret a variety of instructions furnished in written, oral, diagram, or schedule form.
Ability to speak effectively and interact with other team members, engineers, leadership and customers.

Experience1+ years manufacturing experience and /or training; or equivalent combination of education and experience preferred.

EducationBechelor's Degree or Higher (GED)

Physical ConditionThe employee is regularly required o stand for long periods.                                                                                                                                                         Duties include turning at the waist, reaching, bending, squatting and lifting up to 50 pounds.                                                                                                                                                         Ability to pass static strength requirements (grip)
Visual acuity including, but not limited to:
a. NEAR ACUITY - Clarity of vision at 20 inches or less. Use this factor when special and minute accuracy is demanded.
b. FAR ACUITY - Clarity of vision at 20 feet or more. Use this factor when visual efficiency in terms of far acuity is required in day and night/dark conditions.
c. DEPTH PERCEPTION - Three-dimensional vision. Ability to judge distances and spatial relationships so as to see objects where and as they actually are.
d. COLOR VISION - Ability to identify and distinguish colors.
e. FIELD OF VISION - Observing an area that can be seen up and down or to right or left while eyes are fixed on a given point.
The noise level in the work environment is usually moderate. Safety requirements for this position
are safety glasses, hearing protection and steel-toed work boots.

Other RequirementsMATHEMATICAL SKILLS -
Ability to add, subtract, multiply, and divide in all units of measure, using whole numbers, common fractions, and decimals.
REASONING ABILITY - Ability to solve practical problems and deal with a variety of  variables.
COMPUTER SKILLS - Knowledge of and familiarity manufacturing software.

Knowledge, Skills & Abilities utilized on the jobProfessional  Knowledge, SkillsProperly connect the HVAC systems to supply lines and install the necessary electrical wiring;

Familiar with office software WORD, EXCELE, CAD;

Familiar with electric and mechanical knowledge;

Knowledge of health and safety guidelines when dealing with dangerous equipment or chemicals;

Understand heating and air-conditioning systems function;

UPS and generator basic knowledge and trouble shooting skills prefered;

Weld, assemble, and lubricate pipes;

Analyzed, diagnosed, and repaired electrical systems and integrated electrical, mechanical and hydraulic systems on walkway and associated equipment

High voltage knowledges trouble shooting skills prefered;

Training RequiredPlex and Epic training

Fork lift training

Arc Flash Training

Power industrial lift training

V. Work Environment:
While performing the duties of this job, the employee is occasionally exposed to extreme heat. The noise level in the work environment is usually moderate. Safety requirements for this position
are safety glasses and steel-toed work boots.

VI. Key Performance Indicators:",5871,https://workforcenow.adp.com/mascsr/default/mdf/recruitment/recruitment.html?cid=25319558-d6a9-48ab-93d2-99e4878a8ffc&ccId=19000101_000001&jobId=9201275596536_1&lang=en_US,,,,,,,no_match,,2026-09-27,,2026-10-10,,60,startDate,true,0,,,,,,2026-08-11,,false,,,,,,
9201262252994_1,Program Manager,Fuyao Glass America,,Full time,Posted 53 Days Ago,2026-08-05,66,"Moraine, OH, US",1,"Moraine, OH, US",false,,United States,,0,"Job Description

I. Job ProfileJob TitleProgram ManagerDepartmentProduct and Customer Service Department

Direct SupervisorDirector of Program ManagementDirect SubordinatesMatrix (Iron Triangle)

II. Job Summary：
Leader of Program Management Team (Iron Triangle).
Program Manager works with the Product Development Engineer and Advance Quality Engineer to quote, develop and launch new automotive glass products for OEMs. The PM will communicate directly with the customer on all matters concerning the initial launch of Windshields, Backlights, Doors, Quarter windows, and Sunroofs. Represent Fuyao at customer development events and meetings. Maintain documents in accordance with Fuyao policies, APQP and Customer deliverables.

III. Job Functions and Duties

NO.Representative Duties

1Responsible to keep data, drawings, and standards effectively archived in a controlled way.

2Communication single point contact with OEM customers. Internal leader of Iron Triangle and OEM program.
Several forms of communication are required: face-to-face meetings, emails, texts, WeChat, verbal, written forms, etc.

3Key Player / Value stream leader for the OEM customer - ""Voice of the Customer"" for internal processes and proceedings.
Organize internal teammates and processes to fulfill and support customer deliverables.

4Attend Customer build events and meetings as appropriate; International travel and some overnights are expected. Depending on the program phase and customer expectations, travel could be up to 25% in a given fiscal quarter.

5Maintaining the program budget is a central requirement. This includes components, tooling, equipment and packaging purchases.
Responsible for COST: from Quote to Invoice. Input customer orders into ERP system - PLEX.

6Creator of timing charts, ensure ON TIME delivery of products to the customer.
Back-up plan and expedited delivery schedules. Offset of delays

7Within first 90 days - acquire product and process knowledge - commensurate with leadership role. Understand and be able to present to customer management core product lines.

8Other duties as assigned

9Nothing in the Position Description restricts management's right to assign or re-assign duties and responsibilities to this job at any time

IⅤ. Qualification

Job RequirementsLanguageDemonstrated strong written and verbal communication skills.
Languages spoken in the workplace are English and Mandarin.

ExperienceMore than 3 years automotive manufacturing experience or equivalent combination of education and experience required.
Previous positions of demonstrated dynamic matrix management, budget controls and timing chart creation.

EducationBachelor of Science in Engineering fields or Business Management.
Masters degree is preferred.

Physical ConditionSafety FIRST! Mindset is required.
Ability to walk or move around the plant for extended periods of time. Some lifting up to 35 lbs. with assistance is expected.

Other RequirementsCOMPUTER SKILLS - MS Office, Excel, Word, PowerPoint. Preferred MS Project skilled.
Outlook is the email client. Also use of Skype, and SharePoint navigation.
Knowledge of and familiarity MRP/ERP software. PLEX is current shop standard.

Knowledge, Skills & Abilities utilized on the jobProfessional Knowledge, SkillsSkilled in documentation of APQP (Advanced Product Quality Planning ) & PPAP ( Production Part Approval Process).

Manufacturing processes-Hi speed assembly, packaging, preferred glass bending and manufacturing.

Presentation - Oral and Written, Power Point or similar

Leadership ability (w/ motivational & cooperative aptitude)

Demonstrated decision making/leadership abilities in managing multiple programs to meet goals (quality, cost and delivery of programs) from concept through launch.

Training Required1.TS16949 training;

2.Training about the five reference books

3.Training about innovation methods;

4.Training about project management;

5.Six Sigma training;

V. Work Environment:
While performing the duties of this job, the employee is occasionally exposed to extreme heat. The noise level in the work environment is usually moderate. Safety requirements for this position are safety glasses, hearing protection and steel-toed footwear.

VI. Key Performance Indicators:",4263,https://workforcenow.adp.com/mascsr/default/mdf/recruitment/recruitment.html?cid=25319558-d6a9-48ab-93d2-99e4878a8ffc&ccId=19000101_000001&jobId=9201262252994_1&lang=en_US,,,,,,,no_match,,2026-09-27,,2026-10-10,,66,startDate,true,0,,,,,,2026-08-05,,false,5,68000,69181,70000,title,Program Manager
9201266159063_1,Purchasing Specialist - Purchasing Dept,Fuyao Glass America,,Full time,Posted 61 Days Ago,2026-07-28,74,"Moraine, OH, US",1,"Moraine, OH, US",false,,United States,,0,"Job Description

I. Job ProfileJob TitlePurchasing SpecialistDepartmentPurchasing Department

Direct SupervisorProject Engineer (Purchasing Supervisor)Direct SubordinatesN/A

II. Job Summary：Responsible for purchasing materials, supplies or equipment for a business. Duties include negotiating deals with suppliers, researching possible item selections and taking inventory of current products.

III. Job Functions and Duties

NO.Representative Duties

1Responsible for collecting each department's demands and providing the source of supplier information as well as screening and building supplier database

2Responsible for conducting qualification review and assessment on suppliers

3Responsible for the introduction of potential suppliers and updating the list of qualified suppliers

4Responsible for relevant purchaisng activities workflow treatment ( PR, PO, supplier database maintain ,price database maintain, invoice etc)

5Responsible for conducting effective price consulting/price ratio and organizing the signing of procurement contract/annual agreement

6Tracking the arrival of goods and receiving the warehousing notes

7Responsible for handling the replacement and return of goods and the quality matters

8Perform and track Cintinuous improvenment program status

9Other duties as assigned

10Nothing in the Position Description restricts management's right to assign or re-assign duties and responsibilities to this job at any time

IⅤ. Qualification

Job RequirementsLanguageLanguages spoken commonly in the workplace are English and/or Mandarin. - Ability to read, understand and comprehend documents such as safety rules, operating and maintenance instructions. Ability to interpret a variety of instructions furnished in written, oral, diagram, or schedule form.
Ability to speak effectively and interact with other team members, engineers, leadership and customers.

Experience1 to 3 years manufacturing experience and /or training; or equivalent combination of education and experience preferred.

EducationHigh School Diploma at least or General Education Degree (GED)

Physical ConditionWhile performing the duties of this job, the employee is frequently required to sit, stoop, reach, bend, stand, walk, lift, pull, push, grasp, talk, hear, see, and lift up to 10 pounds. Specific vision abilities required by this job include close vision such as reading handwritten and or typed material and having the ability to stay focused. Adaptive to high stress environmen

Other RequirementsProficient in the use of Microsoft sofeware, such as PPT, Excel,Oracle /SAP / PLEX or similar

Knowledge, Skills & Abilities utilized on the jobProfessional Knowledge, SkillsUnderstanding of material costs, labor rates and component manufacturing methods

Competent investigative, judgment, decision-making and problem solving skills

Excellent customer service ,interpersonal and communication skills

Diplomacy, negotiation and conflict resolution skills

Analytical, organizational, multi-tasking and detail-oriented skills

Ability to learn, understand and apply new technologies

Working knowledge of Microsoft office tools (Word, Excel, Power Point)

Must be able to posses a high level of confidentiality Knowledge and skills

Training RequiredFuyao internal manufacture workflow

Fuyao policy/ management/ safety munual

Supply chain/Material Planning strategy

IATF16494

V. Work Environment:
Safety requirements for this position are safety glasses and steel-toed work boots when visit production line.

VI. Key Performance Indicators:
Purchasing on time delivery rate
Numbers of delayed invoices rate
Purchase saving cost for BCDEF PR/PO completetion rate& Sporadic assigned tasks completion rate

Must be 18 years of age or older.
Fuyao Glass America Inc., Core Foundation Competencies including Ethics, Integrity, Values & Trust. Fuyao Glass America Inc. is An Equal Opportunity/Affirmative Action Employer. All qualified applicants will receive consideration for employment without regard to race, color, religion, sex, national origin, disability or protected veteran status.
Fuyao Glass America, Inc. is a Drug-Free Workplace.",4156,https://workforcenow.adp.com/mascsr/default/mdf/recruitment/recruitment.html?cid=25319558-d6a9-48ab-93d2-99e4878a8ffc&ccId=19000101_000001&jobId=9201266159063_1&lang=en_US,,,,,,,no_match,,2026-09-27,,2026-10-10,,74,startDate,true,0,,,,,,2026-07-28,,false,7,66031,72218,72218,subset,Purchasing Specialist
9201267007961_1,Product Engineer,Fuyao Glass America,,,Posted 62 Days Ago,2026-07-27,75,"Fountain Inn, SC, US",1,"Fountain Inn, SC, US",false,,United States,,0,"About Fuyao
Fuyao Automotive North America Incorporated (FANA) is in the general warehousing and glass manufacturing industry in Plymouth MI. We provide automotive glass for the North America market and currently have glass manufacturing relationships with some of the top automotive manufacturers in North America including GM, Honda, Chrysler, Kia, BMW and Hyundai. We operate several production lines for a variety of vehicle models from each of these automotive manufacturers. The position is hiring for Fuyao Glass America - South Carolina Factory in Fountain Inn SC.

Our Parent Company

Fuyao Glass Industry Group Co. Ltd. (FYG) is a leading international manufacturer of automotive and industrial glass located in the People's Republic of China. The company has been listed on the Shanghai Stock Exchange since 1993 and employs more than 8,000 people in China, Hong Kong, Europe, Australia, Russia and the United States. Being the largest automotive glass supplier in China, FYG controls over 60% share of Chinese OEM market and over 30% share of Chinese replacement market. Fuyao customers in China are some of the leading automotive manufacturers in the world including GM, Ford, Honda, Toyota, Audi, Volkswagen, Citroen, and Mercedes-Benz to name a few.

Product Engineer

The purpose of this position is to function as a Product Engineer as part of triangle team. This position requires a knowledgeable and committed professional who is self-directed with a strong sense of responsibility for his/her work. This person has strong engineering skills, organizational skills and the ability to comprehend a total business situation, acting quickly, effectively, and prudently to enhance customer and Fuyao’s value.

Essential Functions

1. Analyze OEM drawings and quotations, design and develop process flow charts, engineering requirements, manage APQP files.
2. Evaluate customer engineering changes, change tools and documents, manage the engineering changes.
3. Plan and define new products, convert to company documents and standards.
4. Organize the production team and follow up with the reviews and inspections.
5. Develop the tool from design until buy off, including molds/Assemble fixtures/Checking fixtures.
6. Develop the process, track open issues until being fixed.
7. Improve the manufacturing process and monitoring the process flow chart.
8. Follow up in OEM plants related to products functionality, improve the parts to meet with customer expectation.
9. Assist in the Support activities for all phases of prototype, pre-production and production start-up through vehicle launch, plus 3 months.

Competencies
• Personal Computer literate, with analytical decision-making skills
• Excellent communication and interpersonal skills
• Excellent analytical and problem solving skills
Must have training in:
• FMEA ( Failure Mode Effects Analysis )
Must be familiar with:
• IATF 16949
• PPAP ( Production Part Approval Process)
• APQP ( Advanced Product Quality Planning )
• SPC ( Statistical Process Control )
• Through understanding of Automotive procedures and processes
• Previous Automotive Injection molding Experience
• Thorough understanding of Fuyao products, specifications, and tolerances

Supervisory Responsibility
1. Serve as a coach and mentor for this position in the department.

Work Environment
• Internal: Office/workshops in plant
• External: Various business divisions/client area.

Physical Demands
The physical demands described here are representative of those that must be met by an employee to successfully perform the essential functions of this job.

Position Type/Expected Hours of Work
This is a full-time position. Days and hours of work are Monday through Friday, 8:00 a.m. to 5 p.m. Occasional evening and weekend work may be required as job duties demand.

Travel
Travel is expected for this position.

Required Education and Skills
• Mechanical Bachelor degree is required
• Proficient with Computer Aided Design (CAD) Stations (CATIA V5 or UG NX )

Preferred Education and Experience
• Associate in Engineering or Engineering Tech. with one + years’ experience in automotive body/component development

Other Duties
Please note this job description is not designed to cover or contain a comprehensive listing of activities, duties or responsibilities that are required of the employee for this job. Duties, responsibilities and activities may change at any time with or without notice.",4446,https://workforcenow.adp.com/mascsr/default/mdf/recruitment/recruitment.html?cid=25319558-d6a9-48ab-93d2-99e4878a8ffc&ccId=19000101_000001&jobId=9201267007961_1&lang=en_US,,,,,,,no_match,,2026-09-27,,2026-10-10,,75,startDate,true,0,,,,,,2026-07-27,,false,5,70200,70907,72467,title,Product Engineer
9201262741204_1,Process Engineer,Fuyao Glass America,,Full time,Posted 66 Days Ago,2026-07-23,79,"Dayton, Moraine, OH, US",1,"Dayton, Moraine, OH, US",false,,United States,,0,"About the Role:

As a Process Engineer within the Automotive Glass Manufacturing Industry, you will play a pivotal role in optimizing and enhancing manufacturing processes to ensure high-quality product delivery and operational efficiency. Your primary focus will be on analyzing current processes, identifying areas for improvement, and implementing innovative solutions that reduce waste and increase productivity. You will collaborate closely with cross-functional teams including manufacturing, quality assurance, and supply chain to align process improvements with business objectives. Utilizing advanced process simulation and control techniques, you will drive continuous improvement initiatives that support sustainable manufacturing practices. Ultimately, your expertise will contribute to delivering superior consumer products while maintaining cost-effectiveness and compliance with industry standards.

Minimum Qualifications:

• Bachelor’s degree in Chemical Engineering or a closely related engineering discipline.

• Proven experience in process engineering within a manufacturing or consumer support environment.

• Strong knowledge of process simulation tools and methodologies.

• Proficiency in process control techniques and manufacturing operations.

• Experience with statistical analysis software such as Minitab.

Preferred Qualifications:

• Master’s degree in Chemical Engineering or related field.

• Certification in Lean Six Sigma or other continuous improvement methodologies.

• Experience working in consumer goods manufacturing or support services.

• Familiarity with advanced process automation and control systems.

• Demonstrated success in scrap reduction and waste management projects.

Responsibilities:

• Design, develop, and optimize manufacturing processes to improve efficiency and product quality.

• Conduct process simulations and modeling to predict and enhance process performance.

• Implement process control strategies to maintain consistent production standards and reduce variability.

• Analyze production data using statistical tools such as Minitab to identify trends and root causes of scrap or defects.

• Collaborate with manufacturing operations teams to troubleshoot process issues and implement corrective actions.

• Lead initiatives aimed at scrap reduction and waste minimization to support sustainability goals.

• Document process changes and maintain detailed records to ensure compliance with regulatory and quality standards.

• Train and support production staff on new processes and best practices to ensure smooth implementation.

Skills:

The required skills such as Chemical Engineering and Process Engineering form the foundation for designing and optimizing manufacturing workflows. Process Simulation and Process Control skills are applied daily to model processes and maintain consistent production quality. Manufacturing Operations knowledge enables effective collaboration with production teams to implement improvements and troubleshoot issues. Scrap Reduction expertise is critical for identifying inefficiencies and driving cost-saving initiatives. Proficiency in Minitab supports data-driven decision-making by analyzing production data to uncover trends and root causes, ensuring continuous process enhancement.",3299,https://workforcenow.adp.com/mascsr/default/mdf/recruitment/recruitment.html?cid=25319558-d6a9-48ab-93d2-99e4878a8ffc&ccId=19000101_000001&jobId=9201262741204_1&lang=en_US,,,,,,,no_match,,2026-09-27,,2026-10-10,,79,startDate,true,0,,,,,,2026-07-23,,false,3,72010,73986,73986,title,Process Engineer
9201260984808_1,EDI Specialist - Logistics-Planning Dept,Fuyao Glass America,,Full time,Posted 74 Days Ago,2026-07-15,87,"Moraine, OH, US",1,"Moraine, OH, US",false,,United States,,0,"Job Description

I. Job ProfileJob TitleEDI specialistDepartmentLogistics-Planing Department

Direct SupervisorEDI Supervisor/Production Planning ManagerDirect SubordinatesNone

II. Job Summary：
Manage, revise, forecast EDI data, formulate shipping plans; handle abnormal shipments and maintain good customer relationships

III. Job Functions and Duties

NO.Representative Duties

1Responsible for EDI monitoring, adjustment and maintenance to ensure the authenticity and accuracy of EDI data

2Responsible for formulating and importing the correct delivery plan, communicating, feeding back and handling abnormal delivery situations

3Responsible for good communication with customers, maintain good relations, and obtain information such as order changes in a timely manner

4Responsible for the accuracy of order forecasting as data input for company operations

5Responsible for monitoring the on-time delivery of orders

6Implement FCA production suspension management regulations, ECR change management, logistics performance scoring and other important matters as required

7Make sure to achieve the department's KPI

8Timely completion and report of matters assigned by superiors

9Know about the environment factors, dangerous source and their control method

10Execute and implement integrated management system regulation and documentation

11Classfication of scrap and waste from this job

12Other duties as assigned;

13Nothing in the Position Description restricts management's right to assign or re-assign duties and responsibilities to this job at any time.

IⅤ. Qualification

Job RequirementsLanguageLanguages spoken commonly in the workplace are English and/or Mandarin. - Ability to read, understand and comprehend documents such as safety rules, operating and maintenance instructions. Ability to interpret a variety of instructions furnished in written, oral, diagram, or schedule form.
Ability to speak effectively and interact with other team members, engineers, leadership and customers.

ExperienceWork experience in planning department is preferred

EducationBachelor's degree or above

Physical ConditionThe employee is regularly required o in good health, available to work long time with computer, bear high stress

Other RequirementsMATHEMATICAL SKILLS -
Ability to add, subtract, multiply, and divide in all units of measure, using whole numbers, common fractions, and decimals.
REASONING ABILITY - Ability to solve practical problems and deal with a variety of variables.
COMPUTER SKILLS - Knowledge of and familiarity manufacturing software.

Knowledge, Skills & Abilities utilized on the jobProfessional Knowledge, SkillsFamiliar with company's production process and Plex operation

Familiar with EXCEL and other office software, need strong data analysis ability

Good logic ability, strong data analysis ability

Familiar with supply chain management

Training RequiredMRP operation

MRP management

Management method for material planning

Operation trainning for supply chain management and logistics management

ISO 14001/45001

Program manual TS16040

V. Work Environment:
While performing the duties of this job, the employee is occasionally exposed to extreme heat. The noise level in the work environment is usually moderate. Safety requirements for this position
are safety glasses and steel-toed work boots.

VI. Key Performance Indicators:
OEM forecast accuracy_3 Month/OEM forecast accuracy_1 Month/Improvement project earnings_1K

Must be 18 years of age or older.
Fuyao Glass America Inc., Core Foundation Competencies including Ethics, Integrity, Values & Trust. Fuyao Glass America Inc. is An Equal Opportunity/Affirmative Action Employer. All qualified applicants will receive consideration for employment without regard to race, color, religion, sex, national origin, disability or protected veteran status.
Fuyao Glass America, Inc. is a Drug-Free Workplace.",3914,https://workforcenow.adp.com/mascsr/default/mdf/recruitment/recruitment.html?cid=25319558-d6a9-48ab-93d2-99e4878a8ffc&ccId=19000101_000001&jobId=9201260984808_1&lang=en_US,,,,,,,no_match,,2026-09-27,,2026-10-10,,87,startDate,true,0,,,,,,2026-07-15,,false,,,,,,
9201256926878_1,Supervisor in Training - Coating Assembly (2nd Shift),Fuyao Glass America,,Full time,Posted 76 Days Ago,2026-07-13,89,"Moraine, OH, US",1,"Moraine, OH, US",false,,United States,,0,"Job Description

I. Job ProfileJob TitleSupervisor in TrainingDepartmentTempering Assembly

Direct SupervisorTempering Assembly ManagerDirect SubordinatesCoordinator

II. Job Summary：

Responsible for workshop KPI performance indicators, mainly responsible for the management and supervision of workshop personnel, production, labor discipline and quality, deploy workshop production tasks, control product cost, and effectively improve product quality and output;

III. Job Functions and Duties

NO.Representative Duties

1Responsible for the ADP management of the team members, review and approve the leave requests of the workshop employees, maintain the factory Manpower personnel management table, implement the company management system, and maintain the production discipline.

2Responsible for the management and control of the production cost of the team, lead the team to achieve the KPI performance indicators of the workshop, control the production overtime hours and materials between the buses, actively participate in the company's CIP continuous improvement activities, and meet the company's requirements;

3Responsible for organizing the production of the team, coordinating resources, executing production according to the production plan order, and completing production delivery with high quality and quantity;

4Responsible for the quality management of the team's production line, implement the management of self-process completion and change points, and supervise and control the production quality of the shift.

5Responsible for giving feedback and reporting when indicators are abnormal in production, and assisting the main workshop director to formulate improvement measures and track performance;

6Responsible for reviewing the authenticity of production reports and records of the team and the compliance of inventory and accounts;

7Responsible for formulating and organizing on-the-job training and job-transfer training, multi-post development plans for team employees, and tracking the implementation results;

8Responsible for the monitoring application, daily use, maintenance and storage of production line equipment and tooling tools;

9Responsible for the five-star team construction of the team, and lead the team to pass the company-level star certification.

10Responsible for promoting the TPM activities of the team and supervising the implementation of 5S in the workshop, maintaining a clean, efficient and safe working environment;

11Actively understand and monitor all workshop environmental factors, risk factors, hazards and their control methods;

12Familiar with and supervise workshop material safety data sheets;

13Conscientiously implement the relevant documents of the integrated management system;

14Obey and perform other work tasks arranged by the lead shift supervisor;

15Nothing in the Position Description restricts management's right to assign or re-assign duties and responsibilities to this job at any time

IⅤ. Qualification

Job RequirementsLanguageLanguages spoken commonly in the workplace are English and Mandarin. - Ability to read, understand and comprehend documents such as safety rules, operating and maintenance instructions. Ability to interpret a variety of instructions furnished in written, oral, diagram, or schedule form.
Ability to speak effectively and interact with other team members, engineers, leadership and customers.

Experience1 year manufacturing experience and /or training; or equivalent combination of education and experience preferred.

EducationHigh School Diploma or General Education Degree (GED)

Physical ConditionThe employee is regularly required o stand for long periods. Duties include turning at the waist, reaching, bending, squatting and lifting up to 50 pounds. Ability to pass static strength requirements (grip)
Visual acuity including, but not limited to:
a. NEAR ACUITY - Clarity of vision at 20 inches or less. Use this factor when special and minute accuracy is demanded.
b. FAR ACUITY - Clarity of vision at 20 feet or more. Use this factor when visual efficiency in terms of far acuity is required in day and night/dark conditions.
c. DEPTH PERCEPTION - Three-dimensional vision. Ability to judge distances and spatial relationships so as to see objects where and as they actually are.
d. COLOR VISION - Ability to identify and distinguish colors.
e. FIELD OF VISION - Observing an area that can be seen up and down or to right or left while eyes are fixed on a given point.
The noise level in the work environment is usually moderate. Safety requirements for this position
are safety glasses, hearing protection and steel-toed work boots.

Other RequirementsMATHEMATICAL SKILLS -
Ability to add, subtract, multiply, and divide in all units of measure, using whole numbers, common fractions, and decimals.
REASONING ABILITY - Ability to solve practical problems and deal with a variety of variables.
COMPUTER SKILLS - Knowledge of and familiarity manufacturing software.

Knowledge, Skills & Abilities utilized on the jobProfessional Knowledge, Skills1.Familiar with tempering technology, equipment and quality requirements;

2. Competent in solving difficult problems in production;

3. Familiar with production cost management and control methods;

4. Familiar with IATF 16949 ISO14001 and ISO 45001 management systems;

5. Familiar with production management knowledge and ability;

6. Competent in leading, communication, coordination and organizational skills;

7. Skilled in coaching technology, enhancing and training subordinates;

Training RequiredTempering Technology, Quality, Equipment Operation and Requirements

Plant Quota Evaluation and Production, Quality Statement Analysis

IATF 16949, ISO14001, ISO 45001 System Requirement

SPC, FMEA, PPAP, APQP, MSA and Other Tools for Quality Management

5s, 6δ, TPM & IE management knowledge;

Post Related Material Safety Data Sheet

Powered Industrial Truck Certification. Propane, Gas, or Stand up if applicable & Forklift Train the Trainer Certified

Must complete all training described in the Company’s Training Standard, in the areas of Safety, Output, Quality, Management, Leadership, 5S and Legal.

V. Work Environment:
While performing the duties of this job, the employee is occasionally exposed to extreme heat. The noise level in the work environment is usually moderate. Safety requirements for this position
are safety glasses and steel-toed work boots.

Communication, Motivation and Employee Relations and Other Management Knowledge

VI. Key Performance Indicators:
Output, Yield, Dimission Rate, Sheet Return Rate, Delivery, Production Cost, Production Efficiency, External Damage, Product Audit Compliance Rate, Production Safety, Stock",6739,https://workforcenow.adp.com/mascsr/default/mdf/recruitment/recruitment.html?cid=25319558-d6a9-48ab-93d2-99e4878a8ffc&ccId=19000101_000001&jobId=9201256926878_1&lang=en_US,,,,,,,no_match,,2026-09-27,,2026-10-10,,89,startDate,true,0,,,,,,2026-07-13,,false,,,,,,
9201215489528_1,Integrated Management System Specialist,Fuyao Glass America,,Full time,Posted 76 Days Ago,2026-07-13,89,"Moraine, OH, US",1,"Moraine, OH, US",false,,United States,,0,"Job Description

I. Job ProfileJob TitleIntegrated Management System SpecialistDepartmentIntegrated Management System

Direct SupervisorIMS Senior ManagerDirect SubordinatesNone

II. Job Summary：
According to the annual audit plan, perform the audit work, including audit schedule, pre-audit preparation meeting, audit kick-off meeting, audit implementation, audit report, non-conformity item issuance, corrective action verification and closure. According to internal needs, implement internal system-related training. Execute abnormal special investigation work.

III. Job Functions and Duties

NO.Representative Duties

1Responsible for the implementation of the annual audit plan (system audit, process audit, customer audit, third party audit) to ensure that it is completed on time.

2Responsible for audit schedule, pre-audit preparation meeting, audit kick-off meeting, audit implementation, audit report, non-conformity item issuance, corrective action verification and closure.

3Responsible for communication and cooperation with relevant internal departments to improve and optimize the integrated management system and process.

4Compile management system manual, MT, WI; carry out standardized control throughout the company in accordance with document record management requirements.

5Responsible for integrated management system knowledge training, including training for newly recruited employees;

6Carry out special investigations on abnormalities, write reports, and track and close the problems found.

7Preparation of personal monthly work report, manage personal KPI performance, analyze and improve, and strive for outstanding individual awards.

8Other duties as assigned

9Nothing in the position description restricts management's right to assign or re-assign duties and responsibilities to this job at any time

IⅤ. Qualification

Job RequirementsLanguageLanguages spoken commonly in the workplace are English and Mandarin. It is required that the personnel be fluent in one of these languages to include the following:
- Ability to read, understand, and comprehend documents such as safety rules, operating and maintenance instructions.
- Ability to interpret a variety of instructions furnished in written, oral, diagram, or schedule form.
- Ability to speak effectively and interact with other team members, engineers, leadership and customers.

Experience2+ years manufacturing field experience, quality preferred

EducationCollege degree preferred or significant relevant work experience

Physical ConditionIntegrated Management Systems Specialist will be required to work in an office environment at a desk and interacting with others on the manufacturing floor, regularly requiring to stand or sit for long periods. Must be energetic and able to work under pressure. Duties will include long periods of viewing a computer monitor.

Other RequirementsMATHEMATICAL SKILLS - ability to add, subtract, multiply, and divide in all units of measure, using whole numbers, common fractions, and decimals.
REASONING ABILITY - Ability to solve practical problems and deal with a variety of variables.
COMPUTER SKILLS - Knowledge of and familiarity manufacturing software. Proficient in using Microsoft Office software (Word, Excel, PowerPoint).
COMMUNICATION SKILLS - excellent verbal and written communication skills.
OTHER - occasional evening and weekend work to meet deadlines

Knowledge, Skills & Abilities utilized on the jobProfessional Knowledge, Skills1. Excellent organizational skills, very good oral and written communication skills, with ability to work effectively with diverse groups of people
2. Excellent analytical and creative problem solving skills
3. Familiar with manufacturing principle and technological process of automotive glass
4. Familiar with the company's quality policy, objectives and commitments
5. Have knowledge of IATF 16949 quality management system
6. Have knowledge of ISO14001 and ISO45001 system
7. Familiar with the Five Tools, APQP,PPAP, FMEA, MSA, SPC, including Control Plan
8. Good planning, organization, and leadership skill
9. Strong sense of responsibility and flexibility; be able to actively deal with problems
10. Automotive safety glass regulatory standards and internal control standards
11. VDA Process Audit 6.3
12. Understanding of lean, 6 Sigma and 5S
13. Certificate qualification: IATF16949/ISO14001/ISO45001/ISO17025/VDA6.3 internal auditor certificate, process auditor certificate, etc.

Training RequiredGlass manufacturing process and product quality

Studying of national/international/industrial standards on glass products, and training on related inspection technology

Training on IATF16949 quality system knowledge and APQP/FMEA/Control Plan/SPC/MSA/PPAP core tools

Training on ISO 14001, ISO 45001, ISO 17025, and VDA6.3 system knowledge

V. Work Environment:
While performing the duties of this job, the employee is occasionally exposed to extreme heat. The noise level in the work environment is usually moderate. Safety requirements for this position are safety glasses and steel-toed work boots.

VI. Key Performance Indicators:
1. Audit issue settlement rate;
2. Management review issue achievement rate;
3. Customer audit;
4. Quality management system sudit by 3rd party;
5. Timely approval rate of documents
6. Special Investigation Closrue Rate
7. Number of Serious Nonfonformities
8. Corresponding individual indicators",5428,https://workforcenow.adp.com/mascsr/default/mdf/recruitment/recruitment.html?cid=25319558-d6a9-48ab-93d2-99e4878a8ffc&ccId=19000101_000001&jobId=9201215489528_1&lang=en_US,,,,,,,no_match,,2026-09-27,,2026-10-10,,89,startDate,true,0,,,,,,2026-07-13,,false,,,,,,
9201253079731_1,Shift Supervisor - Semi-Tempering Lamination Dept (3rd Shift),Fuyao Glass America,,Full time,Posted 81 Days Ago,2026-07-08,94,"Moraine, OH, US",1,"Moraine, OH, US",false,,United States,,0,"Job Description

I. Job ProfileJob TitleShift SupervisorDepartmentSemi-Tempering Lamination

Direct SupervisorLead SupervisorDirect SubordinatesTechnical Supervisor, Mold & Fixture Management, Coordinator, Preparation, Utility, Allocation Forklift, CBG Bystronic Operator, Print Operator, Pre-Sintering Operator, Furnace Operator, Inspector, Loader, Production Associates

II. Job Summary：
Responsible for the management and supervision of personnel, production, work regulations, quality. Implement cost management strictly. Improve production output and quality effectively.

III. Job Functions and Duties

NO.Representative Duties

1Report to Lead supervisor, organize and plan production based on production orders.

2Be responsible for plant safety issue, guiding and supervising safety management by supervisors; ensuring personal safety, production safety, equipment safety, and environmental sanitation, etc.

3Fully responsible to production quality and cost, manage and control each KPI in order to fulfill company's requests.

4Implement pre-shift meeting regulation. Report production, quality, work regulation issues.

5Responsible to solve production issues, organize personnel to solve problems.

6Responsible for work coordination, assist financial department and statistic department in plant stock taking and bonus management.

7Supervise the preparation of each positions before production, Monitor work regulations, quality, safety. Make sure that operators will work according to 3 operation instructions.

8Prepare initial training, formal training and multi-positions training, Implementation evaluation follow up.

9Collect shift production data, analyze shift production and quality status, report to Lead supervisor.

10Implement 5s and visionary management on-site. Keep safe and clean environment. Keep things at appropriate spots.

11In case of emergency, follow the instructions in emergency plan.

12Responsible for quality document and record management. Manage and supervise equipment and tools in plant.

13Double check the accuracy of production report preparation and import to system. Make sure the responsible warehouse materials quantities match system record.

14Identify workplace environment factors, hazard resource and control methods.

15Strictly implement the regulations of comprehensive management system.

16Take care of sorting and storage of own waste.

17Other duties as assigned.

18Nothing in the Position Description restricts management's right to assign or re-assign duties and responsibilities to this job at any time

IⅤ. Qualification

Job RequirementsLanguageLanguages spoken commonly in the workplace are English and/or Mandarin. - Ability to read, understand and comprehend documents such as safety rules, operating and maintenance instructions. Ability to interpret a variety of instructions furnished in written, oral, diagram, or schedule form.
Ability to speak effectively and interact with other team members, engineers, leadership and customers.

Experience1 year manufacturing experience and /or training; or equivalent combination of education and experience preferred.

EducationHigh School Diploma or General Education Degree (GED)

Physical ConditionThe employee is regularly required o stand for long periods. Duties include turning at the waist, reaching, bending, squatting and lifting up to 50 pounds. Ability to pass static strength requirements (grip)
Visual acuity including, but not limited to:
a. NEAR ACUITY - Clarity of vision at 20 inches or less. Use this factor when special and minute accuracy is demanded.
b. FAR ACUITY - Clarity of vision at 20 feet or more. Use this factor when visual efficiency in terms of far acuity is required in day and night/dark conditions.
c. DEPTH PERCEPTION - Three-dimensional vision. Ability to judge distances and spatial relationships so as to see objects where and as they actually are.
d. COLOR VISION - Ability to identify and distinguish colors.
e. FIELD OF VISION - Observing an area that can be seen up and down or to right or left while eyes are fixed on a given point.
The noise level in the work environment is usually moderate. Safety requirements for this position
are safety glasses, hearing protection and steel-toed work boots.

Other RequirementsMATHEMATICAL SKILLS -
Ability to add, subtract, multiply, and divide in all units of measure, using whole numbers, common fractions, and decimals.
REASONING ABILITY - Ability to solve practical problems and deal with a variety of variables.
COMPUTER SKILLS - Knowledge of and familiarity manufacturing software.

Knowledge, Skills & Abilities utilized on the jobProfessional Knowledge, SkillsMaintain a professional courteous demeanor

Excellent communication and interpersonnal skills

Must be punctual, pleasant, and tactful with professional appearance and conduct

Ability to work in a fast-paced environment while meeting critical deadlines

Knowledgeable and understanding of organizational policies, procedures, standards, and systems

Ability to operate a computer and use mathematic skills to interpret production data

Master critical skills across workshop processes to provide immediate coverage for guarantee continuous line operation

Ability to operate a forklift

Training RequiredPosition related Safaty Data Sheets, Job Hazard Analysis, Material Handling Safety Training

Position Work Instructions Training

Product Appearance Standards Training

Position 5S Management Training

Enterprise Profile, Rules and Regulations, Product Quality, Technology Operation, Safety, System, and Other Awareness Training

Forklift Training

V. Work Environment:
While performing the duties of this job, the employee is occasionally exposed to extreme heat. The noise level in the work environment is usually moderate. Safety requirements for this position are safety glasses and steel-toed work boots.

VI. Key Performance Indicators:
Output, Yield, Demission Rate, Sheet Return Rate, Delivery, Production Cost, Production Efficiency, External Damage, Product Audit Compliance Rate, Production Safety, Stock

This is a 3rd Shift position

3rd shift , 22:30-07:00
Must be 18 years of age or older.
Fuyao Glass America Inc., Core Foundation Competencies including Ethics, Integrity, Values & Trust. Fuyao Glass America Inc. is An Equal Opportunity/Affirmative Action Employer. All qualified applicants will receive consideration for employment without regard to race, color, religion, sex, national origin, disability or protected veteran status.
Fuyao Glass America, Inc. is a Drug-Free Workplace.",6586,https://workforcenow.adp.com/mascsr/default/mdf/recruitment/recruitment.html?cid=25319558-d6a9-48ab-93d2-99e4878a8ffc&ccId=19000101_000001&jobId=9201253079731_1&lang=en_US,,,,,,,no_match,,2026-09-27,,2026-10-10,,94,startDate,true,0,,,,,,2026-07-08,,false,,,,,,
9201200331908_1,EHS Manager,Fuyao Glass America,,Full time,Posted 82 Days Ago,2026-07-07,95,"Moraine, OH, US",1,"Moraine, OH, US",false,,United States,,0,"I. Job ProfileJob TitleEHS ManagerDepartmentEHS

Direct SupervisorDirectorDirect SubordinatesAssigned Associates

II. Job Summary：
The EH&S Manager is responsible for overseeing diverse tasks related to environmental, health and safety needs.  Provide a safe and healthy working environment for all employees.     Implement improvement systems in order to eliminate work-related injuries and ensuring all employees are educated in safe work conditions, practices, and safety requirements.     Manage and monitor a solid and effective safety program, encompassing environmental, safety and health policies and procedures. This position is responsible for the ISO 14001 and ISO 45001 certification process and shall maintain the relevant management systems.      Responsible for the safe operation and protection of all facility assets. The EH&S Manager is responsible for ensuring the safety of all persons on site, including visitors.

III. Job Functions and Duties

NO.Representative Duties

1Safety in the Work Environment :
1.1  Evaluate work environment to ensure safe practices are established to prevent injuries, accidents, and eliminate work hazards.
1.2  Design and implement safety program to include PPE, hearing protection and noise mapping,  heat stress, LOTO, confined space, hot permit program, electrical safety and fork truck safety, as part of the initial implementation plan.
1.3 Provide safety direction and/or guidance to on-site contractors to ensure compliance with FGA safety rules, policies, and procedures.

2Accident/Injury Investigation:
2.1  Conduct accident investigations immediately upon notice of accident and/or injury; complete within 24 hours at the latest.
2.2   Document interviews with employees and witnesses to the accident/injury.
2.3  Identify root cause analysis and implement corrective actions.
2.4  Communicate details of accident and/or injury to Human Resources Director and President.                                                                                                                                                                                                                                                                                                                                                              2.5  Complete and submit, if necessary, worker's compensation report, OSHA log, and other regulatory agencies, including environmental reporting.
2.6  Update and maintain injury and accident statistics to evaluate performance level of program.

3Establish a Culture of Safety:
3.1  Instill a culture of safety throughout the organization.
3.2  Conduct contractor safety training to ensure contractors comply with FGA safety rules, procedures, policies,  and perform work in a safe manner.
3.3  Provide integrated solutions to potential safety hazards.
3.4   Act as a EHS resource to plant management.
3.5  Provide technical support and assist in resolving safety issues to aid production and maintenance goals.

4Industrial Hygiene Program:
4.1  Establish areas of industrial hygiene sampling and monitoring.
4.2   Establish an annual schedule to conduct industrial sampling, including noise sampling.
4.3  Complete and monitor sampling schedule to ensure a safe working environment.
4.4  Immediately implement corrective actions where samplings are out of range.

5Safety Training:
5.1  Design and implement safety training for New Hire Orientation.
5.2  Ensure employee understanding of EHS policies and procedures.
5.3  Test and re-test for understanding and compliance.
5.4  Monitor training courses for attendance and compliance for each employee.

6Project Management:
6.1  Manages, evaluates, and implements appropriate projects that reduce costs, reduces accidents and injuries, and contributes to improved performance of the safety program.

7Lead the EH&S team in achievement of relevant ISO certifications

8Lead investigation of accidents, incidents, and near misses to identify causes and to determine how such accidents might be prevented in the future.  Compiles and submits required OSHA accident reports.

9Assist management in development and reporting of EHS performance metrics to facilitate continuous, ongoing improvement of the EHS efforts and results.

10Follows instructions and performs other duties as may be assigned by supervisor.

11Assists other employees in accomplishment of Fuyao Glass America company goals.

12Participates in and completes company-required training programs.

13Participates in Environmental, Health and Safety initiatives as set forth by the company.

14Essential functions require presence in the workplace on a regular basis and an ability to work extra hours if needed.  If applicable, ability to work overtime may be needed to ensure required shift staffing capacity to meet daily production objectives.

15Lead EH&S team members in the execution of ISO 14001 and ISO 45001 certification efforts. Ensure conformance to polies and procedures developed to ensure the conformance to management system requirements as established in the ISO 14001 and ISO 45001 standards. Work with top leadership to ensure continual efforts to improve these management systems.

16Other duties as assigned

17Nothing in the Position Description restricts management's right to assign or re-assign duties and responsibilities to this job at any time

IⅤ. Qualification

Job RequirementsLanguageLanguages spoken commonly in the workplace are English and Mandarin. - Ability to read, understand and comprehend documents such as safety rules, operating and maintenance instructions. Ability to interpret a variety of instructions furnished in written, oral, diagram, or schedule form.
Ability to speak effectively and interact with other team members, engineers, leadership and customers.

ExperienceBachelor's Degree in Occupational Safety, Chemistry, Natural Sciences, Engineering, or related field with 10 + years related experience.

EducationBachelor's Degree in Occupational Safety, Chemistry, Natural Sciences, Engineering

Physical ConditionThe employee is regularly required o stand for long periods.                                                                                                                                                         Duties include turning at the waist, reaching, bending, squatting and lifting up to 50 pounds.                                                                                                                                                         Ability to pass static strength requirements (grip)
Visual acuity including, but not limited to:
a. NEAR ACUITY - Clarity of vision at 20 inches or less. Use this factor when special and minute accuracy is demanded.
b. FAR ACUITY - Clarity of vision at 20 feet or more. Use this factor when visual efficiency in terms of far acuity is required in day and night/dark conditions.
c. DEPTH PERCEPTION - Three-dimensional vision. Ability to judge distances and spatial relationships so as to see objects where and as they actually are.
d. COLOR VISION - Ability to identify and distinguish colors.
e. FIELD OF VISION - Observing an area that can be seen up and down or to right or left while eyes are fixed on a given point.
The noise level in the work environment is usually moderate. Safety requirements for this position
are safety glasses, hearing protection and steel-toed work boots.

Other RequirementsMATHEMATICAL SKILLS -
Ability to add, subtract, multiply, and divide in all units of measure, using whole numbers, common fractions, and decimals.
REASONING ABILITY - Ability to solve practical problems and deal with a variety of  variables.
COMPUTER SKILLS - Knowledge of and familiarity manufacturing software.

Knowledge, Skills & Abilities utilized on the jobProfessional  Knowledge, SkillsMust have a level of proficiency with Internet, Email, and Microsoft programs.
Prior experience in a manufacturing facility.

Experience with local regulatory compliance, applying for and obtaining environmental permits, permit compliance, and regulatory reporting.

Understanding administration of other plant functions. Manage daily NPDES discharge.

Management of all operating permits and reporting to include EPA RCRA part B, NPDES (storm water and discharge), air. DHS, DOT, SARA and EPA registrations.

Lead hazops, what ifs and risk assessments for site.

Training RequiredRCRA, OSHA training cetificates

Obtain CPR/AED/First Aid Certification

Obtain OSHA 30-hour cetification

V. Work Environment:
While performing the duties of this job, the employee is occasionally exposed to extreme heat. The noise level in the work environment is usually moderate. Safety requirements for this position
are safety glasses and steel-toed work boots.

VI. Key Performance Indicators:
Number of injuries and types; Successful safety program determined by KPIs - First Aid, OSHA Recordable, Lost Time; Success of PPE program; Percentage of completed training by department and overall plant attendance.",9024,https://workforcenow.adp.com/mascsr/default/mdf/recruitment/recruitment.html?cid=25319558-d6a9-48ab-93d2-99e4878a8ffc&ccId=19000101_000001&jobId=9201200331908_1&lang=en_US,,,,,,,no_match,,2026-09-27,,2026-10-10,,95,startDate,true,0,,,,,,2026-07-07,,false,,,,,,
9201253054219_1,Manufacturing Engineer - Tempering Assembly Backlite Dept,Fuyao Glass America,,Full time,Posted 83 Days Ago,2026-07-06,96,"Moraine, OH, US",1,"Moraine, OH, US",false,,United States,,0,"I. Job ProfileJob TitleManufacturing EngineerDepartmentTempering Assembly

Direct SupervisorLead SupervisorDirect SubordinatesNone

II. Job Summary：
Responsible for improving pretreatment product quality, reducing the scrap rate in the pretreatment production process, enhancing output;

III. Job Functions and Duties

NO.Representative Duties

1Analyze and improve manufacturing processes to increase efficiency and reduce waste.

2Develop, implement, and optimize production workflows, layouts, and standard work.

3Support new equipment installation and lead process validation.

4Collaborate with Quality, Maintenance, and Production teams to resolve issues.

5Monitor and report on key performance indicators (KPIs) such as cycle time, yield, and downtime.

6Support the launch of new automotive glass products and ensure smooth transition into mass production.

7Implement Lean Manufacturing and continuous improvement initiatives (e.g., Kaizen, 5S, Six Sigma).

8Other duties as assigned.

9Nothing in the Position Description restricts management's right to assign or re-assign duties and responsibilities to this job at any time.

IⅤ. Qualification

Job RequirementsLanguageLanguages spoken commonly in the workplace are English and/or Mandarin. - Ability to read, understand and comprehend documents such as safety rules, operating and maintenance instructions. Ability to interpret a variety of instructions furnished in written, oral, diagram, or schedule form.
Ability to speak effectively and interact with other team members, engineers, leadership, and customers.

EducationBachelor's or Master's degree in Mechanical Engineering, Industrial Engineering, Manufacturing Engineering, or a related field.

Physical ConditionThe employee is regularly required to stand for long periods. Duties include turning at the waist, reaching, bending, squatting and lifting up to 50 pounds. Ability to pass static strength requirements (grip). The noise level in the work environment is usually moderate. Safety requirements for this position are safety glasses, hearing protection and steel-toed work boots. Visual acuity including, but not limited to:
a. NEAR ACUITY - Clarity of vision at 20 inches or less. Use this factor when special and minute accuracy is demanded.
b. FAR ACUITY - Clarity of vision at 20 feet or more. Use this factor when visual efficiency in terms of far acuity is required in day and night/dark conditions.
c. DEPTH PERCEPTION - Three-dimensional vision. Ability to judge distances and spatial relationships so as to see objects where and as they actually are.
d. COLOR VISION - Ability to identify and distinguish colors.
e. FIELD OF VISION - Observing an area that can be seen up and down or to right or left while eyes are fixed on a given point.

Other Requirements MATHEMATICAL SKILLS - Ability to add, subtract, multiply, and divide in all units of measure, using whole numbers, common fractions, and decimals.
REASONING ABILITY - Ability to solve practical problems and deal with a variety of variables.
COMPUTER SKILLS - Knowledge of and familiarity manufacturing software.

Training Required Competent in solving difficult problems in production;

Familiar with production management knowledge and ability;

Competent in leading, communication, coordination, and organizational skills;

Skilled in coating technology, enhancing, and training subordinates;

V. Work Environment:
While performing the duties of this job, the employee is occasionally exposed to extreme heat. The noise level in the work environment is usually moderate. Safety requirements for this position are safety glasses and steel-toed work boots.

VI. Key Performance Indicators:
Output, Yield, Safety

This is a 1st Shift position

8-5
Must be 18 years of age or older.
Fuyao Glass America Inc., Core Foundation Competencies including Ethics, Integrity, Values & Trust. Fuyao Glass America Inc. is An Equal Opportunity/Affirmative Action Employer. All qualified applicants will receive consideration for employment without regard to race, color, religion, sex, national origin, disability or protected veteran status.
Fuyao Glass America, Inc. is a Drug-Free Workplace.",4180,https://workforcenow.adp.com/mascsr/default/mdf/recruitment/recruitment.html?cid=25319558-d6a9-48ab-93d2-99e4878a8ffc&ccId=19000101_000001&jobId=9201253054219_1&lang=en_US,,,,,,,no_match,,2026-09-27,,2026-10-10,,96,startDate,true,0,,,,,,2026-07-06,,false,4,67558,67558,68177,subset,Manufacturing Engineer
9201249781932_1,Shift Supervisor - Lamination Connection 2nd Shift,Fuyao Glass America,,Full time,Posted 88 Days Ago,2026-07-01,101,"Moraine, OH, US",1,"Moraine, OH, US",false,,United States,,0,"Job Title: Shift Supervisor

Job Summary：
1. Production safety (proper wear of PPEs)

2. Product quality (yield produced by each shift)

3. Productivity (pieces produced by each shift)

4. Job observation (associates’ skills/wait on the job/defects/on-site conditions/preparations)

5. Training (equipment operation, quality standards, process requirements and information feedback procedure)

6. Emergency issue handling (4M changes, sudden equipment breakdowns, production problems)

Job Functions:

• Conducting pre-shift meeting

• Assembly's process of finished products

• Guidance and leadership to personnel and motivation of Associates to reach

• Create grid whiteboard maintenance and direction to Associates

• Oversight of glass auditing and Plex entry

• Other duties as assigned

• Nothing in the Position Description restricts management's right to assign or re-assign duties and responsibilities to this job at any time

Qualifications:

• Languages spoken commonly in the workplace are English and Mandarin. Ability to read, understand and comprehend documents such as safety rules, operating and maintenance instructions. Ability to interpret a variety of instructions furnished in written, oral, diagram, or schedule form

• Ability to speak effectively and interact with other team members, engineers, leadership and customers

• 1 to 3 years manufacturing experience and /or training; or equivalent combination of education and experience preferred

• High School Diploma or General Education Degree (GED)

• The employee is regularly required to stand for long periods. Duties include turning at the waist, reaching, bending, squatting and lifting up to 50 pounds

• Ability to pass static strength requirements (grip)

• Clarity of vision at 20 inches or less. Use this factor when special and minute accuracy is demanded

• Clarity of vision at 20 feet or more. Use this factor when visual efficiency in terms of far acuity is required in day and night/dark conditions

• Three-dimensional vision. Ability to judge distances and spatial relationships so as to see objects where and as they actually are

•  Ability to identify and distinguish colors

• Observing an area that can be seen up and down or to right or left while eyes are fixed on a given point.

• The noise level in the work environment is usually moderate

• Safety requirements for this position are safety glasses, hearing protection and steel-toed work boots

• Ability to add, subtract, multiply, and divide in all units of measure, using whole numbers, common fractions, and decimals

• Ability to solve practical problems and deal with a variety of variables

• Knowledge of and familiarity manufacturing software

• FORKLIFT OPERATION (Certification Required)

• Operates forklifts, as needed, to support Production

• Background and policy of company, Processing of produce, safety requirement, and any necessary knowledge

• Knowledge of 5S and how it applies to specific work area

• Equipment and electric appliance's mechanical structures and operating principles

• Remember and understand <Material and Safety of processing menu book>

• Self working 90 days

• Familiar with operation 60 days

• Being a trainer 180 days

• Give advises 180 days

Responsible report to Lead supervisor,orgnize and plan production based on production orders, shift production daily report.

Fully responsible to shift production quality and cost, manage and control each KPI in order to fulfill the company's requests.

Implement pre-shift meeting regulation. Report production, quality, work regulation issues.

Responsible to solve production issues,orgnize personnel to solve problems.

Responsible for work coordination,assist finacial department and statistic department in plant stock taking and bonus management.

Supervise the preparation of each position before production, Monitor work regulations,q uality,safety.Make sure that operators will work according to 3 operation instructions.

Implement initial training ,formal training and multi positions training, Implementation evaluation follow-up.

Collect shift production data,analyze shift production and quality status, report to Lead supervisor.

.Responsible for managing 5 Star kanban and conducting the TPM activity of the workshop

Implement 5s and visionary management on-site.Keep safe and clean environment. Keep items in their positions.

In case of emergency,follow the instructions in emergency plan.

Responsible for quality document and record management. Manage and supervise equipment and tools in the plant.

Double check the accuracy of production report preparation and import to system.Make sure the responsible warehouse materials quantities match system record.

Identify workplace environment factor, hazard resource and control method.

Strictly implement the regulations of comprehensive management system(Complete Daily Safety checklist).

Take care of sorting and storage of own waste.

Assist other matters.

Other duties as assigned

Nothing in the Position Description restricts management's right to assign or re-assign duties and responsibilities to this job at any time",5155,https://workforcenow.adp.com/mascsr/default/mdf/recruitment/recruitment.html?cid=25319558-d6a9-48ab-93d2-99e4878a8ffc&ccId=19000101_000001&jobId=9201249781932_1&lang=en_US,,,,,,,no_match,,2026-09-27,,2026-10-10,,101,startDate,true,0,,,,,,2026-07-01,,false,,,,,,
9201245780776_1,Shift Supervisor - Coating Semi-Temp Lamination (3rd Shift),Fuyao Glass America,,Full time,Posted 93 Days Ago,2026-06-26,106,"Moraine, OH, US",1,"Moraine, OH, US",false,,United States,,0,"Job Title: Shift Supervisor

Job Summary：
1. Production safety (proper wear of PPEs)

2. Product quality (yield produced by each shift)

3. Productivity (pieces produced by each shift)

4. Job observation (associates’ skills/wait on the job/defects/on-site conditions/preparations)

5. Training (equipment operation, quality standards, process requirements and information feedback procedure)

6. Emergency issue handling (4M changes, sudden equipment breakdowns, production problems)

Job Functions:

• Conducting pre-shift meeting

• Assembly's process of finished products

• Guidance and leadership to personnel and motivation of Associates to reach

• Create grid whiteboard maintenance and direction to Associates

• Oversight of glass auditing and Plex entry

• Other duties as assigned

• Nothing in the Position Description restricts management's right to assign or re-assign duties and responsibilities to this job at any time

Qualifications:

• Languages spoken commonly in the workplace are English and Mandarin. Ability to read, understand and comprehend documents such as safety rules, operating and maintenance instructions. Ability to interpret a variety of instructions furnished in written, oral, diagram, or schedule form

• Ability to speak effectively and interact with other team members, engineers, leadership and customers

• 1 to 3 years manufacturing experience and /or training; or equivalent combination of education and experience preferred

• High School Diploma or General Education Degree (GED)

• The employee is regularly required to stand for long periods. Duties include turning at the waist, reaching, bending, squatting and lifting up to 50 pounds

• Ability to pass static strength requirements (grip)

• Clarity of vision at 20 inches or less. Use this factor when special and minute accuracy is demanded

• Clarity of vision at 20 feet or more. Use this factor when visual efficiency in terms of far acuity is required in day and night/dark conditions

• Three-dimensional vision. Ability to judge distances and spatial relationships so as to see objects where and as they actually are

•  Ability to identify and distinguish colors

• Observing an area that can be seen up and down or to right or left while eyes are fixed on a given point.

• The noise level in the work environment is usually moderate

• Safety requirements for this position are safety glasses, hearing protection and steel-toed work boots

• Ability to add, subtract, multiply, and divide in all units of measure, using whole numbers, common fractions, and decimals

• Ability to solve practical problems and deal with a variety of variables

• Knowledge of and familiarity manufacturing software

• FORKLIFT OPERATION (Certification Required)

• Operates forklifts, as needed, to support Production

• Background and policy of company, Processing of produce, safety requirement, and any necessary knowledge

• Knowledge of 5S and how it applies to specific work area

• Equipment and electric appliance's mechanical structures and operating principles

• Remember and understand <Material and Safety of processing menu book>

• Self working 90 days

• Familiar with operation 60 days

• Being a trainer 180 days

• Give advises 180 days

Responsible report to Lead supervisor,orgnize and plan production based on production orders, shift production daily report.

Fully responsible to shift production quality and cost, manage and control each KPI in order to fulfill the company's requests.

Implement pre-shift meeting regulation. Report production, quality, work regulation issues.

Responsible to solve production issues,orgnize personnel to solve problems.

Responsible for work coordination,assist finacial department and statistic department in plant stock taking and bonus management.

Supervise the preparation of each position before production, Monitor work regulations,q uality,safety.Make sure that operators will work according to 3 operation instructions.

Implement initial training ,formal training and multi positions training, Implementation evaluation follow-up.

Collect shift production data,analyze shift production and quality status, report to Lead supervisor.

.Responsible for managing 5 Star kanban and conducting the TPM activity of the workshop

Implement 5s and visionary management on-site.Keep safe and clean environment. Keep items in their positions.

In case of emergency,follow the instructions in emergency plan.

Responsible for quality document and record management. Manage and supervise equipment and tools in the plant.

Double check the accuracy of production report preparation and import to system.Make sure the responsible warehouse materials quantities match system record.

Identify workplace environment factor, hazard resource and control method.

Strictly implement the regulations of comprehensive management system(Complete Daily Safety checklist).

Take care of sorting and storage of own waste.

Assist other matters.

Other duties as assigned

Nothing in the Position Description restricts management's right to assign or re-assign duties and responsibilities to this job at any time",5155,https://workforcenow.adp.com/mascsr/default/mdf/recruitment/recruitment.html?cid=25319558-d6a9-48ab-93d2-99e4878a8ffc&ccId=19000101_000001&jobId=9201245780776_1&lang=en_US,,,,,,,no_match,,2026-09-27,,2026-10-10,,106,startDate,true,0,,,,,,2026-06-26,,false,,,,,,
9201128555042_1,Maintenance Engineer,Fuyao Glass America,,Full time,Posted 97 Days Ago,2026-06-22,110,"Moraine, OH, US",1,"Moraine, OH, US",false,,United States,,0,"Job Description

I. Job ProfileJob TitleMaintenance EngineerDepartmentEquipment Maintenance Department

Direct SupervisorMaintenance Manager/Assistant Maintenance Manager/Maintenance SupervisorDirect SubordinatesNone

II. Job Summary：
Responsible for abrupt equipment failure maintenance, preventive equipment maintenance

III. Job Functions and Duties

NO.Representative Duties

1Responsible for the maintenance and fix according to equipment breakdown calls during on-duty shift (10%)
负责根据设备的故障及受损情况进行维修工作

2Prepare specifications for the purchase of spare parts inventory. (15%)
能够识别并了解设备的维修备件参数以保证设备正常维护

3Responsible for mechanical and electrical     maintenance of production equipment, perform issue analysis and resolve according to work orders/maintenance request; (25%)
能够执行对于生产设备的机械及电气维修，发现问题并解决，根据维修工单定期对设备进行维护

4Perform routine equipment inspection, identify potential failure risks and take action to prevent downtime; (10%)
对设备进行日常检查维护，发现潜在的风险点并有措施预防设备故障

5Responsible for regular backup or revision to automation program; Regularly backup or revise automation program and ensure the reliability of backup; (10%)
能够对自动化程序日常备份及调试

6Be responsible for equipment preventive maintenance and lubrication; reduce equipment downtime and quantity of scraped product due to equipment issue for responsible area. (15%) 对设备按规进行润滑及保养，提升设备效率及减少废品产出

7Assist the software engineer to carry out on-site debugging of the equipment, and complete the on-site debugging tasks according to the requirements of the debugging engineer with quality and quantity (5%)协助软件工程师进行程序调整及纠错，根据软件工程师指导完成调整任务

8Responsible for document record,such as Equipment sudden breakdown maitenance record and Maintenance work daily log.  (5%)
负责对设备进行故障记录及维修记录

9Responsible for staffs' related basic equipment knowledge, procedure, and skill trainining. (5%)
对公司设备熟悉并有相关的工作技能及培训能力

10Other duties as assigned

11Nothing in the Position Description restricts management's right to assign or re-assign duties and responsibilities to this job at any time

IⅤ. Qualification

Job RequirementsLanguageLanguages spoken commonly in the workplace are English and/or Mandarin - Ability to read, understand and comprehend documents such as safety rules, operating and maintenance instructions. Ability to interpret a variety of instructions furnished in written, oral, diagram, or schedule form.
Ability to speak effectively and interact with other team members, engineers, leadership and customers.

ExperienceOver two years manufacturing experience and /or training; or equivalent combination of education and experience preferred.
Licensed high/low voltage electrician is required.

EducationBachelor's degree and above, major in mechinery, electric or relevant majors;

Physical ConditionThe employee is regularly required o stand for long periods.                                                                                                                                 Duties include turning at the waist, reaching, bending, squatting and lifting up to 50 pounds.                                                                           Ability to pass static strength requirements (grip)
Visual acuity including, but not limited to:
a. NEAR ACUITY - Clarity of vision at 20 inches or less. Use this factor when special and minute accuracy is demanded.
b. FAR ACUITY - Clarity of vision at 20 feet or more. Use this factor when visual efficiency in terms of far acuity is required in day and night/dark conditions.
c. DEPTH PERCEPTION - Three-dimensional vision. Ability to judge distances and spatial relationships so as to see objects where and as they actually are.
d. COLOR VISION - Ability to identify and distinguish colors.
e. FIELD OF VISION - Observing an area that can be seen up and down or to right or left while eyes are fixed on a given point.
The noise level in the work environment is usually moderate. Safety requirements for this position
are safety glasses, hearing protection and steel-toed work boots.

Other RequirementsMATHEMATICAL SKILLS -
Ability to add, subtract, multiply, and divide in all units of measure, using whole numbers, common fractions, and decimals.
REASONING ABILITY - Ability to solve practical problems and deal with a variety of  variables.
COMPUTER SKILLS - Knowledge of and familiarity manufacturing software.
Can accept overtime during weekend and emergency fixing after work

Knowledge, Skills & Abilities utilized on the jobProfessional  Knowledge, SkillsSkillful use of computer

Knowledge of electricity and machinery

Factory power distribution equipment design/installation

Power supply and distribution operation and electric safety

Certain observational ability and adaptability to changes;

Certain interpersonal skills;

Certain planning, organization and coordination ability;

Certain persuasive ability;

Be able to operate lifts and forklifts.

Training RequiredReceived training on special electrician.

Training regarding  safety training.

V. Work Environment:
While performing the duties of this job, the employee is occasionally exposed to extreme heat. The noise level in the work environment is usually moderate. Safety requirements for this position
are safety glasses and steel-toed work boots.

VI. Key Performance Indicators:
1. Repair fee             2. Promote equipment availability;               3. MTBF, MTTR;             4. PM completion rate >95%

Must be 18 years of age or older.

Fuyao Glass America Inc., Core Foundation Competencies including Ethics, Integrity, Values & Trust. Fuyao Glass America Inc. is An Equal Opportunity/Affirmative Action Employer. All qualified applicants will receive consideration for employment without regard to race, color, religion, sex, national origin, disability or protected veteran status.

Fuyao Glass America, Inc. is a Drug-Free Workplace.",5840,https://workforcenow.adp.com/mascsr/default/mdf/recruitment/recruitment.html?cid=25319558-d6a9-48ab-93d2-99e4878a8ffc&ccId=19000101_000001&jobId=9201128555042_1&lang=en_US,,,,,,,no_match,,2026-09-27,,2026-10-10,,110,startDate,true,0,,,,,,2026-06-22,,false,15,67683,75878,78854,title,Maintenance Engineer
9201135812579_1,Maintenance Technician,Fuyao Glass America,,Full time,Posted 97 Days Ago,2026-06-22,110,"Moraine, OH, US",1,"Moraine, OH, US",false,,United States,,0,"Job Description

I. Job ProfileJob TitleMaintenance TechnicianDepartmentFinal Assembly Technology Department

Direct SupervisorMaintenance SupervisorDirect SubordinatesNone

II. Job Summary：
Timely repair of production equipment failures.     Complete improvement projects to ensure equipment is stable.  Perform Preventative Maintenance as assigned.

NO.Representative Duties

1Responsible for timely repairs of abrupt equipment failures and to perform equipment preventative maintenances

2Complete reactive items, projects, and continuous improvement work orders as assigned, and feed back  the completion of production and installation task to supervisor.

3Assist the software engineer to carry out on-site debugging of the equipment, and complete the on-site debugging tasks according to the requirements of the debugging engineer with quality and quantity

4Actively participate in continuous improvement programs

5Responsible for installation and repair of electrical components

6Responsible for installation and repair of mechanical components

7Ability to test and repair servo motors

8Very familiar with 480v 3ph electric and amperage

9Ability to test and make repairs of reed switches, infra-red, photo electric, and proximity switches

10Ability to read electrical and mechanical drawings

11Understanding of ladder logic and siemens systems

12Understanding of H.M.I. systems

13Ability to use a multimeter

14Understanding of industrial controls

15Maintain current certification with LOTO, Arc Flash, Fall Protection, and Confined Space

16Train production staff on equipment S.O.P. and T.P.M. procedures

17Strictly follow company safety policies

18Assist with new equipment installation and debugging

19Communicate company issues, repair needs, improvement plans with supervisors and managers.

20Fabricate and weld equipment as needed

21Be familiar with equipment mechanisms, structure and functions.  Master knowledge and methods of equipment routine inspections, reactive and preventative maintenance and lubrication.

22Other duties as assigned

23Nothing in the Position Description restricts management's right to assign or re-assign duties and responsibilities to this job at any time

IⅤ. Qualification

Job RequirementsLanguageLanguages spoken commonly in the workplace are English and Mandarin. - Ability to read, understand and comprehend documents such as safety rules, operating and maintenance instructions. Ability to interpret a variety of instructions furnished in written, oral, diagram, or schedule form.
Ability to speak effectively and interact with other team members, engineers, leadership and customers.

Experience1 to 3 years manufacturing experience and /or training; or equivalent combination of education and experience preferred.

EducationHigh School Diploma or General Education Degree (GED)

Physical ConditionThe employee is regularly required o stand for long periods.                                                                                                                                                         Duties include turning at the waist, reaching, bending, squatting and lifting up to 50 pounds.                                                                                                                                                         Ability to pass static strength requirements (grip)
Visual acuity including, but not limited to:
a. NEAR ACUITY - Clarity of vision at 20 inches or less. Use this factor when special and minute accuracy is demanded.
b. FAR ACUITY - Clarity of vision at 20 feet or more. Use this factor when visual efficiency in terms of far acuity is required in day and night/dark conditions.
c. DEPTH PERCEPTION - Three-dimensional vision. Ability to judge distances and spatial relationships so as to see objects where and as they actually are.
d. COLOR VISION - Ability to identify and distinguish colors.
e. FIELD OF VISION - Observing an area that can be seen up and down or to right or left while eyes are fixed on a given point.
The noise level in the work environment is usually moderate. Safety requirements for this position
are safety glasses, hearing protection and steel-toed work boots.

Other RequirementsMATHEMATICAL SKILLS -
Ability to add, subtract, multiply, and divide in all units of measure, using whole numbers, common fractions, and decimals.
REASONING ABILITY - Ability to solve practical problems and deal with a variety of  variables.
COMPUTER SKILLS - Knowledge of and familiarity manufacturing software.

Knowledge, Skills & Abilities utilized on the jobProfessional  Knowledge, SkillsKnowledge of 480v 3ph electric

Ability to read electrical and mechanical drawings

Ability to use CAD

Basic computer skills

Excellent communication skills

Understanding of pneumatic systems

Knowledge of PLC & VFD functions and trouble shooting

Knowledge of fluid power

Knowledge of hydraulic functions

Knowledge of steam boiler operation

Knowledge of compressed air systems to include scroll compressors and driers

Basic welding skills

Knowledgeable with conveyor systems

Basic computer skills

Training RequiredOSHA 10

Arc Flash certified

LOTO certified

Confined Space certified

Fall Protection certified

PIT, aerial lift license

V. Work Environment:
While performing the duties of this job, the employee is occasionally exposed to extreme heat. The noise level in the work environment is usually moderate. Safety requirements for this position
are safety glasses and steel-toed work boots.

VI. Key Performance Indicators:
1. Repair fee             2. Promote equipment availability;               3. MTBF, MTTR;             4. PM completion rate >95%

Second Shift = 1",5716,https://workforcenow.adp.com/mascsr/default/mdf/recruitment/recruitment.html?cid=25319558-d6a9-48ab-93d2-99e4878a8ffc&ccId=19000101_000001&jobId=9201135812579_1&lang=en_US,,,,,,,no_match,,2026-09-27,,2026-10-10,,110,startDate,true,0,,,,,,2026-06-22,,false,,,,,,
9201242329909_1,Utility Project Engineer,Fuyao Glass America,,Full time,Posted 100 Days Ago,2026-06-19,113,"Moraine, OH, US",1,"Moraine, OH, US",false,,United States,,0,"I. Job ProfileJob TitleUtility Project EngineerDepartmentUtility Team (System Engineering Department)

Direct SupervisorUtility DirectorDirect SubordinatesN/A

II. Job Summary：
Utility project engineer provides designs, proposals and qualifications for construction projects regarding Plumbing Engineering, Electrical Engineering, and Mechanical Engineering.

III. Job Functions and Duties

NO.Representative Duties

1Responsible for organizing the Engineering Department to review the qualifications, design content and design proposals for utility projects, and conducting the reevaluation and approval.

2Responsible for organizing the Engineering Department to audit construction drawings of utility projects, track and supervise the application and approval status of safety, environmental protection, and construction permits.

3Responsible for on-site supervision of construction based on the design drawings approved by the Engineering Department.

4Responsible for managing, documenting, and assisting in resolving various unforeseen issues at construction sites.

5Responsible for organizing and coordinating with the Engineering Department for on-site confirmation of infrastructure project quantities, material/equipment acceptance supervision, concealed work acceptance, design changes, and project acceptance inspection, etc.

6Other duties as assigned & handling emergencies.

7Nothing in the Position Description restricts management's right to assign or re-assign duties and responsibilities to this job at any time

IⅤ. Qualification

Job RequirementsLanguageBilingual Proficiency: English and Mandarin.
-Ability to read, understand and comprehend documents such as safety rules, operating and maintenance instructions. Ability to interpret a variety of instructions furnished in written, oral, diagram, or schedule form.
-A high level of proficiency in English, including speaking, reading, and writing.

Experience1 to 3 years manufacturing experience and /or training; or equivalent combination of education and experience preferred.

EducationBS Degree: Prefer Engineering College (STEM Engineering Majors)

Physical Condition•Required to sit, stoop, reach, bend, stand, walk, lift, pull, push, grasp, talk, hear, see, and lift up to 27 pounds.
•20/40 vision in each eye, with or without correction is required;
•Must be able to comply with all safety standards and procedures;
•Ability to wear personal protective equipment is required (including but not limited to; steel toed shoes, gloves, safety glasses, hearing protection, protective jacket or apron, and arm guards);
•Adaptive to high stress and fast-paced environment;
•All candidates receiving an offer of employment must successfully complete a background check band any other tests that may be required

Other RequirementsProficient in the use of Microsoft sofeware, such as PPT, Excel,Oracle /SAP / PLEX or similar. Proficient in the use of AutoCAD. Travel from 10% to 40%

Knowledge, Skills & Abilities utilized on the jobProfessional  Knowledge, SkillsCommunication and Time Mangement:Highly dedicate on project management , negociation and communication skill, ability to manage tasks and deadlines across multiple priorities;

Critical Thinking and Creativity: Excellent manufacturing process design ability;

Trouble-shooting and problem solving: Good observational ability, diagnostic ability, preventive capability and strain capacity;

Techinical Proficiency: Automotive glass manufacturing equipment techical knowledge;

Team Work: Excellent ability to collaborate and work effectively in multidisciplinary teams;

Attitude: Strong sense of project ownership with hands-on and can-do attitude and self-starter are essential;

Continuous Learning: Strong willingness to learn and adapt to new technologies and methodologies.

Training RequiredFuyao internal manufacture workflow

Fuyao policy/ management/ safety munual

Fuyao document management traning

V. Work Environment:
While performing the duties of this job, the employee is occasionally exposed to extreme heat. The noise level in the work environment is usually moderate.

VI. Key Performance Indicators:
1. On-Site Confirmation and Acceptance Inspection: accurate rate
2. Issue Resolution and Documentation: timeliness, identification rate and completeness
3. On-Site Construction Supervision: compliance rate
4. Construction Drawing Audit and Compliance Supervision: thoroughness rate",4440,https://workforcenow.adp.com/mascsr/default/mdf/recruitment/recruitment.html?cid=25319558-d6a9-48ab-93d2-99e4878a8ffc&ccId=19000101_000001&jobId=9201242329909_1&lang=en_US,,,,,,,not_checked,,2026-09-27,,2026-10-10,,113,startDate,true,0,,,,,,2026-06-19,,false,7,69035,73986,80045,subset,Project Engineer
9201244878478_1,Supervisor in Training - ARG Pre-Assembly Dept,Fuyao Glass America,,Full time,Posted 101 Days Ago,2026-06-18,114,"Moraine, OH, US",1,"Moraine, OH, US",false,,United States,,0,"About the Role:

The Supervisor in Training position is designed to develop future leaders within the Automotive industry. This role focuses on equipping candidates with the necessary skills and knowledge to effectively manage teams and enhance customer satisfaction. The primary end result is to ensure that all team members are performing at their best while delivering exceptional service to clients. Through hands-on training and mentorship, the Supervisor in Training will learn to implement best practices and drive operational excellence. Ultimately, this position aims to prepare individuals for a successful transition into a supervisory role, fostering both personal and professional growth.

Minimum Qualifications:

• High school diploma or equivalent.

• Previous experience in a manufacturing setting.

Preferred Qualifications:

• Associate's or Bachelor's degree in Business Administration or a related field.

• Experience in a supervisory or leadership role, even in a volunteer capacity.

Responsibilities:

• Assist in overseeing daily operations of the team to ensure high-quality product delivery.

• Participate in training sessions to learn effective team management and conflict resolution techniques.

• Monitor team performance metrics and provide feedback to team members to enhance productivity.

• Collaborate with senior supervisors to develop strategies for improving operational efficiency.

• Engage with customers to understand their needs and ensure that the team is meeting those expectations.

Skills:

The required skills for this position include strong communication and interpersonal abilities, which are essential for interacting with both team members and customers. Problem-solving skills will be utilized daily to address customer inquiries and team challenges effectively. Time management skills are crucial for prioritizing tasks and ensuring that team goals are met within deadlines. Preferred skills such as leadership and coaching will be developed through training, allowing the candidate to guide their team towards success. Overall, a combination of these skills will enable the Supervisor in Training to foster a positive work environment and drive team performance.

Must be 18 years of age or older.
Fuyao Glass America Inc., Core Foundation Competencies including Ethics, Integrity, Values & Trust. Fuyao Glass America Inc. is An Equal Opportunity/Affirmative Action Employer. All qualified applicants will receive consideration for employment without regard to race, color, religion, sex, national origin, disability or protected veteran status.
Fuyao Glass America, Inc. is a Drug-Free Workplace.",2656,https://workforcenow.adp.com/mascsr/default/mdf/recruitment/recruitment.html?cid=25319558-d6a9-48ab-93d2-99e4878a8ffc&ccId=19000101_000001&jobId=9201244878478_1&lang=en_US,,,,,,,not_checked,,2026-09-27,,2026-10-10,,114,startDate,true,0,,,,,,2026-06-18,,false,,,,,,
9201240315443_1,Maintenance Engineer,Fuyao Glass America,,Full time,Posted 107 Days Ago,2026-06-12,120,"Dayton, Moraine, OH, US",1,"Dayton, Moraine, OH, US",false,,United States,,0,"Job Description

I. Job ProfileJob TitleMaintenance EngineerDepartmentEquipment Maintenance Department

Direct SupervisorMaintenance Manager/Assistant Maintenance Manager/Maintenance SupervisorDirect SubordinatesNone

II. Job Summary：
Responsible for abrupt equipment failure maintenance, preventive equipment maintenance

III. Job Functions and Duties

NO.Representative Duties

1Responsible for the maintenance and fix according to equipment breakdown calls during on-duty shift (10%)
负责根据设备的故障及受损情况进行维修工作

2Prepare specifications for the purchase of spare parts inventory. (15%)
能够识别并了解设备的维修备件参数以保证设备正常维护

3Responsible for mechanical and electrical     maintenance of production equipment, perform issue analysis and resolve according to work orders/maintenance request; (25%)
能够执行对于生产设备的机械及电气维修，发现问题并解决，根据维修工单定期对设备进行维护

4Perform routine equipment inspection, identify potential failure risks and take action to prevent downtime; (10%)
对设备进行日常检查维护，发现潜在的风险点并有措施预防设备故障

5Responsible for regular backup or revision to automation program; Regularly backup or revise automation program and ensure the reliability of backup; (10%)
能够对自动化程序日常备份及调试

6Be responsible for equipment preventive maintenance and lubrication; reduce equipment downtime and quantity of scraped product due to equipment issue for responsible area. (15%) 对设备按规进行润滑及保养，提升设备效率及减少废品产出

7Assist the software engineer to carry out on-site debugging of the equipment, and complete the on-site debugging tasks according to the requirements of the debugging engineer with quality and quantity (5%)协助软件工程师进行程序调整及纠错，根据软件工程师指导完成调整任务

8Responsible for document record,such as Equipment sudden breakdown maitenance record and Maintenance work daily log.  (5%)
负责对设备进行故障记录及维修记录

9Responsible for staffs' related basic equipment knowledge, procedure, and skill trainining. (5%)
对公司设备熟悉并有相关的工作技能及培训能力

10Other duties as assigned

11Nothing in the Position Description restricts management's right to assign or re-assign duties and responsibilities to this job at any time

IⅤ. Qualification

Job RequirementsLanguageLanguages spoken commonly in the workplace are English and/or Mandarin - Ability to read, understand and comprehend documents such as safety rules, operating and maintenance instructions. Ability to interpret a variety of instructions furnished in written, oral, diagram, or schedule form.
Ability to speak effectively and interact with other team members, engineers, leadership and customers.

ExperienceOver two years manufacturing experience and /or training; or equivalent combination of education and experience preferred.
Licensed high/low voltage electrician is required.

EducationBachelor's degree and above, major in mechinery, electric or relevant majors;

Physical ConditionThe employee is regularly required o stand for long periods.                                                                                                                                 Duties include turning at the waist, reaching, bending, squatting and lifting up to 50 pounds.                                                                           Ability to pass static strength requirements (grip)
Visual acuity including, but not limited to:
a. NEAR ACUITY - Clarity of vision at 20 inches or less. Use this factor when special and minute accuracy is demanded.
b. FAR ACUITY - Clarity of vision at 20 feet or more. Use this factor when visual efficiency in terms of far acuity is required in day and night/dark conditions.
c. DEPTH PERCEPTION - Three-dimensional vision. Ability to judge distances and spatial relationships so as to see objects where and as they actually are.
d. COLOR VISION - Ability to identify and distinguish colors.
e. FIELD OF VISION - Observing an area that can be seen up and down or to right or left while eyes are fixed on a given point.
The noise level in the work environment is usually moderate. Safety requirements for this position
are safety glasses, hearing protection and steel-toed work boots.

Other RequirementsMATHEMATICAL SKILLS -
Ability to add, subtract, multiply, and divide in all units of measure, using whole numbers, common fractions, and decimals.
REASONING ABILITY - Ability to solve practical problems and deal with a variety of  variables.
COMPUTER SKILLS - Knowledge of and familiarity manufacturing software.
Can accept overtime during weekend and emergency fixing after work

Knowledge, Skills & Abilities utilized on the jobProfessional  Knowledge, SkillsSkillful use of computer

Knowledge of electricity and machinery

Factory power distribution equipment design/installation

Power supply and distribution operation and electric safety

Certain observational ability and adaptability to changes;

Certain interpersonal skills;

Certain planning, organization and coordination ability;

Certain persuasive ability;

Be able to operate lifts and forklifts.

Training RequiredReceived training on special electrician.

Training regarding  safety training.

V. Work Environment:
While performing the duties of this job, the employee is occasionally exposed to extreme heat. The noise level in the work environment is usually moderate. Safety requirements for this position
are safety glasses and steel-toed work boots.

VI. Key Performance Indicators:
1. Repair fee             2. Promote equipment availability;               3. MTBF, MTTR;             4. PM completion rate >95%",5403,https://workforcenow.adp.com/mascsr/default/mdf/recruitment/recruitment.html?cid=25319558-d6a9-48ab-93d2-99e4878a8ffc&ccId=19000101_000001&jobId=9201240315443_1&lang=en_US,,,,,,,not_checked,,2026-09-27,,2026-10-10,,120,startDate,true,0,,,,,,2026-06-12,,false,15,67683,75878,78854,title,Maintenance Engineer
9201240856068_1,In Process Quality Control,Fuyao Glass America,,,Posted 107 Days Ago,2026-06-12,120,"Plymouth, MI, US",1,"Plymouth, MI, US",false,,United States,,0,"About Fuyao
Fuyao Automotive North America Incorporated (FANA) is in the general warehousing and glass manufacturing industry in Plymouth MI. We provide automotive glass for the North American market and currently have glass manufacturing relationships with some of the top automotive manufacturers in North America including GM, Honda, Chrysler, Kia, BMW, and Hyundai. We operate several production lines for a variety of vehicle models from each of these automotive manufacturers.

Our Parent Company
Fuyao Glass Industry Group Co. Ltd. (FYG) is a leading international manufacturer of automotive and industrial glass located in the People's Republic of China. The company has been listed on the Shanghai Stock Exchange since 1993 and employs more than 8,000 people in China, Hong Kong, Europe, Australia, Russia, and the United States. Being the largest automotive glass supplier in China, FYG controls over 60% share of the Chinese OEM market and over 30% share of the Chinese replacement market. Fuyao customers in China are some of the leading automotive manufacturers in the world including GM, Ford, Honda, Toyota, Audi, Volkswagen, Citroen, and Mercedes-Benz to name a few.

Position: IPQC (In Process Quality Control)

Classification: Non-Exempt

Direct Supervisor: In Process Quality Engineer

Backup: IPQC LEAD/GP12

Related KPI:

• Customer Complaint

• Liaison Feedback Times

• Internal Batch Issues

Summary/Objective

Ensure that the parts being produced meet quality specifications. Help monitor part quality on the Production floor.

Essential Functions

• Perform the First Piece Approval Process with Team Leads and Technicians to ensure the parts conform to standards.

• Monitor the quality of the parts on the line and ensure that the parts meet standards by performing sample audits on the first and last pieces.

• Check the primer path and primer quality on all the lines.

• Perform Daily Process Audits online to make sure that processes are being followed.

• Provide support in training GP12 in job duties and work instructions.

• Dock Audit is responsible for assigned programs.

• Help with containments and proper disposition of the non-conforming material found during Containment.

• Review and sign off on the production scrap produced by the shift.

• Alert all Departments of issues found on the Production Floor and Shipping Dock. Send out daily reports to document and escalate any findings.

• Other duties as assigned by IPQE and IPQC LEAD

Competencies

• Must be familiar with ISO/TS 16949

• Problem Solving/Analysis.

• Communication Proficiency.

• Ethical Conduct.

• Time Management

Supervisory Responsibility

Support IPQE and IPQC LEAD to monitor GP12.

Work Environment

• The job routinely operates on the Production Floor but may require the employee to go to the Shipping Dock/Area. IPQC Leads need to work on the computer to make daily reports.

• Must be 18 years or older

Physical Demands

The physical demands described here are representative of those that must be met by an employee to successfully perform the essential functions of this job.

While performing the duties of this job the employee is regularly required to talk or hear. This position requires the ability to lift glass over 20 lbs and remain active for most of the day. During this job the employee may have to kneel or squat. The employee must be able to distinguish between different colors and shapes of glass.

Position Type/Expected Hours of Work
This is a full-time position. Days of work are Monday through Friday. Occasional evening and weekend work may be required as job duties demand.

Travel

Travel is not expected for this position.

Required Education and Experience

• Two years’ Automotive Quality.

Preferred Education and Experience

• A High School Diploma and 3 years of automotive Quality.

Other Duties

Please note this job description is not designed to cover or contain a comprehensive listing of activities, duties or responsibilities that are required of the employee for this job. Duties, responsibilities, and activities may change at any time with or without notice.",4129,https://workforcenow.adp.com/mascsr/default/mdf/recruitment/recruitment.html?cid=25319558-d6a9-48ab-93d2-99e4878a8ffc&ccId=19000101_000001&jobId=9201240856068_1&lang=en_US,,,,,,,not_checked,,2026-09-27,,2026-10-10,,120,startDate,true,0,,,,,,2026-06-12,,false,,,,,,
9201065523117_1,Utility Project Engineer,Fuyao Glass America,,Full time,Posted 107 Days Ago,2026-06-12,120,"Dayton, Moraine, OH, US",1,"Dayton, Moraine, OH, US",false,,United States,,0,"Job Description

I. Job ProfileJob TitleProject EngineerDepartmentSystem Engineering Department

Direct SupervisorUtility Maintenance ManagerDirect SubordinatesNone

II. Job Summary：
1. Completes engineering projects by organizing and controlling project elements
2. Contributes to team effort by accomplishing related results as needed.
3. Support Utility Manager and Utility team memers

III. Job Functions and Duties

NO.Representative Duties

1Develops project objectives by reviewing project job scopes and confer with Processing Department and Machinary team;

2Determines project responsibilities by identifying project phases and elements;

3Determines project specifications and project schedule by  studying project design and customer requirements;

4Completing relevant technical studies and preparing cost estimates with purchasing dept.;

5Prepare project status reports and keep track of construction plan;

6Propose scope of work to contractors and engineering design team;

7Review design drawings provided by  Engineering Design company, and construction contractors;

8Maintains     project documents,including drawings, permit letter ,warranty letter etc.

9Collaborate with the senior engineers to create more efficient methods and maintain profitability

10Assign and manange daily installation tasks to Utility team members

11Site support all construction team and  contractors to make sure job accompolished on time;

12Support Utility manager on CIP projects management, complete KPI assessment;

13Support Utility manager on PM , Overhaul and Shutdown schedules and documents preparation;

14Support on all Utility teams to purchase and manage spare parts;

15Support Utility Manager on daily routine and coordinate team members;

16Nothing in the Position Description restricts management's right to assign or re-assign duties and responsibilities to this job at any time

IⅤ. Qualification

Job RequirementsLanguageLanguages spoken commonly in the workplace are English and/or Mandarin. - Ability to read, understand and comprehend documents such as safety rules, operating and maintenance instructions. Ability to interpret a variety of instructions furnished in written, oral, diagram, or schedule form.
Ability to speak effectively and interact with other team members, engineers, leadership and customers.

Experience1+ years manufacturing and project manangement experience and /or training; or equivalent combination of education and experience preferred.

EducationBachelor's Degree or Higher (GED)

Physical ConditionThe employee is regularly required o stand for long periods.                                                                                                                                                         Duties include turning at the waist, reaching, bending, squatting and lifting up to 50 pounds.                                                                                                                                                         Ability to pass static strength requirements (grip)
Visual acuity including, but not limited to:
a. NEAR ACUITY - Clarity of vision at 20 inches or less. Use this factor when special and minute accuracy is demanded.
b. FAR ACUITY - Clarity of vision at 20 feet or more. Use this factor when visual efficiency in terms of far acuity is required in day and night/dark conditions.
c. DEPTH PERCEPTION - Three-dimensional vision. Ability to judge distances and spatial relationships so as to see objects where and as they actually are.
d. COLOR VISION - Ability to identify and distinguish colors.
e. FIELD OF VISION - Observing an area that can be seen up and down or to right or left while eyes are fixed on a given point.
The noise level in the work environment is usually moderate. Safety requirements for this position
are safety glasses, hearing protection and steel-toed work boots.

Other RequirementsMATHEMATICAL SKILLS -
Ability to add, subtract, multiply, and divide in all units of measure, using whole numbers, common fractions, and decimals.
REASONING ABILITY - Ability to solve practical problems and deal with a variety of  variables.
COMPUTER SKILLS - Knowledge of and familiarity manufacturing software.

Knowledge, Skills & Abilities utilized on the jobProfessional  Knowledge, SkillsRequirements analysis skills

Project Management sklills

Good at Microsoft office

Technical Understanding

Documentation Skills

AutoCAD, Solidwork drawing skills

Scheduling and Time Management skills

Negotiation skills with suppliers and contractors

Assess project risks and opportunities

Create, allocate, and manage the budget

Training RequiredEPAC and Plex system training

Document Control Procedure

Document sode compling and management

V. Work Environment:
While performing the duties of this job, the employee is occasionally exposed to extreme heat. The noise level in the work environment is usually moderate. Safety requirements for this position are safety glasses and steel-toed work boots.

VI. Key Performance Indicators:
1. Water comsumption(ton/m2)
2. Electricity comsumption(KWH/m2)
3. Sudden Break down  Times/year
4. Repair fee (USD/M2)
5. Delayed invoices rate
6. Individual work injuries(OSHA recordable)
7. Automation project accomplish amount
8. CIP project saving",5310,https://workforcenow.adp.com/mascsr/default/mdf/recruitment/recruitment.html?cid=25319558-d6a9-48ab-93d2-99e4878a8ffc&ccId=19000101_000001&jobId=9201065523117_1&lang=en_US,,,,,,,not_checked,,2026-09-27,,2026-10-10,,120,startDate,true,0,,,,,,2026-06-12,,false,7,69035,73986,80045,subset,Project Engineer
9201241312015_1,Supervisor in Training- all shifts,Fuyao Glass America,,,Posted 108 Days Ago,2026-06-11,121,"Moraine, OH, US",1,"Moraine, OH, US",false,,United States,,0,"About the Role:

The Supervisor in Training position is designed to develop future leaders within the Automotive industry. This role focuses on equipping candidates with the necessary skills and knowledge to effectively manage teams and enhance customer satisfaction. The primary end result is to ensure that all team members are performing at their best while delivering exceptional service to clients. Through hands-on training and mentorship, the Supervisor in Training will learn to implement best practices and drive operational excellence. Ultimately, this position aims to prepare individuals for a successful transition into a supervisory role, fostering both personal and professional growth.

Minimum Qualifications:

• High school diploma or equivalent.

• Previous experience in a manufacturing setting.

Preferred Qualifications:

• Associate's or Bachelor's degree in Business Administration or a related field.

• Experience in a supervisory or leadership role, even in a volunteer capacity.

Responsibilities:

• Assist in overseeing daily operations of the team to ensure high-quality product delivery.

• Participate in training sessions to learn effective team management and conflict resolution techniques.

• Monitor team performance metrics and provide feedback to team members to enhance productivity.

• Collaborate with senior supervisors to develop strategies for improving operational efficiency.

• Engage with customers to understand their needs and ensure that the team is meeting those expectations.

Skills:

The required skills for this position include strong communication and interpersonal abilities, which are essential for interacting with both team members and customers. Problem-solving skills will be utilized daily to address customer inquiries and team challenges effectively. Time management skills are crucial for prioritizing tasks and ensuring that team goals are met within deadlines. Preferred skills such as leadership and coaching will be developed through training, allowing the candidate to guide their team towards success. Overall, a combination of these skills will enable the Supervisor in Training to foster a positive work environment and drive team performance.

1st shift - 6:30 am - 15:00 pm
2nd shift - 14:30 pm - 23:00 pm
3rd shift - 22:30 pm - 7:00 am",2316,https://workforcenow.adp.com/mascsr/default/mdf/recruitment/recruitment.html?cid=25319558-d6a9-48ab-93d2-99e4878a8ffc&ccId=19000101_000001&jobId=9201241312015_1&lang=en_US,,,,,,,not_checked,,2026-09-27,,2026-10-10,,121,startDate,true,0,,,,,,2026-06-11,,false,,,,,,
9201241243928_1,Manufacturing Engineer- all shift,Fuyao Glass America,,Full time,Posted 108 Days Ago,2026-06-11,121,"Moraine, OH, US",1,"Moraine, OH, US",false,,United States,,0,"I. Job ProfileJob TitleManufacturing EngineerDepartmentAll prodution department

Direct SupervisorLead/Shift  SupervisorDirect SubordinatesNone

II. Job Summary：
Responsible for improving pretreatment product quality, reducing the scrap rate in the production process, enhancing output;

III. Job Functions and Duties

NO.Representative Duties

1Analyze and improve manufacturing processes to increase efficiency and reduce waste.

2Develop, implement, and optimize production workflows, layouts, and standard work.

3Support new equipment installation and lead process validation.

4Collaborate with Quality, Maintenance, and Production teams to resolve issues.

5Monitor and report on key performance indicators (KPIs) such as cycle time, yield, and downtime.

6Support the launch of new automotive glass products and ensure smooth transition into mass production.

7Implement Lean Manufacturing and continuous improvement initiatives (e.g., Kaizen, 5S, Six Sigma).

8Other duties as assigned.

9Nothing in the Position Description restricts management's right to assign or re-assign duties and responsibilities to this job at any time.

IⅤ. Qualification

Job RequirementsLanguageLanguages spoken commonly in the workplace are English and/or Mandarin. - Ability to read, understand and comprehend documents such as safety rules, operating and maintenance instructions. Ability to interpret a variety of instructions furnished in written, oral, diagram, or schedule form.
Ability to speak effectively and interact with other team members, engineers, leadership, and customers.

EducationBachelor's or Master's degree in Mechanical Engineering, Industrial Engineering, Manufacturing Engineering, or a related field.

Physical ConditionThe employee is regularly required to stand for long periods. Duties include turning at the waist, reaching, bending, squatting and lifting up to 50 pounds. Ability to pass static strength requirements (grip). The noise level in the work environment is usually moderate. Safety requirements for this position are safety glasses, hearing protection and steel-toed work boots. Visual acuity including, but not limited to:
a. NEAR ACUITY - Clarity of vision at 20 inches or less. Use this factor when special and minute accuracy is demanded.
b. FAR ACUITY - Clarity of vision at 20 feet or more. Use this factor when visual efficiency in terms of far acuity is required in day and night/dark conditions.
c. DEPTH PERCEPTION - Three-dimensional vision. Ability to judge distances and spatial relationships so as to see objects where and as they actually are.
d. COLOR VISION - Ability to identify and distinguish colors.
e. FIELD OF VISION - Observing an area that can be seen up and down or to right or left while eyes are fixed on a given point.

Other Requirements MATHEMATICAL SKILLS - Ability to add, subtract, multiply, and divide in all units of measure, using whole numbers, common fractions, and decimals.
REASONING ABILITY - Ability to solve practical problems and deal with a variety of variables.
COMPUTER SKILLS - Knowledge of and familiarity manufacturing software.

Training Required Competent in solving difficult problems in production;

Familiar with production management knowledge and ability;

Competent in leading, communication, coordination, and organizational skills;

Skilled in coating technology, enhancing, and training subordinates;

V. Work Environment:
While performing the duties of this job, the employee is occasionally exposed to extreme heat. The noise level in the work environment is usually moderate. Safety requirements for this position are safety glasses and steel-toed work boots.

VI. Key Performance Indicators:
Line Output, Yield, Safety, CIP etc.

1st shift: 6:30am - 15:00pm
2nd shift: 14:30pm - 23:00pm
3rd shift: 22:30pm - 7:00 am",3813,https://workforcenow.adp.com/mascsr/default/mdf/recruitment/recruitment.html?cid=25319558-d6a9-48ab-93d2-99e4878a8ffc&ccId=19000101_000001&jobId=9201241243928_1&lang=en_US,,,,,,,not_checked,,2026-09-27,,2026-10-10,,121,startDate,true,0,,,,,,2026-06-11,,false,4,67558,67558,68177,subset,Manufacturing Engineer
9201240503303_1,Mechanical Engineer-Maintenance,Fuyao Glass America,,Full time,Posted 109 Days Ago,2026-06-10,122,"Mount Zion, Decatur, IL, US",1,"Mount Zion, Decatur, IL, US",false,,United States,,0,"JOB FUNCTION – REQUIREMENTS – SUCCESS FACTORS:

Initiate, Manage mechanical Projects in a glass float plant as well as assist in Engineering and Maintenance problems or preventive actions.

· Knowledgeable in heat transfer, material science, kinematic design, hydraulics, pneumatics and stress analysis

· Capable of managing a project to meet time, cost and effectiveness targets

· Able to communicate with different levels of the organization.

REQUIRES:

· Must have and Mechanical Engineering degree.

· Must have 1-2 years’ experience in industrial/manufacturing environment, preferably in the automotive industry, or a combination of education and experience.

DUTIES AND RESPONSIBILITES:

· Maintains adherence to Company policies and standards including creating and maintaining and training on procedures and guidelines for the proper maintenance and repair of equipment.

· Support Manufacturing on equipment issues.

· Develop project budgets and timelines and communicate progress as needed.

· Design control, automation, instrumentation, and power projects.

· Develop materials and train technicians on upgraded or new equipment or systems put in place.

· Oversee and manage outside vendors to ensure Quality, Environmental and Safety site requirements are met.

· Coordinate with site Maintenance supervisors for commissioning, training and execution of projects.

· Develop and implement training for operation and maintenance.

· Develop support documentation for projects.

· Participate in the development and management of the Capital and Expense budget for the Maintenance/Engineering department.

QUALIFICATIONS

· Pneumatic and hydraulic controls design, installation and maintenance experience

· Equipment dynamic, kinematic, stress and material specification, design, installation and maintenance experience.

· Project management skills and/or equivalent experience.

· Organization, prioritization, writing and verbal skills.

· Able to effectively use computer tools including, but not limited to: Excel, Word, MS Project, Inventor, Creo (or any other 3-d modeling software) and Auto-cad.

· Must be able to work with minimal supervision

· Ability to handle multiple projects.

· Regularly required to stand, sit, move about facility, climb stairs, bend, twist, kneel, crouch or crawl, use hands and fingers to touch, handle, or feel objects, grasp, push, pull, reach with hands and arms. Specific vision abilities required include close vision, distance vision, peripheral vision, depth perception and the ability to adjust focus.

· Able to pass Respiratory Protection Program requirements",2624,https://workforcenow.adp.com/mascsr/default/mdf/recruitment/recruitment.html?cid=25319558-d6a9-48ab-93d2-99e4878a8ffc&ccId=19000101_000001&jobId=9201240503303_1&lang=en_US,,,,,,,not_checked,,2026-09-27,,2026-10-10,,122,startDate,true,0,,,,,,2026-06-10,,false,15,67683,75878,78854,subset,Maintenance Engineer
9201240505726_1,Electrical Engineer-Maintenance,Fuyao Glass America,,Full time,Posted 109 Days Ago,2026-06-10,122,"Decatur, IL, US",1,"Decatur, IL, US",false,,United States,,0,"JOB FUNCTION – REQUIREMENTS – SUCCESS FACTORS:

Initiate, Manage electrical Projects in a glass float plant as well as assist in Engineering and Maintenance problems or preventive actions.

· Knowledgeable in motor control logic, automation and hardware as well as power distribution in a manufacturing environment.

· Capable of managing a project to meet time, cost and effectiveness targets

· Able to communicate with different levels of the organization.

REQUIRES:

· Must have an Electrical Engineering degree.

· Must have 1-2 years’ experience in industrial/manufacturing environment, preferably in the automotive industry, or a combination of education and experience.

DUTIES AND RESPONSIBILITES:

· Maintains adherence to Company policies and standards including creating and maintaining and training on procedures and guidelines for the proper maintenance and repair of equipment.

· Support Manufacturing on equipment issues.

· Develop project budgets and timelines and communicate progress as needed.

· Design control, automation, instrumentation, and power projects.

· Develop materials and train technicians on upgraded or new equipment or systems put in place.

· Oversee and manage outside vendors to ensure Quality, Environmental and Safety site requirements are met.

· Coordinate with site Maintenance supervisors for commissioning, training and execution of projects.

· Develop and implement training for operation and maintenance.

· Develop support documentation for projects.

· Participate in the development and management of the Capital and Expense budget for the Maintenance/Engineering department.

QUALIFICATIONS

· PLC, PC, Motor Controls design, Robot Controls installation and maintenance experience

· Power distribution technology from 13.2Kv three phase to 110V single phase installation and maintenance experience.

· Project management skills and/or equivalent experience.

· Organization, prioritization, writing and verbal skills.

· Able to effectively use computer tools including, but not limited to: Excel, Word, MS Project and Auto-cad.

· Must be able to work with minimal supervision

· Ability to handle multiple projects.

· Regularly required to stand, sit, move about facility, climb stairs, bend, twist, kneel, crouch or crawl, use hands and fingers to touch, handle, or feel objects, grasp, push, pull, reach with hands and arms. Specific vision abilities required include close vision, distance vision, peripheral vision, depth perception and the ability to adjust focus.

· Able to pass Respiratory Protection Program requirements.

1 on 1st Shift
1 on 2nd Shift",2623,https://workforcenow.adp.com/mascsr/default/mdf/recruitment/recruitment.html?cid=25319558-d6a9-48ab-93d2-99e4878a8ffc&ccId=19000101_000001&jobId=9201240505726_1&lang=en_US,,,,,,,not_checked,,2026-09-27,,2026-10-10,,122,startDate,true,0,,,,,,2026-06-10,,false,15,67683,75878,78854,subset,Maintenance Engineer
9201240508028_1,Process Engineer,Fuyao Glass America,,Full time,Posted 109 Days Ago,2026-06-10,122,"Mount Zion, Decatur, IL, US",1,"Mount Zion, Decatur, IL, US",false,,United States,,0,"JOB FUNCTION – REQUIREMENTS – SUCCESS FACTORS:

The primary accountability of this position is to support the 24/7 Float Glass manufacturing production, scheduling, cutting, processing, closing and inventory of glass products to assure optimization of the supply chain to meet customer requirements. Provides a strong focus on customer needs, optimize order mix and utilize available capacity.

REQUIRES:

· Must have a Mechanical Engineering degree.

· Must have 1-2 years’ experience in industrial/manufacturing environment, preferably in the automotive industry.

· A broad background in supply chain management and customer interaction is desirable.

DUTIES AND RESPONSIBILITES:

· Oversee float line wareroom production and related order processing, scheduling operations engaged in cutting, processing, inventory and shipping of glass products.

· Oversee customer service operations to provide timely and accurate order processing, inventory management and shipping and related services to meet customer requirements. Provides detail data for customer interaction and feedback on product availability, demand levels, etc., consistent with supply chain needs.

SUCCESS FACTORS:

· Understand Market and Customer Perspective with strong focus on customer needs and opportunities to optimize capacity and profitability.

· Focus on Results to assure that order commitments are met and production operations perform at a high level of efficiency.

· Teamwork and Cooperation by providing excellent communications between internal organization and customers. Must be highly effective in a team environment and matrix management organization.

· Focus on capacity utilization, inventory control and continuous improvement.",1723,https://workforcenow.adp.com/mascsr/default/mdf/recruitment/recruitment.html?cid=25319558-d6a9-48ab-93d2-99e4878a8ffc&ccId=19000101_000001&jobId=9201240508028_1&lang=en_US,,,,,,,not_checked,,2026-09-27,,2026-10-10,,122,startDate,true,0,,,,,,2026-06-10,,false,3,72010,73986,73986,title,Process Engineer
9201240494065_1,Electrical Engineer-Wareroom,Fuyao Glass America,,Full time,Posted 109 Days Ago,2026-06-10,122,"Decatur, IL, US",1,"Decatur, IL, US",false,,United States,,0,"JOB FUNCTION – REQUIREMENTS – SUCCESS FACTORS:

Initiate, Manage electrical Projects in a glass float plant as well as assist in Engineering and Maintenance problems or preventive actions.

· Knowledgeable in motor control logic, automation and hardware as well as power distribution in a manufacturing environment.

· Capable of managing a project to meet time, cost and effectiveness targets

· Able to communicate with different levels of the organization.

REQUIRES:

· Must have an Electrical Engineering degree.

· Must have 1-2 years’ experience in industrial/manufacturing environment, preferably in the automotive industry, or a combination of education and experience.

DUTIES AND RESPONSIBILITES:

· Maintains adherence to Company policies and standards including creating and maintaining and training on procedures and guidelines for the proper maintenance and repair of equipment.

· Support Manufacturing on equipment issues.

· Develop project budgets and timelines and communicate progress as needed.

· Design control, automation, instrumentation, and power projects.

· Develop materials and train technicians on upgraded or new equipment or systems put in place.

· Oversee and manage outside vendors to ensure Quality, Environmental and Safety site requirements are met.

· Coordinate with site Maintenance supervisors for commissioning, training and execution of projects.

· Develop and implement training for operation and maintenance.

· Develop support documentation for projects.

· Participate in the development and management of the Capital and Expense budget for the Maintenance/Engineering department.

QUALIFICATIONS

· PLC, PC, Motor Controls design, Robot Controls installation and maintenance experience

· Power distribution technology from 13.2Kv three phase to 110V single phase installation and maintenance experience.

· Project management skills and/or equivalent experience.

· Organization, prioritization, writing and verbal skills.

· Able to effectively use computer tools including, but not limited to: Excel, Word, MS Project and Auto-cad.

· Must be able to work with minimal supervision

· Ability to handle multiple projects.

· Regularly required to stand, sit, move about facility, climb stairs, bend, twist, kneel, crouch or crawl, use hands and fingers to touch, handle, or feel objects, grasp, push, pull, reach with hands and arms. Specific vision abilities required include close vision, distance vision, peripheral vision, depth perception and the ability to adjust focus.

· Able to pass Respiratory Protection Program requirements.",2592,https://workforcenow.adp.com/mascsr/default/mdf/recruitment/recruitment.html?cid=25319558-d6a9-48ab-93d2-99e4878a8ffc&ccId=19000101_000001&jobId=9201240494065_1&lang=en_US,,,,,,,not_checked,,2026-09-27,,2026-10-10,,122,startDate,true,0,,,,,,2026-06-10,,false,,,,,,
9201240494636_1,Mechanical Engineer-Wareroom,Fuyao Glass America,,Full time,Posted 109 Days Ago,2026-06-10,122,"Mount Zion, Decatur, IL, US",1,"Mount Zion, Decatur, IL, US",false,,United States,,0,"JOB FUNCTION – REQUIREMENTS – SUCCESS FACTORS:

Initiate, Manage mechanical Projects in a glass float plant as well as assist in Engineering and Maintenance problems or preventive actions.

· Knowledgeable in heat transfer, material science, kinematic design, hydraulics, pneumatics and stress analysis

· Capable of managing a project to meet time, cost and effectiveness targets

· Able to communicate with different levels of the organization.

REQUIRES:

· Must have and Mechanical Engineering degree.

· Must have 1-2 years’ experience in industrial/manufacturing environment, preferably in the automotive industry, or a combination of education and experience.

DUTIES AND RESPONSIBILITES:

· Maintains adherence to Company policies and standards including creating and maintaining and training on procedures and guidelines for the proper maintenance and repair of equipment.

· Support Manufacturing on equipment issues.

· Develop project budgets and timelines and communicate progress as needed.

· Design control, automation, instrumentation, and power projects.

· Develop materials and train technicians on upgraded or new equipment or systems put in place.

· Oversee and manage outside vendors to ensure Quality, Environmental and Safety site requirements are met.

· Coordinate with site Maintenance supervisors for commissioning, training and execution of projects.

· Develop and implement training for operation and maintenance.

· Develop support documentation for projects.

· Participate in the development and management of the Capital and Expense budget for the Maintenance/Engineering department.

QUALIFICATIONS

· Pneumatic and hydraulic controls design, installation and maintenance experience

· Equipment dynamic, kinematic, stress and material specification, design, installation and maintenance experience.

· Project management skills and/or equivalent experience.

· Organization, prioritization, writing and verbal skills.

· Able to effectively use computer tools including, but not limited to: Excel, Word, MS Project, Inventor, Creo (or any other 3-d modeling software) and Auto-cad.

· Must be able to work with minimal supervision

· Ability to handle multiple projects.

· Regularly required to stand, sit, move about facility, climb stairs, bend, twist, kneel, crouch or crawl, use hands and fingers to touch, handle, or feel objects, grasp, push, pull, reach with hands and arms. Specific vision abilities required include close vision, distance vision, peripheral vision, depth perception and the ability to adjust focus.

· Able to pass Respiratory Protection Program requirements",2624,https://workforcenow.adp.com/mascsr/default/mdf/recruitment/recruitment.html?cid=25319558-d6a9-48ab-93d2-99e4878a8ffc&ccId=19000101_000001&jobId=9201240494636_1&lang=en_US,,,,,,,not_checked,,2026-09-27,,2026-10-10,,122,startDate,true,0,,,,,,2026-06-10,,false,,,,,,
9201240488588_1,Electrical Engineer-Tank,Fuyao Glass America,,Full time,Posted 109 Days Ago,2026-06-10,122,"Decatur, IL, US",1,"Decatur, IL, US",false,,United States,,0,"JOB FUNCTION – REQUIREMENTS – SUCCESS FACTORS:

Initiate, Manage electrical Projects in a glass float plant as well as assist in Engineering and Maintenance problems or preventive actions.

· Knowledgeable in motor control logic, automation and hardware as well as power distribution in a manufacturing environment.

· Capable of managing a project to meet time, cost and effectiveness targets

· Able to communicate with different levels of the organization.

REQUIRES:

· Must have an Electrical Engineering degree.

· Must have 1-2 years’ experience in industrial/manufacturing environment, preferably in the automotive industry, or a combination of education and experience.

DUTIES AND RESPONSIBILITES:

· Maintains adherence to Company policies and standards including creating and maintaining and training on procedures and guidelines for the proper maintenance and repair of equipment.

· Support Manufacturing on equipment issues.

· Develop project budgets and timelines and communicate progress as needed.

· Design control, automation, instrumentation, and power projects.

· Develop materials and train technicians on upgraded or new equipment or systems put in place.

· Oversee and manage outside vendors to ensure Quality, Environmental and Safety site requirements are met.

· Coordinate with site Maintenance supervisors for commissioning, training and execution of projects.

· Develop and implement training for operation and maintenance.

· Develop support documentation for projects.

· Participate in the development and management of the Capital and Expense budget for the Maintenance/Engineering department.

QUALIFICATIONS

· PLC, PC, Motor Controls design, Robot Controls installation and maintenance experience

· Power distribution technology from 13.2Kv three phase to 110V single phase installation and maintenance experience.

· Project management skills and/or equivalent experience.

· Organization, prioritization, writing and verbal skills.

· Able to effectively use computer tools including, but not limited to: Excel, Word, MS Project and Auto-cad.

· Must be able to work with minimal supervision

· Ability to handle multiple projects.

· Regularly required to stand, sit, move about facility, climb stairs, bend, twist, kneel, crouch or crawl, use hands and fingers to touch, handle, or feel objects, grasp, push, pull, reach with hands and arms. Specific vision abilities required include close vision, distance vision, peripheral vision, depth perception and the ability to adjust focus.

· Able to pass Respiratory Protection Program requirements.",2592,https://workforcenow.adp.com/mascsr/default/mdf/recruitment/recruitment.html?cid=25319558-d6a9-48ab-93d2-99e4878a8ffc&ccId=19000101_000001&jobId=9201240488588_1&lang=en_US,,,,,,,not_checked,,2026-09-27,,2026-10-10,,122,startDate,true,0,,,,,,2026-06-10,,false,,,,,,
9201240482487_1,Mechanical Engineer-Tank,Fuyao Glass America,,Full time,Posted 109 Days Ago,2026-06-10,122,"Decatur, IL, US",1,"Decatur, IL, US",false,,United States,,0,"JOB FUNCTION – REQUIREMENTS – SUCCESS FACTORS:

Initiate, Manage mechanical Projects in a glass float plant as well as assist in Engineering and Maintenance problems or preventive actions.

· Knowledgeable in heat transfer, material science, kinematic design, hydraulics, pneumatics and stress analysis

· Capable of managing a project to meet time, cost and effectiveness targets

· Able to communicate with different levels of the organization.

REQUIRES:

· Must have and Mechanical Engineering degree.

· Must have 1-2 years’ experience in industrial/manufacturing environment, preferably in the automotive industry, or a combination of education and experience.

DUTIES AND RESPONSIBILITES:

· Maintains adherence to Company policies and standards including creating and maintaining and training on procedures and guidelines for the proper maintenance and repair of equipment.

· Support Manufacturing on equipment issues.

· Develop project budgets and timelines and communicate progress as needed.

· Design control, automation, instrumentation, and power projects.

· Develop materials and train technicians on upgraded or new equipment or systems put in place.

· Oversee and manage outside vendors to ensure Quality, Environmental and Safety site requirements are met.

· Coordinate with site Maintenance supervisors for commissioning, training and execution of projects.

· Develop and implement training for operation and maintenance.

· Develop support documentation for projects.

· Participate in the development and management of the Capital and Expense budget for the Maintenance/Engineering department.

QUALIFICATIONS

· Pneumatic and hydraulic controls design, installation and maintenance experience

· Equipment dynamic, kinematic, stress and material specification, design, installation and maintenance experience.

· Project management skills and/or equivalent experience.

· Organization, prioritization, writing and verbal skills.

· Able to effectively use computer tools including, but not limited to: Excel, Word, MS Project, Inventor, Creo (or any other 3-d modeling software) and Auto-cad.

· Must be able to work with minimal supervision

· Ability to handle multiple projects.

· Regularly required to stand, sit, move about facility, climb stairs, bend, twist, kneel, crouch or crawl, use hands and fingers to touch, handle, or feel objects, grasp, push, pull, reach with hands and arms. Specific vision abilities required include close vision, distance vision, peripheral vision, depth perception and the ability to adjust focus.

· Able to pass Respiratory Protection Program requirements",2624,https://workforcenow.adp.com/mascsr/default/mdf/recruitment/recruitment.html?cid=25319558-d6a9-48ab-93d2-99e4878a8ffc&ccId=19000101_000001&jobId=9201240482487_1&lang=en_US,,,,,,,not_checked,,2026-09-27,,2026-10-10,,122,startDate,true,0,,,,,,2026-06-10,,false,,,,,,
9201239796183_1,Manufacturing Engineer - Tempering Pre-Assembly Dept,Fuyao Glass America,,Full time,Posted 110 Days Ago,2026-06-09,123,"Moraine, OH, US",1,"Moraine, OH, US",false,,United States,,0,"I. Job ProfileJob TitleManufacturing EngineerDepartmentTempering Pre-Assembly

Direct SupervisorLead SupervisorDirect SubordinatesNone

II. Job Summary：
Responsible for improving pretreatment product quality, reducing the scrap rate in the pretreatment production process, enhancing output;

III. Job Functions and Duties

NO.Representative Duties

1Analyze and improve manufacturing processes to increase efficiency and reduce waste.

2Develop, implement, and optimize production workflows, layouts, and standard work.

3Support new equipment installation and lead process validation.

4Collaborate with Quality, Maintenance, and Production teams to resolve issues.

5Monitor and report on key performance indicators (KPIs) such as cycle time, yield, and downtime.

6Support the launch of new automotive glass products and ensure smooth transition into mass production.

7Implement Lean Manufacturing and continuous improvement initiatives (e.g., Kaizen, 5S, Six Sigma).

8Other duties as assigned.

9Nothing in the Position Description restricts management's right to assign or re-assign duties and responsibilities to this job at any time.

IⅤ. Qualification

Job RequirementsLanguageLanguages spoken commonly in the workplace are English and/or Mandarin. - Ability to read, understand and comprehend documents such as safety rules, operating and maintenance instructions. Ability to interpret a variety of instructions furnished in written, oral, diagram, or schedule form.
Ability to speak effectively and interact with other team members, engineers, leadership, and customers.

EducationBachelor's or Master's degree in Mechanical Engineering, Industrial Engineering, Manufacturing Engineering, or a related field.

Physical ConditionThe employee is regularly required to stand for long periods. Duties include turning at the waist, reaching, bending, squatting and lifting up to 50 pounds. Ability to pass static strength requirements (grip). The noise level in the work environment is usually moderate. Safety requirements for this position are safety glasses, hearing protection and steel-toed work boots. Visual acuity including, but not limited to:
a. NEAR ACUITY - Clarity of vision at 20 inches or less. Use this factor when special and minute accuracy is demanded.
b. FAR ACUITY - Clarity of vision at 20 feet or more. Use this factor when visual efficiency in terms of far acuity is required in day and night/dark conditions.
c. DEPTH PERCEPTION - Three-dimensional vision. Ability to judge distances and spatial relationships so as to see objects where and as they actually are.
d. COLOR VISION - Ability to identify and distinguish colors.
e. FIELD OF VISION - Observing an area that can be seen up and down or to right or left while eyes are fixed on a given point.

Other Requirements MATHEMATICAL SKILLS - Ability to add, subtract, multiply, and divide in all units of measure, using whole numbers, common fractions, and decimals.
REASONING ABILITY - Ability to solve practical problems and deal with a variety of variables.
COMPUTER SKILLS - Knowledge of and familiarity manufacturing software.

Training Required Competent in solving difficult problems in production;

Familiar with production management knowledge and ability;

Competent in leading, communication, coordination, and organizational skills;

Skilled in coating technology, enhancing, and training subordinates;

V. Work Environment:
While performing the duties of this job, the employee is occasionally exposed to extreme heat. The noise level in the work environment is usually moderate. Safety requirements for this position are safety glasses and steel-toed work boots.

VI. Key Performance Indicators:
Output, Yield, Safety

Must be 18 years of age or older.
Fuyao Glass America Inc., Core Foundation Competencies including Ethics, Integrity, Values & Trust. Fuyao Glass America Inc. is An Equal Opportunity/Affirmative Action Employer. All qualified applicants will receive consideration for employment without regard to race, color, religion, sex, national origin, disability or protected veteran status.
Fuyao Glass America, Inc. is a Drug-Free Workplace.",4150,https://workforcenow.adp.com/mascsr/default/mdf/recruitment/recruitment.html?cid=25319558-d6a9-48ab-93d2-99e4878a8ffc&ccId=19000101_000001&jobId=9201239796183_1&lang=en_US,,,,,,,not_checked,,2026-09-27,,2026-10-10,,123,startDate,true,0,,,,,,2026-06-09,,false,4,67558,67558,68177,subset,Manufacturing Engineer
9201239047879_1,Advance Quality Engineer,Fuyao Glass America,,Full time,Posted 110 Days Ago,2026-06-09,123,"Moraine, OH, US",1,"Moraine, OH, US",false,,United States,,0,"I. Job ProfileJob TitleAdvance Quality EngineerDepartmentProgram Management Department

Direct SupervisorLead Advanced Quality Engineer Direct Subordinates-

II. Job Summary：
1. In charge of the new program quality plan , Manage new program and new product quality development;
2. In charge of the quality department Advance quality engineer (AQE) management;
3. In Charge of deal with the customer complaint about the new program, follow up the return material defect analysis and improvement;
4. In charge of the Engineer change work order management of the program and process;

III. Job Functions and Duties

NO.Representative Duties

1Responsible to keep data, drawings, and standards effectively archived in a controlled way.

22. Control the new product quality before SOP+3 months
2.1 Participate in the design of new product test and detection plan, responsible for verifying the detection and test capability for new products;
2.2 Organize the process capability study and verification of new product technological process and participate in Run-at-Rate verification;
2.3 Organize product review of samples during new product development, quality gate review before mass production and the process review;
2.4 Participate in the product review, revised changes review and trial assembly during customer's new product development;
2.5 Monitor if all necessary processes and plans during new product development are effectively implemented.

33.New product verification
3.1 Work with Quality Verification Engineer to develop PV testing plan according to the OEM requirements;
3.2 Participate in and track the implementation of PV Testing plan, ensure timely attainment.

44.Solve and improve quality problem
4.1 Properly handling with quality problems occurred during new product development and SOP+6 months;
4.2 Handling with customer complaint and returns of goods during new product development and SOP+6 months;
4.3 Establishing new product quality resume, summarize quality problems and  provide improvement  suggestions.

55. Other works relating to quality assurance
5.1 Participate in internal training specifically required by customer;
5.2 Responsible for training and guiding new product quality standard and inspection specification;
5.3 Assist quality control supervisor in recognizing and managing process  change points;
5.4 Responsible for compiling, archiving and transferring materials relating to new product development process.

6Nothing in the Position Description restricts management's right to assign or re-assign duties and responsibilities to this job at any time

IⅤ. Qualification

Job RequirementsLanguageEnglish

Experience1+ years quality engineering field experience, experience  in automotive production manufacture is prefered

EducationBachelor degree or significant relevant work experience (Engineering or management major preferred)

Physical ConditionAdvanced Quality Engineer will be required to work in an office environment at a desk and interacting with others on the manufacturing floor. Must be able to travel to customer facility, as required.

Other Requirements1. Proficient in using Microsoft Office software Word, Excel, Power Point;
2. Proficient in IATF Core (Five) Tools and quality statistics knowledge;
3. Proficient in using 8D method to solve problems;

Knowledge, Skills & Abilities utilized on the jobProfessional  Knowledge, Skills1. Familiar with manufacturing principle and technological process of automotive glass;

2. Familiar with the company's quality policy, objectives and commitments;

3. Have a good knowledge of IATF 16949 quality management system;

4. Have a basic knowledge of ISO14001 and OHSAS18001 quality system;

5. Familiar with various standards and inspection/test methods for automotive glass;

6. Quality planning of new projects;

7. Risk assessment and management of new projects;

8. Able to solve problems systematically;

9. Relatively better planning, organization, Leadership and control ability

10. Relatively strong sense of responsibility and sensitivity; be able to actively deal with problems;

Training Required1. Systematically trained in manufacturing technique of automotive glass and main equipment;

2. Systematically trained in APQP;

3. Trained in IATF 16949 quality system (including five tools);

4. Systematically trained in quality tools.

5. Trained in related OEM and Tier 1-specific requirements.

V. Work Environment:
1. Internal: Office/workshops in plant;
2. External: Various business divisions/customer area.

VI. Key Performance Indicators:
PPAP on time rate, Sample quality, Program benefits, Customer audit and Customer satifaction.",4663,https://workforcenow.adp.com/mascsr/default/mdf/recruitment/recruitment.html?cid=25319558-d6a9-48ab-93d2-99e4878a8ffc&ccId=19000101_000001&jobId=9201239047879_1&lang=en_US,,,,,,,not_checked,,2026-09-27,,2026-10-10,,123,startDate,true,0,,,,,,2026-06-09,,false,6,66670,73705,81630,title,Advance Quality Engineer
9201233666782_1,Data Analyst - Lamination Assembly,Fuyao Glass America,,Full time,Posted 114 Days Ago,2026-06-05,127,"Moraine, OH, US",1,"Moraine, OH, US",false,,United States,,0,". Job ProfileJob TitleData AnalystDepartmentLamination Assembly Department

Direct SupervisorDept ManagerDirect SubordinatesNone

II. Job Summary：
1，Verify data in Plex, in charge of correcting and standardize the Plex operation and provide trainning to guarantee the accuracy of the system.
2，Collect, analyze, track and supervise the implementation of important data of the department, such as KPI data, weekly reports, monthly reports, handling of overdue inventory, writing of work instructions, etc.

III. Job Functions and Duties

NO.Representative Duties

1Check, management, monitor and report the maintenance of Plex data regularly

2Monitor the on-time close for orders and records in Plex, increase the accuracy of PRP/MRP

3Support fixing abnormal situation for each department when using Plex, and improve the using process

4Evaluation for the feasibility of Plex data update plan(whether related update will affect MRP operation)

5Analyze inventory data, report abnormal inventory such as overdue, sluggish, and non-FIFO, organize and formulate corresponding measures and track the implementation results of measures

6Responsible for weekly/monthly order statistics every week, report the order change rate by main equipment and customers, and guide planners to adjust the production plan of the production line they are responsible for

7Responsible for the collection and statistics of important data such as weekly reports, monthly reports, on-time delivery rate, forecast accuracy, etc.

8Participate in the preparation and improvement of relevant work instructions and program documents of the department

9Responsible for the problem points of the department, tracking and supervising the completion of to-do items

10Responsible for updating and consolidating supply chain working procedure

11Timely completion and report of matters assigned by superiors

12Know about the environment factors, dangerous source and their control method

13Execute and implement integrated management system regulation and documentation

14Classification of scrap and waste from this job

15Other duties as assigned;

16Nothing in the Position Description restricts management's right to assign or re-assign duties and responsibilities to this job at any time.

IⅤ. Qualification

Job RequirementsLanguageLanguages spoken commonly in the workplace are English and Mandarin. - Ability to read, understand and comprehend documents such as safety rules, operating and maintenance instructions. Ability to interpret a variety of instructions furnished in written, oral, diagram, or schedule form.
Ability to speak effectively and interact with other team members, engineers, leadership and customers.

ExperienceMore than one year working experience in the planning department

EducationBachelor's degree and above

Physical ConditionThe employee is regularly required o in good health, available to work long time with computer, bear high stress

Other RequirementsMATHEMATICAL SKILLS -
Ability to add, subtract, multiply, and divide in all units of measure, using whole numbers, common fractions, and decimals.
REASONING ABILITY - Ability to solve practical problems and deal with a variety of  variables.
COMPUTER SKILLS - Knowledge of and familiarity manufacturing software.

Knowledge, Skills & Abilities utilized on the jobProfessional  Knowledge, SkillsFamiliar with company's production process and Plex operation

Familiar with EXCEL and other office software, need strong data analysis ability

Good logic ability, strong data analysis ability

Familiar with supply chain management

Training RequiredPRP operation

PRP  management

Management method for material planning

Operation trainning for supply chain management and logistics management

Program manual

V. Work Environment:
While performing the duties of this job, the employee is occasionally exposed to extreme heat. The noise level in the work environment is usually moderate. Safety requirements for this position
are safety glasses and steel-toed work boots.

VI. Key Performance Indicators:
On time shipments-OEM/On time shipments_ARG/Improvement project earnings_1K/Days of Inventory WIP/Days of Inventory FG(OEM)/Hourly employee OT hours_Hr/Month",4228,https://workforcenow.adp.com/mascsr/default/mdf/recruitment/recruitment.html?cid=25319558-d6a9-48ab-93d2-99e4878a8ffc&ccId=19000101_000001&jobId=9201233666782_1&lang=en_US,,,,,,,not_checked,,2026-09-27,,2026-10-10,,127,startDate,true,0,,,,,,2026-06-05,,false,8,60000,60128,62782,subset,Data Analyst
9201235837979_1,Shipping Specialist - Logistics-Storage Dept,Fuyao Glass America,,Full time,Posted 114 Days Ago,2026-06-05,127,"Moraine, OH, US",1,"Moraine, OH, US",false,,United States,,0,"I. Job ProfileJob TitleShipping SpecialistDepartment2070 Logistics-Storage

Direct SupervisorShipping Assistant ManagerDirect SubordinatesNone

II. Job Summary：
Customer liaison for communicating customer requirements.  Coordinate with warehouse, planning, engineering and Business Development.      Plan the day to day tasks for the shipping area for assigned customers.  Lead team in executing shipments including any needed expedite shipments.  Ensure all shipments leave the facility on time, loaded properly and documentation and PLEX system updated.

III. Job Functions and Duties

NO.Representative Duties

1Provide requirements of what to stage for shipments to Dock personnel.

2Monitor Customer EDI transmissions for shipment requirements when discrepancies occur.

3Visually inspect staged products for any quality or quantity discrepancies.     Ensure proper containers for customer are used.

4Communicate to EDI team/Production all customer requirements including any pull ahead orders for expedited shipments and shortages for shipments.

5Ensure all ASNs are transmitted after trucks leave.  Ensure all loads leave on correct truck for customer.  Send the Bill of Lading with trucks and save copy for shipping dock.

6Ensure PLEX transactions are updated.

7Document any missed shipments and spills and assist Shipping Supervisor in completing 5 Why.

8Responsible for health and safety within every operation

9Assist teammates in other line processes toward continued line improvement

10Perform 5S and housekeeping duties to maintain high standard of facility cleanliness

11As Logistics & Import/Export Compliance Lead is responsible for the strategic management of the scheduling, monitoring and administration of outbound and inbound shipments along with ensuring the Fuyao is in compliance with governmental entities’ laws, rules and regulations both nationally and internationally.

12Additionally, will be responsible for establishing and auditing processes and systems to assure company remains in compliance as laws, regulations and international conditions change.

13Fulfill assignments/tasks given by Supervisor or Manager

14Other duties as assigned

15Nothing in the Position Description restricts management's right to assign or re-assign duties and responsibilities to this job at any time

IⅤ. Qualification

Job RequirementsLanguageLanguages spoken commonly in the workplace are English. - Ability to read, understand and comprehend documents such as safety rules, operating and maintenance instructions. Ability to interpret a variety of instructions furnished in written, oral, diagram, or schedule form.
Ability to speak effectively and interact with other team members, engineers, leadership and customers.

Experience1 to 3 years manufacturing experience and /or training; or equivalent combination of education and experience preferred.

EducationHigh School Diploma or General Education Degree (GED) or higher

Physical ConditionThe employee is regularly required o stand for long periods.                                                                                                                                                         Duties include turning at the waist, reaching, bending, squatting and lifting up to 50 pounds.                                                                                                                                                         Ability to pass static strength requirements (grip)
Visual acuity including, but not limited to:
a. NEAR ACUITY - Clarity of vision at 20 inches or less. Use this factor when special and minute accuracy is demanded.
b. FAR ACUITY - Clarity of vision at 20 feet or more. Use this factor when visual efficiency in terms of far acuity is required in day and night/dark conditions.
c. DEPTH PERCEPTION - Three-dimensional vision. Ability to judge distances and spatial relationships so as to see objects where and as they actually are.
d. COLOR VISION - Ability to identify and distinguish colors.
e. FIELD OF VISION - Observing an area that can be seen up and down or to right or left while eyes are fixed on a given point.
The noise level in the work environment is usually moderate. Safety requirements for this position
are safety glasses, hearing protection and steel-toed work boots.

Other RequirementsMATHEMATICAL SKILLS -
Ability to add, subtract, multiply, and divide in all units of measure, using whole numbers, common fractions, and decimals.
REASONING ABILITY - Ability to solve practical problems and deal with a variety of  variables.
COMPUTER SKILLS - Knowledge of and familiarity manufacturing software.

Knowledge, Skills & Abilities utilized on the jobProfessional  Knowledge, Skills1. Skillful use of Office software;

2. Able to read English document (export storage and transportation only)

3. Know warehouse management, transportation and insurance management

4. Familiar with road, railway, airline and waterway transportation

5. Familiar with relevant laws and regulations.

6. Glass production principles and technological process; all business processes by the company; conditions for raw material, unfinished and finished products storage

7. Company rules and regulations, quality policy, target and commitment

8. Storage and transportation process, storage, basic knowledge of customs clearance (export storage and transportation only), company procedure and post features;

9. Fill in booking list, provide logistics supplier with necessary document for custom clearance and telex release, check bill of lading

10. Able to make presentation, make shipment plan and have valid forklift license

11. Certain analytical and judging ability;

12. Good communication skills and ability to communicate with customers and leaders of other departments in a professional manner

13. Knowledgeable of work instructions and TS16949 systems.

14. Ability to complete required improvement , corrective actions form , 5W and 8D

Training Required1. Production process and major equipment training knowledge

2. Know factory production management mode;

3. Logistics and international trade training;

4. Supplier management training;

5. 5S training

V. Work Environment:
While performing the duties of this job, the employee is occasionally exposed to extreme heat. The noise level in the work environment is usually moderate. Safety requirements for this position are safety glasses , steel toed shoes, and reflective shirt , vest , or jacket.

VI. Key Performance Indicators:
1. Department Safety  3. On Time Delivery
2. Shipping Accuracy    4. CIP project Savings  5. BOL Scan rate",6636,https://workforcenow.adp.com/mascsr/default/mdf/recruitment/recruitment.html?cid=25319558-d6a9-48ab-93d2-99e4878a8ffc&ccId=19000101_000001&jobId=9201235837979_1&lang=en_US,,,,,,,not_checked,,2026-09-27,,2026-10-10,,127,startDate,true,0,,,,,,2026-06-05,,false,,,,,,
9201227811082_1,Manufacturing Engineer - Tempering Assembly SL Dept,Fuyao Glass America,,Full time,Posted 129 Days Ago,2026-05-21,142,"Moraine, OH, US",1,"Moraine, OH, US",false,,United States,,0,"I. Job ProfileJob TitleManufacturing EngineerDepartmentTempering Assembly

Direct SupervisorLead SupervisorDirect SubordinatesNone

II. Job Summary：
Responsible for improving pretreatment product quality, reducing the scrap rate in the pretreatment production process, enhancing output;

III. Job Functions and Duties

NO.Representative Duties

1Analyze and improve manufacturing processes to increase efficiency and reduce waste.

2Develop, implement, and optimize production workflows, layouts, and standard work.

3Support new equipment installation and lead process validation.

4Collaborate with Quality, Maintenance, and Production teams to resolve issues.

5Monitor and report on key performance indicators (KPIs) such as cycle time, yield, and downtime.

6Support the launch of new automotive glass products and ensure smooth transition into mass production.

7Implement Lean Manufacturing and continuous improvement initiatives (e.g., Kaizen, 5S, Six Sigma).

8Other duties as assigned.

9Nothing in the Position Description restricts management's right to assign or re-assign duties and responsibilities to this job at any time.

IⅤ. Qualification

Job RequirementsLanguageLanguages spoken commonly in the workplace are English and/or Mandarin. - Ability to read, understand and comprehend documents such as safety rules, operating and maintenance instructions. Ability to interpret a variety of instructions furnished in written, oral, diagram, or schedule form.
Ability to speak effectively and interact with other team members, engineers, leadership, and customers.
Bilingual: English - Chinese

EducationBachelor's or Master's degree in Mechanical Engineering, Industrial Engineering, Manufacturing Engineering, or a related field.

Physical ConditionThe employee is regularly required to stand for long periods. Duties include turning at the waist, reaching, bending, squatting and lifting up to 50 pounds. Ability to pass static strength requirements (grip). The noise level in the work environment is usually moderate. Safety requirements for this position are safety glasses, hearing protection and steel-toed work boots. Visual acuity including, but not limited to:
a. NEAR ACUITY - Clarity of vision at 20 inches or less. Use this factor when special and minute accuracy is demanded.
b. FAR ACUITY - Clarity of vision at 20 feet or more. Use this factor when visual efficiency in terms of far acuity is required in day and night/dark conditions.
c. DEPTH PERCEPTION - Three-dimensional vision. Ability to judge distances and spatial relationships so as to see objects where and as they actually are.
d. COLOR VISION - Ability to identify and distinguish colors.
e. FIELD OF VISION - Observing an area that can be seen up and down or to right or left while eyes are fixed on a given point.

Other Requirements MATHEMATICAL SKILLS - Ability to add, subtract, multiply, and divide in all units of measure, using whole numbers, common fractions, and decimals.
REASONING ABILITY - Ability to solve practical problems and deal with a variety of variables.
COMPUTER SKILLS - Knowledge of and familiarity manufacturing software.

Training Required Competent in solving difficult problems in production;

Familiar with production management knowledge and ability;

Competent in leading, communication, coordination, and organizational skills;

Skilled in coating technology, enhancing, and training subordinates;

V. Work Environment:
While performing the duties of this job, the employee is occasionally exposed to extreme heat. The noise level in the work environment is usually moderate. Safety requirements for this position are safety glasses and steel-toed work boots.

VI. Key Performance Indicators:
Output, Yield, Safety

Must be 18 years of age or older.
Fuyao Glass America Inc., Core Foundation Competencies including Ethics, Integrity, Values & Trust. Fuyao Glass America Inc. is An Equal Opportunity/Affirmative Action Employer. All qualified applicants will receive consideration for employment without regard to race, color, religion, sex, national origin, disability or protected veteran status.
Fuyao Glass America, Inc. is a Drug-Free Workplace.",4175,https://workforcenow.adp.com/mascsr/default/mdf/recruitment/recruitment.html?cid=25319558-d6a9-48ab-93d2-99e4878a8ffc&ccId=19000101_000001&jobId=9201227811082_1&lang=en_US,,,,,,,not_checked,,2026-09-27,,2026-10-10,,142,startDate,true,0,,,,,,2026-05-21,,false,4,67558,67558,68177,subset,Manufacturing Engineer
9201164525336_1,Warehouse Supervisor - Logistics-Transportation Dept,Fuyao Glass America,,,Posted 131 Days Ago,2026-05-19,144,"Moraine, OH, US",1,"Moraine, OH, US",false,,United States,,0,"I. Job ProfileJob TitleWarehouse SupervisorDepartmentLogistics-Transportation Department

Direct SupervisorWarehouse DirectorDirect Subordinatesall warehouse employee

III. Job Functions and Duties

NO.Representative Duties

1Lead warehouse shipper and keeper to finish assignment from management.

2Responsible for loading/unloading finished glass /material storage, Conscientiously implement the material the finished glass warehouse management system procedures and rules.

3Responsible for finished glass/material receiving, shipping, storage and inventory management, collect and evaluate the issues for monthly cycle counting.

4Monitor finished glass/material  storage quality (environment, inspection, expired, nonconforming product management),Management for finished glass/ material FIFO.

5Responsible for the implementation of 5S, environment and fire safety of finished goods warehouse.

6Responsible for manage and control for shipping of finished materials, improve inventory accuracy, effectiveness.

7Responsible for repacking and assembly production one shift in advance.

8Other duties as assigned

9Nothing in the Position Description restricts management's right to assign or re-assign duties and responsibilities to this job at any time

IⅤ. Qualification

Job RequirementsLanguageLanguages spoken commonly in the workplace are English and Mandarin. - Ability to read, understand and comprehend documents such as safety rules, operating and maintenance instructions. Ability to interpret a variety of instructions furnished in written, oral, diagram, or schedule form.
Ability to speak effectively and interact with other team members
Bilingual: English-Chinese (Required)

Experience1years manufacturing experience and /or training; or equivalent combination of education and experience preferred.

Education
BS Degree: Prefer College STEM (Science, Technology, Engineering & Math) Majors

Physical ConditionThe employee is regularly required o stand for long periods.                                                                                                                 Duties include turning at the waist, reaching, bending, squatting and lifting up to 50 pounds.                                                               Ability to pass static strength requirements (grip)
Visual acuity including, but not limited to:
a. NEAR ACUITY - Clarity of vision at 20 inches or less. Use this factor when special and minute accuracy is demanded.
b. FAR ACUITY - Clarity of vision at 20 feet or more. Use this factor when visual efficiency in terms of far acuity is required in day and night/dark conditions.
c. DEPTH PERCEPTION - Three-dimensional vision. Ability to judge distances and spatial relationships so as to see objects where and as they actually are.
d. COLOR VISION - Ability to identify and distinguish colors.
e. FIELD OF VISION - Observing an area that can be seen up and down or to right or left while eyes are fixed on a given point.
The noise level in the work environment is usually moderate. Safety requirements for this position
are safety glasses, hearing protection and steel-toed work boots.

Other RequirementsMATHEMATICAL SKILLS -
Ability to add, subtract, multiply, and divide in all units of measure, using whole numbers, common fractions, and decimals.
REASONING ABILITY - Ability to solve practical problems and deal with a variety of  variables.
COMPUTER SKILLS - Knowledge of and familiarity manufacturing software.

Knowledge, Skills & Abilities utilized on the jobProfessional  Knowledge, SkillsGlass manufacturing principle and technological process; warehouse logistics;

systematic knowledge  relating to TS16949 quality management system;

Systematic knowledge about 5S and project management. Solve problem by using warehouse quality tool;

Strong planning, organization and coordinate ability; Communication skill; Be responsible; work under pressure.

Training Required1.Systematic training regarding glass manufacturing technique;
2. Systematic training regarding     logistics management theory and tool application;

V. Work Environment:
Bright, clean, well ventilated office building;Clean, spacious factory and low noise.While performing the duties of this job,  The noise level in the work environment is usually moderate. Safety requirements for this position are safety glasses and steel-toed work boots.

VI. Key Performance Indicators:
Cycle Count Adjustments Finish Goods and material
Material receiving accuracy
Material check out accuracy
Shipping on time accuracy",4549,https://workforcenow.adp.com/mascsr/default/mdf/recruitment/recruitment.html?cid=25319558-d6a9-48ab-93d2-99e4878a8ffc&ccId=19000101_000001&jobId=9201164525336_1&lang=en_US,,,,,,,not_checked,,2026-09-27,,2026-10-10,,144,startDate,true,0,,,,,,2026-05-19,,false,,,,,,
9201227105017_1,Supervisor in Training - Lamination Assembly 1 Dept,Fuyao Glass America,,Full time,Posted 132 Days Ago,2026-05-18,145,"Moraine, OH, US",1,"Moraine, OH, US",false,,United States,,0,"About the Role:

The Supervisor in Training position is designed to develop future leaders within the Automotive industry. This role focuses on equipping candidates with the necessary skills and knowledge to effectively manage teams and enhance customer satisfaction. The primary end result is to ensure that all team members are performing at their best while delivering exceptional service to clients. Through hands-on training and mentorship, the Supervisor in Training will learn to implement best practices and drive operational excellence. Ultimately, this position aims to prepare individuals for a successful transition into a supervisory role, fostering both personal and professional growth.

Minimum Qualifications:

• High school diploma or equivalent.

• Previous experience in a manufacturing setting.

Preferred Qualifications:

• Associate's or Bachelor's degree in Business Administration or a related field.

• Experience in a supervisory or leadership role, even in a volunteer capacity.

Responsibilities:

• Assist in overseeing daily operations of the team to ensure high-quality product delivery.

• Participate in training sessions to learn effective team management and conflict resolution techniques.

• Monitor team performance metrics and provide feedback to team members to enhance productivity.

• Collaborate with senior supervisors to develop strategies for improving operational efficiency.

• Engage with customers to understand their needs and ensure that the team is meeting those expectations.

Skills:

The required skills for this position include strong communication and interpersonal abilities, which are essential for interacting with both team members and customers. Problem-solving skills will be utilized daily to address customer inquiries and team challenges effectively. Time management skills are crucial for prioritizing tasks and ensuring that team goals are met within deadlines. Preferred skills such as leadership and coaching will be developed through training, allowing the candidate to guide their team towards success. Overall, a combination of these skills will enable the Supervisor in Training to foster a positive work environment and drive team performance.

This is a 2nd Shift position",2251,https://workforcenow.adp.com/mascsr/default/mdf/recruitment/recruitment.html?cid=25319558-d6a9-48ab-93d2-99e4878a8ffc&ccId=19000101_000001&jobId=9201227105017_1&lang=en_US,,,,,,,not_checked,,2026-09-27,,2026-10-10,,145,startDate,true,0,,,,,,2026-05-18,,false,,,,,,
9201220163260_1,HR Administrator,Fuyao Glass America,,Full time,Posted 146 Days Ago,2026-05-04,159,"Plymouth, MI, US",1,"Plymouth, MI, US",false,,United States,,0,"Summary/Objective
The HR Administrator supports day-to-day Human Resources operations and ensures compliance with Michigan employment laws, company policies, and federal regulatory standards. This role is responsible for accurately compiling, maintaining, and safeguarding all personnel records. Duties include recording essential employee data such as contact information, compensation details, attendance, absences, performance documentation, disciplinary actions, and separation reasons. The HR Administrator prepares, files, and retrieves employment records and provides information only to authorized individuals in accordance with state and federal confidentiality requirements.

Essential Functions

• Process, verify, and maintain personnel-related documentation, including staffing, recruitment, training, grievances, performance evaluations, job classifications, and employee leaves of absence (including PMLA, FMLA, and company leave policies).

• Explain company personnel policies, benefits, and procedures to employees and job applicants.

• Maintain and update the HRIS (ADP Workday) database for each employee, including information such as new hires, earnings, attendance, leaves, and date/reason for terminations, ensuring accuracy and confidentiality.

• Generate weekly and monthly reports, including time and attendance; track employee and temporary employee points; monitor new hires and terminations; and administer disciplinary documentation in accordance with company policy.

• Answer questions regarding job requirements, eligibility, salaries, benefits, leave policies, and other employment-related information.

• Request and verify information from law enforcement (when Legally permissible), previous employers, and references to determine applicants' employment acceptability in compliance with FCRA and Michigan hiring regulations.

• Process and review employment applications to evaluate qualifications and determine applicant eligibility.

• Coordinate advertising or posting job vacancies and notify eligible or internal candidates of position availability.

• Process and review employment applications to evaluate qualifications or eligibility of applicants.

• Source and screen applicants meet specified job requirements and refer qualified candidates to hiring managers and schedule onsite or virtual interviews

• Inform job applicants of their hiring status, including selection, rejection, or further steps in the hiring process.

• Retrieve information from personnel files for authorized persons and organizations only, ensuring compliance with confidentiality, Michigan record retention requirements, and FCRA.

• Administer and score applicant and employee assessments (aptitude, personality, or skills evaluations) in accordance with validated and job-related criteria.

• Prepare badges, passes, and identification cards, and assist with security-related procedures.

• Coordinate in-house and external training activities, including scheduling, sending notices, and tracking completion.

• Maintain compliance with federal and state regulations concerning employment, labor laws, safety (MIOSHA), wage and hour, and company policies.

• Handle and maintain the accuracy of each department’s training records, sending reminders and assisting department heads with proper completion and documentation.

Competencies

• Human Resources Capacity.

• Problem Solving/Analysis.

• Project Management.

• Detail Oriented

• Communication Proficiency.

• Ethical Conduct.

• Time Management

Work Environment

• This job operates in a professional office environment. This role routinely involves standard office equipment such as computers, phones, photocopiers, filing cabinets and fax machines.

• Must be 18 years or older

Physical Demands

While performing the duties of this job, the employee is regularly required to communicate, both verbally and through active listening. The role is primarily sedentary; however, some physical activity is required for filing and general office tasks. This includes lifting and carrying files, opening and closing filing cabinets, and bending, reaching, or standing on a stool as needed. Lifting, bending, and reaching overhead are common physical requirements of the position.

Travel

Little to no travel is expected for this position.

Required Education and Experience

Associate’s degree in human resources or related field and 2+ years Human Resource experience.

Other Duties

Please note this job description is not designed to cover or contain a comprehensive listing of activities, duties or responsibilities that are required of the employee for this job. Duties, responsibilities, and activities may change at any time with or without notice.

Please Note:

We kindly ask that applicants do not visit our office in person to submit applications or inquire about the position. All applications must be submitted online through the designated platform.

Due to the volume of applications, we will only contact candidates whose qualifications closely match the requirements of the role. We appreciate your understanding.

Fuyao Automotive North America, Inc., Core Foundation Competencies including Ethics, Integrity, Values & Trust. Fuyao Automotive North America, Inc. is An Equal Opportunity/Affirmative Action Employer. All qualified applicants will receive consideration for employment without regard to race, color, religion, sex, national origin, disability or protected veteran status.

Fuyao Automotive North America, Inc is a Drug-Free Workplace.",5553,https://workforcenow.adp.com/mascsr/default/mdf/recruitment/recruitment.html?cid=25319558-d6a9-48ab-93d2-99e4878a8ffc&ccId=19000101_000001&jobId=9201220163260_1&lang=en_US,,,,,,,not_checked,,2026-09-27,,2026-10-10,,159,startDate,true,0,,,,,,2026-05-04,,false,,,,,,
9201216806899_1,EHS Manager,Fuyao Glass America,,Full time,Posted 153 Days Ago,2026-04-27,166,"Plymouth, Plymouth, MI, US",1,"Plymouth, Plymouth, MI, US",false,,United States,,0,"Summary/Objective:
Reporting to Fuyao Automotive North America, Inc., this position is responsible for developing, implementing, and maintaining all Environmental, Health, and Safety (EHS) programs to ensure compliance with Federal, State, and Local regulations. The EHS Manager establishes goals and metrics, drives safety leadership, fosters a strong safety culture, and ensures environmental management best practices. As an integral member of the site leadership team, this role influences decision-making and promotes cross-functional collaboration to enhance workplace safety and compliance.

Essential Functions:

• Leads and/or assists in the implementation of comprehensive environmental, safety and health programs, policies, and procedures.

• Monitors regulatory arena for new/changing regulations and rulemaking; adjusts programs/procedures accordingly.

• Leads risk identification programs (including various inspection programs); act as a technical resource for the sharing of regulatory requirements and best practices.

• Leads safety related audit and inspection processes and open issues tracking.

• Serves as technical resource for incident investigation and causal factor/root cause analysis may lead investigations.

• Liaisons with and provides recommendations to Develops, implements, and oversees site-wide environmental, health, and safety policies and procedures.

• Monitors and ensures compliance with all applicable EHS regulations, including MIOSHA, EPA, NIOSH, and NFPA standards.

• Identifies and mitigates workplace hazards through risk assessments, audits, and inspections.

• Leads incident investigations, root cause analysis, and corrective action planning.

• Establishes and tracks key safety performance metrics (leading and lagging indicators) to drive continuous improvement.

• Maintains required regulatory records and ensures timely submission of reports and notifications.

• Coordinates and communicates EHS policies and updates across all departments and levels of the organization.

• Ensures proper environmental testing and compliance, including hazardous/non-hazardous waste management, wastewater, stormwater, air permitting, and chemical safety.

• Develops and delivers EHS training on topics such as hazard communication, machine guarding, energy control (LOTO), industrial hygiene, fall protection, confined space entry, and emergency response.

• Works closely with the safety committee and management team to resolve identified safety concerns and implement corrective actions.

• Assists in identifying and fulfilling safety-related training needs to ensure workforce competency and compliance.

• Evaluates and recommends EHS-related equipment, protective devices, and facility modifications to enhance workplace safety.

• Serves as a key advisor to senior leadership on EHS-related risks, solutions, and best practices.

• Fosters a culture of safety excellence by driving employee engagement and accountability in EHS initiatives.

• Continuously assesses and improves safety programs to reduce injuries and enhance overall safety performance.

Competencies:

• Strong problem-solving and analytical skills.

• Effective project management abilities.

• Excellent verbal and written communication skills.

• Strong time management and organizational skills.

• Expertise in EHS regulations, including MIOSHA, EPA, NIOSH, and NFPA standards.

Supervisory Responsibility:

This position has no direct supervisory responsibilities but does serve as a coach and mentor for other positions in the department.

Work Environment:

• This job operates in a professional office environment and a manufacturing warehouse environment. This role routinely uses standard office equipment such as computers, phones, photocopiers, filing cabinets and fax machines.

• Must be 18 years or older.

Physical Demands:

The physical demands described here are representative of those that must be met by an employee to successfully perform the essential functions of this job.

Position Type/Expected Hours of Work:
This is a full-time position. The days and hours of work are Monday through Friday, 8:00 a.m. to 5 p.m. Occasional evening and weekend work may be required as job duties demand.

Travel:

Little to no travel is expected for this position.

Required Education and Experience:

• Bachelor’s degree in Environmental Science, Occupational Safety, Industrial Hygiene, or a related field.

• Minimum of 3 years of progressive experience in Environmental Health & Safety, preferably in the automotive industry.

• Minimum of 1 year EHS manager experience, preferably in the automotive industry.

Preferred Education and Experience:

• N/A

Other Duties

Please note this job description is not designed to cover or contain a comprehensive listing of activities, duties or responsibilities that are required of the employee for this job. Duties, responsibilities, and activities may change at any time with or without notice.

Please Note:
We kindly ask that applicants do not visit our office in person to submit applications or inquire about the position. All applications must be submitted online through the designated platform.

Due to the volume of applications, we will only contact candidates whose qualifications closely match the requirements of the role. We appreciate your understanding.

Fuyao Automotive North America, Inc., Core Foundation Competencies including Ethics, Integrity, Values & Trust. Fuyao Automotive North America, Inc. is An Equal Opportunity/Affirmative Action Employer. All qualified applicants will receive consideration for employment without regard to race, color, religion, sex, national origin, disability or protected veteran status.

Fuyao Automotive North America, Inc is a Drug-Free Workplace.",5791,https://workforcenow.adp.com/mascsr/default/mdf/recruitment/recruitment.html?cid=25319558-d6a9-48ab-93d2-99e4878a8ffc&ccId=19000101_000001&jobId=9201216806899_1&lang=en_US,,,,,,,not_checked,,2026-09-27,,2026-10-10,,166,startDate,true,0,,,,,,2026-04-27,,false,,,,,,
9201214444204_1,System Analyst,Fuyao Glass America,,Full time,Posted 158 Days Ago,2026-04-22,171,"Plymouth, MI, US",1,"Plymouth, MI, US",false,,United States,,0,"Summary / Objective

The IT Systems Engineer is responsible for analyzing, designing, and supporting the implementation of business system solutions that optimize processes within the glass automotive manufacturing plant. This role ensures that enterprise systems are aligned with business objectives, supports system integration and data exchange, and improves overall operational efficiency.

The position works closely with cross-functional teams to gather requirements, configure systems, and ensure data integrity and security. This role also includes supporting business system operations on-site and participating in system integration and EDI-related processes.

This position provides opportunities to develop skills in system integration, manufacturing applications, and business process optimization.

Essential Duties and Responsibilities:

• Analyze and assess existing IT systems and recommend enhancements.

• Gather business requirements and translate them into system specifications.

• Implement and maintain enterprise software applications to support manufacturing operations.

• Troubleshoot system-related issues and provide timely resolutions.

• Collaborate with IT and other departments to improve workflow automation and system efficiency.

• Ensure system security, data integrity, and compliance with IT policies.

• Develop and maintain documentation for system configurations and processes.

• Train end-users on new system functionalities and best practices.

• Support integration of new technologies into existing systems.

• Monitor system performance and recommend improvements.

• Provide on-site support for business systems and applications, including troubleshooting system issues related to ERP, MES, and integration interfaces.

• Support system integration and data exchange processes, including interface monitoring, data validation, and issue analysis.

• Support EDI operations and data exchange processes, including transaction monitoring, issue analysis, and coordination with internal teams and external partners.

Competency

• Technical Problem-Solving Skills

• Knowledge of ERP and Manufacturing Execution Systems (MES)

• Data Analysis and Reporting

• Project Management

• Strong Communication and Collaboration Skills

• IT Security and Compliance Knowledge

• Business Process Optimization

• Understanding of system integration concepts (APIs, data interfaces)

• Understanding of manufacturing processes and system workflows

• Willingness to learn and support EDI processes and business data flows.

Supervisory Responsibility

This position does not have direct supervisory responsibilities.

Work Environment

• The role is performed in an office and manufacturing setting.

• Frequent interaction with IT, production, and management teams.

• Occasional exposure to factory floor conditions, including noise and temperature variations.

• Must be 18 years or older

Physical Demands

• Prolonged periods of sitting at a desk and working on a computer.

• Occasional lifting of IT equipment (up to 25 lbs).

• Ability to walk around the facility to support system users.

Position Type/Expected Hours of Work

• Full-time position.

• Standard business hours with occasional overtime for critical system updates.

• On-call support may be required for system emergencies.

Travel

Minimal travel required.

Required Education and Experience

• Bachelor’s degree in Information Technology, Computer Science, or a related field.

• Minimum of two years of experience in IT systems analysis or a similar role.

• Experience with ERP and database management systems.

Preferred Education and Experience

• Master’s degree in a relevant field.

• Three years of experience in IT systems analysis within a manufacturing environment.

• Knowledge of automotive industry standards and compliance.

• Certifications in IT-related fields (e.g., ITIL, Microsoft, SAP).

• Familiarity with data analysis or reporting tools.

• Exposure to EDI or data integration concepts is a plus.

Other Duties:

Please note this job description is not designed to cover or contain a comprehensive listing of activities, duties, or responsibilities that are required of the employee for this job. Duties, responsibilities, and activities may change at any time with or without notice.

Please Note:
We kindly ask that applicants do not visit our office in person to submit applications or inquire about the position. All applications must be submitted online through the designated platform.

Due to the volume of applications, we will only contact candidates whose qualifications closely match the requirements of the role. We appreciate your understanding.

Fuyao Automotive North America, Inc., Core Foundation Competencies including Ethics, Integrity, Values & Trust. Fuyao Automotive North America, Inc. is An Equal Opportunity/Affirmative Action Employer. All qualified applicants will receive consideration for employment without regard to race, color, religion, sex, national origin, disability or protected veteran status.

Fuyao Automotive North America, Inc is a Drug-Free Workplace.",5130,https://workforcenow.adp.com/mascsr/default/mdf/recruitment/recruitment.html?cid=25319558-d6a9-48ab-93d2-99e4878a8ffc&ccId=19000101_000001&jobId=9201214444204_1&lang=en_US,,,,,,,not_checked,,2026-09-27,,2026-10-10,,171,startDate,true,0,,,,,,2026-04-22,,false,,,,,,
9201090490468_1,Manufacturing Engineer - Lamination 1 Dept,Fuyao Glass America,,Full time,Posted 166 Days Ago,2026-04-14,179,"Dayton, Moraine, OH, US",1,"Dayton, Moraine, OH, US",false,,United States,,0,"Job Title: Manufacturing Engineer

Dept: Lamination 1

Job Functions:

• Conducting pre-shift meeting

• Assembly's process of finished products

• Deployment of personnel on lines

• Guidance and leadership to personnel and motivation of Associates to reach

• Basic proficiency of every position on the line

• Other duties as assigned

• Nothing in the Position Description restricts management's right to assign or re-assign duties and responsibilities to this job at any time

For Fuyao Group South Carolina:

• Assist the manager with the plant's paperwork, logistics, and customer service on an as needed basis

• Shipping& Receiving
• Knowledge of Fuyao products and PLEX system
• Knowledge of shipping and receiving process
• Communication with FGA planners and customers
• Directing forklift drivers

• Training
•Production work instruction knowledge
• Knowledge of human resources and attendance system
•Train new employees to follow work instructions

• Inventory
• Daily confirmation of empty BMW racks delivered
• Monthly empty rack inventory
• Monthly material inventory
• Maintenance of material warehouse product

• Customer service
• Communications with customers via email, phone, in person about meetings, audits, shipping/receiving, racks, carriers
• Trips to BMW, Volvo, Inalfa

• Human Resources
• Communicating employee issues/concerns to FGA HR
• Assisting Dayton HR with employee information, paperwork, communications

• Invoices
• Knowledge of all FGA services
• Knowledge of billing methods
• Communications with FGA accounting
• Organization to avoid late payments

• Communicating with 3rd Party Services
• Communicating with contractors about work that needs to be done in the facility i.e. lawn care, fire extinguisher examinations, water testing
• Connecting contractors to FGA

• Bookkeeping
• Organization of all shipping and receiving paperwork, invoices, employee information etc.

• Cleaning
• Sometimes bathrooms, break room, and conference room need cleaning
• Done on an as needed basis

• Other duties as assigned

• Nothing in the Position Description restricts management's right to assign or re-assign duties and responsibilities to this job at any time

Qualifications:

• Languages spoken commonly in the workplace are English and Mandarin. - Ability to read, understand and comprehend documents such as safety rules, operating and maintenance instructions. Ability to interpret a variety of instructions furnished in written, oral, diagram, or schedule form.

• Ability to speak effectively and interact with other team members, engineers, leadership and customers.

• 1 to 3 years manufacturing experience and /or training; or equivalent combination of education and experience preferred.

• High School Diploma or General Education Degree (GED)

• The employee is regularly required o stand for long periods.

• Duties include turning at the waist, reaching, bending, squatting and lifting up to 50 pounds.

• Ability to pass static strength requirements (grip)

• Visual acuity including, but not limited to:

• a. NEAR ACUITY - Clarity of vision at 20 inches or less. Use this factor when special and minute accuracy is demanded.

• b. FAR ACUITY - Clarity of vision at 20 feet or more. Use this factor when visual efficiency in terms of far acuity is required in day and night/dark conditions.

• c. DEPTH PERCEPTION - Three-dimensional vision. Ability to judge distances and spatial relationships so as to see objects where and as they actually are.

• d. COLOR VISION - Ability to identify and distinguish colors.

• e. FIELD OF VISION - Observing an area that can be seen up and down or to right or left while eyes are fixed on a given point.

•  The noise level in the work environment is usually moderate. Safety requirements for this position

• are safety glasses, hearing protection and steel-toed work boots

• ""MATHEMATICAL SKILLS -

• Ability to add, subtract, multiply, and divide in all units of measure, using whole numbers, common fractions, and decimals.

• REASONING ABILITY - Ability to solve practical problems and deal with a variety of  variables.

• COMPUTER SKILLS - Knowledge of and familiarity manufacturing software.

• FORKLIFT OPERATION (Certification Required) - Operates forklifts, as needed, to support Production.""

• Background and policy of company, Processing of produce, safety requirement, and any necessary knowledge.

• Wearing of workshop personal protective equipment

• Function of the emergency stop switch

• Remember and understand <Material and Safety of processing menu book>

• Self working 90 days

• Familiar with operation 60 days

• Being a trainer 180 days

• Give advises 180 days

• Powered Industrial Truck Certification. Propane, Gas, or Stand up if applicable & Forklift Train the Trainer Certified

Work Environment:

• While performing the duties of this job, the employee is occasionally exposed to extreme heat. The noise level in the work environment is usually moderate. Safety requirements for this position are safety glasses and steel-toed work boots.

All Shifts - 1st - 2nd - 3rd

All Shift - 1st - 2nd - 3rd
Must be 18 years of age or older.
Fuyao Glass America Inc., Core Foundation Competencies including Ethics, Integrity, Values & Trust. Fuyao Glass America Inc. is An Equal Opportunity/Affirmative Action Employer. All qualified applicants will receive consideration for employment without regard to race, color, religion, sex, national origin, disability or protected veteran status.
Fuyao Glass America, Inc. is a Drug-Free Workplace.",5565,https://workforcenow.adp.com/mascsr/default/mdf/recruitment/recruitment.html?cid=25319558-d6a9-48ab-93d2-99e4878a8ffc&ccId=19000101_000001&jobId=9201090490468_1&lang=en_US,,,,,,,not_checked,,2026-09-27,,2026-10-10,,179,startDate,true,0,,,,,,2026-04-14,,false,4,67558,67558,68177,subset,Manufacturing Engineer
9201208205169_1,Manufacturing Engineer - Lamination Assembly 1,Fuyao Glass America,,Full time,Posted 167 Days Ago,2026-04-13,180,"Moraine, OH, US",1,"Moraine, OH, US",false,,United States,,0,"I. Job ProfileJob TitleManufacturing EngineerDepartmentLamination Assembly

Direct SupervisorLead SupervisorDirect SubordinatesNone

II. Job Summary：
Responsible for improving pretreatment product quality, reducing the scrap rate in the pretreatment production process, enhancing output;

III. Job Functions and Duties

NO.Representative Duties

1Analyze and improve manufacturing processes to increase efficiency and reduce waste.

2Develop, implement, and optimize production workflows, layouts, and standard work.

3Support new equipment installation and lead process validation.

4Collaborate with Quality, Maintenance, and Production teams to resolve issues.

5Monitor and report on key performance indicators (KPIs) such as cycle time, yield, and downtime.

6Support the launch of new automotive glass products and ensure smooth transition into mass production.

7Implement Lean Manufacturing and continuous improvement initiatives (e.g., Kaizen, 5S, Six Sigma).

8Other duties as assigned.

9Nothing in the Position Description restricts management's right to assign or re-assign duties and responsibilities to this job at any time.

IⅤ. Qualification

Job RequirementsLanguageLanguages spoken commonly in the workplace are English and/or Mandarin. - Ability to read, understand and comprehend documents such as safety rules, operating and maintenance instructions. Ability to interpret a variety of instructions furnished in written, oral, diagram, or schedule form.
Ability to speak effectively and interact with other team members, engineers, leadership, and customers.
Bilingual: Chinese - English (Required)

EducationBachelor's or Master's degree in Mechanical Engineering, Industrial Engineering, Manufacturing Engineering, or a related field.

Physical ConditionThe employee is regularly required to stand for long periods. Duties include turning at the waist, reaching, bending, squatting and lifting up to 50 pounds. Ability to pass static strength requirements (grip). The noise level in the work environment is usually moderate. Safety requirements for this position are safety glasses, hearing protection and steel-toed work boots. Visual acuity including, but not limited to:
a. NEAR ACUITY - Clarity of vision at 20 inches or less. Use this factor when special and minute accuracy is demanded.
b. FAR ACUITY - Clarity of vision at 20 feet or more. Use this factor when visual efficiency in terms of far acuity is required in day and night/dark conditions.
c. DEPTH PERCEPTION - Three-dimensional vision. Ability to judge distances and spatial relationships so as to see objects where and as they actually are.
d. COLOR VISION - Ability to identify and distinguish colors.
e. FIELD OF VISION - Observing an area that can be seen up and down or to right or left while eyes are fixed on a given point.

Other Requirements MATHEMATICAL SKILLS - Ability to add, subtract, multiply, and divide in all units of measure, using whole numbers, common fractions, and decimals.
REASONING ABILITY - Ability to solve practical problems and deal with a variety of variables.
COMPUTER SKILLS - Knowledge of and familiarity manufacturing software.

Training Required Competent in solving difficult problems in production;

Familiar with production management knowledge and ability;

Competent in leading, communication, coordination, and organizational skills;

Skilled in coating technology, enhancing, and training subordinates;

V. Work Environment:
While performing the duties of this job, the employee is occasionally exposed to extreme heat. The noise level in the work environment is usually moderate. Safety requirements for this position are safety glasses and steel-toed work boots.

VI. Key Performance Indicators:
Output, Yield, Safety",3752,https://workforcenow.adp.com/mascsr/default/mdf/recruitment/recruitment.html?cid=25319558-d6a9-48ab-93d2-99e4878a8ffc&ccId=19000101_000001&jobId=9201208205169_1&lang=en_US,,,,,,,not_checked,,2026-09-27,,2026-10-10,,180,startDate,true,0,,,,,,2026-04-13,,false,4,67558,67558,68177,subset,Manufacturing Engineer
9201202197742_1,Production Associate,Fuyao Glass America,,Full time,Posted 180 Days Ago,2026-03-31,193,"Plymouth, Plymouth, MI, US",1,"Plymouth, Plymouth, MI, US",false,,United States,,0,"Position: Production Associate

Classification: Non-Exempt

Direct Supervisor: Line Leader

Backup: Line Leader

Related KPI

Summary/Objective
The Production Associate is responsible for producing quality parts and materials while adhering to company policies, safety procedures, and customer specifications.

Essential Functions

• Follow all safety procedures, startup, and shutdown protocols.

• Operate machinery efficiently to prevent shutdowns and maintain workflow.

• Monitor and report any machine, fixture, product, or departmental issues to the Line Supervisor.

• Ensure maximum product quality by following standard operating procedures.

• Cross-train in various tasks and perform additional duties as assigned.

• Meet daily production targets and maintain accuracy in work.

• Report any production issues that may impact efficiency or quality.

• Be available for mandatory and planned overtime as needed.

• Maintain a professional attitude and work ethic at all times.

• Keep work areas clean and organized (5S methodology).

• Review and understand work instructions daily.

• Show a willingness to learn and improve skills.

• Maintain a positive attitude and accountability in work performance.

• Lift up to 50 lbs. as required.

Competencies

• Ability to read and follow work instructions.

• Work independently with minimal supervision.

• Properly use manufacturing equipment and tools.

• Conduct visual inspections to identify defects.

Supervisory Responsibility

This position does not have direct supervisory responsibilities.

Work Environment

• This job operates in a manufacturing environment with loud noises and usage of sharp utensils (razor blades).  Position requires the wearing of safety glasses, safety vest, gloves, and other personal protective equipment necessary and appropriate as designated by materials being handled.

• Must be 18 years or older

Physical Demands

The physical demands described here are representative of those that must be met by an employee to successfully perform the essential functions of this job.

While performing the duties of this job, the employee is regularly required to talk or listen. This is largely a sedentary role; however, this would require the ability to lift and move up to 30 lbs., stand for long periods, work independently, and perform repeated ranges of motion including bending and stretching.

Position Type/Expected Hours of Work
This is a full-time position. Days and hours of work may vary based on company needs.

Travel

Little to no travel is expected for this position.

Required Education and Experience

High School Diploma or GED

Preferred Education and Experience

High School Diploma or GED with 6 months of warehouse/manufacturing experience.

Other Duties

Please note this job description is not designed to cover or contain a comprehensive listing of activities, duties or responsibilities that are required of the employee for this job. Duties, responsibilities, and activities may change at any time with or without notice.

Please Note:
We kindly ask that applicants do not visit our office in person to submit applications or inquire about the position. All applications must be submitted online through the designated platform.

Due to the volume of applications, we will only contact candidates whose qualifications closely match the requirements of the role. We appreciate your understanding.

Fuyao Automotive North America, Inc., Core Foundation Competencies including Ethics, Integrity, Values & Trust. Fuyao Automotive North America, Inc. is An Equal Opportunity/Affirmative Action Employer. All qualified applicants will receive consideration for employment without regard to race, color, religion, sex, national origin, disability or protected veteran status.

Fuyao Automotive North America, Inc is a Drug-Free Workplace.",3853,https://workforcenow.adp.com/mascsr/default/mdf/recruitment/recruitment.html?cid=25319558-d6a9-48ab-93d2-99e4878a8ffc&ccId=19000101_000001&jobId=9201202197742_1&lang=en_US,,,,,,,not_checked,,2026-09-27,,2026-10-10,,193,startDate,true,0,,,,,,2026-03-31,,false,,,,,,
9201141473205_1,Project Management Engineer - Infrastructure Department,Fuyao Glass America,,Full time,Posted 181 Days Ago,2026-03-30,194,"Moraine, OH, US",1,"Moraine, OH, US",false,,United States,,0,"I. Job ProfileJob TitleProject Management Engineer DepartmentInfrastructure Project Department

Direct SupervisorProject Management SupervisorDirect SubordinatesN/A

II. Job Summary: The candidate will be a key player in the successful execution of construction projects, focusing on overall project coordination, financial budget, and any project-related reports and records.

III. Job Functions and Duties

NO.Representative Duties

1Responsible for overall project coordination and supervision;

2Responsible for overall project coordination;

3Responsible for creating, managing, and tracking project organizational structure and progress, and managing the project documents and coordinating with other departments;

4Responsible for preparing engineering budget and final account statements;

5Responsible for monitoring/verifying budget, actual project costs and final account statements;

6Responsible for approving progress invoices after review/approve by requesting department;

7Responsible for organizing project team meetings and prepare any project-related reports and records;

8Other duties as assigned & handling emergencies;

9Nothing in the Position Description restricts management's right to assign or re-assign duties and responsibilities to this job at any time

IⅤ. Qualification

Job RequirementsLanguageBilingual Proficiency: English and Mandarin.
- Ability to read, understand and comprehend documents such as safety rules, operating and maintenance instructions. Ability to interpret a variety of instructions furnished in written, oral, diagram, or schedule form.
-A high level of proficiency in English, including speaking, reading, and writing.

Experience1 to 3 years manufacturing experience and /or training; or equivalent combination of education and experience preferred. Proficient in the use of AutoCAD.

EducationBS Degree: Prefer College STEM (Science, Technology, Engineering & Math) Majors

Physical Condition•Required to sit, stoop, reach, bend, stand, walk, lift, pull, push, grasp, talk, hear, see, and lift up to 27 pounds.
•20/40 vision in each eye, with or without correction is required;
•Must be able to comply with all safety standards and procedures;
•Ability to wear personal protective equipment is required (including but not limited to; steel toed shoes, gloves, safety glasses, hearing protection, protective jacket or apron, and arm guards);
•Adaptive to high stress and fast-paced environment;
•All candidates receiving an offer of employment must successfully complete a background check band any other tests that may be required

Other RequirementsProficient in the use of Microsoft sofeware, such as PPT, Excel,Oracle /SAP / PLEX or similar. Travel from 10% to 40%

Knowledge, Skills & Abilities utilized on the jobProfessional  Knowledge, SkillsCommunication and Time Mangement:Highly dedicate on project management , negociation and communication skill, ability to manage tasks and deadlines across multiple priorities;

Critical Thinking and Creativity: Excellent manufacturing process design ability;

Trouble-shooting and problem solving: Good observational ability, diagnostic ability, preventive capability and strain capacity;

Techinical Proficiency: Automotive glass manufacturing equipment techical knowledge;

Team Work: Excellent ability to collaborate and work effectively in multidisciplinary teams;

Attitude: Strong sense of project ownership with hands-on and can-do attitude and self-starter are essential;

Continuous Learning: Strong willingness to learn and adapt to new technologies and methodologies.

Training RequiredFuyao internal manufacture workflow

Fuyao policy/ management/ safety munual

Fuyao document management traning

V. Work Environment:
While performing the duties of this job, the employee is occasionally exposed to extreme heat. The noise level in the work environment is usually moderate.

VI. Key Performance Indicators:
1. Project Coordination Efficiency: effectiveness
2. Project Documentation Management: accuracy rate
3. Project Budget and Financial Management: accuracy rate
4. Invoice Approval Efficiency: approval rate and timliness
5. Project Team Collaboration: meeting arrangement, accuracy rate in project-related reports and records.",4252,https://workforcenow.adp.com/mascsr/default/mdf/recruitment/recruitment.html?cid=25319558-d6a9-48ab-93d2-99e4878a8ffc&ccId=19000101_000001&jobId=9201141473205_1&lang=en_US,,,,,,,not_checked,,2026-09-27,,2026-10-10,,194,startDate,true,0,,,,,,2026-03-30,,false,7,69035,73986,80045,subset,Project Engineer
9201197501785_1,Product Engineer,Fuyao Glass America,,Full time,Posted 191 Days Ago,2026-03-20,204,"Plymouth, MI, US",1,"Plymouth, MI, US",false,,United States,,0,"About Fuyao

Fuyao Automotive North America Incorporated (FANA) is in the general warehousing and glass manufacturing industry in Plymouth MI. We provide automotive glass for the North America market and currently have glass manufacturing relationships with some of the top automotive manufacturers in North America including GM, Honda, Chrysler, Kia, BMW and Hyundai. We operate several production lines for a variety of vehicle models from each of these automotive manufacturers.

Our Parent Company

Fuyao Glass Industry Group Co. Ltd. (FYG) is a leading international manufacturer of automotive and industrial glass located in the People's Republic of China. The company has been listed on the Shanghai Stock Exchange since 1993 and employs more than 8,000 people in China, Hong Kong, Europe, Australia, Russia and the United States. Being the largest automotive glass supplier in China, FYG controls over 60% share of Chinese OEM market and over 30% share of Chinese replacement market. Fuyao customers in China are some of the leading automotive manufacturers in the world including GM, Ford, Honda, Toyota, Audi, Volkswagen, Citroen, and Mercedes-Benz to name a few.

Product Engineer

The purpose of this position is to function as a Product Engineer as part of triangle team. This position requires a knowledgeable and committed professional who is self-directed with a strong sense of responsibility for his/her work. This person has strong engineering skills, organizational skills and the ability to comprehend a total business situation, acting quickly, effectively, and prudently to enhance customer and Fuyao’s value.

Essential Functions

1. Analyze OEM drawings and quotations, design and develop process flow charts, engineering requirements, manage APQP files.
2. Evaluate customer engineering changes, change tools and documents, manage the engineering changes.
3. Plan and define new products, convert to company documents and standards.
4. Organize the production team and follow up with the reviews and inspections.
5. Develop the tool from design until buy off, including molds/Assemble fixtures/Checking fixtures.
6. Develop the process, track open issues until being fixed.
7. Improve the manufacturing process and monitoring the process flow chart.
8. Follow up in OEM plants related to products functionality, improve the parts to meet with customer expectation.
9. Assist in the Support activities for all phases of prototype, pre-production and production start-up through vehicle launch, plus 3 months.

Competencies
• Personal Computer literate, with analytical decision-making skills
• Excellent communication and interpersonal skills
• Excellent analytical and problem solving skills
Must have training in:
• FMEA ( Failure Mode Effects Analysis )
Must be familiar with:
• IATF 16949
• PPAP ( Production Part Approval Process)
• APQP ( Advanced Product Quality Planning )
• SPC ( Statistical Process Control )
• Through understanding of Automotive procedures and processes
• Previous Automotive Injection molding Experience
• Thorough understanding of Fuyao products, specifications, and tolerances

Supervisory Responsibility
1. Serve as a coach and mentor for this position in the department.

Work Environment
• Internal: Office/workshops in plant
• External: Various business divisions/client area.
Must be  above 18 years old

Physical Demands
The physical demands described here are representative of those that must be met by an employee to successfully perform the essential functions of this job.

Position Type/Expected Hours of Work
This is a full-time position. Days and hours of work are Monday through Friday, 8:00 a.m. to 5 p.m. Occasional evening and weekend work may be required as job duties demand.

Travel
Travel is expected for this position.

Required Education and Skills
• Mechanical Bachelor degree is required
• Proficient with Computer Aided Design (CAD) Stations (CATIA V5 or UG NX )

Preferred Education and Experience
• Associate in Engineering or Engineering Tech. with one + years’ experience in automotive body/component development

Other Duties
Please note this job description is not designed to cover or contain a comprehensive listing of activities, duties or responsibilities that are required of the employee for this job. Duties, responsibilities and activities may change at any time with or without notice.

Please Note:
We kindly ask that applicants do not visit our office in person to submit applications or inquire about the position. All applications must be submitted online through the designated platform.

Due to the volume of applications, we will only contact candidates whose qualifications closely match the requirements of the role. We appreciate your understanding.

Fuyao Automotive North America, Inc., Core Foundation Competencies including Ethics, Integrity, Values & Trust. Fuyao Automotive North America, Inc. is An Equal Opportunity/Affirmative Action Employer. All qualified applicants will receive consideration for employment without regard to race, color, religion, sex, national origin, disability or protected veteran status.

Fuyao Automotive North America, Inc is a Drug-Free Workplace.",5193,https://workforcenow.adp.com/mascsr/default/mdf/recruitment/recruitment.html?cid=25319558-d6a9-48ab-93d2-99e4878a8ffc&ccId=19000101_000001&jobId=9201197501785_1&lang=en_US,,,,,,,not_checked,,2026-09-27,,2026-10-10,,204,startDate,true,0,,,,,,2026-03-20,,false,5,70200,70907,72467,title,Product Engineer
9201165414201_1,Training Specialist - Coating Pre-Assembly HQ Dept,Fuyao Glass America,,Full time,Posted 195 Days Ago,2026-03-16,208,"Moraine, OH, US",1,"Moraine, OH, US",false,,United States,,0,"Job Description

I. Job ProfileJob TitleTraining SpecialistDepartmentCoating Preassembly Dept

Direct SupervisorCoating ManagerDirect SubordinatesNone

II. Job Summary：
Conserves Manager's time and promotes the corporate image by representing the Manager internally and externally; providing liaison between the Manager, key executives, and employees.

III. Job Functions and Duties

NO.Representative Duties

1Responsible for all new hire on-boarding after new hire orientation

2Responsible for insuring all HR, ER, and training documentation is submitted on time and complete

3Responsible to support internal and external audits

4Responsible to create and implement a training program that insures all new and existing team members receive complete and continued training

5Support implementation of training related to cross-functional department needs for production

6Responsible for distribution, collection and facilitating training related to quality alerts

7Responsible continuous improvement of training plan

8Responsible for improving safety, quality and production through training of team

9Responsible for data collection to improve training and performance, and develop monthly, and seasonal reporting to monitor the performance

10Other duties as assigned

11Nothing in the Position Description restricts management's right to assign or re-assign duties and responsibilities to this job at any time

IⅤ. Qualification

Job RequirementsLanguageLanguages spoken commonly in the workplace are English and/or Mandarin. - Ability to read, understand and comprehend documents such as safety rules, operating and maintenance instructions. Ability to interpret a variety of instructions furnished in written, oral, diagram, or schedule form.
Ability to speak effectively and interact with other team members, engineers, leadership and customers.

Experience1 year manufacturing experience and /or training; or equivalent combination of education and experience preferred.

EducationBachelor Degree and above

Physical ConditionThe employee is regularly required o stand for long periods.                                                                                                                                                         Duties include turning at the waist, reaching, bending, squatting and lifting up to 50 pounds.                                                                                                                                                         Ability to pass static strength requirements (grip)
Visual acuity including, but not limited to:
a. NEAR ACUITY - Clarity of vision at 20 inches or less. Use this factor when special and minute accuracy is demanded.
b. FAR ACUITY - Clarity of vision at 20 feet or more. Use this factor when visual efficiency in terms of far acuity is required in day and night/dark conditions.
c. DEPTH PERCEPTION - Three-dimensional vision. Ability to judge distances and spatial relationships so as to see objects where and as they actually are.
d. COLOR VISION - Ability to identify and distinguish colors.
e. FIELD OF VISION - Observing an area that can be seen up and down or to right or left while eyes are fixed on a given point.
The noise level in the work environment is usually moderate. Safety requirements for this position
are safety glasses, hearing protection and steel-toed work boots.

Other RequirementsMATHEMATICAL SKILLS -
Ability to add, subtract, multiply, and divide in all units of measure, using whole numbers, common fractions, and decimals.
REASONING ABILITY - Ability to solve practical problems and deal with a variety of  variables.
COMPUTER SKILLS - Knowledge of and familiarity manufacturing software.

Knowledge, Skills & Abilities utilized on the jobProfessional  Knowledge, SkillsMaintain a professional courteous demeanor

Excellent communication and interpersonal skills

Must be punctual, pleasant, and tactful with professional appearance and conduct

Ability to work in a fast-paced environment while meeting critical deadlines

Knowledgeable and understanding of organizational policies, procedures, standards, and systems

Ability to operate a computer and use mathematic skills to interpret production data

Training RequiredPosition related Safety Data Sheets, Job Hazard Analysis, Material Handling Safety Training

Position Work Instructions Training

Product Appearance Standards Training

Position 5S Management Training

Enterprise Profile, Rules and Regulations, Product Quality, Technology Operation, Safety, System, and Other Awareness Training

V. Work Environment:
While performing the duties of this job, the employee is occasionally exposed to extreme heat. The noise level in the work environment is usually moderate. Safety requirements for this position are safety glasses and steel-toed work boots.

VI. Key Performance Indicators:
Direct & Indirect Turnover, Recordable Incident Rate, Yield rate_Tempered, Yield rate_Laminated, Labor Productivity, Improvement project earnings, OEE, FTT,     Five star shift,  Audit issue settlement rate, Trial production pass rate on a single run, Trial production pass rate in runs, Mandatory Training Documentation Accuracy",5205,https://workforcenow.adp.com/mascsr/default/mdf/recruitment/recruitment.html?cid=25319558-d6a9-48ab-93d2-99e4878a8ffc&ccId=19000101_000001&jobId=9201165414201_1&lang=en_US,,,,,,,not_checked,,2026-09-27,,2026-10-10,,208,startDate,true,0,,,,,,2026-03-16,,false,,,,,,
9201185015025_1,Mechanical Modification Technician,Fuyao Glass America,,Full time,Posted 200 Days Ago,2026-03-11,213,"Dayton, Moraine, OH, US",1,"Dayton, Moraine, OH, US",false,,United States,,0,"Job Title: Mechanical Assembly Technician

Job Functions:

• Strictly abide by the company's various regulations and management systems and safety laws and regulations, and obey the company's policies and resolutions

• Obey the production and installation project tasks issued by the mechanical assembly supervisor, and feedback the completion of the production and installation tasks to the supervisor

• Perform mechanical production (cutting, welding, painting, component assembly, etc.) and on-site installation of the equipment according to the received mechanical assembly drawings or the guidance of the supervisor

• Ensure the installation quality of the equipment, and check & discover the installation problems such as technology, quality, and safety during the installation of the equipment

• Assist the software engineer to carry out on-site debugging of the equipment, and complete the on-site debugging tasks according to the requirements of the debugging engineer with quality and quantity

• According to the on-site installation, make reasonable suggestions to the supervisor

•  Assist the electrical assembly team to complete all the construction tasks of this department

• Responsible for 5S management of mechanical assembly and installation site

• In the process of production, installation and commissioning, continuously improve their business level

• Receive various business training and strengthen teamwork

• Other duties as assigned

• Nothing in the Position Description restricts management's right to assign or re-assign duties and responsibilities to this job at any time

Qualifications

• Languages spoken commonly in the workplace are English and Mandarin. Ability to read, understand and comprehend documents such as safety rules, operating and maintenance instructions. Ability to interpret a variety of instructions furnished in written, oral, diagram, or schedule form.

• Ability to speak effectively and interact with other team members, engineers, leadership and customers

• 1 to 3 years manufacturing experience and /or training; or equivalent combination of education and experience preferred

• High School Diploma or General Education Degree (GED)

• The employee is regularly required o stand for long periods.

• Duties include turning at the waist, reaching, bending, squatting and lifting up to 50 pounds. Ability to pass static strength requirements (grip)

• Visual acuity including, but not limited to:

• Clarity of vision at 20 inches or less. Use this factor when special and minute accuracy is demanded

• Clarity of vision at 20 feet or more. Use this factor when visual efficiency in terms of far acuity is required in day and night/dark conditions

• Three-dimensional vision. Ability to judge distances and spatial relationships so as to see objects where and as they actually are

• Ability to identify and distinguish colors

• Observing an area that can be seen up and down or to right or left while eyes are fixed on a given point

• The noise level in the work environment is usually moderate

• Safety requirements for this position are safety glasses, hearing protection and steel-toed work boots

• Ability to add, subtract, multiply, and divide in all units of measure, using whole numbers, common fractions, and decimals

• Ability to solve practical problems and deal with a variety of variables

• Knowledge of and familiarity manufacturing software

• Basic mechanical fabrication related knowledge

• Able to read mechanical drawings, able to fabricate and assembly parts per mechanical and assembly drawing requirement

• Basic mechanical fabrication skills, including cut, weld, paint and components assemble, and etc

• Be able to operate common machine tool equipment

• Have related skill certificates and job qualification certificates

• Skills for problem analysis and problem solving

• High level of analysis and creation

• Skill of social and communication

Must be 18 years of age or older.

Fuyao Glass America Inc., Core Foundation Competencies including Ethics, Integrity, Values & Trust. Fuyao Glass America Inc. is An Equal Opportunity/Affirmative Action Employer. All qualified applicants will receive consideration for employment without regard to race, color, religion, sex, national origin, disability or protected veteran status.

Fuyao Glass America, Inc. is a Drug-Free Workplace.",4388,https://workforcenow.adp.com/mascsr/default/mdf/recruitment/recruitment.html?cid=25319558-d6a9-48ab-93d2-99e4878a8ffc&ccId=19000101_000001&jobId=9201185015025_1&lang=en_US,,,,,,,not_checked,,2026-09-27,,2026-10-10,,213,startDate,true,0,,,,,,2026-03-11,,false,,,,,,
9201189428874_1,Automation Engineer,Fuyao Glass America,,Full time,Posted 205 Days Ago,2026-03-06,218,"Plymouth, MI, US",1,"Plymouth, MI, US",false,,United States,,0,"Summary / Objective

The Automation Engineer is responsible for designing, implementing, and optimizing automated systems in the glass automotive manufacturing plant. This role ensures the efficient operation of automated equipment, troubleshoots technical issues, and enhances process reliability. The Automation Engineer works closely with production, maintenance, and IT teams to improve manufacturing efficiency and product quality through advanced automation solutions.

ESSENTIAL DUTIES AND RESPONSIBILITIES include the following. Other duties may be assigned.

• Support specifying HMI/software features and manufacturing equipment

• Testing, start-up, debugging, and trouble shooting

• Support upgrading current assembly lines, machinery, jigs, fixtures to improve

• Process control (error proofing)

• User-friendliness on Human Machine Interface and self-diagnostics

• Data-collection

• Start-up/setting instructions

• Enhance knowledge of electronics/control systems etc. within IRS/USA

• The control engineer will be the specialist for electronics/PLC and robot software

• Quality lead-time and cost control for each task assigned

• Programming, debugging and startup of new automated assembly machinery, robots and Human-Machine-Interfaces

• Write/change documentation for start-up/setting calibration of machinery

• Continuous improvement actions (Kaizen) to optimize processes of the current machinery park by improving Human-Machine-Interface, adding error proofing, vision, and debugging. This is needed reduce WIP, down time, wasteful scrap and rework.

• Communication with internal functions, suppliers, and the customer

• Skill at Allen Brandely PLC preferred

• Skill at KUKA Robot  preferred

Supervisory Responsibilities

None at this time

Qualifications

To perform this job successfully, an individual must be able to perform each essential duty satisfactorily. The requirements listed below are representative of the knowledge, skill, and/or ability required. Reasonable accommodations may be made to enable individuals with disabilities to perform the essential functions.

• Must have worked successfully in several automation projects for the manufacturing industry (automotive and robot projects preferred).

• Good analyzing skills for trouble shooting and for solving technical problems.

• Must have sound knowledge of automation techniques, machine control systems, programmable logic controllers, pneumatics and computer programming.

• Preferred knowledge about (M) OSHA electrical/electronics requirements and automotive EMC requirements.

• Good communication skills, both written and oral.

• Able to work on several issues simultaneous; able to set-up a good planning for projects/running operations; can work under pressure.

Education And/Or Experience

• Bachelor of Science or Engineering in an Electrical/Automated Manufacturing Engineering or related engineering field.

• 3 years of automotive industry maintenance experience and hands-on experienc preferred.

• Bilingual proficiency in English and Mandarin required.

Work Environment

• The role involves working in both office and manufacturing environments.

• Frequent interaction with production, maintenance, and engineering teams.

• Exposure to factory floor conditions, including noise, heat, and moving machinery.

• Must be 18 years or older

Physical Demands

• Frequent walking and standing in a manufacturing environment.

• Ability to work on ladders, lift equipment, and access confined spaces.

• Occasional lifting of equipment up to 50 lbs.

Position Type/Expected Hours of Work

• Full-time position.

• Standard business hours with potential overtime for project deadlines.

• Occasional on-call support for automation system issues.

Travel

Minimal travel required, with occasional trips for training or supplier visits.

Other Duties:

Please note this job description is not designed to cover or contain a comprehensive listing of activities, duties, or responsibilities that are required of the employee for this job. Duties, responsibilities, and activities may change at any time with or without notice.

Please Note:

We kindly ask that applicants do not visit our office in person to submit applications or inquire about the position. All applications must be submitted online through the designated platform.

Due to the volume of applications, we will only contact candidates whose qualifications closely match the requirements of the role. We appreciate your understanding.

Fuyao Automotive North America, Inc., Core Foundation Competencies including Ethics, Integrity, Values & Trust. Fuyao Automotive North America, Inc. is An Equal Opportunity/Affirmative Action Employer. All qualified applicants will receive consideration for employment without regard to race, color, religion, sex, national origin, disability or protected veteran status.

Fuyao Automotive North America, Inc is a Drug-Free Workplace.",4955,https://workforcenow.adp.com/mascsr/default/mdf/recruitment/recruitment.html?cid=25319558-d6a9-48ab-93d2-99e4878a8ffc&ccId=19000101_000001&jobId=9201189428874_1&lang=en_US,,,,,,,not_checked,,2026-09-27,,2026-10-10,,218,startDate,true,0,,,,,,2026-03-06,,false,,,,,,
9201189428699_1,Tooling Engineer,Fuyao Glass America,,Full time,Posted 205 Days Ago,2026-03-06,218,"Plymouth, MI, US",1,"Plymouth, MI, US",false,,United States,,0,"About Fuyao

Fuyao Automotive North America Incorporated (FANA) is in the general warehousing and glass manufacturing industry in Plymouth MI. We provide automotive glass for the North America market and currently have glass manufacturing relationships with some of the top automotive manufacturers in North America including GM, Honda, Chrysler, Kia, BMW and Hyundai. We operate several production lines for a variety of vehicle models from each of these automotive manufacturers.

Our Parent Company

Fuyao Glass Industry Group Co. Ltd. (FYG) is a leading international manufacturer of automotive and industrial glass located in the People's Republic of China. The company has been listed on the Shanghai Stock Exchange since 1993 and employs more than 8,000 people in China, Hong Kong, Europe, Australia, Russia and the United States. Being the largest automotive glass supplier in China, FYG controls over 60% share of Chinese OEM market and over 30% share of Chinese replacement market. Fuyao customers in China are some of the leading automotive manufacturers in the world including GM, Ford, Honda, Toyota, Audi, Volkswagen, Citroen, and Mercedes-Benz to name a few.

TOOLING ENGINEER

Summary/Objective

The primary role of the Tooling Engineer is to develop the assembly fixtures, EOAT and automation line  in time and good quality as production requirement.

Essential Duties and Responsibilities:

• Understand and comply with all OSHA, safety and PPE requirement.

• Design, verify ,and follow up with tooling for each product

• Develop new automotive production lines

• Design and develop  fixtures and EOAT

• Verify, check and accept fixtures and EOAT

• Environmental, Health & Safety of self and colleagues including outside contractors or support personnel.

• Improve overall processes and related issues by taking a pro-active lead in the Continuous Improvement Activities.

• Create, document, develop and deliver procedures to ensure the tooling meets all targets relating to Quality, Cost and Delivery.

• Support the Quality group in evaluation and improvement of product dimensional reports.

• Support the Program management group in evaluation of new work and tooling.

• Program tracking and follow up of new program tooling scheduled for facility.

• Support all tooling launch activities.

• Project leader for all tooling related engineering changes.

• Lead individuals and team meetings when implementing engineering changes, improvements, and major repairs.

• Tool and Die support during on-line troubleshooting and implementation of corrective actions

• Support the Tool & Die department with root cause analysis and repair plans.

• Focus on Tool & Die knowledge and implement continual training to employees.

• Develop spare parts requirements and assist in procurement options.

• Support team functions by:

• Kaizen submittal and implementation

• Cross-training with others

• Backfills other work stations as needed

• Problem solving

• Supports operational metrics and meets operational needs

Competencies

• Personal Computer literate, with analytical decision-making skills

• Excellent communication and interpersonal skills

• Excellent analytical and problem solving skills

• Through understanding of Automotive  procedures and processes

• Previous Automotive Glazing System Tooling develop Experience

• Thorough understanding of Fuyao products, specifications

Supervisory Responsibility

Serve as a coach and mentor for this position in the department.

Work Environment

• Internal: Office/workshops in plant

• External: Various business divisions/Supplier area.

Physical Demands

The physical demands described here are representative of those that must be met by an employee to successfully perform the essential functions of this job.

Position Type/Expected Hours of Work
This is a full-time position. Days and hours of work are Monday through Friday, 8:00 a.m. to 5 p.m. Occasional evening and weekend work may be required as job duties demand.

Travel

Travel is expected for this position.

Required Education and Experience

• Mechanical Engineering Bachelor degree is required

• Experience with Computer Aided Design (CAD) Stations (CATIA V5 and /or UG NX )

• Experience in GD&T

• Bilingual language is preferred

Preferred Education and Experience

• 1+ years automotive tooling experience preferred.

Other Duties

Please note this job description is not designed to cover or contain a comprehensive listing of activities, duties or responsibilities that are required of the employee for this job. Duties, responsibilities and activities may change at any time with or without notice.

Please Note:

We kindly ask that applicants do not visit our office in person to submit applications or inquire about the position. All applications must be submitted online through the designated platform.

Due to the volume of applications, we will only contact candidates whose qualifications closely match the requirements of the role. We appreciate your understanding.

Fuyao Automotive North America, Inc., Core Foundation Competencies including Ethics, Integrity, Values & Trust. Fuyao Automotive North America, Inc. is An Equal Opportunity/Affirmative Action Employer. All qualified applicants will receive consideration for employment without regard to race, color, religion, sex, national origin, disability or protected veteran status.

Fuyao Automotive North America, Inc is a Drug-Free Workplace.",5472,https://workforcenow.adp.com/mascsr/default/mdf/recruitment/recruitment.html?cid=25319558-d6a9-48ab-93d2-99e4878a8ffc&ccId=19000101_000001&jobId=9201189428699_1&lang=en_US,,,,,,,not_checked,,2026-09-27,,2026-10-10,,218,startDate,true,0,,,,,,2026-03-06,,false,6,70625,72350,74375,title,Tooling Engineer
9201189428614_1,Mold Engineer,Fuyao Glass America,,Full time,Posted 205 Days Ago,2026-03-06,218,"Plymouth, MI, US",1,"Plymouth, MI, US",false,,United States,,0,"Summary/Objective

Develop the injection mold on time and good quality as production requirement.

Essential Functions

• Design, verify, and follow up with tooling for each product

• Design and develop new injection molds and tooling.

• Verify, check, and buy off mold and tooling.

• Improve overall processes and related issues by taking a pro-active lead in Continuous Improvement Activities.

• Program tracking and follow up of new program tooling scheduled.

• Project leader for molds and tools related engineering changes.

• Injection mold and tooling support during on-line troubleshooting and implementation of corrective actions

• Communicate with contractors and shops for outside repairs.

• Develop spare parts for injection molds and tools.

• Develop injection mold and tool maintenance plan.

• Repair injection mold like welding/spotting

Competencies

• Good at follow up with management tasks.

• Excellent communication and interpersonal skills

• Excellent analytical and problem-solving skills.

• Through understanding of Automotive procedures and processes

• Previous Automotive Glazing System Tooling develop Experience.

Supervisory Responsibility

This position does not have any direct Supervisory responsibilities but does serve as a coach and mentor for this position in the department.

Work Environment

• This job operates between manufacturing and office environment. This role routinely uses standard office equipment such as computers, phones, photocopiers, filing cabinets and fax machines as well as interfacing with the operation of machinery on the floor.

• Must be 18 years or older

The physical demands described here are representative of those that must be met by an employee to successfully perform the essential functions of this job.

Physical Demands

The physical demands described here are representative of those that must be met by an employee to successfully perform the essential functions of this job.

While performing the duties of this job, the employee is regularly required to talk or listen. The position involves sitting, walking, and lifting up to 25 pounds for long periods of time throughout the day. Ability to move around an office environment and on the production floor with the ability to work on a computer workstation.

Position Type/Expected Hours of Work
This is a full-time position. The days and hours of work are Monday through Friday, 8:00 a.m. to 5 p.m. Occasional evening and weekend work may be required as job duties demand.

Travel

Travel is expected for this position.

Required Education and Skills

• Degree in mechanical engineering

• Min 3 years’ experience in injection mold knowledge - mold design/ mold welding/spotting/manifold cleaning

• Experience with Computer Aided Design (CAD) Stations like Catia is preferred.

Preferred Education and Experience

• 1+ years automotive tooling experience preferred.

• Degree in mechanical engineering

Other Duties

Please note this job description is not designed to cover or contain a comprehensive listing of activities, duties or responsibilities that are required of the employee for this job. Duties, responsibilities, and activities may change at any time with or without notice.

Please Note:
We kindly ask that applicants do not visit our office in person to submit applications or inquire about the position. All applications must be submitted online through the designated platform.

Due to the volume of applications, we will only contact candidates whose qualifications closely match the requirements of the role. We appreciate your understanding.

Fuyao Automotive North America, Inc., Core Foundation Competencies including Ethics, Integrity, Values & Trust. Fuyao Automotive North America, Inc. is An Equal Opportunity/Affirmative Action Employer. All qualified applicants will receive consideration for employment without regard to race, color, religion, sex, national origin, disability or protected veteran status.

Fuyao Automotive North America, Inc is a Drug-Free Workplace.",4041,https://workforcenow.adp.com/mascsr/default/mdf/recruitment/recruitment.html?cid=25319558-d6a9-48ab-93d2-99e4878a8ffc&ccId=19000101_000001&jobId=9201189428614_1&lang=en_US,,,,,,,not_checked,,2026-09-27,,2026-10-10,,218,startDate,true,0,,,,,,2026-03-06,,false,,,,,,
9201189005508_1,Maintenance Technician - Coating Preassembly,Fuyao Glass America,,Full time,Posted 205 Days Ago,2026-03-06,218,"Moraine, OH, US",1,"Moraine, OH, US",false,,United States,,0,"Job Description

I. Job ProfileJob TitleMaintenance TechnicianDepartmentFinal Assembly Technology Department

Direct SupervisorMaintenance SupervisorDirect SubordinatesNone

II. Job Summary：
Timely repair of production equipment failures.     Complete improvement projects to ensure equipment is stable.  Perform Preventative Maintenance as assigned.

NO.Representative Duties

1Responsible for timely repairs of abrupt equipment failures and to perform equipment preventative maintenances

2Complete reactive items, projects, and continuous improvement work orders as assigned, and feed back  the completion of production and installation task to supervisor.

3Assist the software engineer to carry out on-site debugging of the equipment, and complete the on-site debugging tasks according to the requirements of the debugging engineer with quality and quantity

4Actively participate in continuous improvement programs

5Responsible for installation and repair of electrical components

6Responsible for installation and repair of mechanical components

7Ability to test and repair servo motors

8Very familiar with 480v 3ph electric and amperage

9Ability to test and make repairs of reed switches, infra-red, photo electric, and proximity switches

10Ability to read electrical and mechanical drawings

11Understanding of ladder logic and siemens systems

12Understanding of H.M.I. systems

13Ability to use a multimeter

14Understanding of industrial controls

15Maintain current certification with LOTO, Arc Flash, Fall Protection, and Confined Space

16Train production staff on equipment S.O.P. and T.P.M. procedures

17Strictly follow company safety policies

18Assist with new equipment installation and debugging

19Communicate company issues, repair needs, improvement plans with supervisors and managers.

20Fabricate and weld equipment as needed

21Be familiar with equipment mechanisms, structure and functions.  Master knowledge and methods of equipment routine inspections, reactive and preventative maintenance and lubrication.

22Other duties as assigned

23Nothing in the Position Description restricts management's right to assign or re-assign duties and responsibilities to this job at any time

IⅤ. Qualification

Job RequirementsLanguageLanguages spoken commonly in the workplace are English and Mandarin. - Ability to read, understand and comprehend documents such as safety rules, operating and maintenance instructions. Ability to interpret a variety of instructions furnished in written, oral, diagram, or schedule form.
Ability to speak effectively and interact with other team members, engineers, leadership and customers.

Experience1 to 3 years manufacturing experience and /or training; or equivalent combination of education and experience preferred.

EducationHigh School Diploma or General Education Degree (GED)

Physical ConditionThe employee is regularly required o stand for long periods.                                                                                                                                                         Duties include turning at the waist, reaching, bending, squatting and lifting up to 50 pounds.                                                                                                                                                         Ability to pass static strength requirements (grip)
Visual acuity including, but not limited to:
a. NEAR ACUITY - Clarity of vision at 20 inches or less. Use this factor when special and minute accuracy is demanded.
b. FAR ACUITY - Clarity of vision at 20 feet or more. Use this factor when visual efficiency in terms of far acuity is required in day and night/dark conditions.
c. DEPTH PERCEPTION - Three-dimensional vision. Ability to judge distances and spatial relationships so as to see objects where and as they actually are.
d. COLOR VISION - Ability to identify and distinguish colors.
e. FIELD OF VISION - Observing an area that can be seen up and down or to right or left while eyes are fixed on a given point.
The noise level in the work environment is usually moderate. Safety requirements for this position
are safety glasses, hearing protection and steel-toed work boots.

Other RequirementsMATHEMATICAL SKILLS -
Ability to add, subtract, multiply, and divide in all units of measure, using whole numbers, common fractions, and decimals.
REASONING ABILITY - Ability to solve practical problems and deal with a variety of  variables.
COMPUTER SKILLS - Knowledge of and familiarity manufacturing software.

Knowledge, Skills & Abilities utilized on the jobProfessional  Knowledge, SkillsKnowledge of 480v 3ph electric

Ability to read electrical and mechanical drawings

Ability to use CAD

Basic computer skills

Excellent communication skills

Understanding of pneumatic systems

Knowledge of PLC & VFD functions and trouble shooting

Knowledge of fluid power

Knowledge of hydraulic functions

Knowledge of steam boiler operation

Knowledge of compressed air systems to include scroll compressors and driers

Basic welding skills

Knowledgeable with conveyor systems

Basic computer skills

Training RequiredOSHA 10

Arc Flash certified

LOTO certified

Confined Space certified

Fall Protection certified

PIT, aerial lift license

V. Work Environment:
While performing the duties of this job, the employee is occasionally exposed to extreme heat. The noise level in the work environment is usually moderate. Safety requirements for this position
are safety glasses and steel-toed work boots.

VI. Key Performance Indicators:
1. Repair fee             2. Promote equipment availability;               3. MTBF, MTTR;             4. PM completion rate >95%",5698,https://workforcenow.adp.com/mascsr/default/mdf/recruitment/recruitment.html?cid=25319558-d6a9-48ab-93d2-99e4878a8ffc&ccId=19000101_000001&jobId=9201189005508_1&lang=en_US,,,,,,,not_checked,,2026-09-27,,2026-10-10,,218,startDate,true,0,,,,,,2026-03-06,,false,,,,,,
9201187311546_1,Receptionist,Fuyao Glass America,,Full time,Posted 208 Days Ago,2026-03-03,221,"Plymouth, MI, US",1,"Plymouth, MI, US",false,,United States,,0,"Position: Front Desk Receptionist

Classification: Non-Exempt

Direct Supervisor: Human Resource Manager

Backup: HR Administrator

Related KPI: N/A

Summary/Objective
The Receptionist will be the face and voice of the organization and greet, assist, and provide direction and information to clients, visitors, and other guests.

Essential Functions

• Welcome clients, visitors, and guests, determine the purpose of the visit and connect to the host.

• Answers, screens, and directs phone calls to staff; takes messages and schedules appointments.

• Receives mail, documents, packages, and courier deliveries and delivers or distributes items.

• Monitors visitor access and issues badges when required including online web maintenance.

• Administrative and Clerical support tasks.

• Performs basic filing and recordkeeping (Badges, Birthday cards, attendance hotline ETC…)

• Orders, receives, and maintains office supplies and maintains storage room.

• Maintain reception and lobby area standards accordingly.

• Water office and lobby area plants and manage/maintain their appearance.

• Distribution and records of gift cards

• Aid in coordination of company events.

• FANA janitorial monitoring (especially bathrooms)

• Performs all other duties as assigned.

Competencies

• Professionalism.

• Communication Proficiency.

• Organization.

• Multitasking.

• Time Management

Work Environment

• This job operates in a professional office environment. This role routinely uses standard office equipment such as computers, phones, photocopiers, filing cabinets and fax machines. Occasionally there may be some tasks that require attention on the production floor which will require the appropriate PPE to be worn.

• Must be 18 years or older

Physical Demands

The physical demands described here are representative of those that must be met by an employee to successfully perform the essential functions of this job.

While performing the duties of this job, the employee is regularly required to talk or listen. This is largely a sedentary role; however, some filing is required. This would require the ability to lift files, open filing cabinets and bend or stand on a stool as necessary. The handling of office and other supplies including copy paper of up to 25lbs will be required.

Travel

Little to no travel is expected for this position.

Required Education and Experience

• High school diploma or equivalent required.

• 1-3 years related experience and/or training; or equivalent combination of education and experience.

• Competence in the following Microsoft Office Products: Excel, Word, and Outlook

• Ability to apply common sense understanding to carry out instructions furnished in written, oral form.

Other Duties

Please note this job description is not designed to cover or contain a comprehensive listing of activities, duties or responsibilities that are required of the employee for this job. Duties, responsibilities and activities may change at any time with or without notice.

Please Note:
We kindly ask that applicants do not visit our office in person to submit applications or inquire about the position. All applications must be submitted online through the designated platform.

Due to the volume of applications, we will only contact candidates whose qualifications closely match the requirements of the role. We appreciate your understanding.

Fuyao Automotive North America, Inc., Core Foundation Competencies including Ethics, Integrity, Values & Trust. Fuyao Automotive North America, Inc. is An Equal Opportunity/Affirmative Action Employer. All qualified applicants will receive consideration for employment without regard to race, color, religion, sex, national origin, disability or protected veteran status.

Fuyao Automotive North America, Inc is a Drug-Free Workplace.",3832,https://workforcenow.adp.com/mascsr/default/mdf/recruitment/recruitment.html?cid=25319558-d6a9-48ab-93d2-99e4878a8ffc&ccId=19000101_000001&jobId=9201187311546_1&lang=en_US,,,,,,,not_checked,,2026-09-27,,2026-10-10,,221,startDate,true,0,,,,,,2026-03-03,,false,,,,,,
9201179565054_1,Project Management Engineer,Fuyao Glass America,,,Posted 212 Days Ago,2026-02-27,225,"Moraine, OH, US",1,"Moraine, OH, US",false,,United States,,0,"I. Job ProfileJob TitleProject Management Engineer DepartmentInfrastructure Project Department

Direct SupervisorProject Management SupervisorDirect SubordinatesN/A

II. Job Summary：The candidate will be a key player in the successful execution of construction projects, focusing on overall project coordination, financial budget, and any project-related reports and records.

III. Job Functions and Duties

NO.Representative Duties

1Responsible for overall project coordination and supervision;

2Responsible for overall project coordination;

3Responsible for creating, managing, and tracking project organizational structure and progress, and managing the project documents and coordinating with other departments;

4Responsible for preparing engineering budget and final account statements;

5Responsible for monitoring/verifying budget, actual project costs and final account statements;

6Responsible for approving progress invoices after review/approve by requesting department;

7Responsible for organizing project team meetings and prepare any project-related reports and records;

8Other duties as assigned & handling emergencies;

9Nothing in the Position Description restricts management's right to assign or re-assign duties and responsibilities to this job at any time

IⅤ. Qualification

Job RequirementsLanguageBilingual Proficiency: English and Mandarin.
- Ability to read, understand and comprehend documents such as safety rules, operating and maintenance instructions. Ability to interpret a variety of instructions furnished in written, oral, diagram, or schedule form.
-A high level of proficiency in English, including speaking, reading, and writing.

Experience1 to 3 years manufacturing experience and /or training; or equivalent combination of education and experience preferred. Proficient in the use of AutoCAD.

EducationBS Degree: Prefer College STEM (Science, Technology, Engineering & Math) Majors

Physical Condition•Required to sit, stoop, reach, bend, stand, walk, lift, pull, push, grasp, talk, hear, see, and lift up to 27 pounds.
•20/40 vision in each eye, with or without correction is required;
•Must be able to comply with all safety standards and procedures;
•Ability to wear personal protective equipment is required (including but not limited to; steel toed shoes, gloves, safety glasses, hearing protection, protective jacket or apron, and arm guards);
•Adaptive to high stress and fast-paced environment;
•All candidates receiving an offer of employment must successfully complete a background check band any other tests that may be required

Other RequirementsProficient in the use of Microsoft sofeware, such as PPT, Excel,Oracle /SAP / PLEX or similar. Travel from 10% to 40%

Knowledge, Skills & Abilities utilized on the jobProfessional  Knowledge, SkillsCommunication and Time Mangement:Highly dedicate on project management , negociation and communication skill, ability to manage tasks and deadlines across multiple priorities;

Critical Thinking and Creativity: Excellent manufacturing process design ability;

Trouble-shooting and problem solving: Good observational ability, diagnostic ability, preventive capability and strain capacity;

Techinical Proficiency: Automotive glass manufacturing equipment techical knowledge;

Team Work: Excellent ability to collaborate and work effectively in multidisciplinary teams;

Attitude: Strong sense of project ownership with hands-on and can-do attitude and self-starter are essential;

Continuous Learning: Strong willingness to learn and adapt to new technologies and methodologies.

Training RequiredFuyao internal manufacture workflow

Fuyao policy/ management/ safety munual

Fuyao document management traning

V. Work Environment:
While performing the duties of this job, the employee is occasionally exposed to extreme heat. The noise level in the work environment is usually moderate.

VI. Key Performance Indicators:
1. Project Coordination Efficiency: effectiveness
2. Project Documentation Management: accuracy rate
3. Project Budget and Financial Management: accuracy rate
4. Invoice Approval Efficiency: approval rate and timliness
5. Project Team Collaboration: meeting arrangement, accuracy rate in project-related reports and records.",4251,https://workforcenow.adp.com/mascsr/default/mdf/recruitment/recruitment.html?cid=25319558-d6a9-48ab-93d2-99e4878a8ffc&ccId=19000101_000001&jobId=9201179565054_1&lang=en_US,,,,,,,not_checked,,2026-09-27,,2026-10-10,,225,startDate,true,0,,,,,,2026-02-27,,false,7,69035,73986,80045,subset,Project Engineer
9201177715532_1,Warehouse Supervisor - Logistics-Transportation Dept,Fuyao Glass America,,,Posted 221 Days Ago,2026-02-18,234,"Moraine, OH, US",1,"Moraine, OH, US",false,,United States,,0,"I. Job ProfileJob TitleWarehouse SupervisorDepartmentOEM Sales Department

Direct SupervisorOEM Sales DirectorDirect Subordinatesall warehouse employee

III. Job Functions and Duties

NO.Representative Duties

1Lead warehouse shipper and keeper to finish assignment from management.

2Responsible for loading/unloading finished glass /material storage, Conscientiously implement the material the finished glass warehouse management system procedures and rules.

3Responsible for finished glass/material receiving, shipping, storage and inventory management, collect and evaluate the issues for monthly cycle counting.

4Monitor finished glass/material  storage quality (environment, inspection, expired, nonconforming product management),Management for finished glass/ material FIFO.

5Responsible for the implementation of 5S, environment and fire safety of finished goods warehouse.

6Responsible for manage and control for shipping of finished materials, improve inventory accuracy, effectiveness.

7Responsible for repacking and assembly production one shift in advance.

11Other duties as assigned

12Nothing in the Position Description restricts management's right to assign or re-assign duties and responsibilities to this job at any time

IⅤ. Qualification

Job RequirementsLanguageLanguages spoken commonly in the workplace are English and Mandarin. - Ability to read, understand and comprehend documents such as safety rules, operating and maintenance instructions. Ability to interpret a variety of instructions furnished in written, oral, diagram, or schedule form.
Ability to speak effectively and interact with other team members
Bilingual: English- Chinese -

Experience1years manufacturing experience and /or training; or equivalent combination of education and experience preferred.

EducationBS Degree: Prefer College STEM (Science, Technology, Engineering & Math) Majors

Physical ConditionThe employee is regularly required o stand for long periods.                                                                                                                 Duties include turning at the waist, reaching, bending, squatting and lifting up to 50 pounds.                                                               Ability to pass static strength requirements (grip)
Visual acuity including, but not limited to:
a. NEAR ACUITY - Clarity of vision at 20 inches or less. Use this factor when special and minute accuracy is demanded.
b. FAR ACUITY - Clarity of vision at 20 feet or more. Use this factor when visual efficiency in terms of far acuity is required in day and night/dark conditions.
c. DEPTH PERCEPTION - Three-dimensional vision. Ability to judge distances and spatial relationships so as to see objects where and as they actually are.
d. COLOR VISION - Ability to identify and distinguish colors.
e. FIELD OF VISION - Observing an area that can be seen up and down or to right or left while eyes are fixed on a given point.
The noise level in the work environment is usually moderate. Safety requirements for this position
are safety glasses, hearing protection and steel-toed work boots.

Other RequirementsMATHEMATICAL SKILLS -
Ability to add, subtract, multiply, and divide in all units of measure, using whole numbers, common fractions, and decimals.
REASONING ABILITY - Ability to solve practical problems and deal with a variety of  variables.
COMPUTER SKILLS - Knowledge of and familiarity manufacturing software.

Knowledge, Skills & Abilities utilized on the jobProfessional  Knowledge, SkillsGlass manufacturing principle and technological process; warehouse logistics;

systematic knowledge  relating to TS16949 quality management system;

Systematic knowledge about 5S and project management. Solve problem by using warehouse quality tool;

Strong planning, organization and coordinate ability; Communication skill; Be responsible; work under pressure.

Training Required1.Systematic training regarding glass manufacturing technique;
2. Systematic training regarding     logistics management theory and tool application;

V. Work Environment:
Bright, clean, well ventilated office building; Clean, spacious factory and low noise. While performing the duties of this job,  The noise level in the work environment is usually moderate. Safety requirements for this position are safety glasses and steel-toed work boots.

VI. Key Performance Indicators:
Cycle Count Adjustments Finish Goods and material
Material receiving accuracy
Material check out accuracy
Shipping on time accuracy",4529,https://workforcenow.adp.com/mascsr/default/mdf/recruitment/recruitment.html?cid=25319558-d6a9-48ab-93d2-99e4878a8ffc&ccId=19000101_000001&jobId=9201177715532_1&lang=en_US,,,,,,,not_checked,,2026-09-27,,2026-10-10,,234,startDate,true,0,,,,,,2026-02-18,,false,,,,,,
9201177999342_1,Production Associate,Fuyao Glass America,,Full time,Posted 226 Days Ago,2026-02-13,239,"Plymouth, Plymouth, MI, US",1,"Plymouth, Plymouth, MI, US",false,,United States,,0,"Position: Production Associate

Classification: Non-Exempt

Direct Supervisor: Line Leader

Backup: Line Leader

Related KPI

Summary/Objective
The Production Associate is responsible for producing quality parts and materials while adhering to company policies, safety procedures, and customer specifications.

Essential Functions

• Follow all safety procedures, startup, and shutdown protocols.

• Operate machinery efficiently to prevent shutdowns and maintain workflow.

• Monitor and report any machine, fixture, product, or departmental issues to the Line Supervisor.

• Ensure maximum product quality by following standard operating procedures.

• Cross-train in various tasks and perform additional duties as assigned.

• Meet daily production targets and maintain accuracy in work.

• Report any production issues that may impact efficiency or quality.

• Be available for mandatory and planned overtime as needed.

• Maintain a professional attitude and work ethic at all times.

• Keep work areas clean and organized (5S methodology).

• Review and understand work instructions daily.

• Show a willingness to learn and improve skills.

• Maintain a positive attitude and accountability in work performance.

• Lift up to 50 lbs. as required.

Competencies

• Ability to read and follow work instructions.

• Work independently with minimal supervision.

• Properly use manufacturing equipment and tools.

• Conduct visual inspections to identify defects.

Supervisory Responsibility

This position does not have direct supervisory responsibilities.

Work Environment

• This job operates in a manufacturing environment with loud noises and usage of sharp utensils (razor blades).  Position requires the wearing of safety glasses, safety vest, gloves, and other personal protective equipment necessary and appropriate as designated by materials being handled.

• Must be 18 years or older

Physical Demands

The physical demands described here are representative of those that must be met by an employee to successfully perform the essential functions of this job.

While performing the duties of this job, the employee is regularly required to talk or listen. This is largely a sedentary role; however, this would require the ability to lift and move up to 30 lbs., stand for long periods, work independently, and perform repeated ranges of motion including bending and stretching.

Position Type/Expected Hours of Work
This is a full-time position. Days and hours of work may vary based on company needs.

Travel

Little to no travel is expected for this position.

Required Education and Experience

High School Diploma or GED

Preferred Education and Experience

High School Diploma or GED with 6 months of warehouse/manufacturing experience.

Other Duties

Please note this job description is not designed to cover or contain a comprehensive listing of activities, duties or responsibilities that are required of the employee for this job. Duties, responsibilities, and activities may change at any time with or without notice.

Please Note:
We kindly ask that applicants do not visit our office in person to submit applications or inquire about the position. All applications must be submitted online through the designated platform.

Due to the volume of applications, we will only contact candidates whose qualifications closely match the requirements of the role. We appreciate your understanding.

Fuyao Automotive North America, Inc., Core Foundation Competencies including Ethics, Integrity, Values & Trust. Fuyao Automotive North America, Inc. is An Equal Opportunity/Affirmative Action Employer. All qualified applicants will receive consideration for employment without regard to race, color, religion, sex, national origin, disability or protected veteran status.

Fuyao Automotive North America, Inc is a Drug-Free Workplace.",3853,https://workforcenow.adp.com/mascsr/default/mdf/recruitment/recruitment.html?cid=25319558-d6a9-48ab-93d2-99e4878a8ffc&ccId=19000101_000001&jobId=9201177999342_1&lang=en_US,,,,,,,not_checked,,2026-09-27,,2026-10-10,,239,startDate,true,0,,,,,,2026-02-13,,false,,,,,,
9201173794912_1,Shift Supervisor - Coating Lamination Connection Dept,Fuyao Glass America,,Full time,Posted 230 Days Ago,2026-02-09,243,"Moraine, OH, US",1,"Moraine, OH, US",false,,United States,,0,"Job Description

I. Job ProfileJob TitleShift SupervisorDepartmentCoating Preassembly Dept

Direct SupervisorLead SupervisorDirect SubordinatesTechnical Supervisor, Mold & Fixture Management, Coordinator, Preparation, Utility, Allocation Forklift, CBG Bystronic Operator, Print Operator, Pre-Sintering Operator, Furnace Operator, Inspector, Loader, Production Associates

II. Job Summary：
Responsible for the management and supervision of personnel, production, work regulations, quality. Implement cost management strictly. Improve production output and quality effectively.

III. Job Functions and Duties

NO.Representative Duties

1 Report to Lead supervisor, organize and plan production based on production orders.

2Be responsible for plant safety issue, guiding and supervising safety management by supervisors; ensuring personal safety, production safety, equipment safety, and environmental sanitation, etc.

3Fully responsible to production quality and cost, manage and control each KPI in order to fulfill company's requests.

4Implement pre-shift meeting regulation. Report production, quality, work regulation issues.

5Responsible to solve production issues, organize personnel to solve problems.

6Responsible for work coordination, assist financial department and statistic department in plant stock taking and bonus management.

7Supervise the preparation of each positions before production, Monitor work regulations, quality, safety. Make sure that operators will work according to 3 operation instructions.

8Prepare initial training, formal training and multi-positions training, Implementation evaluation follow up.

9Collect shift production data, analyze shift production and quality status, report to Lead supervisor.

10Implement 5s and visionary management on-site. Keep safe and clean environment. Keep things at appropriate spots.

11In case of emergency, follow the instructions in emergency plan.

12Responsible for quality document and record management. Manage and supervise equipment and tools in plant.

13Double check the accuracy of production report preparation and import to system. Make sure the responsible warehouse materials quantities match system record.

14Identify workplace environment factors, hazard resource and control methods.

15Strictly implement the regulations of comprehensive management system.

16Take care of sorting and storage of own waste.

17Other duties as assigned.

18Nothing in the Position Description restricts management's right to assign or re-assign duties and responsibilities to this job at any time

IⅤ. Qualification

Job RequirementsLanguageLanguages spoken commonly in the workplace are English and/or  Mandarin. - Ability to read, understand and comprehend documents such as safety rules, operating and maintenance instructions. Ability to interpret a variety of instructions furnished in written, oral, diagram, or schedule form.
Ability to speak effectively and interact with other team members, engineers, leadership and customers.

Experience1 year manufacturing experience and /or training; or equivalent combination of education and experience preferred.

EducationHigh School Diploma or General Education Degree (GED)

Physical ConditionThe employee is regularly required o stand for long periods.                                                                                                                                 Duties include turning at the waist, reaching, bending, squatting and lifting up to 50 pounds.                                                                              Ability to pass static strength requirements (grip)
Visual acuity including, but not limited to:
a. NEAR ACUITY - Clarity of vision at 20 inches or less. Use this factor when special and minute accuracy is demanded.
b. FAR ACUITY - Clarity of vision at 20 feet or more. Use this factor when visual efficiency in terms of far acuity is required in day and night/dark conditions.
c. DEPTH PERCEPTION - Three-dimensional vision. Ability to judge distances and spatial relationships so as to see objects where and as they actually are.
d. COLOR VISION - Ability to identify and distinguish colors.
e. FIELD OF VISION - Observing an area that can be seen up and down or to right or left while eyes are fixed on a given point.
The noise level in the work environment is usually moderate. Safety requirements for this position
are safety glasses, hearing protection and steel-toed work boots.

Other RequirementsMATHEMATICAL SKILLS -
Ability to add, subtract, multiply, and divide in all units of measure, using whole numbers, common fractions, and decimals.
REASONING ABILITY - Ability to solve practical problems and deal with a variety of  variables.
COMPUTER SKILLS - Knowledge of and familiarity manufacturing software.

Knowledge, Skills & Abilities utilized on the jobProfessional  Knowledge, SkillsMaintain a professional courteous demeanor

Excellent communication and interpersonal skills

Must be punctual, pleasant, and tactful with professional appearance and conduct

Ability to work in a fast-paced environment while meeting critical deadlines

Knowledgeable and understanding of organizational policies, procedures, standards, and systems

Ability to operate a computer and use mathematic skills to interpret production data

Master critical skills across workshop processes to provide immediate coverage for guarantee continuous line operation

Ability to operate a forklift

Training RequiredPosition related Safety Data Sheets, Job Hazard Analysis, Material Handling Safety Training

Position Work Instructions Training

Product Appearance Standards Training

Position 5S Management Training

Enterprise Profile, Rules and Regulations, Product Quality, Technology Operation, Safety, System, and Other Awareness Training

Forklift Training

V. Work Environment:
While performing the duties of this job, the employee is occasionally exposed to extreme heat. The noise level in the work environment is usually moderate. Safety requirements for this position are safety glasses and steel-toed work boots.

VI. Key Performance Indicators:
Output, Yield, Demission Rate, Sheet Return Rate, Delivery, Production Cost, Production Efficiency, External Damage, Product Audit Compliance Rate, Production Safety, Stock

Must be 18 years of age or older.
Fuyao Glass America Inc., Core Foundation Competencies including Ethics, Integrity, Values & Trust. Fuyao Glass America Inc. is An Equal Opportunity/Affirmative Action Employer. All qualified applicants will receive consideration for employment without regard to race, color, religion, sex, national origin, disability or protected veteran status.
Fuyao Glass America, Inc. is a Drug-Free Workplace.",6739,https://workforcenow.adp.com/mascsr/default/mdf/recruitment/recruitment.html?cid=25319558-d6a9-48ab-93d2-99e4878a8ffc&ccId=19000101_000001&jobId=9201173794912_1&lang=en_US,,,,,,,not_checked,,2026-09-27,,2026-10-10,,243,startDate,true,0,,,,,,2026-02-09,,false,,,,,,
9201074886402_1,Packaging Engineer,Fuyao Glass America,,Full time,Posted 235 Days Ago,2026-02-04,248,"Dayton, Moraine, OH, US",1,"Dayton, Moraine, OH, US",false,,United States,,0,"Job Title: Packaging Engineer

Job Summary: Ensure the effective control of product package and reduce packing cost on the condition of ensuring product quality.

Job Functions:

• Prepare packing technical requirement or new products and new customers

• Timely fulfill the preparation of packing process for new products and responsible for data maintenance

• Design, verify and track new packing technology

•  Improve packing technology, packing quality and work efficiency as well as reduce packing cost

• Develop packing materials; Develop safe, eco-friendly and low-cost internal and external packing materials

• Develop new packing technology

• Satisfy different packing requirements from customer

• Technical supervision

• Find and solve field packing problems

• Know customer's packing requirement and responsible for packing case confirmation

• Communicate with customer, submit packing plan to customer and have them signed by customer for confirmation

• Other duties as assigned

• Nothing in the Position Description restricts management's right to assign or re-assign duties and responsibilities to this job at any time

Qualifications

• Languages spoken commonly in the workplace are English and Mandarin. Ability to read, understand and comprehend documents such as safety rules, operating and maintenance instructions. Ability to interpret a variety of instructions furnished in written, oral, diagram, or schedule form.

• Ability to speak effectively and interact with other team members, engineers, leadership and customers

• At least 1 year of working experience

• High School Diploma or General Education Degree (GED)

• The employee is regularly required o stand or sit for long periods. Duties will include long periods of viewing a computer monitor

• Ability to add, subtract, multiply, and divide in all units of measure, using whole numbers, common fractions, and decimals

• Ability to solve practical problems and deal with a variety of variables

• Knowledge of and familiarity manufacturing software

• Familiar with CAD

• Know product packing and logistics characteristics

• Know packing technology relating to inter layer tempered and injection product

• Familiar with logistics characteristics under different transportation conditions such as bus transport, rail transport, sea transport and air transportation

• Familiar with the characteristics of wooden case packing, iron case packing and carton packing

• Familiar with CAD, carton/wooden case packing design and the characteristics of safety glasses

• To solve and improve problems relating to the post

• Able to make data statistical analysis

• Equipped with emergency management capability

• Equipped with a certain degree of interpersonal skill

• Equipped with coordination skill

• TS16949 training

• Training about the five reference books

• Training about innovation methods

• Training about project management

• Six Sigma training",2955,https://workforcenow.adp.com/mascsr/default/mdf/recruitment/recruitment.html?cid=25319558-d6a9-48ab-93d2-99e4878a8ffc&ccId=19000101_000001&jobId=9201074886402_1&lang=en_US,,,,,,,not_checked,,2026-09-27,,2026-10-10,,248,startDate,true,0,,,,,,2026-02-04,,false,,,,,,
9201171450387_1,Continuous Improvement - Lamination Assembly Dept,Fuyao Glass America,,Full time,Posted 236 Days Ago,2026-02-03,249,"Moraine, OH, US",1,"Moraine, OH, US",false,,United States,,0,"Job Title: Continuous Improvement

Job Summary:

Establishing and maintaining plant KPI’s supported by Plex  or database systems. Recommends analytical techniques for data collection, gathers data; analyzes and interprets data; prepares reports and makes recommendations. Developing of the annual performance improvement project, innovation project. Reviews and analyzes departmental budgets; may monitor and administer department budget. Identify process inefficiencies and leading activities using cross-functional teams to deliver improvement results.  6-Communicating findings and economic recommendations to leadership. Participate in business case development and prioritization of technology and/or business process driven projects.  8-Evaluate operational issues to determine how competitive and current it is with the last trends in the industry.

Job Functions:

• Maintain the Continuous Improvement KPI's for the whole value stream.Define and implement the Continuous Improvement procedure and strategy. Provide recommendations and monitor trends.

• ""Performing statistical analyses to help guide decision making across projects and teams.

• Research and analyze data using a variety of software programs, including spreadsheets, statistical analysis, and database management programs.

• Carrying out advanced data collection and analysis for output& quality improvement, develop budgets and cost analysis to determine project feasibility; Conduct baseline and value stream studies to determine applicability of project idea to strategic business needs. ""

• Using reporting tools to develop reports that measure overall team performance.  Develop weekly, monthly, and seasonal reporting to monitor the production performance as well as share business insights with  product development,  cost, budgeting .

•   Identify business growth opportunities via data driven insights. Identify opportunities for performance improvement, particularly in PLEX data record, production efficiency; Identify sources of waste and non-value-added complexity, then developing and executing a strategy for improvement. Develop economic recommendations and present them to leadership.

• Reviews and analyzes departmental budgets; may monitor and administer department budget; Assists in preparation of capital improvement program.;Workforce analysis, Revenue analysis and internal policy development;

• Participate in business case development and prioritization of technology and/or business process driven projects; Develop and conduct compliance audits, program evaluations and reviews to driver results with the fortitude to ensure change is permanent.

• Developing of the annual performance improvement project, innovation project and seeing it through to its conclusion, including development of its month-end, year-end report.""

• Communicating findings and economic recommendations to leadership; Communicate analyses through presentations to senior management in the department and business partners from other departments.

• Evaluate operational issues to determine how competitive and current it is with the last trends in the industry

Qualifications:

• Languages spoken commonly in the workplace are English and Mandarin. - Ability to read, understand and comprehend documents such as safety rules, operating and maintenance instructions. Ability to interpret a variety of instructions furnished in written, oral, diagram, or schedule form.

• Ability to speak effectively and interact with other team members, engineers, leadership and customers.

• 1 to 3 years manufacturing experience and /or training; or equivalent combination of education and experience preferred.

• BS Degree: Prefer College STEM (Science, Technology, Engineering & Math) Majors

• Chinese (Mandarin) Fluency Required

• The employee is regularly required o stand for long periods. Duties include turning at the waist, reaching, bending, squatting and lifting up to 50 pounds.                 Ability to pass static strength requirements (grip)

• Visual acuity including, but not limited to:

• a. NEAR ACUITY - Clarity of vision at 20 inches or less. Use this factor when special and minute accuracy is demanded.

• b. FAR ACUITY - Clarity of vision at 20 feet or more. Use this factor when visual efficiency in terms of far acuity is required in day and night/dark conditions.

• c. DEPTH PERCEPTION - Three-dimensional vision. Ability to judge distances and spatial relationships so as to see objects where and as they actually are.

• d. COLOR VISION - Ability to identify and distinguish colors.

• e. FIELD OF VISION - Observing an area that can be seen up and down or to right or left while eyes are fixed on a given point.

•  The noise level in the work environment is usually moderate. Safety requirements for this position

• are safety glasses, hearing protection and steel-toed work boots.

• ""MATHEMATICAL SKILLS -

• Ability to add, subtract, multiply, and divide in all units of measure, using whole numbers, common fractions, and decimals.

• REASONING ABILITY - Ability to solve practical problems and deal with a variety of  variables.

• COMPUTER SKILLS - Knowledge of and familiarity manufacturing software.

• Software proficiency: MS Excel, MS Word, MS Power Point; MRP systems""

• Familiar with Lean manufacturing / Six Sigma  concepts

• Good project management knowledge

• Familiar with the following systems: Total productive maintenance, SMED, VSM and creating continuous flow.

• Implementation and data base management of basic manufacturing KPI's like OEE, FTT etc.

• Familiar with the 5 lean manufacturing principles

• Clear understanding of value, the 7 different types of waste and the Plan - Do - Check - Act

• Strong database management skill

• Project management skill

• Manage and direct CI Teams using the different lean tools

• Manage and track KPI database and analysis

• Lead a kaizen event for a specific/identified area

• Change agent able to create the change on the production floor  implementing the CI tools

• Building effective Continuous Improvement teams

• Continuous Improvement or Operational Excellence",6159,https://workforcenow.adp.com/mascsr/default/mdf/recruitment/recruitment.html?cid=25319558-d6a9-48ab-93d2-99e4878a8ffc&ccId=19000101_000001&jobId=9201171450387_1&lang=en_US,,,,,,,not_checked,,2026-09-27,,2026-10-10,,249,startDate,true,0,,,,,,2026-02-03,,false,3,57348,58195,58967,subset,Continuous Improvement
9201161634050_1,Junior Program Manager,Fuyao Glass America,,Full time,Posted 257 Days Ago,2026-01-13,270,"Plymouth, MI, US",1,"Plymouth, MI, US",false,,United States,,0,"Summary/Objective

The Junior Program Manager works with the Product Development Engineer and Advance Quality Engineer to quote, develop and launch new automotive glass products for OEMs.   The Junior PM will communicate directly with the customer on all matters concerning the initial launch of the program.   Represent Fuyao at customer development events and meetings.  Maintain documents in accordance with Fuyao policies, APQP and Customer deliverables.

Essential Functions

• New Product Launch - Automotive Glass (Mainly encapsulation) - Capable of handling OEM Customers and multiple programs/window openings.

• Internal leader of Iron Triangle and OEM program. Several forms of communication are required: face-to-face meetings, emails, texts, WeChat, verbal, written forms, etc.

• Key Player / Value stream leader for the OEM customer - ""Voice of the Customer"" for internal processes and proceedings. Organize internal teammates and processes to fulfill and support customer deliverables.

• Thoroughly understands purchasing procedure process and anticipates and handles any problems and questions pursuant to customer satisfaction.

• Maintaining the program budget and timing is a central requirement.  This includes components, tooling, equipment and packaging purchases and development. Responsible for COST: from Quote to Invoice.

• Provide direction and support to program team (Fuyao Automotive North America and China), including scheduling meetings, updating open issues list, and any other project-related information.

• Creator of timing charts, ensure ON TIME delivery of products to the customer. Back-up plan and expedited delivery schedules.   Offset of delays

• Monitor and report on the progress of the project to all stakeholders, including reporting to company management.

• Attending engineering change meetings as needed at customer assembly and technical center. Responsible for implementing the engineering change in the plant.

• Within the first 90 days - acquire product and process knowledge - commensurate with leadership role.  Understand and be able to present to customer management core product lines.

• Other duties as assigned by management. Ability to work overtime depending on program timing and be multi-functional. Nothing in the Position Description restricts management's right to assign or re-assign duties and responsibilities to this job at any time.

Competencies

• Personal Computer literate, with analytical decision-making skills

• Excellent communication and interpersonal skills

• Excellent analytical and problem-solving skills

Supervisory Responsibility

This position does not have any direct Supervisory responsibilities. However, managerial skill is expected in the program team.

Work Environment

• This job operates between a manufacturing and office environment. This role routinely uses standard office equipment such as computers, phones, photocopiers, filing cabinets, and fax machines as well as interfacing with the operation of machinery on the floor.

• Must be 18 years or older

Physical Demands

The physical demands described here are representative of those that must be met by an employee to successfully perform the essential functions of this job.

While performing the duties of this job, the employee is regularly required to talk or listen. The position involves sitting, walking, and lifting up to 25 pounds for long periods of time throughout the day. The ability to move around the office environment and on the production floor and the ability to work at a computer workstation is required.

Position Type/Expected Hours of Work

This is a full-time position. Days and hours of work are Monday through Friday, 8:00 a.m. to 5:00 p.m. Occasional evening and weekend work may be required as job duties demand.

Travel

Travelling is expected for this position.

Required Education and Experience

• Bachelor’s Degree in Engineering or Business Management

• COMPUTER SKILLS - MS Office, Excel, Word, PowerPoint. MS Project skilled.

• Outlook is the email client.  Also, use of Skype, and SharePoint navigation.

• Knowledge of and familiarity with MRP/ERP software. Currently using Oracle

Preferred Education and Experience

• Master’s degree is preferred.

• IATF/APQP/PPAP training preferred.

Other Duties

Please note this job description is not designed to cover or contain a comprehensive listing of activities, duties or responsibilities that are required of the employee for this job. Duties, responsibilities, and activities may change at any time with or without notice.

Please Note:
We kindly ask that applicants do not visit our office in person to submit applications or inquire about the position. All applications must be submitted online through the designated platform.

Due to the volume of applications, we will only contact candidates whose qualifications closely match the requirements of the role. We appreciate your understanding.

Fuyao Automotive North America, Inc., Core Foundation Competencies including Ethics, Integrity, Values & Trust. Fuyao Automotive North America, Inc. is An Equal Opportunity/Affirmative Action Employer. All qualified applicants will receive consideration for employment without regard to race, color, religion, sex, national origin, disability or protected veteran status.

Fuyao Automotive North America, Inc is a Drug-Free Workplace.",5393,https://workforcenow.adp.com/mascsr/default/mdf/recruitment/recruitment.html?cid=25319558-d6a9-48ab-93d2-99e4878a8ffc&ccId=19000101_000001&jobId=9201161634050_1&lang=en_US,,,,,,,not_checked,,2026-09-27,,2026-10-10,,270,startDate,true,0,,,,,,2026-01-13,,false,5,68000,69181,70000,subset,Program Manager
9201158393655_1,Shift Supervisor,Fuyao Glass America,,Full time,Posted 261 Days Ago,2026-01-09,274,"Moraine, OH, US",1,"Moraine, OH, US",false,,United States,,0,"Job Title: Shift Supervisor

Job Summary：
1. Production safety (proper wear of PPEs)

2. Product quality (yield produced by each shift)

3. Productivity (pieces produced by each shift)

4. Job observation (associates’ skills/wait on the job/defects/on-site conditions/preparations)

5. Training (equipment operation, quality standards, process requirements and information feedback procedure)

6. Emergency issue handling (4M changes, sudden equipment breakdowns, production problems)

Job Functions:

• Conducting pre-shift meeting

• Assembly's process of finished products

• Guidance and leadership to personnel and motivation of Associates to reach

• Create grid whiteboard maintenance and direction to Associates

• Oversight of glass auditing and Plex entry

• Other duties as assigned

• Nothing in the Position Description restricts management's right to assign or re-assign duties and responsibilities to this job at any time

Qualifications:

• Languages spoken commonly in the workplace are English and Mandarin. Ability to read, understand and comprehend documents such as safety rules, operating and maintenance instructions. Ability to interpret a variety of instructions furnished in written, oral, diagram, or schedule form

• Ability to speak effectively and interact with other team members, engineers, leadership and customers

• 1 to 3 years manufacturing experience and /or training; or equivalent combination of education and experience preferred

• High School Diploma or General Education Degree (GED)

• The employee is regularly required to stand for long periods. Duties include turning at the waist, reaching, bending, squatting and lifting up to 50 pounds

• Ability to pass static strength requirements (grip)

• Clarity of vision at 20 inches or less. Use this factor when special and minute accuracy is demanded

• Clarity of vision at 20 feet or more. Use this factor when visual efficiency in terms of far acuity is required in day and night/dark conditions

• Three-dimensional vision. Ability to judge distances and spatial relationships so as to see objects where and as they actually are

•  Ability to identify and distinguish colors

• Observing an area that can be seen up and down or to right or left while eyes are fixed on a given point.

• The noise level in the work environment is usually moderate

• Safety requirements for this position are safety glasses, hearing protection and steel-toed work boots

• Ability to add, subtract, multiply, and divide in all units of measure, using whole numbers, common fractions, and decimals

• Ability to solve practical problems and deal with a variety of variables

• Knowledge of and familiarity manufacturing software

• FORKLIFT OPERATION (Certification Required)

• Operates forklifts, as needed, to support Production

• Background and policy of company, Processing of produce, safety requirement, and any necessary knowledge

• Knowledge of 5S and how it applies to specific work area

• Equipment and electric appliance's mechanical structures and operating principles

• Remember and understand <Material and Safety of processing menu book>

• Self working 90 days

• Familiar with operation 60 days

• Being a trainer 180 days

• Give advises 180 days

Responsible report to Lead supervisor,orgnize and plan production based on production orders, shift production daily report.

Fully responsible to shift production quality and cost, manage and control each KPI in order to fulfill the company's requests.

Implement pre-shift meeting regulation. Report production, quality, work regulation issues.

Responsible to solve production issues,orgnize personnel to solve problems.

Responsible for work coordination,assist finacial department and statistic department in plant stock taking and bonus management.

Supervise the preparation of each position before production, Monitor work regulations,q uality,safety.Make sure that operators will work according to 3 operation instructions.

Implement initial training ,formal training and multi positions training, Implementation evaluation follow-up.

Collect shift production data,analyze shift production and quality status, report to Lead supervisor.

.Responsible for managing 5 Star kanban and conducting the TPM activity of the workshop

Implement 5s and visionary management on-site.Keep safe and clean environment. Keep items in their positions.

In case of emergency,follow the instructions in emergency plan.

Responsible for quality document and record management. Manage and supervise equipment and tools in the plant.

Double check the accuracy of production report preparation and import to system.Make sure the responsible warehouse materials quantities match system record.

Identify workplace environment factor, hazard resource and control method.

Strictly implement the regulations of comprehensive management system(Complete Daily Safety checklist).

Take care of sorting and storage of own waste.

Assist other matters.

Other duties as assigned

Nothing in the Position Description restricts management's right to assign or re-assign duties and responsibilities to this job at any time",5155,https://workforcenow.adp.com/mascsr/default/mdf/recruitment/recruitment.html?cid=25319558-d6a9-48ab-93d2-99e4878a8ffc&ccId=19000101_000001&jobId=9201158393655_1&lang=en_US,,,,,,,not_checked,,2026-09-27,,2026-10-10,,274,startDate,true,0,,,,,,2026-01-09,,false,,,,,,
9200982594188_1,Manufacturing Engineer（1st/2nd/3rd shift）,Fuyao Glass America,,Full time,Posted 283 Days Ago,2025-12-18,296,"Moraine, OH, US",1,"Moraine, OH, US",false,,United States,,0,"I. Job ProfileJob TitleManufacturing EngineerDepartmentProduction Department

Direct SupervisorLead SupervisorDirect SubordinatesNone

II. Job Summary：
Responsible for improving pretreatment product quality, reducing the scrap rate in the pretreatment production process, enhancing output;

III. Job Functions and Duties

NO.Representative Duties

1Production Process Optimization: Analyze and improve production processes to enhance efficiency and reduce waste.

2Equipment Maintenance & Improvement: Support the maintenance and optimization of manufacturing equipment, troubleshoot issues, and improve operational stability.

3Data Collection & Analysis: Gather production data, analyze key performance indicators (KPIs), and provide improvement recommendations.

4Process Improvement: Participate in optimizing and standardizing manufacturing processes to enhance product quality and consistency.

5New Project Implementation Support: Assist the manufacturing team in trial production, testing, and production ramp-up of new products.

6Documentation & Standardization: Help draft and update standard operating procedures (SOPs), process flow charts, and other technical documents.

7Cross-Department Communication: Collaborate with production, quality, and R&D teams to ensure smooth manufacturing operations.

8Safety & Compliance: Adhere to factory safety regulations, support safety improvement projects, and ensure compliance with relevant standards and regulations.

9Other duties as assigned.

10Nothing in the Position Description restricts management's right to assign or re-assign duties and responsibilities to this job at any time.

IⅤ. Qualification

Job RequirementsLanguageLanguages spoken commonly in the workplace are English and/or Mandarin. - Ability to read, understand and comprehend documents such as safety rules, operating and maintenance instructions. Ability to interpret a variety of instructions furnished in written, oral, diagram, or schedule form.
Ability to speak effectively and interact with other team members, engineers, leadership, and customers.

EducationBachelor's or Master's degree in Mechanical Engineering, Industrial Engineering, Manufacturing Engineering, or a related field.

Physical ConditionThe employee is regularly required to stand for long periods.                                                                                             Duties include turning at the waist, reaching, bending, squatting and lifting up to 50 pounds.                                           Ability to pass static strength requirements (grip)
Visual acuity including, but not limited to:
a. NEAR ACUITY - Clarity of vision at 20 inches or less. Use this factor when special and minute accuracy is demanded.
b. FAR ACUITY - Clarity of vision at 20 feet or more. Use this factor when visual efficiency in terms of far acuity is required in day and night/dark conditions.
c. DEPTH PERCEPTION - Three-dimensional vision. Ability to judge distances and spatial relationships so as to see objects where and as they actually are.
d. COLOR VISION - Ability to identify and distinguish colors.
e. FIELD OF VISION - Observing an area that can be seen up and down or to right or left while eyes are fixed on a given point.
The noise level in the work environment is usually moderate. Safety requirements for this position
are safety glasses, hearing protection and steel-toed work boots.

Other RequirementsMATHEMATICAL SKILLS -
Ability to add, subtract, multiply, and divide in all units of measure, using whole numbers, common fractions, and decimals.
REASONING ABILITY - Ability to solve practical problems and deal with a variety of variables.
COMPUTER SKILLS - Knowledge of and familiarity manufacturing software.

Training Required Competent in solving difficult problems in production;

Familiar with production management knowledge and ability;

Competent in leading, communication, coordination, and organizational skills;

Skilled in coating technology, enhancing, and training subordinates;

V. Work Environment:
While performing the duties of this job, the employee is occasionally exposed to extreme heat. The noise level in the work environment is usually moderate. Safety requirements for this position
are safety glasses and steel-toed work boots.

VI. Key Performance Indicators:
Output, Yield, Safety",4351,https://workforcenow.adp.com/mascsr/default/mdf/recruitment/recruitment.html?cid=25319558-d6a9-48ab-93d2-99e4878a8ffc&ccId=19000101_000001&jobId=9200982594188_1&lang=en_US,,,,,,,not_checked,,2026-09-27,,2026-10-10,,296,startDate,true,0,,,,,,2025-12-18,,false,4,67558,67558,68177,subset,Manufacturing Engineer
9201140157008_1,Junior Tooling Engineer - Final Assembly Technology Department,Fuyao Glass America,,Full time,Posted 290 Days Ago,2025-12-11,303,"Dayton, Moraine, OH, US",1,"Dayton, Moraine, OH, US",false,,United States,,0,"I. Job ProfileJob TitleJunior Tooling EngineerDepartmentProcess Department

Direct SupervisorSenior Tooling ManagerDirect SubordinatesNone

II. Job Summary：
Execute tooling/fixtures designs, optimization, and  preventative trouble-shooting in coordinate with product processes; ensure production's stability and efficiency.

III. Job Functions and Duties

NO.Representative Duties

1Initially complete the design, verification, and installation of tooling and fixtures based upon project progress, timeline, and budget; ensure newly developed tooling associated with specific project to be effective;

2Initially complete all tooling/fixture related work instruction drafting, revision, update, and records keeping;

3Responsible for transferring tooling/fixture to production and providing operation training to all associates;

4Responsible for routine tooling/fixture preventative and abrupt maintenance, as well as malfunction data collection, summary and analysis;

5Initially complete the improving current tooling/fixture by optimizing designs, mechanisms or technical specifications; avoid such similar issues encountered in future development projects based on gathered experiences;

6Responsible for research and development of new tooling/fixtures based on current manufacturing process standards to fulfill the needs of increasing production efficiency, reducing quality issues, and reasonably minimizing cost;

7Responsible for installation of standard parts to the tooling/fixtures; programs specific codes controlling the tooling/fixture;

8Responsible for solving technical problems during production; Solve technical difficulty relating to working procedure and keep record;

9Other duties as assigned;

10Nothing in the Position Description restricts management's right to assign or re-assign duties and responsibilities to this job at any time.

IⅤ. Qualification

Job RequirementsLanguageLanguages spoken commonly in the workplace are English and Mandarin. - Ability to read, understand and comprehend documents such as safety rules, operating and maintenance instructions. Ability to interpret a variety of instructions furnished in written, oral, diagram, or schedule form.
Ability to speak effectively and interact with other team members, engineers, leadership and customers.

Experience0~1 years of experience in the related production processes and technologies

EducationBachelor’s degree or above (those with production experience are preferred);

Physical Condition1. Healthy; 2. Adaptive to long-term traveling;

Other RequirementsMATHEMATICAL SKILLS -
Ability to add, subtract, multiply, and divide in all units of measure, using whole numbers, common fractions, and decimals.
REASONING ABILITY - Ability to solve practical problems and deal with a variety of variables.
COMPUTER SKILLS - Knowledge of and familiarity manufacturing software.

Knowledge, Skills & Abilities utilized on the jobProfessional  Knowledge, Skills1. Proficiency in office software such as WORD, EXCEL, PPT and PLEX;
2. Great English;
3. Ability to analyze and solve process difficulties using quality tools

Initially complete the be acquainted with principle of the glass production process;

Initially complete the be acquainted with the IATF16949 quality system;

Initially complete the be acquainted with relevant product standards;

Initially complete the be acquainted with relevant material standards;

Initially complete the be the master of professional skills;

Initially complete the be the master of the methods to analyze or solve problems;

Proficient in three-dimensional software UG, CATIA, and AutoCAD.

Training RequiredIATF16949 auditor certificate;

Training about the five reference books.

A certificate of continuous improvement of the black belt level or above;

Training about innovation methods

raining about project management

V. Work Environment:
While performing the duties of this job, the employee is occasionally exposed to extreme heat. The noise level in the work environment is usually moderate. Safety requirements for this position
are safety glasses and steel-toed work boots.

VI. Key Performance Indicators:
1，Improvement project earnings_1k :50K
2, Labor Productivity: 20
3, Yield Rate: 20
4, Yield Completion Rate_ first 3 months from SOP
5, Shift output Completion Rate_ First 3 months from SOP",4346,https://workforcenow.adp.com/mascsr/default/mdf/recruitment/recruitment.html?cid=25319558-d6a9-48ab-93d2-99e4878a8ffc&ccId=19000101_000001&jobId=9201140157008_1&lang=en_US,,,,,,,not_checked,,2026-09-27,,2026-10-10,,303,startDate,true,0,,,,,,2025-12-11,,false,6,70625,72350,74375,subset,Tooling Engineer
9201140957811_1,Shift Supervisor - Lamination Coating Workshop (3rd Shift),Fuyao Glass America,,Full time,Posted 290 Days Ago,2025-12-11,303,"Moraine, OH, US",1,"Moraine, OH, US",false,,United States,,0,"Job Title: Shift Supervisor

Job Summary：
1. Production safety (proper wear of PPEs)

2. Product quality (yield produced by each shift)

3. Productivity (pieces produced by each shift)

4. Job observation (associates’ skills/wait on the job/defects/on-site conditions/preparations)

5. Training (equipment operation, quality standards, process requirements and information feedback procedure)

6. Emergency issue handling (4M changes, sudden equipment breakdowns, production problems)

Job Functions:

• Conducting pre-shift meeting

• Assembly's process of finished products

• Guidance and leadership to personnel and motivation of Associates to reach

• Create grid whiteboard maintenance and direction to Associates

• Oversight of glass auditing and Plex entry

• Responsible report to Lead supervisor, organize and plan production based on production orders, shift production daily report.

• Fully responsible to shift production quality and cost, manage and control each KPI in order to fulfill the company's requests.

• Implement pre-shift meeting regulation. Report production, quality, work regulation issues.

• Responsible to solve production issues, organize personnel to solve problems.

• Responsible for work coordination, assist financial department and statistic department in plant stock taking and bonus management.

• Supervise the preparation of each position before production, Monitor work regulations, quality, safety. Make sure that operators will work according to 3 operation instructions.

• Implement initial training ,formal training and multi positions training, Implementation evaluation follow-up.

• Collect shift production data, analyze shift production and quality status, report to Lead supervisor.

• Responsible for managing 5 Star kanban and conducting the TPM activity of the workshop.

• Implement 5s and visionary management on-site. Keep safe and clean environment. Keep items in their positions.

• In case of emergency, follow the instructions in emergency plan.

• Responsible for quality document and record management. Manage and supervise equipment and tools in the plant.

• Double check the accuracy of production report preparation and import to system. Make sure the responsible warehouse materials quantities match system record.

• Identify workplace environment factor, hazard resource and control method.

• Strictly implement the regulations of comprehensive management system (Complete Daily Safety checklist).

• Other duties as assigned

• Nothing in the Position Description restricts management's right to assign or re-assign duties and responsibilities to this job at any time

Qualifications:

• Languages spoken commonly in the workplace are English and Mandarin. Ability to read, understand and comprehend documents such as safety rules, operating and maintenance instructions. Ability to interpret a variety of instructions furnished in written, oral, diagram, or schedule form

• Ability to speak effectively and interact with other team members, engineers, leadership and customers

• 1 to 3 years manufacturing experience and /or training; or equivalent combination of education and experience preferred

• High School Diploma or General Education Degree (GED)

• The employee is regularly required to stand for long periods. Duties include turning at the waist, reaching, bending, squatting and lifting up to 50 pounds

• Ability to pass static strength requirements (grip)

• Clarity of vision at 20 inches or less. Use this factor when special and minute accuracy is demanded

• Clarity of vision at 20 feet or more. Use this factor when visual efficiency in terms of far acuity is required in day and night/dark conditions

• Three-dimensional vision. Ability to judge distances and spatial relationships so as to see objects where and as they actually are

•  Ability to identify and distinguish colors

• Observing an area that can be seen up and down or to right or left while eyes are fixed on a given point.

• The noise level in the work environment is usually moderate

• Safety requirements for this position are safety glasses, hearing protection and steel-toed work boots

• Ability to add, subtract, multiply, and divide in all units of measure, using whole numbers, common fractions, and decimals

• Ability to solve practical problems and deal with a variety of variables

• Knowledge of and familiarity manufacturing software

• FORKLIFT OPERATION (Certification Required)

• Operates forklifts, as needed, to support Production

• Background and policy of company, Processing of produce, safety requirement, and any necessary knowledge

• Knowledge of 5S and how it applies to specific work area

• Equipment and electric appliance's mechanical structures and operating principles

• Remember and understand <Material and Safety of processing menu book>

• Self working 90 days

• Familiar with operation 60 days

• Being a trainer 180 days

• Give advises 180 days

Must be 18 years of age or older.

Fuyao Glass America Inc., Core Foundation Competencies including Ethics, Integrity, Values & Trust. Fuyao Glass America Inc. is An Equal Opportunity/Affirmative Action Employer. All qualified applicants will receive consideration for employment without regard to race, color, religion, sex, national origin, disability or protected veteran status.

Fuyao Glass America, Inc. is a Drug-Free Workplace.",5397,https://workforcenow.adp.com/mascsr/default/mdf/recruitment/recruitment.html?cid=25319558-d6a9-48ab-93d2-99e4878a8ffc&ccId=19000101_000001&jobId=9201140957811_1&lang=en_US,,,,,,,not_checked,,2026-09-27,,2026-10-10,,303,startDate,true,0,,,,,,2025-12-11,,false,,,,,,
9201133098552_1,Manufacturing Engineer - Coating Preassembly (Coating Workshop),Fuyao Glass America,,Full time,Posted 292 Days Ago,2025-12-09,305,"Moraine, OH, US",1,"Moraine, OH, US",false,,United States,,0,"I. Job ProfileJob TitleManufacturing EngineerDepartmentCoating Preassembly

Direct SupervisorLead SupervisorDirect SubordinatesNone

II. Job Summary：
Responsible for improving pretreatment product quality, reducing the scrap rate in the pretreatment production process, enhancing output;

III. Job Functions and Duties

NO.Representative Duties

1Analyze and improve manufacturing processes to increase efficiency and reduce waste.

2Develop, implement, and optimize production workflows, layouts, and standard work.

3Support new equipment installation and lead process validation.

4Collaborate with Quality, Maintenance, and Production teams to resolve issues.

5Monitor and report on key performance indicators (KPIs) such as cycle time, yield, and downtime.

6Support the launch of new automotive glass products and ensure smooth transition into mass production.

7Implement Lean Manufacturing and continuous improvement initiatives (e.g., Kaizen, 5S, Six Sigma).

8Other duties as assigned.

9Nothing in the Position Description restricts management's right to assign or re-assign duties and responsibilities to this job at any time.

IⅤ. Qualification

Job RequirementsLanguageLanguages spoken commonly in the workplace are English and/or Mandarin. - Ability to read, understand and comprehend documents such as safety rules, operating and maintenance instructions. Ability to interpret a variety of instructions furnished in written, oral, diagram, or schedule form.
Ability to speak effectively and interact with other team members, engineers, leadership, and customers.

EducationBachelor's or Master's degree in Mechanical Engineering, Industrial Engineering, Manufacturing Engineering, or a related field.

Physical ConditionThe employee is regularly required to stand for long periods. Duties include turning at the waist, reaching, bending, squatting and lifting up to 50 pounds. Ability to pass static strength requirements (grip). The noise level in the work environment is usually moderate. Safety requirements for this position are safety glasses, hearing protection and steel-toed work boots. Visual acuity including, but not limited to:
a. NEAR ACUITY - Clarity of vision at 20 inches or less. Use this factor when special and minute accuracy is demanded.
b. FAR ACUITY - Clarity of vision at 20 feet or more. Use this factor when visual efficiency in terms of far acuity is required in day and night/dark conditions.
c. DEPTH PERCEPTION - Three-dimensional vision. Ability to judge distances and spatial relationships so as to see objects where and as they actually are.
d. COLOR VISION - Ability to identify and distinguish colors.
e. FIELD OF VISION - Observing an area that can be seen up and down or to right or left while eyes are fixed on a given point.

Other Requirements MATHEMATICAL SKILLS - Ability to add, subtract, multiply, and divide in all units of measure, using whole numbers, common fractions, and decimals.
REASONING ABILITY - Ability to solve practical problems and deal with a variety of variables.
COMPUTER SKILLS - Knowledge of and familiarity manufacturing software.

Training Required Competent in solving difficult problems in production;

Familiar with production management knowledge and ability;

Competent in leading, communication, coordination, and organizational skills;

Skilled in coating technology, enhancing, and training subordinates;

V. Work Environment:
While performing the duties of this job, the employee is occasionally exposed to extreme heat. The noise level in the work environment is usually moderate. Safety requirements for this position are safety glasses and steel-toed work boots.

VI. Key Performance Indicators:
Output, Yield, Safety",3712,https://workforcenow.adp.com/mascsr/default/mdf/recruitment/recruitment.html?cid=25319558-d6a9-48ab-93d2-99e4878a8ffc&ccId=19000101_000001&jobId=9201133098552_1&lang=en_US,,,,,,,not_checked,,2026-09-27,,2026-10-10,,305,startDate,true,0,,,,,,2025-12-09,,false,4,67558,67558,68177,subset,Manufacturing Engineer
9201137043413_1,Technical Supervisor - Coating Semi-Tempering Lamination,Fuyao Glass America,,Full time,Posted 298 Days Ago,2025-12-03,311,"Moraine, OH, US",1,"Moraine, OH, US",false,,United States,,0,"Job Title: Technical Supervisor

Job Functions:

• Conducting pre-shift meeting

• Assembly's process of finished products

• Deployment of personnel on lines

• Guidance and leadership to personnel and motivation of Associates to reach

• Basic proficiency of every position on the line

• Other duties as assigned

• Nothing in the Position Description restricts management's right to assign or re-assign duties and responsibilities to this job at any time

For Fuyao Group South Carolina:

• Assist the manager with the plant's paperwork, logistics, and customer service on an as needed basis

• Shipping& Receiving
• Knowledge of Fuyao products and PLEX system
• Knowledge of shipping and receiving process
• Communication with FGA planners and customers
• Directing forklift drivers

• Training
•Production work instruction knowledge
• Knowledge of human resources and attendance system
•Train new employees to follow work instructions

• Inventory
• Daily confirmation of empty BMW racks delivered
• Monthly empty rack inventory
• Monthly material inventory
• Maintenance of material warehouse product

• Customer service
• Communications with customers via email, phone, in person about meetings, audits, shipping/receiving, racks, carriers
• Trips to BMW, Volvo, Inalfa

• Human Resources
• Communicating employee issues/concerns to FGA HR
• Assisting Dayton HR with employee information, paperwork, communications

• Invoices
• Knowledge of all FGA services
• Knowledge of billing methods
• Communications with FGA accounting
• Organization to avoid late payments

• Communicating with 3rd Party Services
• Communicating with contractors about work that needs to be done in the facility i.e. lawn care, fire extinguisher examinations, water testing
• Connecting contractors to FGA

• Bookkeeping
• Organization of all shipping and receiving paperwork, invoices, employee information etc.

• Cleaning
• Sometimes bathrooms, break room, and conference room need cleaning
• Done on an as needed basis

• Other duties as assigned

• Nothing in the Position Description restricts management's right to assign or re-assign duties and responsibilities to this job at any time

Qualifications:

• Languages spoken commonly in the workplace are English and Mandarin. - Ability to read, understand and comprehend documents such as safety rules, operating and maintenance instructions. Ability to interpret a variety of instructions furnished in written, oral, diagram, or schedule form.

• Ability to speak effectively and interact with other team members, engineers, leadership and customers.

• 1 to 3 years manufacturing experience and /or training; or equivalent combination of education and experience preferred.

• High School Diploma or General Education Degree (GED)

• The employee is regularly required o stand for long periods.

• Duties include turning at the waist, reaching, bending, squatting and lifting up to 50 pounds.

• Ability to pass static strength requirements (grip)

• Visual acuity including, but not limited to:

• a. NEAR ACUITY - Clarity of vision at 20 inches or less. Use this factor when special and minute accuracy is demanded.

• b. FAR ACUITY - Clarity of vision at 20 feet or more. Use this factor when visual efficiency in terms of far acuity is required in day and night/dark conditions.

• c. DEPTH PERCEPTION - Three-dimensional vision. Ability to judge distances and spatial relationships so as to see objects where and as they actually are.

• d. COLOR VISION - Ability to identify and distinguish colors.

• e. FIELD OF VISION - Observing an area that can be seen up and down or to right or left while eyes are fixed on a given point.

•  The noise level in the work environment is usually moderate. Safety requirements for this position

• are safety glasses, hearing protection and steel-toed work boots

• ""MATHEMATICAL SKILLS -

• Ability to add, subtract, multiply, and divide in all units of measure, using whole numbers, common fractions, and decimals.

• REASONING ABILITY - Ability to solve practical problems and deal with a variety of  variables.

• COMPUTER SKILLS - Knowledge of and familiarity manufacturing software.

• FORKLIFT OPERATION (Certification Required) - Operates forklifts, as needed, to support Production.""

• Background and policy of company, Processing of produce, safety requirement, and any necessary knowledge.

• Wearing of workshop personal protective equipment

• Function of the emergency stop switch

• Remember and understand <Material and Safety of processing menu book>

• Self working 90 days

• Familiar with operation 60 days

• Being a trainer 180 days

• Give advises 180 days

• Powered Industrial Truck Certification. Propane, Gas, or Stand up if applicable & Forklift Train the Trainer Certified

Work Environment:

• While performing the duties of this job, the employee is occasionally exposed to extreme heat. The noise level in the work environment is usually moderate. Safety requirements for this position are safety glasses and steel-toed work boots.",5050,https://workforcenow.adp.com/mascsr/default/mdf/recruitment/recruitment.html?cid=25319558-d6a9-48ab-93d2-99e4878a8ffc&ccId=19000101_000001&jobId=9201137043413_1&lang=en_US,,,,,,,not_checked,,2026-09-27,,2026-10-10,,311,startDate,true,0,,,,,,2025-12-03,,false,,,,,,
9201128663497_1,Shift Supervisor - Lamination Assembly Dept,Fuyao Glass America,,Full time,Posted 312 Days Ago,2025-11-19,325,"Moraine, OH, US",1,"Moraine, OH, US",false,,United States,,0,"Job Title: Shift Supervisor

Job Summary：
1. Production safety (proper wear of PPEs)

2. Product quality (yield produced by each shift)

3. Productivity (pieces produced by each shift)

4. Job observation (associates’ skills/wait on the job/defects/on-site conditions/preparations)

5. Training (equipment operation, quality standards, process requirements and information feedback procedure)

6. Emergency issue handling (4M changes, sudden equipment breakdowns, production problems)

Job Functions:

• Conducting pre-shift meeting

• Assembly's process of finished products

• Guidance and leadership to personnel and motivation of Associates to reach

• Create grid whiteboard maintenance and direction to Associates

• Oversight of glass auditing and Plex entry

• Responsible report to Lead supervisor, organize and plan production based on production orders, shift production daily report.

• Fully responsible to shift production quality and cost, manage and control each KPI in order to fulfill the company's requests.

• Implement pre-shift meeting regulation. Report production, quality, work regulation issues.

• Responsible to solve production issues, organize personnel to solve problems.

• Responsible for work coordination, assist financial department and statistic department in plant stock taking and bonus management.

• Supervise the preparation of each position before production, Monitor work regulations, quality, safety. Make sure that operators will work according to 3 operation instructions.

• Implement initial training ,formal training and multi positions training, Implementation evaluation follow-up.

• Collect shift production data, analyze shift production and quality status, report to Lead supervisor.

• .Responsible for managing 5 Star Kanban and conducting the TPM activity of the workshop

• Implement 5s and visionary management on-site. Keep safe and clean environment. Keep items in their positions.

• In case of emergency, follow the instructions in emergency plan.

• Responsible for quality document and record management. Manage and supervise equipment and tools in the plant.

• Double check the accuracy of production report preparation and import to system. Make sure the responsible warehouse materials quantities match system record.

• Identify workplace environment factor, hazard resource and control method.

• Strictly implement the regulations of comprehensive management system(Complete Daily Safety checklist).

• Take care of sorting and storage of own waste.

• Assist other matters.

• Other duties as assigned

• Nothing in the Position Description restricts management's right to assign or re-assign duties and responsibilities to this job at any time

Qualifications:

• Languages spoken commonly in the workplace are English and Mandarin. Ability to read, understand and comprehend documents such as safety rules, operating and maintenance instructions. Ability to interpret a variety of instructions furnished in written, oral, diagram, or schedule form

• Ability to speak effectively and interact with other team members, engineers, leadership and customers

• 1 to 3 years manufacturing experience and /or training; or equivalent combination of education and experience preferred

• High School Diploma or General Education Degree (GED)

• The employee is regularly required to stand for long periods. Duties include turning at the waist, reaching, bending, squatting and lifting up to 50 pounds

• Ability to pass static strength requirements (grip)

• Clarity of vision at 20 inches or less. Use this factor when special and minute accuracy is demanded

• Clarity of vision at 20 feet or more. Use this factor when visual efficiency in terms of far acuity is required in day and night/dark conditions

• Three-dimensional vision. Ability to judge distances and spatial relationships so as to see objects where and as they actually are

•  Ability to identify and distinguish colors

• Observing an area that can be seen up and down or to right or left while eyes are fixed on a given point.

• The noise level in the work environment is usually moderate

• Safety requirements for this position are safety glasses, hearing protection and steel-toed work boots

• Ability to add, subtract, multiply, and divide in all units of measure, using whole numbers, common fractions, and decimals

• Ability to solve practical problems and deal with a variety of variables

• Knowledge of and familiarity manufacturing software

• FORKLIFT OPERATION (Certification Required)

• Operates forklifts, as needed, to support Production

• Background and policy of company, Processing of produce, safety requirement, and any necessary knowledge

• Knowledge of 5S and how it applies to specific work area

• Equipment and electric appliance's mechanical structures and operating principles

• Remember and understand <Material and Safety of processing menu book>

• Self working 90 days

• Familiar with operation 60 days

• Being a trainer 180 days

• Give advises 180 days

This is a 2nd Shift position",5064,https://workforcenow.adp.com/mascsr/default/mdf/recruitment/recruitment.html?cid=25319558-d6a9-48ab-93d2-99e4878a8ffc&ccId=19000101_000001&jobId=9201128663497_1&lang=en_US,,,,,,,not_checked,,2026-09-27,,2026-10-10,,325,startDate,true,0,,,,,,2025-11-19,,false,,,,,,
9201108266532_1,Process Technician,Fuyao Glass America,,Full time,Posted 318 Days Ago,2025-11-13,331,"Plymouth, MI, US",1,"Plymouth, MI, US",false,,United States,,0,"About Fuyao

Fuyao Automotive North America Incorporated (FANA) is in the general warehousing and glass manufacturing industry in Plymouth MI. We provide automotive glass for the North America market and currently have glass manufacturing relationships with some of the top automotive manufacturers in North America including GM, Honda, Chrysler, Kia, BMW and Hyundai. We operate several production lines for a variety of vehicle models from each of these automotive manufacturers.

Our Parent Company

Fuyao Glass Industry Group Co. Ltd. (FYG) is a leading international manufacturer of automotive and industrial glass located in the People's Republic of China. The company has been listed on the Shanghai Stock Exchange since 1993 and employs more than 8,000 people in China, Hong Kong, Europe, Australia, Russia and the United States. Being the largest automotive glass supplier in China, FYG controls over 60% share of Chinese OEM market and over 30% share of Chinese replacement market. Fuyao customers in China are some of the leading automotive manufacturers in the world including GM, Ford, Honda, Toyota, Audi, Volkswagen, Citroen, and Mercedes-Benz to name a few.

JOB DESCRIPTION

Summary/Objective
The Process Technician position is responsible for ensuring smooth running processes with minimum amount of downtime for process related issues.

Essential Functions

• Meets and Monitors daily schedules, providing root causes and corrective actions for any unscheduled downtime and or missed production opportunities.

• Monitors all scrap produced that affect efficiencies and daily outputs

• Evaluate functionality and reliability of facility systems and associated equipment by conferring with departments, identifying problems and requirements.

• Maintains 5s standards across all shifts holding each line accountable for 5s compliance.

• Improves function and reliability of facility systems and associated equipment by studying performance results; identifying, recommending and implementing changes, expansions, and additions as it pertains to the current production lines.

• Maintains safe and healthy work environment by following standards and procedures; complying with legal codes and regulations.

• Updates job knowledge by participating in educational opportunities; technical publications.

• Attends daily meeting with supervisors to go over efficiencies, scrap, and people related issues and reports findings to the team.

• Conducts training for new hires to help guide them to the next level.

Competencies

• Basic knowledge of injection molding processes and machine functions

• Problem Solving/Analysis.

• Project Management.

• Communication Proficiency.

• Ethical Conduct.

• Time Management

• Injection Molding experience min 1-3 years

• Production  planning and troubleshooting experience

• Technical leadership and understanding

• Minimum 3 years automotive experience required

Supervisory Responsibility

This position has no direct supervisory responsibilities.

Work Environment

This job operates between manufacturing and office environment. This role routinely uses standard office equipment such as computers, phones, photocopiers, filing cabinets and fax machines as well as interfacing with the operation of machinery on the floor.

Physical Demands

The physical demands described here are representative of those that must be met by an employee to successfully perform the essential functions of this job. This position may require:

• Will require frequent standing and use of hands and arms

• Must be able to lift up to 30 pounds and frequently bend and twist from the waist

Frequently required to use hand and finger motions, handle or feel objects, reach with hands

Position Type/Expected Hours of Work
This is a full-time position. Days and hours of work are Monday through Friday, occasional evening and weekend work may be required as job duties demand.

Travel

Sometimes travel to our external trainer may be required.

Required Education and Experience

• Basic mechanical aptitude and manufacturing plant experience.

Preferred Education and Experience

• 3 years’ maintenance experience, understanding of injection molding machine systems and processing, basics robotics experience including program touch ups.

Other Duties

Please note this job description is not designed to cover or contain a comprehensive listing of activities, duties or responsibilities that are required of the employee for this job. Duties, responsibilities and activities may change at any time with or without notice.

Please Note:
We kindly ask that applicants do not visit our office in person to submit applications or inquire about the position. All applications must be submitted online through the designated platform.

Due to the volume of applications, we will only contact candidates whose qualifications closely match the requirements of the role. We appreciate your understanding.

Fuyao Automotive North America, Inc., Core Foundation Competencies including Ethics, Integrity, Values & Trust. Fuyao Automotive North America, Inc. is An Equal Opportunity/Affirmative Action Employer. All qualified applicants will receive consideration for employment without regard to race, color, religion, sex, national origin, disability or protected veteran status.

Fuyao Automotive North America, Inc is a Drug-Free Workplace.",5382,https://workforcenow.adp.com/mascsr/default/mdf/recruitment/recruitment.html?cid=25319558-d6a9-48ab-93d2-99e4878a8ffc&ccId=19000101_000001&jobId=9201108266532_1&lang=en_US,,,,,,,not_checked,,2026-09-27,,2026-10-10,,331,startDate,true,0,,,,,,2025-11-13,,false,,,,,,
9201065523691_1,Utility Technician (3rd Shift),Fuyao Glass America,,Full time,Posted 319 Days Ago,2025-11-12,332,"Moraine, OH, US",1,"Moraine, OH, US",false,,United States,,0,"Job Title: Utility Technician (Air Supply, Air Conditioning Facilities

Job Summary: Ensure plant water supply and fire sprinkler facilities operate properly and assist Utilities Maintenance Manager in other tasks

Job Functions:

To ensure that the company compressed air, gas equipment normal operation.

Daily check the air supply facilities and make a record.

Responsible for routine maintenance and sudden/emergency failures troubleshooting of gas supply facilities, and make a record.

Responsible for the analysis of sudden/emergency failures, and propose solutions.

Responsible for monthly maintenance plan and PM plan and implementation according to the operation of the gas supply system and spot checking inspection

Responsible for the preparation of spare parts for gas supply equipment spare parts and spare parts reserve plan, and updated monthly.

Responsible for the installation, debugging, acceptance and training of new equipment and air hose.

Responsible for the statistics of gas charges, real-time monitor the gas use of the factory, and calculate the cost of gas.

Responsible for technical improvement of gas supply facilities.

Responsible for the management of special equipment and pressure vessels

Responsible for the maintenance and management of central air conditioning systems and chilled water systems and spare parts

Responsible for each gas station and spare parts 5S management

Responsible for the maintenance and management of the company's logistics doors and access control systems

Responsible for the maintenance and management of the company pager system.

Other duties as assigned

Nothing in the Position Description restricts management's right to assign or re-assign duties and responsibilities to this job at any time

Qualifications:

Languages spoken commonly in the workplace are English and Mandarin. - Ability to read, understand and comprehend documents such as safety rules, operating and maintenance instructions. Ability to interpret a variety of instructions furnished in written, oral, diagram, or schedule form.
Ability to speak effectively and interact with other team members, engineers, leadership and customers.

Over three years manufacturing experience and /or training; or equivalent combination of education and experience preferred.
Licensed welder is required.

High School Diploma or General Education Degree (GED)

The employee is regularly required o stand for long periods.                                                                                       Duties include turning at the waist, reaching, bending, squatting and lifting up to 50 pounds.                                      Ability to pass static strength requirements (grip)
Visual acuity including, but not limited to:
a. NEAR ACUITY - Clarity of vision at 20 inches or less. Use this factor when special and minute accuracy is demanded.
b. FAR ACUITY - Clarity of vision at 20 feet or more. Use this factor when visual efficiency in terms of far acuity is required in day and night/dark conditions.
c. DEPTH PERCEPTION - Three-dimensional vision. Ability to judge distances and spatial relationships so as to see objects where and as they actually are.
d. COLOR VISION - Ability to identify and distinguish colors.
e. FIELD OF VISION - Observing an area that can be seen up and down or to right or left while eyes are fixed on a given point.
The noise level in the work environment is usually moderate. Safety requirements for this position
are safety glasses, hearing protection and steel-toed work boots.

MATHEMATICAL SKILLS -
Ability to add, subtract, multiply, and divide in all units of measure, using whole numbers, common fractions, and decimals.
REASONING ABILITY - Ability to solve practical problems and deal with a variety of variables.
COMPUTER SKILLS - Knowledge of and familiarity manufacturing software.
Can accept overtime during weekend and emergency fixing after work

Own the ability to connect PVC pipe/ carbon steel pipe/galvanized pipe.

Be able to operate lifts and forklifts.

Familiar with office software WORD, EXCEL, CAD;

Familiar with electric and mechanical knowledge;

Design/installation of utilities in the factory;

Training regarding machinery, electrics, equipment management, HVAC and safety training.

3rd Shift (10:30pm - 7:00am)
Must be 18 years of age or older.
Fuyao Glass America Inc., Core Foundation Competencies including Ethics, Integrity, Values & Trust. Fuyao Glass America Inc. is An Equal Opportunity/Affirmative Action Employer. All qualified applicants will receive consideration for employment without regard to race, color, religion, sex, national origin, disability or protected veteran status.
Fuyao Glass America, Inc. is a Drug-Free Workplace.",4754,https://workforcenow.adp.com/mascsr/default/mdf/recruitment/recruitment.html?cid=25319558-d6a9-48ab-93d2-99e4878a8ffc&ccId=19000101_000001&jobId=9201065523691_1&lang=en_US,,,,,,,not_checked,,2026-09-27,,2026-10-10,,332,startDate,true,0,,,,,,2025-11-12,,false,,,,,,
9201124512118_1,Automation Engineer,Fuyao Glass America,,Full time,Posted 321 Days Ago,2025-11-10,334,"Plymouth, MI, US",1,"Plymouth, MI, US",false,,United States,,0,"Summary / Objective

The Automation Engineer is responsible for designing, implementing, and optimizing automated systems in the glass automotive manufacturing plant. This role ensures the efficient operation of automated equipment, troubleshoots technical issues, and enhances process reliability. The Automation Engineer works closely with production, maintenance, and IT teams to improve manufacturing efficiency and product quality through advanced automation solutions.

ESSENTIAL DUTIES AND RESPONSIBILITIES include the following. Other duties may be assigned.

• Support specifying HMI/software features and manufacturing equipment

• Testing, start-up, debugging, and trouble shooting

• Support upgrading current assembly lines, machinery, jigs, fixtures to improve

• Process control (error proofing)

• User-friendliness on Human Machine Interface and self-diagnostics

• Data-collection

• Start-up/setting instructions

• Enhance knowledge of electronics/control systems etc. within IRS/USA

• The control engineer will be the specialist for electronics/PLC and robot software

• Quality lead-time and cost control for each task assigned

• Programming, debugging and startup of new automated assembly machinery, robots and Human-Machine-Interfaces

• Write/change documentation for start-up/setting calibration of machinery

• Continuous improvement actions (Kaizen) to optimize processes of the current machinery park by improving Human-Machine-Interface, adding error proofing, vision, and debugging. This is needed reduce WIP, down time, wasteful scrap and rework.

• Communication with internal functions, suppliers, and the customer

• Skill at Allen Brandely PLC preferred

• Skill at KUKA Robot  preferred

Supervisory Responsibilities

None at this time

Qualifications

To perform this job successfully, an individual must be able to perform each essential duty satisfactorily. The requirements listed below are representative of the knowledge, skill, and/or ability required. Reasonable accommodations may be made to enable individuals with disabilities to perform the essential functions.

• Must have worked successfully in several automation projects for the manufacturing industry (automotive and robot projects preferred).

• Good analyzing skills for trouble shooting and for solving technical problems.

• Must have sound knowledge of automation techniques, machine control systems, programmable logic controllers, pneumatics and computer programming.

• Preferred knowledge about (M) OSHA electrical/electronics requirements and automotive EMC requirements.

• Good communication skills, both written and oral.

• Able to work on several issues simultaneous; able to set-up a good planning for projects/running operations; can work under pressure.

Education And/Or Experience

• Bachelor of Science or Engineering in an Electrical/Automated Manufacturing Engineering or related engineering field.

• 3 years of automotive industry maintenance experience and hands-on experienc preferred.

• Bilingual proficiency in English and Mandarin required.

Work Environment

• The role involves working in both office and manufacturing environments.

• Frequent interaction with production, maintenance, and engineering teams.

• Exposure to factory floor conditions, including noise, heat, and moving machinery.

• Must be 18 years or older

Physical Demands

• Frequent walking and standing in a manufacturing environment.

• Ability to work on ladders, lift equipment, and access confined spaces.

• Occasional lifting of equipment up to 50 lbs.

Position Type/Expected Hours of Work

• Full-time position.

• Standard business hours with potential overtime for project deadlines.

• Occasional on-call support for automation system issues.

Travel

Minimal travel required, with occasional trips for training or supplier visits.

Other Duties:

Please note this job description is not designed to cover or contain a comprehensive listing of activities, duties, or responsibilities that are required of the employee for this job. Duties, responsibilities, and activities may change at any time with or without notice.

Please Note:

We kindly ask that applicants do not visit our office in person to submit applications or inquire about the position. All applications must be submitted online through the designated platform.

Due to the volume of applications, we will only contact candidates whose qualifications closely match the requirements of the role. We appreciate your understanding.

Fuyao Automotive North America, Inc., Core Foundation Competencies including Ethics, Integrity, Values & Trust. Fuyao Automotive North America, Inc. is An Equal Opportunity/Affirmative Action Employer. All qualified applicants will receive consideration for employment without regard to race, color, religion, sex, national origin, disability or protected veteran status.

Fuyao Automotive North America, Inc is a Drug-Free Workplace.",4955,https://workforcenow.adp.com/mascsr/default/mdf/recruitment/recruitment.html?cid=25319558-d6a9-48ab-93d2-99e4878a8ffc&ccId=19000101_000001&jobId=9201124512118_1&lang=en_US,,,,,,,not_checked,,2026-09-27,,2026-10-10,,334,startDate,true,0,,,,,,2025-11-10,,false,,,,,,
9201116029916_1,Shift Supervisor (2nd Shift) - Coating Lamination Coating,Fuyao Glass America,,Full time,Posted 335 Days Ago,2025-10-27,348,"Moraine, OH, US",1,"Moraine, OH, US",false,,United States,,0,"Job Title: Shift Supervisor

Job Summary：
1. Production safety (proper wear of PPEs)

2. Product quality (yield produced by each shift)

3. Productivity (pieces produced by each shift)

4. Job observation (associates’ skills/wait on the job/defects/on-site conditions/preparations)

5. Training (equipment operation, quality standards, process requirements and information feedback procedure)

6. Emergency issue handling (4M changes, sudden equipment breakdowns, production problems)

Job Functions:

• Conducting pre-shift meeting

• Assembly's process of finished products

• Guidance and leadership to personnel and motivation of Associates to reach

• Create grid whiteboard maintenance and direction to Associates

• Oversight of glass auditing and Plex entry

• Other duties as assigned

• Nothing in the Position Description restricts management's right to assign or re-assign duties and responsibilities to this job at any time

Qualifications:

• Languages spoken commonly in the workplace are English and Mandarin. Ability to read, understand and comprehend documents such as safety rules, operating and maintenance instructions. Ability to interpret a variety of instructions furnished in written, oral, diagram, or schedule form

• Ability to speak effectively and interact with other team members, engineers, leadership and customers

• 1 to 3 years manufacturing experience and /or training; or equivalent combination of education and experience preferred

• High School Diploma or General Education Degree (GED)

• The employee is regularly required to stand for long periods. Duties include turning at the waist, reaching, bending, squatting and lifting up to 50 pounds

• Ability to pass static strength requirements (grip)

• Clarity of vision at 20 inches or less. Use this factor when special and minute accuracy is demanded

• Clarity of vision at 20 feet or more. Use this factor when visual efficiency in terms of far acuity is required in day and night/dark conditions

• Three-dimensional vision. Ability to judge distances and spatial relationships so as to see objects where and as they actually are

•  Ability to identify and distinguish colors

• Observing an area that can be seen up and down or to right or left while eyes are fixed on a given point.

• The noise level in the work environment is usually moderate

• Safety requirements for this position are safety glasses, hearing protection and steel-toed work boots

• Ability to add, subtract, multiply, and divide in all units of measure, using whole numbers, common fractions, and decimals

• Ability to solve practical problems and deal with a variety of variables

• Knowledge of and familiarity manufacturing software

• FORKLIFT OPERATION (Certification Required)

• Operates forklifts, as needed, to support Production

• Background and policy of company, Processing of produce, safety requirement, and any necessary knowledge

• Knowledge of 5S and how it applies to specific work area

• Equipment and electric appliance's mechanical structures and operating principles

• Remember and understand <Material and Safety of processing menu book>

• Self working 90 days

• Familiar with operation 60 days

• Being a trainer 180 days

• Give advises 180 days

Responsible report to Lead supervisor,orgnize and plan production based on production orders, shift production daily report.

Fully responsible to shift production quality and cost, manage and control each KPI in order to fulfill the company's requests.

Implement pre-shift meeting regulation. Report production, quality, work regulation issues.

Responsible to solve production issues,orgnize personnel to solve problems.

Responsible for work coordination,assist finacial department and statistic department in plant stock taking and bonus management.

Supervise the preparation of each position before production, Monitor work regulations,q uality,safety.Make sure that operators will work according to 3 operation instructions.

Implement initial training ,formal training and multi positions training, Implementation evaluation follow-up.

Collect shift production data,analyze shift production and quality status, report to Lead supervisor.

.Responsible for managing 5 Star kanban and conducting the TPM activity of the workshop

Implement 5s and visionary management on-site.Keep safe and clean environment. Keep items in their positions.

In case of emergency,follow the instructions in emergency plan.

Responsible for quality document and record management. Manage and supervise equipment and tools in the plant.

Double check the accuracy of production report preparation and import to system.Make sure the responsible warehouse materials quantities match system record.

Identify workplace environment factor, hazard resource and control method.

Strictly implement the regulations of comprehensive management system(Complete Daily Safety checklist).

Take care of sorting and storage of own waste.

Assist other matters.

Other duties as assigned

Nothing in the Position Description restricts management's right to assign or re-assign duties and responsibilities to this job at any time",5155,https://workforcenow.adp.com/mascsr/default/mdf/recruitment/recruitment.html?cid=25319558-d6a9-48ab-93d2-99e4878a8ffc&ccId=19000101_000001&jobId=9201116029916_1&lang=en_US,,,,,,,not_checked,,2026-09-27,,2026-10-10,,348,startDate,true,0,,,,,,2025-10-27,,false,,,,,,
9201113800126_1,TOOLING ENGINEER,Fuyao Glass America,,Full time,Posted 341 Days Ago,2025-10-21,354,"Moraine, OH, US",1,"Moraine, OH, US",false,,United States,,0,"About the Role:

As a Tooling Engineer, you will play a critical role in designing, developing, and maintaining the tools and equipment necessary for efficient manufacturing processes. Your work will directly impact product quality, production efficiency, and cost-effectiveness by ensuring that tooling solutions meet stringent specifications and operational requirements. You will collaborate closely with cross-functional teams including design, manufacturing, and quality assurance to optimize tooling designs and resolve any issues that arise during production. This role requires a strong focus on innovation and continuous improvement to support evolving product lines and manufacturing technologies. Ultimately, your expertise will help drive the successful delivery of high-quality products while minimizing downtime and tooling-related costs.

Minimum Qualifications:

• Bachelor's degree in Mechanical Engineering, Manufacturing Engineering, or a related field.

• Proficiency in CAD software such as SolidWorks, AutoCAD, or CATIA for tooling design.

• Strong understanding of manufacturing processes including machining, stamping, injection molding, or casting.

• Experience with GD&T (Geometric Dimensioning and Tolerancing) and engineering drawings.

Preferred Qualifications:

• Master’s degree in Engineering or related discipline.

• Experience with PLM (Product Lifecycle Management) software and ERP systems.

• Knowledge of automation and robotics integration in tooling design.

• Six Sigma or Lean Manufacturing certification.

• Previous experience working in automotive, aerospace, or heavy machinery industries.

Responsibilities:

• Design and develop tooling solutions including jigs, fixtures, dies, molds, and gauges to support manufacturing processes.

• Collaborate with product design and manufacturing teams to ensure tooling designs meet functional and quality requirements.

• Conduct feasibility studies and cost analyses to optimize tooling designs for manufacturability and efficiency.

• Oversee the fabrication, testing, and validation of tooling to ensure compliance with specifications and performance standards.

• Troubleshoot and resolve tooling issues during production to minimize downtime and maintain product quality.

• Maintain detailed documentation of tooling designs, modifications, and maintenance activities.

• Implement continuous improvement initiatives to enhance tooling performance and reduce manufacturing costs.

• Coordinate with suppliers and vendors for tooling procurement and maintenance services.

Skills:

The required skills such as CAD proficiency and knowledge of manufacturing processes are essential for creating precise and functional tooling designs that meet production needs. Strong analytical and problem-solving skills enable the engineer to troubleshoot tooling issues quickly and implement effective solutions to minimize production delays. Communication and collaboration skills are vital for working with cross-functional teams and suppliers to ensure tooling aligns with product and process requirements. Preferred skills like experience with PLM software and Lean methodologies support continuous improvement efforts and efficient management of tooling assets. Additionally, familiarity with automation technologies allows the engineer to design tooling that integrates seamlessly with modern manufacturing systems, enhancing overall productivity.

Languages:

English,proficiency in Mandarin is a plus.",3493,https://workforcenow.adp.com/mascsr/default/mdf/recruitment/recruitment.html?cid=25319558-d6a9-48ab-93d2-99e4878a8ffc&ccId=19000101_000001&jobId=9201113800126_1&lang=en_US,,,,,,,not_checked,,2026-09-27,,2026-10-10,,354,startDate,true,0,,,,,,2025-10-21,,false,6,70625,72350,74375,title,Tooling Engineer
9201099440676_1,Shift Supervisor - Lamination Connection 1,Fuyao Glass America,,Full time,Posted 342 Days Ago,2025-10-20,355,"Moraine, OH, US",1,"Moraine, OH, US",false,,United States,,0,"Job Title: Shift Supervisor

Job Summary：
1. Production safety (proper wear of PPEs)

2. Product quality (yield produced by each shift)

3. Productivity (pieces produced by each shift)

4. Job observation (associates’ skills/wait on the job/defects/on-site conditions/preparations)

5. Training (equipment operation, quality standards, process requirements and information feedback procedure)

6. Emergency issue handling (4M changes, sudden equipment breakdowns, production problems)

Job Functions:

• Conducting pre-shift meeting

• Assembly's process of finished products

• Guidance and leadership to personnel and motivation of Associates to reach

• Create grid whiteboard maintenance and direction to Associates

• Oversight of glass auditing and Plex entry

• Responsible report to Lead supervisor, organize and plan production based on production orders, shift production daily report.

• Fully responsible to shift production quality and cost, manage and control each KPI in order to fulfill the company's requests.

• Implement pre-shift meeting regulation. Report production, quality, work regulation issues.

• Responsible to solve production issues, organize personnel to solve problems.

• Responsible for work coordination, assist financial department and statistic department in plant stock taking and bonus management.

• Supervise the preparation of each position before production, Monitor work regulations, quality, safety. Make sure that operators will work according to 3 operation instructions.

• Implement initial training ,formal training and multi positions training, Implementation evaluation follow-up.

• Collect shift production data, analyze shift production and quality status, report to Lead supervisor.

• .Responsible for managing 5 Star Kanban and conducting the TPM activity of the workshop

• Implement 5s and visionary management on-site. Keep safe and clean environment. Keep items in their positions.

• In case of emergency, follow the instructions in emergency plan.

• Responsible for quality document and record management. Manage and supervise equipment and tools in the plant.

• Double check the accuracy of production report preparation and import to system. Make sure the responsible warehouse materials quantities match system record.

• Identify workplace environment factor, hazard resource and control method.

• Strictly implement the regulations of comprehensive management system(Complete Daily Safety checklist).

• Take care of sorting and storage of own waste.

• Assist other matters.

• Other duties as assigned

• Nothing in the Position Description restricts management's right to assign or re-assign duties and responsibilities to this job at any time

Qualifications:

• Languages spoken commonly in the workplace are English and Mandarin. Ability to read, understand and comprehend documents such as safety rules, operating and maintenance instructions. Ability to interpret a variety of instructions furnished in written, oral, diagram, or schedule form

• Ability to speak effectively and interact with other team members, engineers, leadership and customers

• 1 to 3 years manufacturing experience and /or training; or equivalent combination of education and experience preferred

• High School Diploma or General Education Degree (GED)

• The employee is regularly required to stand for long periods. Duties include turning at the waist, reaching, bending, squatting and lifting up to 50 pounds

• Ability to pass static strength requirements (grip)

• Clarity of vision at 20 inches or less. Use this factor when special and minute accuracy is demanded

• Clarity of vision at 20 feet or more. Use this factor when visual efficiency in terms of far acuity is required in day and night/dark conditions

• Three-dimensional vision. Ability to judge distances and spatial relationships so as to see objects where and as they actually are

•  Ability to identify and distinguish colors

• Observing an area that can be seen up and down or to right or left while eyes are fixed on a given point.

• The noise level in the work environment is usually moderate

• Safety requirements for this position are safety glasses, hearing protection and steel-toed work boots

• Ability to add, subtract, multiply, and divide in all units of measure, using whole numbers, common fractions, and decimals

• Ability to solve practical problems and deal with a variety of variables

• Knowledge of and familiarity manufacturing software

• FORKLIFT OPERATION (Certification Required)

• Operates forklifts, as needed, to support Production

• Background and policy of company, Processing of produce, safety requirement, and any necessary knowledge

• Knowledge of 5S and how it applies to specific work area

• Equipment and electric appliance's mechanical structures and operating principles

• Remember and understand <Material and Safety of processing menu book>

• Self working 90 days

• Familiar with operation 60 days

• Being a trainer 180 days

• Give advises 180 days

This is a 2nd Shift position",5064,https://workforcenow.adp.com/mascsr/default/mdf/recruitment/recruitment.html?cid=25319558-d6a9-48ab-93d2-99e4878a8ffc&ccId=19000101_000001&jobId=9201099440676_1&lang=en_US,,,,,,,not_checked,,2026-09-27,,2026-10-10,,355,startDate,true,0,,,,,,2025-10-20,,false,,,,,,
9201107860941_1,Tooling engineer,Fuyao Glass America,,Full time,Posted 349 Days Ago,2025-10-13,362,"Moraine, OH, US",1,"Moraine, OH, US",false,,United States,,0,"About the Role:

As a Tooling Engineer based in the United States, you will play a critical role in designing, developing, and maintaining the tools and equipment essential for manufacturing processes. Your expertise will ensure that tooling solutions are efficient, cost-effective, and aligned with production goals, directly impacting product quality and operational efficiency. You will collaborate closely with cross-functional teams including design, manufacturing, and quality assurance to optimize tooling designs and troubleshoot issues. This role demands a proactive approach to continuous improvement, leveraging engineering principles to innovate and enhance tooling systems. Ultimately, your contributions will support the seamless production of high-quality products while minimizing downtime and manufacturing costs.

Minimum Qualifications:

• Bachelor’s degree in Mechanical Engineering, Manufacturing Engineering, or a related field.

• Proven experience in tooling design and development within a manufacturing environment.

• Strong knowledge of CAD software (e.g., SolidWorks, AutoCAD) for tooling design.

• Familiarity with manufacturing processes such as machining, stamping, molding, or assembly.

• Excellent problem-solving skills and the ability to work collaboratively in a team environment.

Preferred Qualifications:

• Experience with CNC programming and operation.

• Knowledge of GD&T (Geometric Dimensioning and Tolerancing) standards.

• Six Sigma or Lean Manufacturing certification.

• Experience working in automotive, aerospace, or heavy machinery industries.

• Proficiency in project management tools and methodologies.

Responsibilities:

• Design, develop, and validate tooling and fixtures to support manufacturing processes.

• Collaborate with product design and manufacturing teams to ensure tooling meets production requirements and quality standards.

• Analyze existing tooling performance and implement improvements to enhance efficiency and reduce costs.

• Troubleshoot and resolve tooling-related issues during production to minimize downtime.

• Manage tooling documentation, including specifications, drawings, and maintenance records.

• Coordinate with suppliers and vendors for tooling procurement and maintenance services.

• Support the implementation of new manufacturing technologies and processes related to tooling.

Skills:

The required skills such as CAD proficiency and manufacturing process knowledge are essential for designing precise and functional tooling that meets production needs. Problem-solving abilities enable the engineer to quickly identify and resolve tooling issues, ensuring minimal disruption to manufacturing. Collaboration skills are vital as the role involves working closely with multiple departments to align tooling solutions with product and process requirements. Preferred skills like CNC programming and knowledge of GD&T enhance the engineer’s capability to create more sophisticated tooling and ensure dimensional accuracy. Additionally, certifications in Six Sigma or Lean Manufacturing support continuous improvement initiatives, driving efficiency and quality in tooling operations.

3rd Shift (11:00pm - 7:00am)
Must be 18 years of age or older.

Fuyao Glass America Inc., Core Foundation Competencies including Ethics, Integrity, Values & Trust. Fuyao Glass America Inc. is An Equal Opportunity/Affirmative Action Employer. All qualified applicants will receive consideration for employment without regard to race, color, religion, sex, national origin, disability or protected veteran status.

Fuyao Glass America, Inc. is a Drug-Free Workplace.",3650,https://workforcenow.adp.com/mascsr/default/mdf/recruitment/recruitment.html?cid=25319558-d6a9-48ab-93d2-99e4878a8ffc&ccId=19000101_000001&jobId=9201107860941_1&lang=en_US,,,,,,,not_checked,,2026-09-27,,2026-10-10,,362,startDate,true,0,,,,,,2025-10-13,,false,6,70625,72350,74375,title,Tooling Engineer
9201040844370_1,Lead Supervisor,Fuyao Glass America,,Full time,Posted 363 Days Ago,2025-09-29,376,"Moraine, OH, US",1,"Moraine, OH, US",false,,United States,,0,"Job Summary:

• Responsible for workshop daily routine, managing workshop personnel, production, quality, safety, cost and statistics;

Job Functions and Duties:

• Responsible to the plant manager, daily report of workshop indicator operation and management;

• Arranging workshop internal production according to production orders;

• Implementing workshop contingency plans in case of sudden emergencies;

• Responsible for supervision and inspection of each station pre-production preparations, labor discipline, work quality, production safety and compliance of employees with the 3 major operating instructions.

• Responsible for workshop production quality and cost, controlling workshop indicators so as to meet the company requirements;

• Responsible for implementing company management rules, briefing production, quality and labor discipline;

• Responsible for organizing analysis and improvement of difficult problems, tracking the performance and feeding back;

• Responsible for organizing statistical analysis and developing improvement measures and tracking performance in case of indicator abnormalities in production;

• Responsible for coordinating workshop daily routine, cooperating with the Statistics Section, Department of Finance in completing workshop inventory and employee bonus accounting;

• Responsible for auditing authenticity of workshop production statements and records and compliance of inventories and accounts, organizing statistical analysis and developing improvement measures and tracking the performance in case of any abnormalities;

• Responsible for custody of workshop documents, statements and records;

• Responsible for purchase of workshop daily production tooling and tools;

• Responsible for supervising daily application, maintenance and custody of workshop equipment, tooling and tools;

• Responsible for developing and organizing workshop employee post training and transfer training, and multi-post development plans, and tracking the implementation results;

• Responsible for monitoring the implementation of 5s and SECURITY of workshop posts, maintaining a clean, efficient and safe working environment;

• Participating in various activities to improve and solve problems so as to improve quality, eliminate waste and reduce costs;

• Positively understanding and monitoring all workshop environmental factors, risk factors, hazards and their control methods;

• Familiar with and supervising workshop material safety data sheets;

• Conscientiously implementing integrated management system related documents;

• Storing post wastes by categories;

• Other duties as assigned

• Nothing in the Position Description restricts management's right to assign or re-assign duties and responsibilities to this job at any time

Qualification:

• Languages spoken commonly in the workplace are English and Mandarin. - Ability to read, understand and comprehend documents such as safety rules, operating and maintenance instructions. Ability to interpret a variety of instructions furnished in written, oral, diagram, or schedule form.

• Ability to speak effectively and interact with other team members, engineers, leadership and customers.

• 1 to 3 years manufacturing experience and /or training; or equivalent combination of education and experience preferred.

• High School Diploma or General Education Degree (GED)

• The employee is regularly required o stand for long periods.

• Duties include turning at the waist, reaching, bending, squatting and lifting up to 50 pounds.

• Ability to pass static strength requirements (grip)

• Visual acuity including, but not limited to:

• NEAR ACUITY - Clarity of vision at 20 inches or less. Use this factor when special and minute accuracy is demanded.

• FAR ACUITY - Clarity of vision at 20 feet or more. Use this factor when visual efficiency in terms of far acuity is required in day and night/dark conditions.

• DEPTH PERCEPTION - Three-dimensional vision. Ability to judge distances and spatial relationships so as to see objects where and as they actually are.

• COLOR VISION - Ability to identify and distinguish colors.

• FIELD OF VISION - Observing an area that can be seen up and down or to right or left while eyes are fixed on a given point.

• The noise level in the work environment is usually moderate. Safety requirements for this position are safety glasses, hearing protection and steel-toed work boots.

• MATHEMATICAL SKILLS - Ability to add, subtract, multiply, and divide in all units of measure, using whole numbers, common fractions, and decimals.

• REASONING ABILITY - Ability to solve practical problems and deal with a variety of variables.

• COMPUTER SKILLS - Knowledge of and familiarity manufacturing software.

• Familiar with tempered product process and quality requirements;

• Familiar with the product safety and regulation;

• Familiar with process FMEA;

• Skilled in mold repair technology;

• Familiar with production statistical statements and recording, and other production statistics basic knowledge and skills;

• Tempering Technology, Quality, Equipment Operation and Requirements

• Plant Quota Evaluation and Production, Quality Statement Analysis

• 5s and 6δ management knowledge;

• Post Related Material Safety Data Sheet

• Powered Industrial Truck Certification. Propane, Gas, or Stand up if applicable

• SPC, FMEA and Other Tools for Quality Management

• Powered Industrial Truck Certification. Propane, Gas, or Stand up if applicable & Forklift Train the Trainer Certified

• Must complete all training described in the Company’s Training Standard, in the areas of Safety, Output, Quality, Management, Leadership, 5S and Legal .",5704,https://workforcenow.adp.com/mascsr/default/mdf/recruitment/recruitment.html?cid=25319558-d6a9-48ab-93d2-99e4878a8ffc&ccId=19000101_000001&jobId=9201040844370_1&lang=en_US,,,,,,,not_checked,,2026-09-27,,2026-10-10,,376,startDate,true,0,,,,,,2025-09-29,,false,,,,,,
9201093662753_1,Maintenance Engineer,Fuyao Glass America,,Full time,Posted 369 Days Ago,2025-09-23,382,"Moraine, OH, US",1,"Moraine, OH, US",false,,United States,,0,"Job Description

I. Job ProfileJob TitleMaintenance EngineerDepartmentEquipment Maintenance Department

Direct SupervisorMaintenance Manager/Assistant Maintenance Manager/Maintenance SupervisorDirect SubordinatesNone

II. Job Summary：
Responsible for abrupt equipment failure maintenance, preventive equipment maintenance

III. Job Functions and Duties

NO.Representative Duties

1Responsible for the maintenance and fix according to equipment breakdown calls during on-duty shift (10%)
负责根据设备的故障及受损情况进行维修工作

2Prepare specifications for the purchase of spare parts inventory. (15%)
能够识别并了解设备的维修备件参数以保证设备正常维护

3Responsible for mechanical and electrical     maintenance of production equipment, perform issue analysis and resolve according to work orders/maintenance request; (25%)
能够执行对于生产设备的机械及电气维修，发现问题并解决，根据维修工单定期对设备进行维护

4Perform routine equipment inspection, identify potential failure risks and take action to prevent downtime; (10%)
对设备进行日常检查维护，发现潜在的风险点并有措施预防设备故障

5Responsible for regular backup or revision to automation program; Regularly backup or revise automation program and ensure the reliability of backup; (10%)
能够对自动化程序日常备份及调试

6Be responsible for equipment preventive maintenance and lubrication; reduce equipment downtime and quantity of scraped product due to equipment issue for responsible area. (15%) 对设备按规进行润滑及保养，提升设备效率及减少废品产出

7Assist the software engineer to carry out on-site debugging of the equipment, and complete the on-site debugging tasks according to the requirements of the debugging engineer with quality and quantity (5%)协助软件工程师进行程序调整及纠错，根据软件工程师指导完成调整任务

8Responsible for document record,such as Equipment sudden breakdown maitenance record and Maintenance work daily log.  (5%)
负责对设备进行故障记录及维修记录

9Responsible for staffs' related basic equipment knowledge, procedure, and skill trainining. (5%)
对公司设备熟悉并有相关的工作技能及培训能力

10Other duties as assigned

11Nothing in the Position Description restricts management's right to assign or re-assign duties and responsibilities to this job at any time

IⅤ. Qualification

Job RequirementsLanguageLanguages spoken commonly in the workplace are English and/or Mandarin - Ability to read, understand and comprehend documents such as safety rules, operating and maintenance instructions. Ability to interpret a variety of instructions furnished in written, oral, diagram, or schedule form.
Ability to speak effectively and interact with other team members, engineers, leadership and customers.

ExperienceOver two years manufacturing experience and /or training; or equivalent combination of education and experience preferred.
Licensed high/low voltage electrician is required.

EducationBachelor's degree and above, major in mechinery, electric or relevant majors;

Physical ConditionThe employee is regularly required o stand for long periods.                                                                                                                                 Duties include turning at the waist, reaching, bending, squatting and lifting up to 50 pounds.                                                                           Ability to pass static strength requirements (grip)
Visual acuity including, but not limited to:
a. NEAR ACUITY - Clarity of vision at 20 inches or less. Use this factor when special and minute accuracy is demanded.
b. FAR ACUITY - Clarity of vision at 20 feet or more. Use this factor when visual efficiency in terms of far acuity is required in day and night/dark conditions.
c. DEPTH PERCEPTION - Three-dimensional vision. Ability to judge distances and spatial relationships so as to see objects where and as they actually are.
d. COLOR VISION - Ability to identify and distinguish colors.
e. FIELD OF VISION - Observing an area that can be seen up and down or to right or left while eyes are fixed on a given point.
The noise level in the work environment is usually moderate. Safety requirements for this position
are safety glasses, hearing protection and steel-toed work boots.

Other RequirementsMATHEMATICAL SKILLS -
Ability to add, subtract, multiply, and divide in all units of measure, using whole numbers, common fractions, and decimals.
REASONING ABILITY - Ability to solve practical problems and deal with a variety of  variables.
COMPUTER SKILLS - Knowledge of and familiarity manufacturing software.
Can accept overtime during weekend and emergency fixing after work

Knowledge, Skills & Abilities utilized on the jobProfessional  Knowledge, SkillsSkillful use of computer

Knowledge of electricity and machinery

Factory power distribution equipment design/installation

Power supply and distribution operation and electric safety

Certain observational ability and adaptability to changes;

Certain interpersonal skills;

Certain planning, organization and coordination ability;

Certain persuasive ability;

Be able to operate lifts and forklifts.

Training RequiredReceived training on special electrician.

Training regarding  safety training.

V. Work Environment:
While performing the duties of this job, the employee is occasionally exposed to extreme heat. The noise level in the work environment is usually moderate. Safety requirements for this position
are safety glasses and steel-toed work boots.

VI. Key Performance Indicators:
1. Repair fee             2. Promote equipment availability;               3. MTBF, MTTR;             4. PM completion rate >95%",5403,https://workforcenow.adp.com/mascsr/default/mdf/recruitment/recruitment.html?cid=25319558-d6a9-48ab-93d2-99e4878a8ffc&ccId=19000101_000001&jobId=9201093662753_1&lang=en_US,,,,,,,not_checked,,2026-09-27,,2026-10-10,,382,startDate,true,0,,,,,,2025-09-23,,false,15,67683,75878,78854,title,Maintenance Engineer
9200894207371_1,Maintenance Engineer,Fuyao Glass America,,Full time,Posted 388 Days Ago,2025-09-04,401,"Moraine, OH, US",1,"Moraine, OH, US",false,,United States,,0,"Job Description

I. Job ProfileJob TitleMaintenance EngineerDepartmentEquipment Maintenance Department

Direct SupervisorMaintenance ManagerDirect SubordinatesMaintenance Technicians

II. Job Summary：
Responsible for abrupt equipment failure maintenance, preventive equipment maintenance

III. Job Functions and Duties

NO.Representative Duties

1Responsible for the maintenance and fix according to equipment breakdown calls during on-duty shift (10%)
负责根据设备的故障及受损情况进行维修工作

2Prepare specifications for the purchase of spare parts inventory. (15%)
能够识别并了解设备的维修备件参数以保证设备正常维护

3Responsible for mechanical and electrical     maintenance of production equipment, perform issue analysis and resolve according to work orders/maintenance request; (25%)
能够执行对于生产设备的机械及电气维修，发现问题并解决，根据维修工单定期对设备进行维护

4Perform routine equipment inspection, identify potential failure risks and take action to prevent downtime; (10%)
对设备进行日常检查维护，发现潜在的风险点并有措施预防设备故障

5Responsible for regular backup or revision to automation program; Regularly backup or revise automation program and ensure the reliability of backup; (10%)
能够对自动化程序日常备份及调试

6Be responsible for equipment preventive maintenance and lubrication; reduce equipment downtime and quantity of scraped product due to equipment issue for responsible area. (20%) 对设备按规进行润滑及保养，提升设备效率及减少废品产出

7Assist the software engineer to carry out on-site debugging of the equipment, and complete the on-site debugging tasks according to the requirements of the debugging engineer with quality and quantity 协助软件工程师进行程序调整及纠错，根据软件工程师指导完成调整任务

8Responsible for document record, such as Equipment sudden breakdown maintenance record and Maintenance work daily log.  (5%)
负责对设备进行故障记录及维修记录

9Responsible for staffs' related basic equipment knowledge, procedure, and skill training. (5%)
对公司设备熟悉并有相关的工作技能及培训能力

10Other duties as assigned

11Nothing in the Position Description restricts management's right to assign or re-assign duties and responsibilities to this job at any time

IⅤ. Qualification

Job RequirementsLanguageLanguages spoken commonly in the workplace are English.- Ability to read, understand and comprehend documents such as safety rules, operating and maintenance instructions. Ability to interpret a variety of instructions furnished in written, oral, diagram, or schedule form.
Ability to speak effectively and interact with other team members, engineers, leadership and customers.

ExperienceOver two years manufacturing experience and /or training; or equivalent combination of education and experience preferred.
Licensed high/low voltage electrician is required.

EducationBachelor's degree and above, major in machinery, electric or relevant majors;

Physical ConditionThe employee is regularly required o stand for long periods.                                                                                                                                                         Duties include turning at the waist, reaching, bending, squatting and lifting up to 50 pounds.                                                                                                                                                         Ability to pass static strength requirements (grip)
Visual acuity including, but not limited to:
a. NEAR ACUITY - Clarity of vision at 20 inches or less. Use this factor when special and minute accuracy is demanded.
b. FAR ACUITY - Clarity of vision at 20 feet or more. Use this factor when visual efficiency in terms of far acuity is required in day and night/dark conditions.
c. DEPTH PERCEPTION - Three-dimensional vision. Ability to judge distances and spatial relationships so as to see objects where and as they actually are.
d. COLOR VISION - Ability to identify and distinguish colors.
e. FIELD OF VISION - Observing an area that can be seen up and down or to right or left while eyes are fixed on a given point.
The noise level in the work environment is usually moderate. Safety requirements for this position
are safety glasses, hearing protection and steel-toed work boots.

Other RequirementsMATHEMATICAL SKILLS -
Ability to add, subtract, multiply, and divide in all units of measure, using whole numbers, common fractions, and decimals.
REASONING ABILITY - Ability to solve practical problems and deal with a variety of  variables.
COMPUTER SKILLS - Knowledge of and familiarity manufacturing software.
Can accept overtime during weekend and emergency fixing after work

Knowledge, Skills & Abilities utilized on the jobProfessional  Knowledge, SkillsSkillful use of computer

Knowledge of electricity and machinery

Factory power distribution equipment design/installation

Power supply and distribution operation and electric safety

Certain observational ability and adaptability to changes;

Certain interpersonal skills;

Certain planning, organization and coordination ability;

Certain persuasive ability;

Be able to operate lifts and forklifts.

Training RequiredReceived training on special electrician.

Training regarding  safety training.

V. Work Environment:
While performing the duties of this job, the employee is occasionally exposed to extreme heat. The noise level in the work environment is usually moderate. Safety requirements for this position
are safety glasses and steel-toed work boots.

VI. Key Performance Indicators:
1. Repair fee             2. Promote equipment availability;               3. MTBF, MTTR;             4. PM completion rate >95%

Must be 18 years of age or older.
Fuyao Glass America Inc., Core Foundation Competencies including Ethics, Integrity, Values & Trust. Fuyao Glass America Inc. is An Equal Opportunity/Affirmative Action Employer. All qualified applicants will receive consideration for employment without regard to race, color, religion, sex, national origin, disability or protected veteran status.
Fuyao Glass America, Inc. is a Drug-Free Workplace.",5886,https://workforcenow.adp.com/mascsr/default/mdf/recruitment/recruitment.html?cid=25319558-d6a9-48ab-93d2-99e4878a8ffc&ccId=19000101_000001&jobId=9200894207371_1&lang=en_US,,,,,,,not_checked,,2026-09-27,,2026-10-10,,401,startDate,true,0,,,,,,2025-09-04,,false,15,67683,75878,78854,title,Maintenance Engineer
9201075454123_1,Program Manager,Fuyao Glass America,,,Posted 403 Days Ago,2025-08-20,416,"Moraine, OH, US",1,"Moraine, OH, US",false,,United States,,0,"Job Title: Program Manager

Job Summary: Leader of Program Management Team (Iron Triangle). Program Manager works with the Product Development Engineer and Advance Quality Engineer to quote, develop and launch new automotive glass products for OEMs. The PM will communicate directly with the customer on all matters concerning the initial launch of Windshields, Backlights, Doors, Quarter windows, and Sunroofs. Represent Fuyao at customer development events and meetings. Maintain documents in
accordance with Fuyao policies, APQP and Customer deliverables.

Job Functions

• New Product Launch - Automotive Glass -Capable of handling OEM Customers and multiple programs/window openings.

• Communication single point contact with OEM customers. Internal leader of Iron Triangle and OEM program

• Several forms of communication are required: face-to-face meetings, emails, texts, WeChat, verbal, written forms, etc

• Key Player / Value stream leader for the OEM customer - ""Voice of the Customer"" for internal processes and proceedings

• Organize internal teammates and processes to fulfill and support customer deliverable's

• Attend Customer build events and meetings as appropriate; International travel and some overnights are expected. Depending on the program phase and customer expectations, travel could be up to 25% in a given fiscal quarter

• Maintaining the program budget is a central requirement. This includes components, tooling, equipment and packaging purchases

• Responsible for COST: from Quote to Invoice. Input customer orders into ERP system -PLEX. Creator of timing charts, ensure ON TIME delivery of products to the customer

• Back-up plan and expedited delivery schedules. Offset of delays

• Within first 90 days - acquire product and process knowledge - commensurate with leadership role. Understand and be able to present to customer management core product lines

• Other duties as assigned by management. Ability to work overtime and be multi-functional

• Nothing in the Position Description restricts management's right to assign or re-assign duties and responsibilities to this job at any time

Qualifications

• Demonstrated strong written and verbal communication skills

• Languages spoken in the workplace are English and Mandarin

• More than 3 years automotive manufacturing experience or equivalent combination of education and experience required

• Previous positions of demonstrated dynamic matrix management, budget controls and timing chart creation

• Bachelor of Science in Engineering fields or Business Management

• Masters degree is preferred

• Safety FIRST! Mindset is required

• Ability to walk or move around the plant for extended periods of time. Some lifting up to 35 lbs. with assistance is expected

• MS Office, Excel, Word, PowerPoint. Preferred MS Project skilled

• Outlook is the email client. Also use of Skype, and SharePoint navigation

• Knowledge of and familiarity MRP/ERP software. PLEX is current shop standard

• Skilled in documentation of APQP (Advanced Product Quality Planning ) & PPAP ( Production Part Approval Process)

• Manufacturing processes-Hi speed assembly, packaging, preferred glass bending and manufacturing

• Presentation - Oral and Written, Power Point or similar

• Leadership ability (w/ motivational & cooperative aptitude)

• Demonstrated decision making/leadership abilities in managing multiple programs to meet goals (quality, cost and delivery of programs) from concept through launch

• TS16949 training

• Training about the five reference books

• Training about innovation methods

• Training about project management

• Six Sigma training",3654,https://workforcenow.adp.com/mascsr/default/mdf/recruitment/recruitment.html?cid=25319558-d6a9-48ab-93d2-99e4878a8ffc&ccId=19000101_000001&jobId=9201075454123_1&lang=en_US,,,,,,,not_checked,,2026-09-27,,2026-10-10,,416,startDate,true,0,,,,,,2025-08-20,,false,5,68000,69181,70000,title,Program Manager
9201075691036_1,Coating Process Engineer,Fuyao Glass America,,Full time,Posted 403 Days Ago,2025-08-20,416,"Moraine, OH, US",1,"Moraine, OH, US",false,,United States,,0,"I. Job ProfileJob TitleCoating Process EngineerDepartmentCoating Preassembly

Direct SupervisorCoating Process SupervisorDirect SubordinatesN/A

II. Job Summary：
This role is critical in driving innovation through material development, process optimization, and supporting automation projects to enhance product quality and manufacturing efficiency. The position requires close collaboration with cross-functional teams such as manufacturing, quality, and product design to deliver measurable results.

III. Job Functions and Duties

NO.Representative Duties

1Develop and test new materials including but not limit to ink, silver paste, screen, cutting wheel, drill etc. 20%
• Analyze the material properties and the glass properties to find the best method of the production process based on the different materials; 5%
• Perform the production trail runs of the new materials to validate the feasibility of new material using; 5%
• Design the validation testing plan of the material for deep analysis of the materials; 5%
• Test materials and monitor process variables to ensure quality standards are met;5%

2Manage automation projects such as trademark quality inspection, drilling hole inspection, transparency inspection and component assembly inspection, primer inspection and laser marking system. 15%
• Lead the team to design each process of new production lines in Fuyao Glass America, standardize the process requirements for all equipment and maximize the automation level to increase the efficiency and reduce the cost of new lines; Ensure the process can satisfy the production requirements and material standard procedure; Specially design the production process for the OEM operation in the facilities, including 8 lamination lines and 18 assembly lines; 10%
• Organize the process engineer team to find out the best equipment and tooling according to the equipment capability to satisfy the standard procedure and production requirements; 5%

3Organize process improvement and do troubleshooting for process issues. 20%
• Discuss with the majority suppliers of the new equipment to maximize the equipment capacity and the product quality, meanwhile, reduce the risk of equipment; 10%
• Organize the process meetings to discuss the risks or technical issues that occur during production. Contact the process departments or R&D of other Fuyao subsidiaries or the headquarter if it is critical or thorny; 5%
• Reduce the production risk and solve the technical issues for the production floor; 5%

4Compile and update documents including but not limit to work instruction, process requirement, process report and new materials standard. 15%
• Oversee the drafting, editing of the work instruction, PFEMA (Process Failure Modes and Effect Analysis) and control plan. Supervise that the production floor completely follow the working instruction, control plan and PFEMA and conduct weekly supervision to point out any violation; 5%
• Formulate the specifications of the materials and implement the specification in the production; 5%
• Analyze the production data to find out the actual performance of the material in the production; 5%

5Support new product development. 20%.
• Design the process for new product to satisfying the Fuyao internal standard and customer standard in both quality and quantity; improve the production output and product quality; 10%
• Identify the risk or technical issues related to the process and material during the new product development, formulate the plan to improve the potential risk or address the issues which can affect the production output or product quality; 5%
• Design and standardize the the new tooling or equipment related to the new product; 5%

6Other Duties (10%)
Perform additional tasks as assigned, ensuring alignment with department objectives.

IⅤ. Qualification

Job RequirementsLanguageLanguages spoken commonly in the workplace are English and/or Mandarin. Ability to read, understand and comprehend documents such as safety rules, operating and maintenance instructions. Ability to interpret a variety of instructions furnished in written, oral, diagram, or schedule form. Ability to speak effectively and interact with other team members, engineers, leadership and customers.

ExperienceMore than one years of experience in the related production processes and technologies.

EducationBachelor’s degree or above (those with production experience are preferred).

Physical ConditionThe employee is regularly required o stand for long periods. Duties include turning at the waist, reaching, bending, squatting and lifting up to 50 pounds. Ability to pass static strength requirements (grip).
Visual acuity including, but not limited to:
a. NEAR ACUITY - Clarity of vision at 20 inches or less. Use this factor when special and minute accuracy is demanded.
b. FAR ACUITY - Clarity of vision at 20 feet or more. Use this factor when visual efficiency in terms of far acuity is required in day and night/dark conditions.
c. DEPTH PERCEPTION - Three-dimensional vision. Ability to judge distances and spatial relationships so as to see objects where and as they actually are.
d. COLOR VISION - Ability to identify and distinguish colors.
e. FIELD OF VISION - Observing an area that can be seen up and down or to right or left while eyes are fixed on a given point.
The noise level in the work environment is usually moderate. Safety requirements for this position are safety glasses, hearing protection and steel-toed work boots.

Other RequirementsMathematical Skills - Ability to add, subtract, multiply, and divide in all units of measure, using whole numbers, common fractions, and decimals.
Reasoning Skills - Ability to solve practical problems and deal with a variety of  variables.
Computer Skills - Knowledge and familiarity with manufacturing software.

Knowledge, Skills & Abilities utilized on the jobProfessional  Knowledge, SkillsBe acquainted with the glass production processes.

Be acquainted with the IATF16949 quality system.

Be the master of the professional skills of material development.

Be the master of relevant material standards.

Be the master of the flow of material verification and development.

Process Champion of Controlled Document.

Abilities of communication and coordination;

Ability of organization.

Strong awareness of initiative study and ability of study.

Training RequiredA certificate of continuous improvement of the green belt level or above.

1. IATF16949 TRAINING; 2.Training about the five reference books.

V. Work Environment:
While performing the duties of this job, the employee is occasionally exposed to extreme heat. The noise level in the work environment is usually moderate. Safety requirements for this position are safety glasses and steel-toed work boots.

VI. Key Performance Indicators:
CIP project
Completion rate of process supervision
Factory and department question reply and solution completion rate
Job related file completion rate
Material development
Rapid improvement",7017,https://workforcenow.adp.com/mascsr/default/mdf/recruitment/recruitment.html?cid=25319558-d6a9-48ab-93d2-99e4878a8ffc&ccId=19000101_000001&jobId=9201075691036_1&lang=en_US,,,,,,,not_checked,,2026-09-27,,2026-10-10,,416,startDate,true,0,,,,,,2025-08-20,,false,3,72010,73986,73986,subset,Process Engineer
9201075821366_1,Shift Supervisor (3rd shift) - Coating Lamination Connection,Fuyao Glass America,,Full time,Posted 404 Days Ago,2025-08-19,417,"Moraine, OH, US",1,"Moraine, OH, US",false,,United States,,0,"Job Title: Shift Supervisor

Job Summary：
1. Production safety (proper wear of PPEs)

2. Product quality (yield produced by each shift)

3. Productivity (pieces produced by each shift)

4. Job observation (associates’ skills/wait on the job/defects/on-site conditions/preparations)

5. Training (equipment operation, quality standards, process requirements and information feedback procedure)

6. Emergency issue handling (4M changes, sudden equipment breakdowns, production problems)

Job Functions:

• Conducting pre-shift meeting

• Assembly's process of finished products

• Guidance and leadership to personnel and motivation of Associates to reach

• Create grid whiteboard maintenance and direction to Associates

• Oversight of glass auditing and Plex entry

• Other duties as assigned

• Nothing in the Position Description restricts management's right to assign or re-assign duties and responsibilities to this job at any time

Qualifications:

• Languages spoken commonly in the workplace are English and Mandarin. Ability to read, understand and comprehend documents such as safety rules, operating and maintenance instructions. Ability to interpret a variety of instructions furnished in written, oral, diagram, or schedule form

• Ability to speak effectively and interact with other team members, engineers, leadership and customers

• 1 to 3 years manufacturing experience and /or training; or equivalent combination of education and experience preferred

• High School Diploma or General Education Degree (GED)

• The employee is regularly required to stand for long periods. Duties include turning at the waist, reaching, bending, squatting and lifting up to 50 pounds

• Ability to pass static strength requirements (grip)

• Clarity of vision at 20 inches or less. Use this factor when special and minute accuracy is demanded

• Clarity of vision at 20 feet or more. Use this factor when visual efficiency in terms of far acuity is required in day and night/dark conditions

• Three-dimensional vision. Ability to judge distances and spatial relationships so as to see objects where and as they actually are

•  Ability to identify and distinguish colors

• Observing an area that can be seen up and down or to right or left while eyes are fixed on a given point.

• The noise level in the work environment is usually moderate

• Safety requirements for this position are safety glasses, hearing protection and steel-toed work boots

• Ability to add, subtract, multiply, and divide in all units of measure, using whole numbers, common fractions, and decimals

• Ability to solve practical problems and deal with a variety of variables

• Knowledge of and familiarity manufacturing software

• FORKLIFT OPERATION (Certification Required)

• Operates forklifts, as needed, to support Production

• Background and policy of company, Processing of produce, safety requirement, and any necessary knowledge

• Knowledge of 5S and how it applies to specific work area

• Equipment and electric appliance's mechanical structures and operating principles

• Remember and understand <Material and Safety of processing menu book>

• Self working 90 days

• Familiar with operation 60 days

• Being a trainer 180 days

• Give advises 180 days

Responsible report to Lead supervisor,orgnize and plan production based on production orders, shift production daily report.

Fully responsible to shift production quality and cost, manage and control each KPI in order to fulfill the company's requests.

Implement pre-shift meeting regulation. Report production, quality, work regulation issues.

Responsible to solve production issues,orgnize personnel to solve problems.

Responsible for work coordination,assist finacial department and statistic department in plant stock taking and bonus management.

Supervise the preparation of each position before production, Monitor work regulations,q uality,safety.Make sure that operators will work according to 3 operation instructions.

Implement initial training ,formal training and multi positions training, Implementation evaluation follow-up.

Collect shift production data,analyze shift production and quality status, report to Lead supervisor.

.Responsible for managing 5 Star kanban and conducting the TPM activity of the workshop

Implement 5s and visionary management on-site.Keep safe and clean environment. Keep items in their positions.

In case of emergency,follow the instructions in emergency plan.

Responsible for quality document and record management. Manage and supervise equipment and tools in the plant.

Double check the accuracy of production report preparation and import to system.Make sure the responsible warehouse materials quantities match system record.

Identify workplace environment factor, hazard resource and control method.

Strictly implement the regulations of comprehensive management system(Complete Daily Safety checklist).

Take care of sorting and storage of own waste.

Assist other matters.

Other duties as assigned

Nothing in the Position Description restricts management's right to assign or re-assign duties and responsibilities to this job at any time

Shift Needed: 3rd Shift",5180,https://workforcenow.adp.com/mascsr/default/mdf/recruitment/recruitment.html?cid=25319558-d6a9-48ab-93d2-99e4878a8ffc&ccId=19000101_000001&jobId=9201075821366_1&lang=en_US,,,,,,,not_checked,,2026-09-27,,2026-10-10,,417,startDate,true,0,,,,,,2025-08-19,,false,,,,,,
9201038829990_1,Maintenance Engineer,Fuyao Glass America,,Full time,Posted 471 Days Ago,2025-06-13,484,"Moraine, OH, US",1,"Moraine, OH, US",false,,United States,,0,"Job Description

I. Job ProfileJob TitleMaintenance EngineerDepartmentEquipment Maintenance Department

Direct SupervisorMaintenance ManagerDirect SubordinatesMaintenance Technicians

II. Job Summary：
Responsible for abrupt equipment failure maintenance, preventive equipment maintenance

NO.Representative Duties

1Responsible for the maintenance and fix according to equipment breakdown calls during on-duty shift (10%)
负责根据设备的故障及受损情况进行维修工作

2Prepare specifications for the purchase of spare parts inventory. (15%)
能够识别并了解设备的维修备件参数以保证设备正常维护

3Responsible for mechanical and electrical     maintenance of production equipment, perform issue analysis and resolve according to work orders/maintenance request; (25%)
能够执行对于生产设备的机械及电气维修，发现问题并解决，根据维修工单定期对设备进行维护

4Perform routine equipment inspection, identify potential failure risks and take action to prevent downtime; (10%)
对设备进行日常检查维护，发现潜在的风险点并有措施预防设备故障

5Responsible for regular backup or revision to automation program; Regularly backup or revise automation program and ensure the reliability of backup; (10%)
能够对自动化程序日常备份及调试

6Be responsible for equipment preventive maintenance and lubrication; reduce equipment downtime and quantity of scraped product due to equipment issue for responsible area. (20%) 对设备按规进行润滑及保养，提升设备效率及减少废品产出

7Assist the software engineer to carry out on-site debugging of the equipment, and complete the on-site debugging tasks according to the requirements of the debugging engineer with quality and quantity 协助软件工程师进行程序调整及纠错，根据软件工程师指导完成调整任务

8Responsible for document record, such as Equipment sudden breakdown maintenance record and Maintenance work daily log.  (5%)
负责对设备进行故障记录及维修记录

9Responsible for staffs' related basic equipment knowledge, procedure, and skill training. (5%)
对公司设备熟悉并有相关的工作技能及培训能力

10Other duties as assigned

11Nothing in the Position Description restricts management's right to assign or re-assign duties and responsibilities to this job at any time

IⅤ. Qualification

Job RequirementsLanguageLanguages spoken commonly in the workplace are English.- Ability to read, understand and comprehend documents such as safety rules, operating and maintenance instructions. Ability to interpret a variety of instructions furnished in written, oral, diagram, or schedule form.
Ability to speak effectively and interact with other team members, engineers, leadership and customers.

ExperienceOver two years manufacturing experience and /or training; or equivalent combination of education and experience preferred.
Licensed high/low voltage electrician is required.

EducationBachelor's degree and above, major in machinery, electric or relevant majors;

Physical ConditionThe employee is regularly required o stand for long periods.                                                                                                                                                         Duties include turning at the waist, reaching, bending, squatting and lifting up to 50 pounds.                                                                                                                                                         Ability to pass static strength requirements (grip)
Visual acuity including, but not limited to:
a. NEAR ACUITY - Clarity of vision at 20 inches or less. Use this factor when special and minute accuracy is demanded.
b. FAR ACUITY - Clarity of vision at 20 feet or more. Use this factor when visual efficiency in terms of far acuity is required in day and night/dark conditions.
c. DEPTH PERCEPTION - Three-dimensional vision. Ability to judge distances and spatial relationships so as to see objects where and as they actually are.
d. COLOR VISION - Ability to identify and distinguish colors.
e. FIELD OF VISION - Observing an area that can be seen up and down or to right or left while eyes are fixed on a given point.
The noise level in the work environment is usually moderate. Safety requirements for this position
are safety glasses, hearing protection and steel-toed work boots.

Other RequirementsMATHEMATICAL SKILLS -
Ability to add, subtract, multiply, and divide in all units of measure, using whole numbers, common fractions, and decimals.
REASONING ABILITY - Ability to solve practical problems and deal with a variety of  variables.
COMPUTER SKILLS - Knowledge of and familiarity manufacturing software.
Can accept overtime during weekend and emergency fixing after work

Knowledge, Skills & Abilities utilized on the jobProfessional  Knowledge, SkillsSkillful use of computer

Knowledge of electricity and machinery

Factory power distribution equipment design/installation

Power supply and distribution operation and electric safety

Certain observational ability and adaptability to changes;

Certain interpersonal skills;

Certain planning, organization and coordination ability;

Certain persuasive ability;

Be able to operate lifts and forklifts.

Training RequiredReceived training on special electrician.

Training regarding  safety training.

V. Work Environment:
While performing the duties of this job, the employee is occasionally exposed to extreme heat. The noise level in the work environment is usually moderate. Safety requirements for this position
are safety glasses and steel-toed work boots.

VI. Key Performance Indicators:
1. Repair fee             2. Promote equipment availability;               3. MTBF, MTTR;             4. PM completion rate >95%",5420,https://workforcenow.adp.com/mascsr/default/mdf/recruitment/recruitment.html?cid=25319558-d6a9-48ab-93d2-99e4878a8ffc&ccId=19000101_000001&jobId=9201038829990_1&lang=en_US,,,,,,,not_checked,,2026-09-27,,2026-10-10,,484,startDate,true,0,,,,,,2025-06-13,,false,15,67683,75878,78854,title,Maintenance Engineer
9201013149144_1,Account Manager,Fuyao Glass America,,Full time,Posted 513 Days Ago,2025-05-02,526,"Plymouth, MI, US",1,"Plymouth, MI, US",false,,United States,,0,"I. Job ProfileJob TitleAccount Manager, Business & DevelopmentDepartmentBusiness & Development

Direct SupervisorDirector, Business & DevelopmentDirect SubordinatesNone

II. Job Summary：The Account Manager is directly responsible for managing current production business for any commercial requirements, assigned customer accounts to lead quotations for new business opportunities, and working with Program Management Team to support existing new business development wins.

III. Job Functions and Duties

NO.Representative Duties

1As a window to customers; collect and analyze customer new project (models) and the market dynamic information; ensure smooth communication with customers, and establish a good relationship with customer

2Organizing, preparing, and leading quotations for new business opportunities

3Lead customer contact and negotiation for new existing projects

4Responsible for profitability / profitability improvement of assigned accounts

5Responsible for completing customer specific electronic quote document and associated forms

6Supports the program team from commercial aspect to support any changes of product/process from award of business

7Voice of the customer to the Fuyao Group for both negative and positive feedback

8Support the finance department for customer account receivables and payables, take the lead on tracking delinquent payments/reconciliations

9Understand Fuyao products, processes, capabilities, specifications and tolerances

10Act as commercial representative that organizes customer activities, including plant tours, offsite/onsite meetings, etc

11Managing post SOP engineering changes or special customer orders/quotations/spot buys

12Other duties as assigned

13Nothing in the Position Description restricts management's right to assign or re-assign duties and responsibilities to this job at any time

IⅤ. Qualification

Job RequirementsLanguageLanguages spoken commonly in the workplace are English and Mandarin. - Ability to read, understand and comprehend documents such as safety rules, operating and maintenance instructions. Ability to interpret a variety of instructions furnished in written, oral, diagram, or schedule form.
Ability to speak effectively and interact with other team members, engineers, leadership and customers.

ExperienceMore than 3 years experience selling to automotive OEM's and/or Tier 1 Suppliers, with glass group experience, technology, quality or production preferred

EducationBachelor's degree in engineering, sciences or business

Physical ConditionThis position will spend the majority of time in office environments within Fuyao and onsite at various customer locations.
It will be frequently necessary to spend time on the manufacturing floor within Fuyao and also onsite at customer locations.
Strict observance of Fuyao safety policy & standards, use of Personal Protective Equipment (PPE), as well as compliance with our customer's safety policies are mandatory.

Other RequirementsMATHEMATICAL SKILLS -
Ability to add, subtract, multiply, and divide in all units of measure, using whole numbers, common fractions, and decimals.
REASONING ABILITY - Ability to solve practical problems and deal with a variety of  variables.
COMPUTER SKILLS - Knowledge of and familiarity manufacturing software.

Knowledge, Skills & Abilities utilized on the jobProfessional  Knowledge, SkillsAbility to communicate effectively, both written and verbal

Diligence, honesty, effective time management, innovative thinking

Sound financial accumen and ability to understand / interpret basic financial documents

Careful attention to detail / detail oriented

Willing to travel and work a flexible schedule

Training RequiredSales / Negotiation

MS Office Suite (Word, Excel, Power Point, Project, etc.)

V. Work Environment:
While performing the duties of this job, the employee is occasionally exposed to extreme heat. The noise level in the work environment can sometimes be moderate. Safety requirements for this position can include safety glasses and steel-toed work boots.

VI. Key Performance Indicators:  Profitable New Business Awards, Customer Satisfaction / Scorecard Trends, Existing Book of Business - Profit Improvement Attainment

Must be 18 years of age or older.

Fuyao Glass America Inc., Core Foundation Competencies including Ethics, Integrity, Values & Trust. Fuyao Glass America Inc. is An Equal Opportunity/Affirmative Action Employer. All qualified applicants will receive consideration for employment without regard to race, color, religion, sex, national origin, disability or protected veteran status.

Fuyao Glass America, Inc. is a Drug-Free Workplace.",4672,https://workforcenow.adp.com/mascsr/default/mdf/recruitment/recruitment.html?cid=25319558-d6a9-48ab-93d2-99e4878a8ffc&ccId=19000101_000001&jobId=9201013149144_1&lang=en_US,,,,,,,not_checked,,2026-09-27,,2026-10-10,,526,startDate,true,0,,,,,,2025-05-02,,false,,,,,,
9200995600727_1,Maintenance Engineer,Fuyao Glass America,,Full time,Posted 544 Days Ago,2025-04-01,557,"Moraine, OH, US",1,"Moraine, OH, US",false,,United States,,0,"Job Description:

I. Job ProfileJob TitleMaintenance EngineerDepartmentEquipment Maintenance Department

Direct SupervisorMaintenance ManagerDirect SubordinatesMaintenance Technicians

II. Job Summary：
Responsible for abrupt equipment failure maintenance, preventive equipment maintenance

NO.Representative Duties

1Responsible for the maintenance and fix according to equipment breakdown calls during on-duty shift (10%)
负责根据设备的故障及受损情况进行维修工作

2Prepare specifications for the purchase of spare parts inventory. (15%)
能够识别并了解设备的维修备件参数以保证设备正常维护

3Responsible for mechanical and electrical     maintenance of production equipment, perform issue analysis and resolve according to work orders/maintenance request; (25%)
能够执行对于生产设备的机械及电气维修，发现问题并解决，根据维修工单定期对设备进行维护

4Perform routine equipment inspection, identify potential failure risks and take action to prevent downtime; (10%)
对设备进行日常检查维护，发现潜在的风险点并有措施预防设备故障

5Responsible for regular backup or revision to automation program; Regularly backup or revise automation program and ensure the reliability of backup; (10%)
能够对自动化程序日常备份及调试

6Be responsible for equipment preventive maintenance and lubrication; reduce equipment downtime and quantity of scraped product due to equipment issue for responsible area. (20%) 对设备按规进行润滑及保养，提升设备效率及减少废品产出

7Assist the software engineer to carry out on-site debugging of the equipment, and complete the on-site debugging tasks according to the requirements of the debugging engineer with quality and quantity 协助软件工程师进行程序调整及纠错，根据软件工程师指导完成调整任务

8Responsible for document record, such as Equipment sudden breakdown maintenance record and Maintenance work daily log.  (5%)
负责对设备进行故障记录及维修记录

9Responsible for staffs' related basic equipment knowledge, procedure, and skill training. (5%)
对公司设备熟悉并有相关的工作技能及培训能力

10Other duties as assigned

11Nothing in the Position Description restricts management's right to assign or re-assign duties and responsibilities to this job at any time

Job RequirementsLanguageLanguages spoken commonly in the workplace are English and/or Mandarin - Ability to read, understand and comprehend documents such as safety rules, operating and maintenance instructions. Ability to interpret a variety of instructions furnished in written, oral, diagram, or schedule form.
Ability to speak effectively and interact with other team members, engineers, leadership and customers.

ExperienceOver two years manufacturing experience and /or training; or equivalent combination of education and experience preferred.
Licensed high/low voltage electrician is required.

EducationBachelor's degree and above, major in mechinery, electric or relevant majors;

Physical ConditionThe employee is regularly required o stand for long periods.                                                                                                                                                      Duties include turning at the waist, reaching, bending, squatting and lifting up to 50 pounds.                                                                                                                                                      Ability to pass static strength requirements (grip)
Visual acuity including, but not limited to:
a. NEAR ACUITY - Clarity of vision at 20 inches or less. Use this factor when special and minute accuracy is demanded.
b. FAR ACUITY - Clarity of vision at 20 feet or more. Use this factor when visual efficiency in terms of far acuity is required in day and night/dark conditions.
c. DEPTH PERCEPTION - Three-dimensional vision. Ability to judge distances and spatial relationships so as to see objects where and as they actually are.
d. COLOR VISION - Ability to identify and distinguish colors.
e. FIELD OF VISION - Observing an area that can be seen up and down or to right or left while eyes are fixed on a given point.
The noise level in the work environment is usually moderate. Safety requirements for this position
are safety glasses, hearing protection and steel-toed work boots.

Other RequirementsMATHEMATICAL SKILLS -
Ability to add, subtract, multiply, and divide in all units of measure, using whole numbers, common fractions, and decimals.
REASONING ABILITY - Ability to solve practical problems and deal with a variety of  variables.
COMPUTER SKILLS - Knowledge of and familiarity manufacturing software.
Can accept overtime during weekend and emergency fixing after work

Knowledge, Skills & Abilities utilized on the jobProfessional  Knowledge, SkillsSkillful use of computer

Knowledge of electricity and machinery

Factory power distribution equipment design/installation

Power supply and distribution operation and electric safety

Certain observational ability and adaptability to changes;

Certain interpersonal skills;

Certain planning, organization and coordination ability;

Certain persuasive ability;

Be able to operate lifts and forklifts.

Training RequiredReceived training on special electrician.

Training regarding  safety training.

V. Work Environment:
While performing the duties of this job, the employee is occasionally exposed to extreme heat. The noise level in the work environment is usually moderate. Safety requirements for this position
are safety glasses and steel-toed work boots.

VI. Key Performance Indicators:
1. Repair fee             2. Promote equipment availability;               3. MTBF, MTTR;             4. PM completion rate >95%",5412,https://workforcenow.adp.com/mascsr/default/mdf/recruitment/recruitment.html?cid=25319558-d6a9-48ab-93d2-99e4878a8ffc&ccId=19000101_000001&jobId=9200995600727_1&lang=en_US,,,,,,,not_checked,,2026-09-27,,2026-10-10,,557,startDate,true,0,,,,,,2025-04-01,,false,15,67683,75878,78854,title,Maintenance Engineer
9200982598793_1,Shift Supervisor（3rd shift）,Fuyao Glass America,,Full time,Posted 572 Days Ago,2025-03-04,585,"Moraine, OH, US",1,"Moraine, OH, US",false,,United States,,0,"Job Title: Shift Supervisor

Job Summary：
1. Production safety (proper wear of PPEs)

2. Product quality (yield produced by each shift)

3. Productivity (pieces produced by each shift)

4. Job observation (associates’ skills/wait on the job/defects/on-site conditions/preparations)

5. Training (equipment operation, quality standards, process requirements and information feedback procedure)

6. Emergency issue handling (4M changes, sudden equipment breakdowns, production problems)

Job Functions:

• Conducting pre-shift meeting

• Assembly's process of finished products

• Guidance and leadership to personnel and motivation of Associates to reach

• Create grid whiteboard maintenance and direction to Associates

• Oversight of glass auditing and Plex entry

• Responsible report to Lead supervisor, organize and plan production based on production orders, shift production daily report.

• Fully responsible to shift production quality and cost, manage and control each KPI in order to fulfill the company's requests.

• Implement pre-shift meeting regulation. Report production, quality, work regulation issues.

• Responsible to solve production issues, organize personnel to solve problems.

• Responsible for work coordination, assist financial department and statistic department in plant stock taking and bonus management.

• Supervise the preparation of each position before production, Monitor work regulations, quality, safety. Make sure that operators will work according to 3 operation instructions.

• Implement initial training ,formal training and multi positions training, Implementation evaluation follow-up.

• Collect shift production data, analyze shift production and quality status, report to Lead supervisor.

• .Responsible for managing 5 Star Kanban and conducting the TPM activity of the workshop

• Implement 5s and visionary management on-site. Keep safe and clean environment. Keep items in their positions.

• In case of emergency, follow the instructions in emergency plan.

• Responsible for quality document and record management. Manage and supervise equipment and tools in the plant.

• Double check the accuracy of production report preparation and import to system. Make sure the responsible warehouse materials quantities match system record.

• Identify workplace environment factor, hazard resource and control method.

• Strictly implement the regulations of comprehensive management system(Complete Daily Safety checklist).

• Take care of sorting and storage of own waste.

• Assist other matters.

• Other duties as assigned

• Nothing in the Position Description restricts management's right to assign or re-assign duties and responsibilities to this job at any time

Qualifications:

• Languages spoken commonly in the workplace are English and Mandarin. Ability to read, understand and comprehend documents such as safety rules, operating and maintenance instructions. Ability to interpret a variety of instructions furnished in written, oral, diagram, or schedule form

• Ability to speak effectively and interact with other team members, engineers, leadership and customers

• 1 to 3 years manufacturing experience and /or training; or equivalent combination of education and experience preferred

• High School Diploma or General Education Degree (GED)

• The employee is regularly required to stand for long periods. Duties include turning at the waist, reaching, bending, squatting and lifting up to 50 pounds

• Ability to pass static strength requirements (grip)

• Clarity of vision at 20 inches or less. Use this factor when special and minute accuracy is demanded

• Clarity of vision at 20 feet or more. Use this factor when visual efficiency in terms of far acuity is required in day and night/dark conditions

• Three-dimensional vision. Ability to judge distances and spatial relationships so as to see objects where and as they actually are

•  Ability to identify and distinguish colors

• Observing an area that can be seen up and down or to right or left while eyes are fixed on a given point.

• The noise level in the work environment is usually moderate

• Safety requirements for this position are safety glasses, hearing protection and steel-toed work boots

• Ability to add, subtract, multiply, and divide in all units of measure, using whole numbers, common fractions, and decimals

• Ability to solve practical problems and deal with a variety of variables

• Knowledge of and familiarity manufacturing software

• FORKLIFT OPERATION (Certification Required)

• Operates forklifts, as needed, to support Production

• Background and policy of company, Processing of produce, safety requirement, and any necessary knowledge

• Knowledge of 5S and how it applies to specific work area

• Equipment and electric appliance's mechanical structures and operating principles

• Remember and understand <Material and Safety of processing menu book>

• Self working 90 days

• Familiar with operation 60 days

• Being a trainer 180 days

• Give advises 180 days

1s or 2nd Shift
Must be 18 years of age or older.
Fuyao Glass America Inc., Core Foundation Competencies including Ethics, Integrity, Values & Trust. Fuyao Glass America Inc. is An Equal Opportunity/Affirmative Action Employer. All qualified applicants will receive consideration for employment without regard to race, color, religion, sex, national origin, disability or protected veteran status.
Fuyao Glass America, Inc. is a Drug-Free Workplace.",5485,https://workforcenow.adp.com/mascsr/default/mdf/recruitment/recruitment.html?cid=25319558-d6a9-48ab-93d2-99e4878a8ffc&ccId=19000101_000001&jobId=9200982598793_1&lang=en_US,,,,,,,not_checked,,2026-09-27,,2026-10-10,,585,startDate,true,0,,,,,,2025-03-04,,false,,,,,,
9200982609397_1,Manufacturing Engineer(3rd shift ),Fuyao Glass America,,Full time,Posted 572 Days Ago,2025-03-04,585,"Moraine, OH, US",1,"Moraine, OH, US",false,,United States,,0,"I. Job ProfileJob TitleManufacturing EngineerDepartmentProduction Department

Direct SupervisorLead SupervisorDirect SubordinatesNone

II. Job Summary：
Responsible for improving pretreatment product quality, reducing the scrap rate in the pretreatment production process, enhancing output;

III. Job Functions and Duties

NO.Representative Duties

1Production Process Optimization: Analyze and improve production processes to enhance efficiency and reduce waste.

2Equipment Maintenance & Improvement: Support the maintenance and optimization of manufacturing equipment, troubleshoot issues, and improve operational stability.

3Data Collection & Analysis: Gather production data, analyze key performance indicators (KPIs), and provide improvement recommendations.

4Process Improvement: Participate in optimizing and standardizing manufacturing processes to enhance product quality and consistency.

5New Project Implementation Support: Assist the manufacturing team in trial production, testing, and production ramp-up of new products.

6Documentation & Standardization: Help draft and update standard operating procedures (SOPs), process flow charts, and other technical documents.

7Cross-Department Communication: Collaborate with production, quality, and R&D teams to ensure smooth manufacturing operations.

8Safety & Compliance: Adhere to factory safety regulations, support safety improvement projects, and ensure compliance with relevant standards and regulations.

9Other duties as assigned.

10Nothing in the Position Description restricts management's right to assign or re-assign duties and responsibilities to this job at any time.

IⅤ. Qualification

Job RequirementsLanguageLanguages spoken commonly in the workplace are English and/or Mandarin. - Ability to read, understand and comprehend documents such as safety rules, operating and maintenance instructions. Ability to interpret a variety of instructions furnished in written, oral, diagram, or schedule form.
Ability to speak effectively and interact with other team members, engineers, leadership, and customers.

EducationBachelor's or Master's degree in Mechanical Engineering, Industrial Engineering, Manufacturing Engineering, or a related field.

Physical ConditionThe employee is regularly required to stand for long periods.                                                                                                                                 Duties include turning at the waist, reaching, bending, squatting and lifting up to 50 pounds.                                                                               Ability to pass static strength requirements (grip)
Visual acuity including, but not limited to:
a. NEAR ACUITY - Clarity of vision at 20 inches or less. Use this factor when special and minute accuracy is demanded.
b. FAR ACUITY - Clarity of vision at 20 feet or more. Use this factor when visual efficiency in terms of far acuity is required in day and night/dark conditions.
c. DEPTH PERCEPTION - Three-dimensional vision. Ability to judge distances and spatial relationships so as to see objects where and as they actually are.
d. COLOR VISION - Ability to identify and distinguish colors.
e. FIELD OF VISION - Observing an area that can be seen up and down or to right or left while eyes are fixed on a given point.
The noise level in the work environment is usually moderate. Safety requirements for this position
are safety glasses, hearing protection and steel-toed work boots.

Other RequirementsMATHEMATICAL SKILLS -
Ability to add, subtract, multiply, and divide in all units of measure, using whole numbers, common fractions, and decimals.
REASONING ABILITY - Ability to solve practical problems and deal with a variety of variables.
COMPUTER SKILLS - Knowledge of and familiarity manufacturing software.

Training Required Competent in solving difficult problems in production;

Familiar with production management knowledge and ability;

Competent in leading, communication, coordination, and organizational skills;

Skilled in coating technology, enhancing, and training subordinates;

V. Work Environment:
While performing the duties of this job, the employee is occasionally exposed to extreme heat. The noise level in the work environment is usually moderate. Safety requirements for this position
are safety glasses and steel-toed work boots.

VI. Key Performance Indicators:
Output, Yield, Safety

This is a 3rd Shift Position

3rd Shift
Must be 18 years of age or older.
Fuyao Glass America Inc., Core Foundation Competencies including Ethics, Integrity, Values & Trust. Fuyao Glass America Inc. is An Equal Opportunity/Affirmative Action Employer. All qualified applicants will receive consideration for employment without regard to race, color, religion, sex, national origin, disability or protected veteran status.
Fuyao Glass America, Inc. is a Drug-Free Workplace",4897,https://workforcenow.adp.com/mascsr/default/mdf/recruitment/recruitment.html?cid=25319558-d6a9-48ab-93d2-99e4878a8ffc&ccId=19000101_000001&jobId=9200982609397_1&lang=en_US,,,,,,,not_checked,,2026-09-27,,2026-10-10,,585,startDate,true,0,,,,,,2025-03-04,,false,4,67558,67558,68177,subset,Manufacturing Engineer
9200969438251_1,Manufacturing Engineer,Fuyao Glass America,,,Posted 594 Days Ago,2025-02-10,607,"Moraine, OH, US",1,"Moraine, OH, US",false,,United States,,0,"I. Job ProfileJob TitleManufacturing EngineerDepartmentProduction Department

Direct SupervisorLead SupervisorDirect SubordinatesNone

II. Job Summary：
Responsible for improving pretreatment product quality, reducing the scrap rate in the pretreatment production process, enhancing output;

III. Job Functions and Duties

NO.Representative Duties

1Production Process Optimization: Analyze and improve production processes to enhance efficiency and reduce waste.

2Equipment Maintenance & Improvement: Support the maintenance and optimization of manufacturing equipment, troubleshoot issues, and improve operational stability.

3Data Collection & Analysis: Gather production data, analyze key performance indicators (KPIs), and provide improvement recommendations.

4Process Improvement: Participate in optimizing and standardizing manufacturing processes to enhance product quality and consistency.

5New Project Implementation Support: Assist the manufacturing team in trial production, testing, and production ramp-up of new products.

6Documentation & Standardization: Help draft and update standard operating procedures (SOPs), process flow charts, and other technical documents.

7Cross-Department Communication: Collaborate with production, quality, and R&D teams to ensure smooth manufacturing operations.

8Safety & Compliance: Adhere to factory safety regulations, support safety improvement projects, and ensure compliance with relevant standards and regulations.

9Other duties as assigned.

10Nothing in the Position Description restricts management's right to assign or re-assign duties and responsibilities to this job at any time.

IⅤ. Qualification

Job RequirementsLanguageLanguages spoken commonly in the workplace are English and/or Mandarin. - Ability to read, understand and comprehend documents such as safety rules, operating and maintenance instructions. Ability to interpret a variety of instructions furnished in written, oral, diagram, or schedule form.
Ability to speak effectively and interact with other team members, engineers, leadership, and customers.

EducationBachelor's or Master's degree in Mechanical Engineering, Industrial Engineering, Manufacturing Engineering, or a related field.

Physical ConditionThe employee is regularly required to stand for long periods.                                                                                                                                 Duties include turning at the waist, reaching, bending, squatting and lifting up to 50 pounds.                                                                                Ability to pass static strength requirements (grip)
Visual acuity including, but not limited to:
a. NEAR ACUITY - Clarity of vision at 20 inches or less. Use this factor when special and minute accuracy is demanded.
b. FAR ACUITY - Clarity of vision at 20 feet or more. Use this factor when visual efficiency in terms of far acuity is required in day and night/dark conditions.
c. DEPTH PERCEPTION - Three-dimensional vision. Ability to judge distances and spatial relationships so as to see objects where and as they actually are.
d. COLOR VISION - Ability to identify and distinguish colors.
e. FIELD OF VISION - Observing an area that can be seen up and down or to right or left while eyes are fixed on a given point.
The noise level in the work environment is usually moderate. Safety requirements for this position
are safety glasses, hearing protection and steel-toed work boots.

Other RequirementsMATHEMATICAL SKILLS -
Ability to add, subtract, multiply, and divide in all units of measure, using whole numbers, common fractions, and decimals.
REASONING ABILITY - Ability to solve practical problems and deal with a variety of variables.
COMPUTER SKILLS - Knowledge of and familiarity manufacturing software.

Training Required Competent in solving difficult problems in production;

Familiar with production management knowledge and ability;

Competent in leading, communication, coordination, and organizational skills;

Skilled in coating technology, enhancing, and training subordinates;

V. Work Environment:
While performing the duties of this job, the employee is occasionally exposed to extreme heat. The noise level in the work environment is usually moderate. Safety requirements for this position
are safety glasses and steel-toed work boots.

VI. Key Performance Indicators:
Output, Yield, Safety

This is a 3rd Shift position

3rd shift
Must be 18 years of age or older.
Fuyao Glass America Inc., Core Foundation Competencies including Ethics, Integrity, Values & Trust. Fuyao Glass America Inc. is An Equal Opportunity/Affirmative Action Employer. All qualified applicants will receive consideration for employment without regard to race, color, religion, sex, national origin, disability or protected veteran status.
Fuyao Glass America, Inc. is a Drug-Free Workplace.",4899,https://workforcenow.adp.com/mascsr/default/mdf/recruitment/recruitment.html?cid=25319558-d6a9-48ab-93d2-99e4878a8ffc&ccId=19000101_000001&jobId=9200969438251_1&lang=en_US,,,,,,,not_checked,,2026-09-27,,2026-10-10,,607,startDate,true,0,,,,,,2025-02-10,,false,4,67558,67558,68177,title,Manufacturing Engineer
9200969440222_1,Manufacturing Engineer,Fuyao Glass America,,,Posted 594 Days Ago,2025-02-10,607,"Moraine, OH, US",1,"Moraine, OH, US",false,,United States,,0,"I. Job ProfileJob TitleManufacturing EngineerDepartmentProduction Department

Direct SupervisorLead SupervisorDirect SubordinatesNone

II. Job Summary：
Responsible for improving pretreatment product quality, reducing the scrap rate in the pretreatment production process, enhancing output;

III. Job Functions and Duties

NO.Representative Duties

1Production Process Optimization: Analyze and improve production processes to enhance efficiency and reduce waste.

2Equipment Maintenance & Improvement: Support the maintenance and optimization of manufacturing equipment, troubleshoot issues, and improve operational stability.

3Data Collection & Analysis: Gather production data, analyze key performance indicators (KPIs), and provide improvement recommendations.

4Process Improvement: Participate in optimizing and standardizing manufacturing processes to enhance product quality and consistency.

5New Project Implementation Support: Assist the manufacturing team in trial production, testing, and production ramp-up of new products.

6Documentation & Standardization: Help draft and update standard operating procedures (SOPs), process flow charts, and other technical documents.

7Cross-Department Communication: Collaborate with production, quality, and R&D teams to ensure smooth manufacturing operations.

8Safety & Compliance: Adhere to factory safety regulations, support safety improvement projects, and ensure compliance with relevant standards and regulations.

9Other duties as assigned.

10Nothing in the Position Description restricts management's right to assign or re-assign duties and responsibilities to this job at any time.

IⅤ. Qualification

Job RequirementsLanguageLanguages spoken commonly in the workplace are English and/or Mandarin. - Ability to read, understand and comprehend documents such as safety rules, operating and maintenance instructions. Ability to interpret a variety of instructions furnished in written, oral, diagram, or schedule form.
Ability to speak effectively and interact with other team members, engineers, leadership, and customers.

EducationBachelor's or Master's degree in Mechanical Engineering, Industrial Engineering, Manufacturing Engineering, or a related field.

Physical ConditionThe employee is regularly required to stand for long periods.                                                                                                                                 Duties include turning at the waist, reaching, bending, squatting and lifting up to 50 pounds.                                                                               Ability to pass static strength requirements (grip)
Visual acuity including, but not limited to:
a. NEAR ACUITY - Clarity of vision at 20 inches or less. Use this factor when special and minute accuracy is demanded.
b. FAR ACUITY - Clarity of vision at 20 feet or more. Use this factor when visual efficiency in terms of far acuity is required in day and night/dark conditions.
c. DEPTH PERCEPTION - Three-dimensional vision. Ability to judge distances and spatial relationships so as to see objects where and as they actually are.
d. COLOR VISION - Ability to identify and distinguish colors.
e. FIELD OF VISION - Observing an area that can be seen up and down or to right or left while eyes are fixed on a given point.
The noise level in the work environment is usually moderate. Safety requirements for this position
are safety glasses, hearing protection and steel-toed work boots.

Other RequirementsMATHEMATICAL SKILLS -
Ability to add, subtract, multiply, and divide in all units of measure, using whole numbers, common fractions, and decimals.
REASONING ABILITY - Ability to solve practical problems and deal with a variety of variables.
COMPUTER SKILLS - Knowledge of and familiarity manufacturing software.

Training Required Competent in solving difficult problems in production;

Familiar with production management knowledge and ability;

Competent in leading, communication, coordination, and organizational skills;

Skilled in coating technology, enhancing, and training subordinates;

V. Work Environment:
While performing the duties of this job, the employee is occasionally exposed to extreme heat. The noise level in the work environment is usually moderate. Safety requirements for this position
are safety glasses and steel-toed work boots.

VI. Key Performance Indicators:
Output, Yield, Safety

This is a 3rd Shift Position

3rd shift",4464,https://workforcenow.adp.com/mascsr/default/mdf/recruitment/recruitment.html?cid=25319558-d6a9-48ab-93d2-99e4878a8ffc&ccId=19000101_000001&jobId=9200969440222_1&lang=en_US,,,,,,,not_checked,,2026-09-27,,2026-10-10,,607,startDate,true,0,,,,,,2025-02-10,,false,4,67558,67558,68177,title,Manufacturing Engineer
9201208542908_1,Material Accountant - Finance Dept,Fuyao Glass America,,Full time,Posted 167 Days Ago,2026-04-15,178,"Moraine, OH, US",1,"Moraine, OH, US",false,,united states,,0,"Job Title: Material Accountant

Job Summary: Responsible for purchasing, checking, and monitoring the company's materials, controlling the company's raw and auxiliary materials. Responsible for checking and monitoring the company's fixed assets to guarantee the safety and completeness of the fixed assets and the safety of funds.

Job Functions:

• Review the sales system's expenses, compare the budgets, find out and analyze the reasons of inconsistency and report the reasons to Accounting Manager

• Review the consistency of the purchased materials quantity, category and unit price with the contractual terms according to the contract, invoices and materials receiving notes as well as check the legality of invoices

• Review whether the shipment notes of daily materials are consistent with the material requisition or whether the notes are correctly filled out; review whether the material requisition department's filing is correct or whether the material requisition business is normal

• When there is any business requires advance payment without the warehousing of goods (labor service), it is required to investigate the other party's credit standing and finance conditions, and the payment for goods can only be paid after responsible leader's approval; implement the responsible person's tracking and obtain the corresponding goods (labor service) and official invoices within the specified time of period

• Responsible for supervising the compensation claim and settlement of material procurement

• Responsible for preparing the accounting statements and analysis statements (such as the monthly material analysis report and material cost variation analysis, etc.) related to the materials

• Responsible for regularly checking the accounts with main suppliers to guarantee the consistency of both parties' accounts; if there is any inconsistency, Procurement Department should offer assistance to investigate the reasons as soon as possible and make corresponding adjustments

• Conduct the system accounting and check whether procurement orders built by Procurement Department are consistent with the contractual terms

•  Carry out the inventory check system to guarantee the consistency of accounts; timely find out the reasons of any inconsistency and investigate the responsibility

• Monitor the inventory status and timely report the overstocked materials to the management for handling

• Responsible for the reimbursement of asset procurement and controlling the procurement expenses

• Responsible for reviewing the application for asset procurement

• Correctly maintain the financial information of assets and correctly withdraw the depreciation of fixed assets

• Timely transfer the fixed assets of construction in progress according to the accounting system and supervise the progress of acceptance inspection of the construction in progress

• Responsible for the machine account registration, numbering identification, internal transfer and other management work of the fixed assets

• Carry out the inventory check system to guarantee the consistency of accounts; timely find out the reasons of any inconsistency and investigate the responsibility

• Review the invoices receipts and timely collect the funds correctly

• Other duties as assigned

• Nothing in the Position Description restricts management's right to assign or re-assign duties and responsibilities to this job at any time

Qualifications

•   Languages spoken commonly in the workplace are English and Mandarin. Ability to read, understand and comprehend documents such as safety rules, operating and maintenance instructions. Ability to interpret a variety of instructions furnished in written, oral, diagram, or schedule form.

• Ability to speak effectively and interact with other team members, engineers, leadership and customers

• 1+ years of experience in accounting; Undergraduate or above; good professional integrity and working attitude (accounting major preferred)

• The employee is regularly required o stand or sit for long periods. Duties will include long periods of viewing a computer monitor

• Ability to add, subtract, multiply, and divide in all units of measure, using whole numbers, common fractions, and decimals

• Ability to solve practical problems and deal with a variety of variables

• Knowledge of and familiarity manufacturing software

• Proficient in Office software

• Good communication skills and language ability

• Company process and job characteristics

• Company's regulations and relevant laws and rules

• Company's finance management and financial accounting system

• Operation of ORACLE or similar systems

• Familiar with tax laws and regulations

• Financial accounting

• Significant experience in planning, organization and coordination

• Demonstrated skills in communications and persuasion with fellow employees and subordinates

• Demonstrated skills in financial analysis

• Excellent observational skills and ability to work under pressure

• Trained in financial accounting, management accounting and budgeting

• Trained in ORACLE and other kinds of ERP systems

• Trained in certain kinds of management skills and leadership",5194,https://workforcenow.adp.com/mascsr/default/mdf/recruitment/recruitment.html?cid=25319558-d6a9-48ab-93d2-99e4878a8ffc&ccId=19000101_000001&jobId=9201208542908_1&lang=en_US,,,,,,,not_checked,,2026-09-29,,2026-10-10,,178,startDate,true,0,,,,,,2026-04-15,,,,,,,,
9201214537165_1,Production Associate--2nd Shift Only,Fuyao Glass America,,Full time,Posted Today,2026-09-30,10,"Moraine, OH, US",1,"Moraine, OH, US",false,,united states,,0,"I. Job ProfileJob TitleProduction AssociateDepartmentProduction areas

Direct SupervisorShift SupervisorDirect SubordinatesNone

II. Job Summary：
Responsible for post in production safety, TPM, 5s and complete assigned jobs.

III. Job Functions and Duties

NO.Representative Duties

1Responsible to the workshop manager, obeying his/her technician’s and shift supervisor’s arrangement and deployment;

2Responsible for assigned job tasks, reporting any problems to the technician or supervisors;

3Responsible for handling post abnormalities in production, promptly reporting the results;

4Responsible for cleaning, management and safety of post, tooling, tools and equipment;

5Understanding Post Environmental Factors, Hazards and Control Methods;

6Conscientiously implementing integrated management system related documents;

7Storing post wastes by categories;

8Familiar with post material safety data sheets and emergency response measures;

9Other duties as assigned

10Nothing in the Position Description restricts management's right to assign or re-assign duties and responsibilities to this job at any time

IⅤ. Qualification

Job RequirementsLanguageLanguage spoken commonly in the workplace is English. - Ability to read, understand and comprehend documents such as safety rules, operating and maintenance instructions. Ability to interpret a variety of instructions furnished in written, oral, diagram, or schedule form. Ability to speak effectively and interact with other team members, engineers, leadership and customers.

Experience1-2 years of previous manufacturing expereince prefered, but will train.

EducationHigh School Diploma or General Education Degree (GED)

Physical ConditionThe employee is regularly required to stand the duration for long periods of time.  Turning at the waist, reaching, bending, squatting, and lifting up to 55lbs. repeatedly.

Other Requirementsa. Near Acuity-Clarity of vision at 20 inches or less. Use the factor when special and minute accuracy is demanded.
b. Far Acuity - Clarity of vision at 20 feet or more. Use the factor when visual effeciency in terms of far acuity is required day & night/dark conditions.
Must Pass a Tier ll Physical.                                                Must Pass a Background Check.

Knowledge, Skills & Abilities utilized on the jobProfessional  Knowledge, Skills1.Familiar with technology, quality, equipment operating instructions and environmental operating instructions;

2. Familiar with product appearance quality requirements and test methods;

3. Familiar with product safety and regulation;

4. Familiar with production orders and tracking sheets;

5. Familiar with tin side detector/steel ruler and application of post other measuring instruments;

6. Familiar with loading and washing machine operation and maintenance;

7. Familiar with post safety precautions;

Training RequiredNew Hire Orientation

Enterprise Profile, Rules and Regulations, Product Quality, Technology, Safety, System and Other Awareness Training

Printing process production flow

Post safety operation

Post Related Material Safety Data Sheet

Post Related Operating Instructions

V. Work Environment:
While performing the duties of this job, the employee is exposed to extreme heat. The noise level in the work environment is usually moderate to loud. Safety requirements for this position are safety glasses and steel-toed work shoes and ear plugs.

VI. Key Performance Indicators:

Fuyao Glass America  participates in E-Verify.",3512,https://workforcenow.adp.com/mascsr/default/mdf/recruitment/recruitment.html?cid=25319558-d6a9-48ab-93d2-99e4878a8ffc&ccId=19000101_000001&jobId=9201214537165_1&lang=en_US,,,,,,,not_checked,,2026-09-30,,2026-10-10,,10,startDate,false,0,2026-10-08,,,,,2026-09-30,,,,,,,,
9201288011464_1,Production Planner -Logistics-Planning Dept,Fuyao Glass America,,Full time,Posted 26 Days Ago,2026-09-04,36,"Moraine, OH, US",1,"Moraine, OH, US",false,,united states,,0,"Job Description

I. Job ProfileJob TitleProduction PlannerDepartmentLogistics-Planing Department

Direct SupervisorProduction Planning SupervisorDirect SubordinatesNone

II. Job Summary：
According to each plant's capacity to arrange the production plan, track and monitor it,commite the delivery schedule of sale orders,make sure the shippment schedule on time, and assiste the department manager to deal with rountine work.

III. Job Functions and Duties

NO.Representative Duties

1Balance the factory orders to ensure timely and simultaneous delivery

2Effectively control the order of each plant to ensure smoothy logistics

3Timely adjustment programs, control production anomalies, to meet customer demand delivery

4According to the order status to arrange outsourcing service or produce on other plants, in order to meet customers' orders.

5Improve the rationality of the factory process production schedule , enhance the delivery of factory production

6Supervise the production system operation effectively, enhance the track of production delivery

7Control the inventory of products in progress and finished products at a reasonable level to avoid overdue and sluggishness

8Make sure to achieve the department's KPI

9Timely completion and improvement of matters assigned by superiors

10Understand the environmental factors, hazards and control methods;

11Implement integrated management system to implement the provisions of the relevant documents;

12Do classification of waste deposited in own postion;

13Other duties as assigned;

14Nothing in the Position Description restricts management's right to assign or re-assign duties and responsibilities to this job at any time.

IⅤ. Qualification

Job RequirementsLanguageLanguages spoken commonly in the workplace are English and/or Mandarin. - Ability to read, understand and comprehend documents such as safety rules, operating and maintenance instructions. Ability to interpret a variety of instructions furnished in written, oral, diagram, or schedule form.
Ability to speak effectively and interact with other team members, engineers, leadership and customers.

ExperienceWork experience in planning department is preferred

EducationBachelor's degree or above in supply chain management or any other related field

Physical ConditionThe employee is regularly required o in good health, available to work long time with computer, bear high stress

Other RequirementsMATHEMATICAL SKILLS -
Ability to add, subtract, multiply, and divide in all units of measure, using whole numbers, common fractions, and decimals.
REASONING ABILITY - Ability to solve practical problems and deal with a variety of variables.
COMPUTER SKILLS - Knowledge of and familiarity manufacturing software.

Knowledge, Skills & Abilities utilized on the jobProfessional Knowledge, SkillsFamiliar with common office software, the master of the integrated use of ERP, have good communication and coordination skills

Master ERP system integrated use, PLM, bar code systems, the tracking module knowledge

Release order reasonably, supervise factory production schedule

Good access to data, analyze data

Familiar with the position operating instructions

Familiar with WORD, EXCEL office software

Good communication and coordination skills, teamwork spirit

Training RequiredPRP Training

Order Review Query

Production delivery tracking (barcode queries)

Sales forecast and capacity balance analysis

Communication skills

V. Work Environment:
While performing the duties of this job, the employee is occasionally exposed to extreme heat. The noise level in the work environment is usually moderate. Safety requirements for this position are safety glasses,steel-toed work boots and reflective vests

VI. Key Performance Indicators:
On time shipments-OEM/On time shipments_ARG/Improvement project earnings_1K/Days of Inventory WIP/Days of Inventory FG(OEM)/Hourly employee OT hours_Hr/Month/FBT/GT production batch

Must be 18 years of age or older.
Fuyao Glass America Inc., Core Foundation Competencies including Ethics, Integrity, Values & Trust. Fuyao Glass America Inc. is An Equal Opportunity/Affirmative Action Employer. All qualified applicants will receive consideration for employment without regard to race, color, religion, sex, national origin, disability or protected veteran status.
Fuyao Glass America, Inc. is a Drug-Free Workplace.",4395,https://workforcenow.adp.com/mascsr/default/mdf/recruitment/recruitment.html?cid=25319558-d6a9-48ab-93d2-99e4878a8ffc&ccId=19000101_000001&jobId=9201288011464_1&lang=en_US,,,,,,,not_checked,,2026-09-30,,2026-10-10,,36,startDate,true,0,,,,,,2026-09-04,,,4,64107,65822,67454,subset,Production Planner
9201299374982_1,Logistics Operator,Fuyao Glass America,,Full time,Posted 1 Days Ago,2026-09-28,12,"Moraine, OH, US",1,"Moraine, OH, US",false,,united states,,0,"Must be 18 years of age or older.

Fuyao Glass America Inc., Core Foundation Competencies including Ethics, Integrity, Values & Trust. Fuyao Glass America Inc. is An Equal Opportunity/Affirmative Action Employer. All qualified applicants will receive consideration for employment without regard to race, color, religion, sex, national origin, disability or protected veteran status.

Fuyao Glass America, Inc. is a Drug-Free Workplace.",435,https://workforcenow.adp.com/mascsr/default/mdf/recruitment/recruitment.html?cid=25319558-d6a9-48ab-93d2-99e4878a8ffc&ccId=19000101_000001&jobId=9201299374982_1&lang=en_US,,,,,,,not_checked,,2026-09-29,,2026-10-10,,12,startDate,false,0,,,,,,2026-09-28,,,,,,,,
9201299994848_1,Manufacturing Data Analyst - ARG Lamination Dept,Fuyao Glass America,,Full time,Posted 1 Days Ago,2026-09-29,11,"Moraine, OH, US",1,"Moraine, OH, US",false,,united states,,0,"I. Job ProfileJob TitleManufacturing Data AnalystDepartmentARG Lamination

Direct SupervisorLead SupervisorDirect SubordinatesNone

II. Job Summary：
1. Verify data in Plex, in charge of correcting and standardizing the Plex operation and provide training to guarantee the accuracy of the system.
2. Collect, analyze, track and supervise the implementation of important data of the department, such as KPI data, weekly reports, monthly reports, handling of overdue inventory, writing of work instructions, etc.

III. Job Functions and Duties

NO.Representative Duties

1Collect, clean, and organize large datasets from multiple systems, including ERP (Enterprise Resource Planning), MES (Manufacturing Execution System), sensor networks, and inventory platforms such as Plex.

2Perform quantitative analysis and build predictive models to uncover trends in production efficiency, material usage, and quality deviations.

3Generate automated reports and interactive dashboards for cross-functional teams (manufacturing, quality, supply chain, finance), highlighting key performance indicators (KPIs) such as yield, OEE (Overall Equipment Effectiveness), and scrap rates.

4Conduct root cause analysis on production inefficiencies and quality issues; provide actionable insights that support process improvement and cost reduction initiatives.

5Utilize statistical software for hypothesis testing, regression analysis, and variance analysis in support of operational decision-making.

6Apply financial and operational modeling techniques to optimize production scheduling, reduce inventory holding costs, and improve ROI on capital equipment.

7Develop and maintain data pipelines and analytical frameworks that ensure data accuracy, integrity, and scalability.

8Collaborate with production teams and train operators and engineers on data collection methods, dashboard interpretation, and continuous improvement practices.

10Apply financial modeling techniques to evaluate ROI on capital equipment investments and analyze trade-offs in production scheduling, labor allocation, and raw material purchasing strategies.

11Build operational and financial forecasting models integrating manufacturing KPIs with budgeting and cash flow planning, directly supporting monthly variance analysis and strategic decision-making. Ensure accurate barcode-based packing and inventory tracking, integrating logistics data with financial reconciliation systems to support timely and accurate cost-of-goods-sold (COGS) reporting.

12Support and hoc financial analysis, including cost-benefit analyses for new process implementations and budgeting impact projections for new production lines.

13Nothing in the Position Description restricts management's right to assign or re-assign duties and responsibilities to this job at any time.

IⅤ. Qualification

Job RequirementsLanguageLanguages spoken commonly in the workplace are English and/or Mandarin. - Ability to read, understand and comprehend documents such as safety rules, operating and maintenance instructions. Ability to interpret a variety of instructions furnished in written, oral, diagram, or schedule form.
Ability to speak effectively and interact with other team members, engineers, leadership and customers.

ExperienceMore than one year working experience

EducationBachelor's degree and above

Physical ConditionThe employee is regularly required to be in good health, available to work long time with computer, and bear high stress

Other RequirementsMATHEMATICAL SKILLS -
Ability to add, subtract, multiply, and divide into all units of measure, using whole numbers, common fractions, and decimals.
REASONING ABILITY - Ability to solve practical problems and deal with a variety of variables.
COMPUTER SKILLS - Knowledge of and familiarity manufacturing software.

Knowledge, Skills & Abilities utilized on the jobProfessional Knowledge, SkillsFamiliar with company's production process and Plex operation

Familiar with EXCEL and other office software, need strong data analysis ability

Good logic ability, strong data analysis ability

Familiar with supply chain management

Training RequiredPRP operation

PRP management

Management method for material planning

Operation training for supply chain management and logistics management

Program manual

V. Work Environment:
While performing the duties of this job, the employee is occasionally exposed to extreme heat. The noise level in the work environment is usually moderate. Safety requirements for this position are safety glasses, steel-toed work boots and reflective vests.

VI. Key Performance Indicators:
On time shipments-OEM/On time shipments_ARG/Improvement project earnings_1K/Days of Inventory WIP/Days of Inventory FG(OEM)/Hourly employee OT hours_Hr/Month/FBT/GT production batch

Must be 18 years of age or older.
Fuyao Glass America Inc., Core Foundation Competencies including Ethics, Integrity, Values & Trust. Fuyao Glass America Inc. is An Equal Opportunity/Affirmative Action Employer. All qualified applicants will receive consideration for employment without regard to race, color, religion, sex, national origin, disability or protected veteran status.
Fuyao Glass America, Inc. is a Drug-Free Workplace.",5238,https://workforcenow.adp.com/mascsr/default/mdf/recruitment/recruitment.html?cid=25319558-d6a9-48ab-93d2-99e4878a8ffc&ccId=19000101_000001&jobId=9201299994848_1&lang=en_US,,,,,,,not_checked,,2026-09-30,,2026-10-10,,11,startDate,false,0,,,,,,2026-09-29,,,,,,,,
9201300343760_1,Shift Supervisor (Lamination Preassembly Department),Fuyao Glass America,,Full time,Posted Today,2026-09-30,10,"Moraine, OH, US",1,"Moraine, OH, US",false,,united states,,0,"Job Title: Shift Supervisor

Job Summary：
1. Production safety (proper wear of PPEs)

2. Product quality (yield produced by each shift)

3. Productivity (pieces produced by each shift)

4. Job observation (associates’ skills/wait on the job/defects/on-site conditions/preparations)

5. Training (equipment operation, quality standards, process requirements and information feedback procedure)

6. Emergency issue handling (4M changes, sudden equipment breakdowns, production problems)

Job Functions:

• Conducting pre-shift meeting

• Assembly's process of finished products

• Guidance and leadership to personnel and motivation of Associates to reach

• Create grid whiteboard maintenance and direction to Associates

• Oversight of glass auditing and Plex entry

• Other duties as assigned

• Nothing in the Position Description restricts management's right to assign or re-assign duties and responsibilities to this job at any time

Qualifications:

• Languages spoken commonly in the workplace are English and Mandarin. Ability to read, understand and comprehend documents such as safety rules, operating and maintenance instructions. Ability to interpret a variety of instructions furnished in written, oral, diagram, or schedule form

• Ability to speak effectively and interact with other team members, engineers, leadership and customers

• 1 to 3 years manufacturing experience and /or training; or equivalent combination of education and experience preferred

• High School Diploma or General Education Degree (GED)

• The employee is regularly required to stand for long periods. Duties include turning at the waist, reaching, bending, squatting and lifting up to 50 pounds

• Ability to pass static strength requirements (grip)

• Clarity of vision at 20 inches or less. Use this factor when special and minute accuracy is demanded

• Clarity of vision at 20 feet or more. Use this factor when visual efficiency in terms of far acuity is required in day and night/dark conditions

• Three-dimensional vision. Ability to judge distances and spatial relationships so as to see objects where and as they actually are

•  Ability to identify and distinguish colors

• Observing an area that can be seen up and down or to right or left while eyes are fixed on a given point.

• The noise level in the work environment is usually moderate

• Safety requirements for this position are safety glasses, hearing protection and steel-toed work boots

• Ability to add, subtract, multiply, and divide in all units of measure, using whole numbers, common fractions, and decimals

• Ability to solve practical problems and deal with a variety of variables

• Knowledge of and familiarity manufacturing software

• FORKLIFT OPERATION (Certification Required)

• Operates forklifts, as needed, to support Production

• Background and policy of company, Processing of produce, safety requirement, and any necessary knowledge

• Knowledge of 5S and how it applies to specific work area

• Equipment and electric appliance's mechanical structures and operating principles

• Remember and understand <Material and Safety of processing menu book>

• Self working 90 days

• Familiar with operation 60 days

• Being a trainer 180 days

• Give advises 180 days

Responsible report to Lead supervisor,orgnize and plan production based on production orders, shift production daily report.

Fully responsible to shift production quality and cost, manage and control each KPI in order to fulfill the company's requests.

Implement pre-shift meeting regulation. Report production, quality, work regulation issues.

Responsible to solve production issues,orgnize personnel to solve problems.

Responsible for work coordination,assist finacial department and statistic department in plant stock taking and bonus management.

Supervise the preparation of each position before production, Monitor work regulations,q uality,safety.Make sure that operators will work according to 3 operation instructions.

Implement initial training ,formal training and multi positions training, Implementation evaluation follow-up.

Collect shift production data,analyze shift production and quality status, report to Lead supervisor.                                                                                                                                                Responsible for managing 5 Star kanban and conducting the TPM activity of the workshop

Implement 5s and visionary management on-site.Keep safe and clean environment. Keep items in their positions.

In case of emergency,follow the instructions in emergency plan.

Responsible for quality document and record management. Manage and supervise equipment and tools in the plant.

Double check the accuracy of production report preparation and import to system.Make sure the responsible warehouse materials quantities match system record.

Identify workplace environment factor, hazard resource and control method.

Strictly implement the regulations of comprehensive management system(Complete Daily Safety checklist).

Take care of sorting and storage of own waste.

Assist other matters.

Other duties as assigned

Nothing in the Position Description restricts management's right to assign or re-assign duties and responsibilities to this job at any time",5296,https://workforcenow.adp.com/mascsr/default/mdf/recruitment/recruitment.html?cid=25319558-d6a9-48ab-93d2-99e4878a8ffc&ccId=19000101_000001&jobId=9201300343760_1&lang=en_US,,,,,,,not_checked,,2026-09-30,,2026-10-10,,10,startDate,false,0,,,,,,2026-09-30,,,,,,,,
9201300579974_1,Outgoing Quality Control - Quality Dept,Fuyao Glass America,,Full time,Posted 1 Days Ago,2026-09-30,10,"Moraine, OH, US",1,"Moraine, OH, US",false,,united states,,0,"Job Description

I. Job ProfileJob TitleOutgoing Quality Control (OQC)DepartmentQuality Control

Direct SupervisorLead Quality Control Supervisor/Quality Control SupervisorDirect SubordinatesN/A

II. Job Summary：
1. Outgoing quality inspection (100% Checking and Stamping);
2. Quality Problem Handling;
3. Management of Final Product Inspection Data;
4. Product Inspection and Product Standard Training;
5. Production Group Quality Evaluation;
6. Reports to prepare and submit.

III. Job Functions and Duties

NO.Representative Duties

1Outgoing Quality Inspection:
1.1 Conduct outgoing inspection according to glass inspection standard and 100% checking items list;
1.2 Responsible for identifying and isolating non-conforming glass;
1.3 Co-ordinate with other department and ensure smooth flow of shipment;
1.4 Recording the quality issue and data.

2Quality Problem Handling:
2.1 Participate in judging the responsibility for quality problem;
2.2 Assist in answering quality questions from the production staff.
2.3 Responsible for making feedback and tracking quality problem;
2.4 Assist with quality team or related department to analysis the root cause and action plan for the quality problem.

3Management of Final Product Inspection Data:
3.1 Responsible for collecting, compiling and archiving inspection record;
3.2 Make statistics, analyze, report, and track the quality performance.

4Product Inspection and Product Standard Training:
4.1 Train supervisor/team leader about the Inspection Flow and Quality Standard;
4.2 Train associates about new products or updated standard.

5Production Group Quality Evaluation:
5.1 Responsible for monthly Production Group quality evaluation, providing suggestions to Quality Supervisor for improvement;
5.2 Participate in the process audit based on the Control Plan, track audit problems, and assist Quality Supervisor to coordinate with other department to solve the audit problems;
5.3 Conduct comprehensive product audit for all types of glasses based on the product audit schedule.

6Reports to prepare and submit:
6.1 Daily, weekly, monthly, quarterly and annual product audit and process audit report;
6.2 Glass inspection report;
6.3 Glass quality problems feedback report.

7Other duties as assigned

8Nothing in the Position Description restricts management's right to assign or re-assign duties and responsibilities to this job at any time

IⅤ. Qualification

Job RequirementsLanguageLanguages spoken commonly in the workplace are English. - Ability to read, understand and comprehend documents such as safety rules, operating and maintenance instructions. Ability to interpret a variety of instructions furnished in written, oral, diagram, or schedule form.
Ability to speak effectively and interact with other team members, engineers, leadership and customers.

Experience1 to 3 years manufacturing experience and /or training; or equivalent combination of education and experience preferred. Over 1 year of the company's product inspection experience preferred.

EducationAbove technical secondary school degree, majoring in related specialty

Physical ConditionThe employee is regularly required o stand for long periods. Duties include turning at the waist, reaching, bending, squatting and lifting up to 50 pounds. Ability to pass static strength requirements (grip)
Visual acuity including, but not limited to:
a. NEAR ACUITY - Clarity of vision at 20 inches or less. Use this factor when special and minute accuracy is demanded.
b. FAR ACUITY - Clarity of vision at 20 feet or more. Use this factor when visual efficiency in terms of far acuity is required in day and night/dark conditions.
c. DEPTH PERCEPTION - Three-dimensional vision. Ability to judge distances and spatial relationships so as to see objects where and as they actually are.
d. COLOR VISION - Ability to identify and distinguish colors.
e. FIELD OF VISION - Observing an area that can be seen up and down or to right or left while eyes are fixed on a given point.
The noise level in the work environment is usually moderate. Safety requirements for this position
are safety glasses, hearing protection and steel-toed work boots.

Other RequirementsMATHEMATICAL SKILLS -
Ability to add, subtract, multiply, and divide in all units of measure, using whole numbers, common fractions, and decimals.
REASONING ABILITY - Ability to solve practical problems and deal with a variety of variables.
COMPUTER SKILLS - Knowledge of and familiarity manufacturing software. Proficient with Microsoft Office Software Word, Excel, Power Point

Knowledge, Skills & Abilities utilized on the jobProfessional Knowledge, SkillsProfessional Knowledge:
1. Production process and quality control method of glass;
2. Glass production process, product quality and characteristics.

Professional Skills:
1. Master glass manufacturing process;
2. Familiar with process audit and product audit;
3. Able to read parts machining drawing to inspect the glass;
4. Master related key elements of ISO/QS/VDA quality system;
5. Be proficient in product safety regulations and the correct use of various measuring tools;
6. Be proficient in glass inspection work instructions.

Management Competency:
1. Relatively better planning, organization, communication and coordination ability;
2. Capable of analyzing and solving problems.

Training RequiredTraining Required:
1. Trained in IATF16949 quality system knowledge;
2. Trained in glass quality standard;
3. Trained in SPC, QC seven tools, 5S, etc.

V. Work Environment:
While performing the duties of this job, the employee is occasionally exposed to extreme heat. The noise level in the work environment is usually moderate. Safety requirements for this position
are safety glasses and steel-toed work boots.

VI. Key Performance Indicators:
Completion rate of outgoing inspection plan, Completion rate of product/process audit finding, One-time qualified rate of products

This is a 1st Shift position

Must be 18 years of age or older.
Fuyao Glass America Inc., Core Foundation Competencies including Ethics, Integrity, Values & Trust. Fuyao Glass America Inc. is An Equal Opportunity/Affirmative Action Employer. All qualified applicants will receive consideration for employment without regard to race, color, religion, sex, national origin, disability or protected veteran status.
Fuyao Glass America, Inc. is a Drug-Free Workplace.",6394,https://workforcenow.adp.com/mascsr/default/mdf/recruitment/recruitment.html?cid=25319558-d6a9-48ab-93d2-99e4878a8ffc&ccId=19000101_000001&jobId=9201300579974_1&lang=en_US,,,,,,,not_checked,,2026-10-01,,2026-10-10,,10,startDate,false,0,,,,,,2026-09-30,,,,,,,,
9201300830118_1,Allocation Forklift,Fuyao Glass America,,Full time,Posted Today,2026-10-02,8,"Moraine, OH, US",1,"Moraine, OH, US",false,,united states,,0,"Job Title: Allocation Forklift

Job Functions:

Knowledge of organizational structure of Assembly

Job Summary：Loading/unloading of float glass. This position will require additional forklift skills in order to move glass safely and efficiently

Job Function:

• Support loading/unloading of raw material semi-finished product, and finished product

• Be responsible for storage location

• Inspect fork lift for maintenance needs and provide to Maintenance for regularly scheduled maintenance

• Responsible for scanning product, truck assignments, and storage location in the PLEX system

• Responsible for health and safety within every operation

• Assist team with processes toward continued improvement

• Perform 6S and housekeeping duties

• Assists and participates with other plant projects as needed

• Other duties as assigned

• Nothing in the Position Description restricts management's right to assign or re-assign duties and responsibilities to this job at any time

Qualifications

• Languages spoken commonly in the workplace are English and Mandarin. Ability to read, understand and comprehend documents such as safety rules, operating and maintenance instructions. Ability to interpret a variety of instructions furnished in written, oral, diagram, or schedule form

• Ability to speak effectively and interact with other team members, engineers, leadership and customers

• 1 to 3 years manufacturing experience and /or training; or equivalent combination of education and experience preferred

• High School Diploma or General Education Degree(GED)

• The employee is regularly required o stand for long periods. Duties include turning at the waist, reaching, bending, squatting and lifting up to 50 pounds. Ability to pass static strength requirements (grip)

• Visual acuity including, but not limited to:

• Clarity of vision at 20 inches or less. Use this factor when special and minute accuracy is demanded

• Clarity of vision at 20 feet or more. Use this factor when visual efficiency in terms of far acuity is required in day and night/dark conditions

• Three-dimensional vision. Ability to judge distances and spatial relationships so as to see objects where and as they actually are

• Ability to identify and distinguish colors

• Observing an area that can be seen up and down or to right or left while eyes are fixed on a given point

• The noise level in the work environment is usually moderate. Safety requirements for this position are safety glasses, hearing protection and steel-toed work boots

• Ability to add, subtract, multiply, and divide in all units of measure, using whole numbers, common fractions, and decimals

• Ability to solve practical problems and deal with a variety of variables

• Knowledge of and familiarity manufacturing software

• Must be proficient in metric system and have adequate reading skills

• If an associate transfers from one position to a second position, he/she should remain in the second position for a minimum of six months prior to bidding on another job

• No active discipline above a Verbal Warning

• Good attendance record

• Interested associates should turn in a signed Job Interest Form by you and your supervisor to the Human Resource office, or place in the Job Interest Box

• Forklift driver and material handler experience preferred

• Proficiency in ERP/Microsoft Office

• Safety and goal oriented

• Self-motivated with excellent communication and interpersonal skills

• Knowledgeable of work instructions and TS16949 systems

• Fuyao Fork Lift License

The position’s preparation before production (including forklift recovery and charging)

Delivery of empty racks and crates (wood, steel) to lines

Transfer of packed and banded crates from lines to staging area

Removal of defect racks and transport to designated location

Effective and efficient forklift operating technique

Must be 18 years of age or older.

Fuyao Glass America Inc., Core Foundation Competencies including Ethics, Integrity, Values & Trust. Fuyao Glass America Inc. is An Equal Opportunity/Affirmative Action Employer. All qualified applicants will receive consideration for employment without regard to race, color, religion, sex, national origin, disability or protected veteran status.

Fuyao Glass America, Inc. is a Drug-Free Workplace.",4320,https://workforcenow.adp.com/mascsr/default/mdf/recruitment/recruitment.html?cid=25319558-d6a9-48ab-93d2-99e4878a8ffc&ccId=19000101_000001&jobId=9201300830118_1&lang=en_US,,,,,,,not_checked,,2026-10-02,,2026-10-10,,8,startDate,false,0,,,,,,2026-10-02,,,,,,,,
9201301339607_1,Allocation Forklift 2nd Shift,Fuyao Glass America,,Full time,Posted 1 Days Ago,2026-09-30,10,"Moraine, OH, US",1,"Moraine, OH, US",false,,united states,,0,"Job Title: Allocation Forklift

Job Functions:

Knowledge of organizational structure of Assembly

Job Summary：Loading/unloading of float glass. This position will require additional forklift skills in order to move glass safely and efficiently

Job Function:

• Support loading/unloading of raw material semi-finished product, and finished product

• Be responsible for storage location

• Inspect fork lift for maintenance needs and provide to Maintenance for regularly scheduled maintenance

• Responsible for scanning product, truck assignments, and storage location in the PLEX system

• Responsible for health and safety within every operation

• Assist team with processes toward continued improvement

• Perform 6S and housekeeping duties

• Assists and participates with other plant projects as needed

• Other duties as assigned

• Nothing in the Position Description restricts management's right to assign or re-assign duties and responsibilities to this job at any time

Qualifications

• Languages spoken commonly in the workplace are English and Mandarin. Ability to read, understand and comprehend documents such as safety rules, operating and maintenance instructions. Ability to interpret a variety of instructions furnished in written, oral, diagram, or schedule form

• Ability to speak effectively and interact with other team members, engineers, leadership and customers

• 1 to 3 years manufacturing experience and /or training; or equivalent combination of education and experience preferred

• High School Diploma or General Education Degree(GED)

• The employee is regularly required o stand for long periods. Duties include turning at the waist, reaching, bending, squatting and lifting up to 50 pounds. Ability to pass static strength requirements (grip)

• Visual acuity including, but not limited to:

• Clarity of vision at 20 inches or less. Use this factor when special and minute accuracy is demanded

• Clarity of vision at 20 feet or more. Use this factor when visual efficiency in terms of far acuity is required in day and night/dark conditions

• Three-dimensional vision. Ability to judge distances and spatial relationships so as to see objects where and as they actually are

• Ability to identify and distinguish colors

• Observing an area that can be seen up and down or to right or left while eyes are fixed on a given point

• The noise level in the work environment is usually moderate. Safety requirements for this position are safety glasses, hearing protection and steel-toed work boots

• Ability to add, subtract, multiply, and divide in all units of measure, using whole numbers, common fractions, and decimals

• Ability to solve practical problems and deal with a variety of variables

• Knowledge of and familiarity manufacturing software

• Must be proficient in metric system and have adequate reading skills

• If an associate transfers from one position to a second position, he/she should remain in the second position for a minimum of six months prior to bidding on another job

• No active discipline above a Verbal Warning

• Good attendance record

• Interested associates should turn in a signed Job Interest Form by you and your supervisor to the Human Resource office, or place in the Job Interest Box

• Forklift driver and material handler experience preferred

• Proficiency in ERP/Microsoft Office

• Safety and goal oriented

• Self-motivated with excellent communication and interpersonal skills

• Knowledgeable of work instructions and TS16949 systems

• Fuyao Fork Lift License

The position’s preparation before production (including forklift recovery and charging)

Delivery of empty racks and crates (wood, steel) to lines

Transfer of packed and banded crates from lines to staging area

Removal of defect racks and transport to designated location

Effective and efficient forklift operating technique

Must be 18 years of age or older.

Fuyao Glass America Inc., Core Foundation Competencies including Ethics, Integrity, Values & Trust. Fuyao Glass America Inc. is An Equal Opportunity/Affirmative Action Employer. All qualified applicants will receive consideration for employment without regard to race, color, religion, sex, national origin, disability or protected veteran status.

Fuyao Glass America, Inc. is a Drug-Free Workplace.

This is a 2nd Shift position

2nd Shift
2:30pm - 11:00pm",4378,https://workforcenow.adp.com/mascsr/default/mdf/recruitment/recruitment.html?cid=25319558-d6a9-48ab-93d2-99e4878a8ffc&ccId=19000101_000001&jobId=9201301339607_1&lang=en_US,,,,,,,not_checked,,2026-10-01,,2026-10-10,,10,startDate,false,0,,,,,,2026-09-30,,,,,,,,
9201301357409_1,Outgoing Quality Control - Quality Dept,Fuyao Glass America,,Full time,Posted 1 Days Ago,2026-09-30,10,"Dayton, Moraine, OH, US",1,"Dayton, Moraine, OH, US",false,,united states,,0,"Job Description

I. Job ProfileJob TitleOutgoing Quality Control (OQC)DepartmentQuality Control

Direct SupervisorLead Quality Control Supervisor/Quality Control SupervisorDirect SubordinatesN/A

II. Job Summary：
1. Outgoing quality inspection (100% Checking and Stamping);
2. Quality Problem Handling;
3. Management of Final Product Inspection Data;
4. Product Inspection and Product Standard Training;
5. Production Group Quality Evaluation;
6. Reports to prepare and submit.

III. Job Functions and Duties

NO.Representative Duties

1Outgoing Quality Inspection:
1.1 Conduct outgoing inspection according to glass inspection standard and 100% checking items list;
1.2 Responsible for identifying and isolating non-conforming glass;
1.3 Co-ordinate with other department and ensure smooth flow of shipment;
1.4 Recording the quality issue and data.

2Quality Problem Handling:
2.1 Participate in judging the responsibility for quality problem;
2.2 Assist in answering quality questions from the production staff.
2.3 Responsible for making feedback and tracking quality problem;
2.4 Assist with quality team or related department to analysis the root cause and action plan for the quality problem.

3Management of Final Product Inspection Data:
3.1 Responsible for collecting, compiling and archiving inspection record;
3.2 Make statistics, analyze, report, and track the quality performance.

4Product Inspection and Product Standard Training:
4.1 Train supervisor/team leader about the Inspection Flow and Quality Standard;
4.2 Train associates about new products or updated standard.

5Production Group Quality Evaluation:
5.1 Responsible for monthly Production Group quality evaluation, providing suggestions to Quality Supervisor for improvement;
5.2 Participate in the process audit based on the Control Plan, track audit problems, and assist Quality Supervisor to coordinate with other department to solve the audit problems;
5.3 Conduct comprehensive product audit for all types of glasses based on the product audit schedule.

6Reports to prepare and submit:
6.1 Daily, weekly, monthly, quarterly and annual product audit and process audit report;
6.2 Glass inspection report;
6.3 Glass quality problems feedback report.

7Other duties as assigned

8Nothing in the Position Description restricts management's right to assign or re-assign duties and responsibilities to this job at any time

IⅤ. Qualification

Job RequirementsLanguageLanguages spoken commonly in the workplace are English. - Ability to read, understand and comprehend documents such as safety rules, operating and maintenance instructions. Ability to interpret a variety of instructions furnished in written, oral, diagram, or schedule form.
Ability to speak effectively and interact with other team members, engineers, leadership and customers.

Experience1 to 3 years manufacturing experience and /or training; or equivalent combination of education and experience preferred. Over 1 year of the company's product inspection experience preferred.

EducationAbove technical secondary school degree, majoring in related specialty

Physical ConditionThe employee is regularly required o stand for long periods. Duties include turning at the waist, reaching, bending, squatting and lifting up to 50 pounds. Ability to pass static strength requirements (grip)
Visual acuity including, but not limited to:
a. NEAR ACUITY - Clarity of vision at 20 inches or less. Use this factor when special and minute accuracy is demanded.
b. FAR ACUITY - Clarity of vision at 20 feet or more. Use this factor when visual efficiency in terms of far acuity is required in day and night/dark conditions.
c. DEPTH PERCEPTION - Three-dimensional vision. Ability to judge distances and spatial relationships so as to see objects where and as they actually are.
d. COLOR VISION - Ability to identify and distinguish colors.
e. FIELD OF VISION - Observing an area that can be seen up and down or to right or left while eyes are fixed on a given point.
The noise level in the work environment is usually moderate. Safety requirements for this position
are safety glasses, hearing protection and steel-toed work boots.

Other RequirementsMATHEMATICAL SKILLS -
Ability to add, subtract, multiply, and divide in all units of measure, using whole numbers, common fractions, and decimals.
REASONING ABILITY - Ability to solve practical problems and deal with a variety of variables.
COMPUTER SKILLS - Knowledge of and familiarity manufacturing software. Proficient with Microsoft Office Software Word, Excel, Power Point

Knowledge, Skills & Abilities utilized on the jobProfessional Knowledge, SkillsProfessional Knowledge:
1. Production process and quality control method of glass;
2. Glass production process, product quality and characteristics.

Professional Skills:
1. Master glass manufacturing process;
2. Familiar with process audit and product audit;
3. Able to read parts machining drawing to inspect the glass;
4. Master related key elements of ISO/QS/VDA quality system;
5. Be proficient in product safety regulations and the correct use of various measuring tools;
6. Be proficient in glass inspection work instructions.

Management Competency:
1. Relatively better planning, organization, communication and coordination ability;
2. Capable of analyzing and solving problems.

Training RequiredTraining Required:
1. Trained in IATF16949 quality system knowledge;
2. Trained in glass quality standard;
3. Trained in SPC, QC seven tools, 5S, etc.

V. Work Environment:
While performing the duties of this job, the employee is occasionally exposed to extreme heat. The noise level in the work environment is usually moderate. Safety requirements for this position
are safety glasses and steel-toed work boots.

VI. Key Performance Indicators:
Completion rate of outgoing inspection plan,Completion rate of product/process audit finding, One-time qualified rate of products

This is a 3rd Shift Position.

Must be 18 years of age or older.
Fuyao Glass America Inc., Core Foundation Competencies including Ethics, Integrity, Values & Trust. Fuyao Glass America Inc. is An Equal Opportunity/Affirmative Action Employer. All qualified applicants will receive consideration for employment without regard to race, color, religion, sex, national origin, disability or protected veteran status.
Fuyao Glass America, Inc. is a Drug-Free Workplace.",6394,https://workforcenow.adp.com/mascsr/default/mdf/recruitment/recruitment.html?cid=25319558-d6a9-48ab-93d2-99e4878a8ffc&ccId=19000101_000001&jobId=9201301357409_1&lang=en_US,,,,,,,not_checked,,2026-10-01,,2026-10-10,,10,startDate,false,0,,,,,,2026-09-30,,,,,,,,
9201301409599_1,Advance Quality Engineer,Fuyao Glass America,,,Posted 1 Days Ago,2026-09-29,11,"Plymouth, MI, US",1,"Plymouth, MI, US",false,,united states,,0,"Summary/Objective:
Identify customer standards and requirements and advance product quality planning in the New Product Development phase, complete parts validation to make sure new program SOP goes smoothly.

Essential Functions:

• Participate in customer drawing and technical specification review and examination, define special customer requirements.

• According to the internal control quality standard of customer and company, establish new product quality standard and the detection and test specification.

• Prepare the new product quality target according to customer requirements and company's profit plan.

• Prepare a new product quality plan according to the production management level and quality management level of the company.

• Make DVP&R, do MSA and SPC study and send PPAP documents to customers for approval.

• Properly handle any quality problems that occur during new product development and SOP+3 months.

• Handling customer complaints and returns of goods during new product development and SOP+3 months.

• Establishing new product quality history, summarizing quality problems, and providing improvement suggestions.

• SOP program CP and inspection standard update.

• Other duties assigned by Quality manager.

Competencies:

• Quality tools: FMEA/SPC/MSA/CP/APQP/PPAP, 8D etc.

• Problem Solving/Analysis.

• Project Management.

• Communication Proficiency.

• Ethical Conduct.

• Time Management

• Know automotive glass defects.

Supervisory Responsibility:

No supervisory responsibility in this position.

Work Environment:

• This job operates in a professional office environment. This role routinely involves standard office equipment such as computers, phones, photocopiers, filing cabinets and fax machines. This position requires approximately half of employee time to be spent on the plant floor and sometimes will need to go to customer locations.

• Must be 18 years or older.

Physical Demands:

While performing the duties of this job, the employee is regularly required to talk or listen. This is largely a sedentary role; however, some filing is required. This would require the ability to lift files, open filing cabinets and bend or stand on a stool as necessary. Must be able to distinguish between different colors and shapes of glass. Employees will sometimes need to lift glass of varying sizes and weights.

Position Type/Expected Hours of Work:
This is a full-time position. Days of work are Monday through Friday. Occasional evening and weekend work may be required as job duties demand.

Travel:

Travel is expected for this position.

Required Education and Experience:

• A bachelor’s degree and one year’s Automotive Quality field quality engineer experience.

Preferred Education and Experience:

• A bachelor’s degree and 2 years’ Automotive Quality field quality engineer experience.

• A master’s degree and 1 year’s Automotive Quality field quality engineer experience.

Other Duties:

Please note this job description is not designed to cover or contain a comprehensive listing of activities, duties or responsibilities that are required of the employee for this job. Duties, responsibilities, and activities may change at any time with or without notice.",3229,https://workforcenow.adp.com/mascsr/default/mdf/recruitment/recruitment.html?cid=25319558-d6a9-48ab-93d2-99e4878a8ffc&ccId=19000101_000001&jobId=9201301409599_1&lang=en_US,,,,,,,not_checked,,2026-09-30,,2026-10-10,,11,startDate,false,0,,,,,,2026-09-29,,,6,66670,73705,81630,title,Advance Quality Engineer
9201302082729_1,Assistant Cost Account Manager - Finance Dept,Fuyao Glass America,,Full time,Posted 1 Days Ago,2026-10-02,8,"Moraine, OH, US",1,"Moraine, OH, US",false,,united states,,0,"I. Job ProfileJob TitleAssistant Cost Account ManagerDepartmentFinance Department

Direct SupervisorAccounting DirectorDirect SubordinatesCost Accountant

II. Job Summary：
Responsible for the company's production data statistics and analysis as well as monitoring the production process. Responsible for the company's cost accounting and monitoring and controlling the company's products.

III. Job Functions and Duties

NO.Representative Duties

1Supervise and train the cost accounting and statistician staff, including approving attendance and coordinating the team’s daily workload to ensure timely and accurate completion of cost accounting and statistical tasks.

2Organize and lead the preparation of daily, weekly, and monthly production and cost analysis reports, and conduct regular cost analysis meetings with plant management and operations teams.

3Organize and review short-term and long-term budgets prepared by the cost accounting team, and track performance against budget to identify variances and cost-saving opportunities.

4Review cost control and manufacturing expense activity in strict accordance with the company’s expense-reimbursement regulations, ensuring compliance and proper cost allocation.

5Review statistical statements prepared by statisticians for accuracy and completeness and ensure alignment between statistical reporting and accounting records.

6Oversee product cost accounting, including handling related accounts and preparing cost statements for the plant’s product lines in the manufacturing environment.

7Prepare production quotas and supervise the correctness and fairness of quota implementation across the plant.

8Administer the inventory check system to guarantee the consistency of physical inventory and accounting records; investigate and determine the causes of any discrepancies and assign responsibility accordingly.

9Monitor the inventory of work-in-process (unfinished) products and coordinate initiatives to reduce month-end work-in-process inventory levels.

10Organize the cost accountant team to periodically review and update statistical policies and production incentive policies to support cost control and productivity objectives.

11Perform additional duties as assigned by management consistent with the scope of the position.

IⅤ. Qualification

Job RequirementsLanguageLanguages spoken commonly in the workplace are English and/or Mandarin. - Ability to read, understand and comprehend documents such as safety rules, operating and maintenance instructions. Ability to interpret a variety of instructions furnished in written, oral, diagram, or schedule form. Ability to speak effectively and interact with other team members, engineers, leadership and customers.

ExperienceAt least 2 years of experience in accounting;

EducationBachelor or above in Finance, Accounting or related fields.

Physical ConditionThe employee is regularly required to stand or sit for long periods. Duties will include long periods of viewing a computer monitor.

Other RequirementsMATHEMATICAL SKILLS -
Ability to add, subtract, multiply, and divide in all units of measure, using whole numbers, common fractions, and decimals.
REASONING ABILITY - Ability to solve practical problems and deal with a variety of variables.
COMPUTER SKILLS - Knowledge of and familiarity manufacturing software.
1. Proficient in Office software;
2. Good communication skills and language ability;

Knowledge, Skills & Abilities utilized on the jobProfessional Knowledge, SkillsCompany process and job characteristics;

Company's regulations and relevant laws and rules;

Company's finance management and financial accounting system;

Operation of ORACLE or similar systems;

Familiar with tax laws and regulations;

Financial accounting;

Significant experience in planning, organization and coordination;

Demonstrated skills in communications and persuasion with fellow employees and subordinates;

Demonstrated skills in financial analysis;

Excellent observational skills and ability to work under pressure;

Training RequiredTrained in financial accounting, management accounting and budgeting;

Trained in ORACLE/PLEX and other kinds of ERP systems;

Trained in certain kinds of management skills and leadership.

V. Work Environment:
Bright, clean and well-ventilated office building; While performing the duties of this job, the employee is occasionally exposed to extreme heat. The noise level in the work environment is usually moderate. Safety requirements for this position are safety glasses and steel-toed work boots.

VI. Key Performance Indicators:
1. Frequency of handling the overstocked products
2. Achievement rate of target cost

Must be 18 years of age or older.
Fuyao Glass America Inc., Core Foundation Competencies including Ethics, Integrity, Values & Trust. Fuyao Glass America Inc. is An Equal Opportunity/Affirmative Action Employer. All qualified applicants will receive consideration for employment without regard to race, color, religion, sex, national origin, disability or protected veteran status.
Fuyao Glass America, Inc. is a Drug-Free Workplace.",5120,https://workforcenow.adp.com/mascsr/default/mdf/recruitment/recruitment.html?cid=25319558-d6a9-48ab-93d2-99e4878a8ffc&ccId=19000101_000001&jobId=9201302082729_1&lang=en_US,,,,,,,not_checked,,2026-10-03,,2026-10-10,,8,startDate,false,0,,,,,,2026-10-02,,,,,,,,
9201302406098_1,Allocation Forklift,Fuyao Glass America,,Full time,Posted 1 Days Ago,2026-10-02,8,"Dayton, Moraine, OH, US",1,"Dayton, Moraine, OH, US",false,,united states,,0,"Job Title: Allocation Forklift

Job Functions:

Knowledge of organizational structure of Assembly

Job Summary：Loading/unloading of float glass. This position will require additional forklift skills in order to move glass safely and efficiently

Job Function:

• Support loading/unloading of raw material semi-finished product, and finished product

• Be responsible for storage location

• Inspect fork lift for maintenance needs and provide to Maintenance for regularly scheduled maintenance

• Responsible for scanning product, truck assignments, and storage location in the PLEX system

• Responsible for health and safety within every operation

• Assist team with processes toward continued improvement

• Perform 6S and housekeeping duties

• Assists and participates with other plant projects as needed

• Other duties as assigned

• Nothing in the Position Description restricts management's right to assign or re-assign duties and responsibilities to this job at any time

Qualifications

• Languages spoken commonly in the workplace are English and Mandarin. Ability to read, understand and comprehend documents such as safety rules, operating and maintenance instructions. Ability to interpret a variety of instructions furnished in written, oral, diagram, or schedule form

• Ability to speak effectively and interact with other team members, engineers, leadership and customers

• 1 to 3 years manufacturing experience and /or training; or equivalent combination of education and experience preferred

• High School Diploma or General Education Degree(GED)

• The employee is regularly required o stand for long periods. Duties include turning at the waist, reaching, bending, squatting and lifting up to 50 pounds. Ability to pass static strength requirements (grip)

• Visual acuity including, but not limited to:

• Clarity of vision at 20 inches or less. Use this factor when special and minute accuracy is demanded

• Clarity of vision at 20 feet or more. Use this factor when visual efficiency in terms of far acuity is required in day and night/dark conditions

• Three-dimensional vision. Ability to judge distances and spatial relationships so as to see objects where and as they actually are

• Ability to identify and distinguish colors

• Observing an area that can be seen up and down or to right or left while eyes are fixed on a given point

• The noise level in the work environment is usually moderate. Safety requirements for this position are safety glasses, hearing protection and steel-toed work boots

• Ability to add, subtract, multiply, and divide in all units of measure, using whole numbers, common fractions, and decimals

• Ability to solve practical problems and deal with a variety of variables

• Knowledge of and familiarity manufacturing software

• Must be proficient in metric system and have adequate reading skills

• If an associate transfers from one position to a second position, he/she should remain in the second position for a minimum of six months prior to bidding on another job

• No active discipline above a Verbal Warning

• Good attendance record

• Interested associates should turn in a signed Job Interest Form by you and your supervisor to the Human Resource office, or place in the Job Interest Box

• Forklift driver and material handler experience preferred

• Proficiency in ERP/Microsoft Office

• Safety and goal oriented

• Self-motivated with excellent communication and interpersonal skills

• Knowledgeable of work instructions and TS16949 systems

• Fuyao Fork Lift License

The position’s preparation before production (including forklift recovery and charging)

Delivery of empty racks and crates (wood, steel) to lines

Transfer of packed and banded crates from lines to staging area

Removal of defect racks and transport to designated location

Effective and efficient forklift operating technique

Must be 18 years of age or older.

Fuyao Glass America Inc., Core Foundation Competencies including Ethics, Integrity, Values & Trust. Fuyao Glass America Inc. is An Equal Opportunity/Affirmative Action Employer. All qualified applicants will receive consideration for employment without regard to race, color, religion, sex, national origin, disability or protected veteran status.

Fuyao Glass America, Inc. is a Drug-Free Workplace.

2:30pm-11:00pm",4336,https://workforcenow.adp.com/mascsr/default/mdf/recruitment/recruitment.html?cid=25319558-d6a9-48ab-93d2-99e4878a8ffc&ccId=19000101_000001&jobId=9201302406098_1&lang=en_US,,,,,,,not_checked,,2026-10-03,,2026-10-10,,8,startDate,false,0,,,,,,2026-10-02,,,,,,,,
9201262666092_1,Process Technician,Fuyao Glass America,,,Posted 80 Days Ago,2026-07-17,85,"Plymouth, MI, US",1,"Plymouth, MI, US",false,,united states,,0,"About Fuyao

Fuyao Automotive North America Incorporated (FANA) is in the general warehousing and glass manufacturing industry in Plymouth MI. We provide automotive glass for the North America market and currently have glass manufacturing relationships with some of the top automotive manufacturers in North America including GM, Honda, Chrysler, Kia, BMW and Hyundai. We operate several production lines for a variety of vehicle models from each of these automotive manufacturers.

Our Parent Company

Fuyao Glass Industry Group Co. Ltd. (FYG) is a leading international manufacturer of automotive and industrial glass located in the People's Republic of China. The company has been listed on the Shanghai Stock Exchange since 1993 and employs more than 8,000 people in China, Hong Kong, Europe, Australia, Russia and the United States. Being the largest automotive glass supplier in China, FYG controls over 60% share of Chinese OEM market and over 30% share of Chinese replacement market. Fuyao customers in China are some of the leading automotive manufacturers in the world including GM, Ford, Honda, Toyota, Audi, Volkswagen, Citroen, and Mercedes-Benz to name a few.

JOB DESCRIPTION

Summary/Objective
The Process Technician position is responsible for ensuring smooth running processes with minimum amount of downtime for process related issues.

Essential Functions

• Meets and Monitors daily schedules, providing root causes and corrective actions for any unscheduled downtime and or missed production opportunities.

• Monitors all scrap produced that affect efficiencies and daily outputs

• Evaluate functionality and reliability of facility systems and associated equipment by conferring with departments, identifying problems and requirements.

• Maintains 5s standards across all shifts holding each line accountable for 5s compliance.

• Improves function and reliability of facility systems and associated equipment by studying performance results; identifying, recommending and implementing changes, expansions, and additions as it pertains to the current production lines.

• Maintains safe and healthy work environment by following standards and procedures; complying with legal codes and regulations.

• Updates job knowledge by participating in educational opportunities; technical publications.

• Attends daily meeting with supervisors to go over efficiencies, scrap, and people related issues and reports findings to the team.

• Conducts training for new hires to help guide them to the next level.

Competencies

• Basic knowledge of injection molding processes and machine functions

• Problem Solving/Analysis.

• Project Management.

• Communication Proficiency.

• Ethical Conduct.

• Time Management

• Injection Molding experience min 1-3 years

• Production  planning and troubleshooting experience

• Technical leadership and understanding

• Minimum 3 years automotive experience required

Supervisory Responsibility

This position has no direct supervisory responsibilities.

Work Environment

This job operates between manufacturing and office environment. This role routinely uses standard office equipment such as computers, phones, photocopiers, filing cabinets and fax machines as well as interfacing with the operation of machinery on the floor.

Physical Demands

The physical demands described here are representative of those that must be met by an employee to successfully perform the essential functions of this job. This position may require:

• Will require frequent standing and use of hands and arms

• Must be able to lift up to 30 pounds and frequently bend and twist from the waist

• Frequently required to use hand and finger motions, handle or feel objects, reach with hands

Position Type/Expected Hours of Work
This is a full-time position. Days and hours of work are Monday through Friday, occasional evening and weekend work may be required as job duties demand.

Travel

Sometimes travel to our external trainer may be required.

Required Education and Experience

• Basic mechanical aptitude and manufacturing plant experience.

Preferred Education and Experience

• 3 years’ maintenance experience, understanding of injection molding machine systems and processing, basics robotics experience including program touch ups.

Other Duties

Please note this job description is not designed to cover or contain a comprehensive listing of activities, duties or responsibilities that are required of the employee for this job. Duties, responsibilities and activities may change at any time with or without notice.

Please Note:
We kindly ask that applicants do not visit our office in person to submit applications or inquire about the position. All applications must be submitted online through the designated platform.

Due to the volume of applications, we will only contact candidates whose qualifications closely match the requirements of the role. We appreciate your understanding.

Fuyao Automotive North America, Inc., Core Foundation Competencies including Ethics, Integrity, Values & Trust. Fuyao Automotive North America, Inc. is An Equal Opportunity/Affirmative Action Employer. All qualified applicants will receive consideration for employment without regard to race, color, religion, sex, national origin, disability or protected veteran status.

Fuyao Automotive North America, Inc is a Drug-Free Workplace.",5384,https://workforcenow.adp.com/mascsr/default/mdf/recruitment/recruitment.html?cid=25319558-d6a9-48ab-93d2-99e4878a8ffc&ccId=19000101_000001&jobId=9201262666092_1&lang=en_US,,,,,,,not_checked,,2026-09-27,,2026-10-10,,85,startDate,true,0,,,,,,2026-07-17,,,,,,,,
9201276442958_1,Manufacturing Data Analyst - ARG Lamination Assembly Dept,Fuyao Glass America,,Full time,Posted 54 Days Ago,2026-08-13,58,"Moraine, OH, US",1,"Moraine, OH, US",false,,united states,,0,"I. Job ProfileJob TitleManufacturing Data AnalystDepartmentARG Lamination Assembly

Direct SupervisorLead SupervisorDirect SubordinatesNone

II. Job Summary：
1. Verify data in Plex, in charge of correcting and standardizing the Plex operation and provide training to guarantee the accuracy of the system.
2. Collect, analyze, track and supervise the implementation of important data of the department, such as KPI data, weekly reports, monthly reports, handling of overdue inventory, writing of work instructions, etc.

III. Job Functions and Duties

NO.Representative Duties

1Collect, clean, and organize large datasets from multiple systems, including ERP (Enterprise Resource Planning), MES (Manufacturing Execution System), sensor networks, and inventory platforms such as Plex.

2Perform quantitative analysis and build predictive models to uncover trends in production efficiency, material usage, and quality deviations.

3Generate automated reports and interactive dashboards for cross-functional teams (manufacturing, quality, supply chain, finance), highlighting key performance indicators (KPIs) such as yield, OEE (Overall Equipment Effectiveness), and scrap rates.

4Conduct root cause analysis on production inefficiencies and quality issues; provide actionable insights that support process improvement and cost reduction initiatives.

5Utilize statistical software for hypothesis testing, regression analysis, and variance analysis in support of operational decision-making.

6Apply financial and operational modeling techniques to optimize production scheduling, reduce inventory holding costs, and improve ROI on capital equipment.

7Develop and maintain data pipelines and analytical frameworks that ensure data accuracy, integrity, and scalability.

8Collaborate with production teams and train operators and engineers on data collection methods, dashboard interpretation, and continuous improvement practices.

10Apply financial modeling techniques to evaluate ROI on capital equipment investments and analyze trade-offs in production scheduling, labor allocation, and raw material purchasing strategies.

11Build operational and financial forecasting models integrating manufacturing KPIs with budgeting and cash flow planning, directly supporting monthly variance analysis and strategic decision-making. Ensure accurate barcode-based packing and inventory tracking, integrating logistics data with financial reconciliation systems to support timely and accurate cost-of-goods-sold (COGS) reporting.

12Support and hoc financial analysis, including cost-benefit analyses for new process implementations and budgeting impact projections for new production lines.

13Nothing in the Position Description restricts management's right to assign or re-assign duties and responsibilities to this job at any time.

IⅤ. Qualification

Job RequirementsLanguageLanguages spoken commonly in the workplace are English and/or Mandarin. - Ability to read, understand and comprehend documents such as safety rules, operating and maintenance instructions. Ability to interpret a variety of instructions furnished in written, oral, diagram, or schedule form.
Ability to speak effectively and interact with other team members, engineers, leadership and customers.

ExperienceMore than one year working experience

EducationBachelor's degree and above

Physical ConditionThe employee is regularly required to be in good health, available to work long time with computer, and bear high stress

Other RequirementsMATHEMATICAL SKILLS -
Ability to add, subtract, multiply, and divide into all units of measure, using whole numbers, common fractions, and decimals.
REASONING ABILITY - Ability to solve practical problems and deal with a variety of variables.
COMPUTER SKILLS - Knowledge of and familiarity manufacturing software.

Knowledge, Skills & Abilities utilized on the jobProfessional Knowledge, SkillsFamiliar with company's production process and Plex operation

Familiar with EXCEL and other office software, need strong data analysis ability

Good logic ability, strong data analysis ability

Familiar with supply chain management

Training RequiredPRP operation

PRP management

Management method for material planning

Operation training for supply chain management and logistics management

Program manual

V. Work Environment:
While performing the duties of this job, the employee is occasionally exposed to extreme heat. The noise level in the work environment is usually moderate. Safety requirements for this position are safety glasses, steel-toed work boots and reflective vests.

VI. Key Performance Indicators:
On time shipments-OEM/On time shipments_ARG/Improvement project earnings_1K/Days of Inventory WIP/Days of Inventory FG(OEM)/Hourly employee OT hours_Hr/Month/FBT/GT production batch

2nd&3rd
Must be 18 years of age or older.
Fuyao Glass America Inc., Core Foundation Competencies including Ethics, Integrity, Values & Trust. Fuyao Glass America Inc. is An Equal Opportunity/Affirmative Action Employer. All qualified applicants will receive consideration for employment without regard to race, color, religion, sex, national origin, disability or protected veteran status.
Fuyao Glass America, Inc. is a Drug-Free Workplace.",5255,https://workforcenow.adp.com/mascsr/default/mdf/recruitment/recruitment.html?cid=25319558-d6a9-48ab-93d2-99e4878a8ffc&ccId=19000101_000001&jobId=9201276442958_1&lang=en_US,,,,,,,not_checked,,2026-10-06,,2026-10-10,,58,startDate,true,0,,,,,,2026-08-13,,,,,,,,
9201276631279_1,Project Management Engineer,Fuyao Glass America,,,Posted 55 Days Ago,2026-08-12,59,"Fountain Inn, SC, US",1,"Fountain Inn, SC, US",false,,united states,,0,"I. Job ProfileJob TitleProject Management Engineer DepartmentInfrastructure Project Department

Direct SupervisorInfrastructure Project DirectorDirect SubordinatesN/A

II. Job Summary：The candidate will be a key player in the successful execution of construction projects, focusing on overall project coordination, financial budget, and any project-related reports and records.

III. Job Functions and Duties

NO.Representative Duties

1Responsible for overall project coordination and supervision;

2Responsible for overall project coordination;

3Responsible for creating, managing, and tracking project organizational structure and progress, and managing the project documents and coordinating with other departments;

4Responsible for preparing engineering budget and final account statements;

5Responsible for monitoring/verifying budget, actual project costs and final account statements;

6Responsible for approving progress invoices after review/approve by requesting department;

7Responsible for organizing project team meetings and prepare any project-related reports and records;

8Other duties as assigned & handling emergencies;

9Nothing in the Position Description restricts management's right to assign or re-assign duties and responsibilities to this job at any time

IⅤ. Qualification

Job RequirementsLanguageBilingual Proficiency: English and Mandarin.
- Ability to read, understand and comprehend documents such as safety rules, operating and maintenance instructions. Ability to interpret a variety of instructions furnished in written, oral, diagram, or schedule form.
-A high level of proficiency in English, including speaking, reading, and writing.

Experience1 to 3 years manufacturing experience and /or training; or equivalent combination of education and experience preferred. Proficient in the use of AutoCAD.

EducationBS Degree: Prefer College STEM (Science, Technology, Engineering & Math) Majors

Physical Condition•Required to sit, stoop, reach, bend, stand, walk, lift, pull, push, grasp, talk, hear, see, and lift up to 27 pounds.
•20/40 vision in each eye, with or without correction is required;
•Must be able to comply with all safety standards and procedures;
•Ability to wear personal protective equipment is required (including but not limited to; steel toed shoes, gloves, safety glasses, hearing protection, protective jacket or apron, and arm guards);
•Adaptive to high stress and fast-paced environment;
•All candidates receiving an offer of employment must successfully complete a background check band any other tests that may be required

Other RequirementsProficient in the use of Microsoft sofeware, such as PPT, Excel,Oracle /SAP / PLEX or similar. Travel from 10% to 40%

Knowledge, Skills & Abilities utilized on the jobProfessional  Knowledge, SkillsCommunication and Time Mangement:Highly dedicate on project management , negociation and communication skill, ability to manage tasks and deadlines across multiple priorities;

Critical Thinking and Creativity: Excellent manufacturing process design ability;

Trouble-shooting and problem solving: Good observational ability, diagnostic ability, preventive capability and strain capacity;

Techinical Proficiency: Automotive glass manufacturing equipment techical knowledge;

Team Work: Excellent ability to collaborate and work effectively in multidisciplinary teams;

Attitude: Strong sense of project ownership with hands-on and can-do attitude and self-starter are essential;

Continuous Learning: Strong willingness to learn and adapt to new technologies and methodologies.

Training RequiredFuyao internal manufacture workflow

Fuyao policy/ management/ safety munual

Fuyao document management traning

V. Work Environment:
While performing the duties of this job, the employee is occasionally exposed to extreme heat. The noise level in the work environment is usually moderate.

VI. Key Performance Indicators:
1. Project Coordination Efficiency: effectiveness
2. Project Documentation Management: accuracy rate
3. Project Budget and Financial Management: accuracy rate
4. Invoice Approval Efficiency: approval rate and timliness
5. Project Team Collaboration: meeting arrangement, accuracy rate in project-related reports and records.",4253,https://workforcenow.adp.com/mascsr/default/mdf/recruitment/recruitment.html?cid=25319558-d6a9-48ab-93d2-99e4878a8ffc&ccId=19000101_000001&jobId=9201276631279_1&lang=en_US,,,,,,,not_checked,,2026-09-27,,2026-10-10,,59,startDate,true,0,,,,,,2026-08-12,,,7,69035,73986,80045,subset,Project Engineer
9201289935239_1,Warehouse Shift Supervisor - Logistics-Storage Dept,Fuyao Glass America,,Full time,Posted 22 Days Ago,2026-09-14,26,"Moraine, OH, US",1,"Moraine, OH, US",false,,united states,,0,"I. Job ProfileJob TitleWarehouse Shift SupervisorDepartment2072 Logistics-Storage

Direct SupervisorWarehouse Supervisor-Finished GoodsDirect SubordinatesARG Inventory Keeper/Logistics Operator

II. Job Summary：
The Warehouse Shift Supervisor is responsible for overseeing daily warehouse operations, including receiving, shipping, storage, inventory control, and team supervision. This role ensures efficient execution of warehouse tasks in alignment with customer and company requirements, supports safety and 5S initiatives, leads inventory accuracy efforts, and facilitates training for new team members.

III. Job Functions and Duties

NO.Representative Duties

1Supervise daily warehouse operations, including receiving, shipping, storage, and inventory control.

2Coordinate order fulfillment, loading, and dispatch based on customer and production requirements.

3Monitor sorting and handling processes to ensure compliance with customer specifications and internal standards.

4Ensure proper implementation of 5S, environmental, and fire safety practices within the warehouse area.

5Identify and address issues related to inventory discrepancies, product damage, and storage control; develop and monitor corrective actions.

6Manage timely inbound and outbound logistics to prevent delivery delays and minimize excess freight costs.

7Develop and implement inventory cycle count plans, including scheduling, task assignments, and verification methods; track and analyze results.

8Support the training and onboarding of new warehouse employees to ensure knowledge and skill development.

9Other duties as assigned

10Nothing in the Position Description restricts management's right to assign or re-assign duties and responsibilities to this job at any time

IⅤ. Qualification

Job RequirementsLanguageLanguages spoken commonly in the workplace are English and/or Mandarin. - Ability to read, understand and comprehend documents such as safety rules, operating and maintenance instructions. Ability to interpret a variety of instructions furnished in written, oral, diagram, or schedule form. Ability to speak effectively and interact with other team members, engineers, leadership and customers.

Experience1 to 3 years manufacturing experience and /or training; or equivalent combination of education and experience preferred.

EducationHigh School Diploma or General Education Degree (GED)

Physical ConditionThe employee is regularly required o stand or sit for long periods.
Duties will include long periods of viewing a computer monitor.

Other Requirements MATHEMATICAL SKILLS - Ability to add, subtract, multiply, and divide in all units of measure, using whole numbers, common fractions, and decimals.
REASONING ABILITY - Ability to solve practical problems and deal with a variety of  variables.
COMPUTER SKILLS - Knowledge of and familiarity manufacturing software.

Knowledge, Skills & Abilities utilized on the jobProfessional  Knowledge, Skillsglass manufacturing principle and process flow; warehousing logistics management;

the use of logistics supply chain management analysis to solve problems; 5s knowledge management and upgrade the level of the scene, the department and individual;

strong ability of planning, organization, coordination;

strong ability of communication, to persuade;

strong analytical ability and innovative ability;

Training Requiredwith glass production technology training, field management, logistics management theory;

Yellow Belt Training

V. Work Environment:
While performing the duties of this job, the employee is occasionally exposed to extreme heat. The noise level in the work environment is usually moderate. Safety requirements for this position are safety glasses and steel-toed work boots.

VI. Key Performance Indicators:
-Cycle Count Adjustments Finish Goods
-Obsolete Inventory rate
-China container receiving accuracy
-Finished goods handover accuracy
Need to be proficient in operating a forklift.

This is a 2nd Shift position

Must be 18 years of age or older.
Fuyao Glass America Inc., Core Foundation Competencies including Ethics, Integrity, Values & Trust. Fuyao Glass America Inc. is An Equal Opportunity/Affirmative Action Employer. All qualified applicants will receive consideration for employment without regard to race, color, religion, sex, national origin, disability or protected veteran status.
Fuyao Glass America, Inc. is a Drug-Free Workplace.",4438,https://workforcenow.adp.com/mascsr/default/mdf/recruitment/recruitment.html?cid=25319558-d6a9-48ab-93d2-99e4878a8ffc&ccId=19000101_000001&jobId=9201289935239_1&lang=en_US,,,,,,,not_checked,,2026-10-06,,2026-10-10,,26,startDate,false,0,,,,,,2026-09-14,,,,,,,,
9201303300271_1,Furnace Operator,Fuyao Glass America,,Full time,Posted 1 Days Ago,2026-10-05,5,"Moraine, OH, US",1,"Moraine, OH, US",false,,united states,,0,"At Fuyao Glass America, we are looking for exceptional talent to join Team Fuyao.  We offer opportunities for career growth in addition to a very competitive compensation package which includes: industry leading pay, medical, dental, vision, paid time-off, 401(k) and much more.

Job Title: Furnace Operator

Job Summary: Control glass heating process, bending process, cooling process, and make sure the productions run effciently.

Job Functions:

According to the processing requirement, efficiently control the heating process of the furnace;

• Efficiently monitor the heating process;

• According to the processing shaping requirement, ensure the shape of the glass can meet customer's standards;

• Efficiently monitor the shaping process;

• Satisfy the processing requirement to cool down efficiently;

• Responsible monitoring product quality, prevent defect from happening;

• Responsible for the maintenance of production pace, reduce waste during the process;

• Good at using production statistical related forms and data entry;

• Other duties as assigned

• Nothing in the Position Description restricts management's right to assign or re-assign duties and responsibilities to this job at any time

Qualifications

• Languages spoken commonly in the workplace are English and Mandarin. - Ability to read, understand and comprehend documents such as safety rules, operating and maintenance instructions. Ability to interpret a variety of instructions furnished in written, oral, diagram, or schedule form.

• Ability to speak effectively and interact with other team members, engineers, leadership and customers.

• 1 to 3 years manufacturing experience and /or training; or equivalent combination of education and experience preferred.

• High School Diploma or General Education Degree (GED)

• ""The employee is regularly required o stand for long periods.  Duties include turning at the waist, reaching, bending, squatting and lifting up to 50 pounds.    Ability to pass static strength requirements (grip)

• Visual acuity including, but not limited to:

• a. NEAR ACUITY - Clarity of vision at 20 inches or less. Use this factor when special and minute accuracy is demanded.

• b. FAR ACUITY - Clarity of vision at 20 feet or more. Use this factor when visual efficiency in terms of far acuity is required in day and night/dark conditions.

• c. DEPTH PERCEPTION - Three-dimensional vision. Ability to judge distances and spatial relationships so as to see objects where and as they actually are.

• d. COLOR VISION - Ability to identify and distinguish colors.

• e. FIELD OF VISION - Observing an area that can be seen up and down or to right or left while eyes are fixed on a given point.

•  The noise level in the work environment is usually moderate. Safety requirements for this position

• are safety glasses, hearing protection and steel-toed work boots.

• ""MATHEMATICAL SKILLS -

• Ability to add, subtract, multiply, and divide in all units of measure, using whole numbers, common fractions, and decimals.

• REASONING ABILITY - Ability to solve practical problems and deal with a variety of  variables.

• COMPUTER SKILLS - Knowledge of and familiarity manufacturing software.""

• The manufacturing principles and technological processes, production process controls and quality management;

• Principle of main equipment;Master the management technique on production safety and environmental controls;

• Systematic knowledge on 5S, TPM, etc.;

• Basic computer operation knowledge.

• Master quality, processing, and equipment operating instructions;

• Inspect glass according to product standards;

• Fill out tracking records and related forms;

• Handle glass for loading and recognition of different types of logos and date formats;

• Familiar with product safety and lawful qualification; Maintain the equipment/tooling for this job position

• Inspection technology of product, inspection methods and standards,  SPC statistical technology; Complete production forms and enter data in Plex;

• Recognition on different product defects, the judgement and standard solution procedure on finished good, suspected good, rework and scrap.Standard procedure on abnormalty;

• Operational skills on furnace equipment, set up process parameters, control shaping process;Simple maintainance on furnace equipment.

• ""5S"" standards, make sure the equipment and associates have a safe production environment;

• Complete production inspection forms, ensure accuracy of data input and understand production process through records.

• Systematic training on lamination about processing, quality and equipment operations;

• Systematic 5S/TPM management training;

• Production safety training;

Must be 18 years of age or older.

Fuyao Glass America Inc., Core Foundation Competencies including Ethics, Integrity, Values & Trust. Fuyao Glass America Inc. is An Equal Opportunity/Affirmative Action Employer. All qualified applicants will receive consideration for employment without regard to race, color, religion, sex, national origin, disability or protected veteran status.

Fuyao Glass America, Inc. is a Drug-Free Workplace.

2nd Shift
Monday - Friday 2:30 pm to 11 pm
Overtime is available.",5229,https://workforcenow.adp.com/mascsr/default/mdf/recruitment/recruitment.html?cid=25319558-d6a9-48ab-93d2-99e4878a8ffc&ccId=19000101_000001&jobId=9201303300271_1&lang=en_US,,,,,,,not_checked,,2026-10-06,,2026-10-10,,5,startDate,false,0,,,,,,2026-10-05,,,,,,,,
9201303376123_1,Outgoing Quality Control - Quality Dept,Fuyao Glass America,,Full time,Posted 1 Days Ago,2026-10-05,5,"Moraine, OH, US",1,"Moraine, OH, US",false,,united states,,0,"Job Description

I. Job ProfileJob TitleOutgoing Quality Control(OQC)DepartmentQuality Control

Direct SupervisorLead Quality Control Supervisor/Quality Control SupervisorDirect SubordinatesN/A

II. Job Summary：
1. Outgoing quality inspection (100% Checking and Stamping);
2. Quality Problem Handling;
3. Management of Final Product Inspection Data;
4. Product Inspection and Product Standard Training;
5. Production Group Quality Evaluation;
6. Reports to prepare and submit.

III. Job Functions and Duties

NO.Representative Duties

1Outgoing Quality Inspection:
1.1 Conduct outgoing inspection according to glass inspection standard and 100% checking items list;
1.2 Responsible for identifying and isolating non-conforming glass;
1.3 Co-ordinate with other department and ensure smooth flow of shipment;
1.4 Recording the quality issue and data.

2Quality Problem Handling:
2.1 Participate in judging the responsibility for quality problem;
2.2 Assist in answering quality questions from the production staff.
2.3 Responsible for making feedback and tracking quality problem;
2.4 Assist with quality team or related department to analysis the root cause and action plan for the quality problem.

3Management of Final Product Inspection Data:
3.1 Responsible for collecting, compiling and archiving inspection record;
3.2 Make statistics, analyze, report, and track the quality performance.

4Product Inspection and Product Standard Training:
4.1 Train supervisor/team leader about the Inspection Flow and Quality Standard;
4.2 Train associates about new products or updated standard.

5Production Group Quality Evaluation:
5.1 Responsible for monthly Production Group quality evaluation, providing suggestions to Quality Supervisor for improvement;
5.2 Participate in the process audit based on the Control Plan, track audit problems, and assist Quality Supervisor to coordinate with other department to solve the audit problems;
5.3 Conduct comprehensive product audit for all types of glasses based on the product audit schedule.

6Reports to prepare and submit:
6.1 Daily, weekly, monthly, quarterly and annual product audit and process audit report;
6.2 Glass inspection report;
6.3 Glass quality problems feedback report.

7Other duties as assigned

8Nothing in the Position Description restricts management's right to assign or re-assign duties and responsibilities to this job at any time

IⅤ. Qualification

Job RequirementsLanguageLanguages spoken commonly in the workplace are English. - Ability to read, understand and comprehend documents such as safety rules, operating and maintenance instructions. Ability to interpret a variety of instructions furnished in written, oral, diagram, or schedule form.
Ability to speak effectively and interact with other team members, engineers, leadership and customers.

Experience1 to 3 years manufacturing experience and /or training; or equivalent combination of education and experience preferred. Over 1 year of the company's product inspection experience preferred.

EducationAbove technical secondary school degree, majoring in related specialty

Physical ConditionThe employee is regularly required o stand for long periods. Duties include turning at the waist, reaching, bending, squatting and lifting up to 50 pounds. Ability to pass static strength requirements (grip)
Visual acuity including, but not limited to:
a. NEAR ACUITY - Clarity of vision at 20 inches or less. Use this factor when special and minute accuracy is demanded.
b. FAR ACUITY - Clarity of vision at 20 feet or more. Use this factor when visual efficiency in terms of far acuity is required in day and night/dark conditions.
c. DEPTH PERCEPTION - Three-dimensional vision. Ability to judge distances and spatial relationships so as to see objects where and as they actually are.
d. COLOR VISION - Ability to identify and distinguish colors.
e. FIELD OF VISION - Observing an area that can be seen up and down or to right or left while eyes are fixed on a given point.
The noise level in the work environment is usually moderate. Safety requirements for this position
are safety glasses, hearing protection and steel-toed work boots.

Other RequirementsMATHEMATICAL SKILLS -
Ability to add, subtract, multiply, and divide in all units of measure, using whole numbers, common fractions, and decimals.
REASONING ABILITY - Ability to solve practical problems and deal with a variety of variables.
COMPUTER SKILLS - Knowledge of and familiarity manufacturing software. Proficient with Microsoft Office Software Word, Excel, Power Point

Knowledge, Skills & Abilities utilized on the jobProfessional Knowledge, SkillsProfessional Knowledge:
1. Production process and quality control method of glass;
2. Glass production process, product quality and characteristics.

Professional Skills:
1. Master glass manufacturing process;
2. Familiar with process audit and product audit;
3. Able to read parts machining drawing to inspect the glass;
4. Master related key elements of ISO/QS/VDA quality system;
5. Be proficient in product safety regulations and the correct use of various measuring tools;
6. Be proficient in glass inspection work instructions.

Management Competency:
1. Relatively better planning, organization, communication and coordination ability;
2. Capable of analyzing and solving problems.

Training RequiredTraining Required:
1. Trained in IATF16949 quality system knowledge;
2. Trained in glass quality standard;
3. Trained in SPC, QC seven tools, 5S, etc.

V. Work Environment:
While performing the duties of this job, the employee is occasionally exposed to extreme heat. The noise level in the work environment is usually moderate. Safety requirements for this position
are safety glasses and steel-toed work boots.

VI. Key Performance Indicators:
Completion rate of outgoing inspection plan,Completion rate of product/process audit finding, One-time qualified rate of products

This is a 3rd Shift position

Must be 18 years of age or older.
Fuyao Glass America Inc., Core Foundation Competencies including Ethics, Integrity, Values & Trust. Fuyao Glass America Inc. is An Equal Opportunity/Affirmative Action Employer. All qualified applicants will receive consideration for employment without regard to race, color, religion, sex, national origin, disability or protected veteran status.
Fuyao Glass America, Inc. is a Drug-Free Workplace.",6392,https://workforcenow.adp.com/mascsr/default/mdf/recruitment/recruitment.html?cid=25319558-d6a9-48ab-93d2-99e4878a8ffc&ccId=19000101_000001&jobId=9201303376123_1&lang=en_US,,,,,,,not_checked,,2026-10-06,,2026-10-10,,5,startDate,false,0,,,,,,2026-10-05,,,,,,,,
9201303377430_1,Outgoing Quality Control - Quality Dept,Fuyao Glass America,,Full time,Posted 1 Days Ago,2026-10-05,5,"Moraine, OH, US",1,"Moraine, OH, US",false,,united states,,0,"Job Description

I. Job ProfileJob TitleOutgoing Quality Control(OQC)DepartmentQuality Control

Direct SupervisorLead Quality Control Supervisor/Quality Control SupervisorDirect SubordinatesN/A

II. Job Summary：
1. Outgoing quality inspection (100% Checking and Stamping);
2. Quality Problem Handling;
3. Management of Final Product Inspection Data;
4. Product Inspection and Product Standard Training;
5. Production Group Quality Evaluation;
6. Reports to prepare and submit.

III. Job Functions and Duties

NO.Representative Duties

1Outgoing Quality Inspection:
1.1 Conduct outgoing inspection according to glass inspection standard and 100% checking items list;
1.2 Responsible for identifying and isolating non-conforming glass;
1.3 Co-ordinate with other department and ensure smooth flow of shipment;
1.4 Recording the quality issue and data.

2Quality Problem Handling:
2.1 Participate in judging the responsibility for quality problem;
2.2 Assist in answering quality questions from the production staff.
2.3 Responsible for making feedback and tracking quality problem;
2.4 Assist with quality team or related department to analysis the root cause and action plan for the quality problem.

3Management of Final Product Inspection Data:
3.1 Responsible for collecting, compiling and archiving inspection record;
3.2 Make statistics, analyze, report, and track the quality performance.

4Product Inspection and Product Standard Training:
4.1 Train supervisor/team leader about the Inspection Flow and Quality Standard;
4.2 Train associates about new products or updated standard.

5Production Group Quality Evaluation:
5.1 Responsible for monthly Production Group quality evaluation, providing suggestions to Quality Supervisor for improvement;
5.2 Participate in the process audit based on the Control Plan, track audit problems, and assist Quality Supervisor to coordinate with other department to solve the audit problems;
5.3 Conduct comprehensive product audit for all types of glasses based on the product audit schedule.

6Reports to prepare and submit:
6.1 Daily, weekly, monthly, quarterly and annual product audit and process audit report;
6.2 Glass inspection report;
6.3 Glass quality problems feedback report.

7Other duties as assigned

8Nothing in the Position Description restricts management's right to assign or re-assign duties and responsibilities to this job at any time

IⅤ. Qualification

Job RequirementsLanguageLanguages spoken commonly in the workplace are English. - Ability to read, understand and comprehend documents such as safety rules, operating and maintenance instructions. Ability to interpret a variety of instructions furnished in written, oral, diagram, or schedule form.
Ability to speak effectively and interact with other team members, engineers, leadership and customers.

Experience1 to 3 years manufacturing experience and /or training; or equivalent combination of education and experience preferred. Over 1 year of the company's product inspection experience preferred.

EducationAbove technical secondary school degree, majoring in related specialty

Physical ConditionThe employee is regularly required o stand for long periods. Duties include turning at the waist, reaching, bending, squatting and lifting up to 50 pounds. Ability to pass static strength requirements (grip)
Visual acuity including, but not limited to:
a. NEAR ACUITY - Clarity of vision at 20 inches or less. Use this factor when special and minute accuracy is demanded.
b. FAR ACUITY - Clarity of vision at 20 feet or more. Use this factor when visual efficiency in terms of far acuity is required in day and night/dark conditions.
c. DEPTH PERCEPTION - Three-dimensional vision. Ability to judge distances and spatial relationships so as to see objects where and as they actually are.
d. COLOR VISION - Ability to identify and distinguish colors.
e. FIELD OF VISION - Observing an area that can be seen up and down or to right or left while eyes are fixed on a given point.
The noise level in the work environment is usually moderate. Safety requirements for this position
are safety glasses, hearing protection and steel-toed work boots.

Other RequirementsMATHEMATICAL SKILLS -
Ability to add, subtract, multiply, and divide in all units of measure, using whole numbers, common fractions, and decimals.
REASONING ABILITY - Ability to solve practical problems and deal with a variety of variables.
COMPUTER SKILLS - Knowledge of and familiarity manufacturing software. Proficient with Microsoft Office Software Word, Excel, Power Point

Knowledge, Skills & Abilities utilized on the jobProfessional Knowledge, SkillsProfessional Knowledge:
1. Production process and quality control method of glass;
2. Glass production process, product quality and characteristics.

Professional Skills:
1. Master glass manufacturing process;
2. Familiar with process audit and product audit;
3. Able to read parts machining drawing to inspect the glass;
4. Master related key elements of ISO/QS/VDA quality system;
5. Be proficient in product safety regulations and the correct use of various measuring tools;
6. Be proficient in glass inspection work instructions.

Management Competency:
1. Relatively better planning, organization, communication and coordination ability;
2. Capable of analyzing and solving problems.

Training RequiredTraining Required:
1. Trained in IATF16949 quality system knowledge;
2. Trained in glass quality standard;
3. Trained in SPC, QC seven tools, 5S, etc.

V. Work Environment:
While performing the duties of this job, the employee is occasionally exposed to extreme heat. The noise level in the work environment is usually moderate. Safety requirements for this position
are safety glasses and steel-toed work boots.

VI. Key Performance Indicators:
Completion rate of outgoing inspection plan,Completion rate of product/process audit finding, One-time qualified rate of products

This is a 2nd Shift position",5957,https://workforcenow.adp.com/mascsr/default/mdf/recruitment/recruitment.html?cid=25319558-d6a9-48ab-93d2-99e4878a8ffc&ccId=19000101_000001&jobId=9201303377430_1&lang=en_US,,,,,,,not_checked,,2026-10-06,,2026-10-10,,5,startDate,false,0,,,,,,2026-10-05,,,,,,,,
9201304498153_1,Process Engineer,Fuyao Glass America,,Full time,Posted 1 Days Ago,2026-10-05,5,"South Carolina, Fountain Inn, SC, US",1,"South Carolina, Fountain Inn, SC, US",false,,united states,,0,"Job Title: Process Engineer

Job Summary: The primary responsibilities of this position are new materials development (60%), automation development (10%), process improvement and trouble shooting (25%), and documentation compilation and update (5%). Requires strong engineering background, management and communication skills.

Job Functions:

Develop and test new materials including but not limit to ink, silver paste, screen, cutting wheel, drill etc.

1. Compile materials process requirements according to internal standard and customer standard

2. Ask for potential materials supplier list from purchasing, contact several most promising suppliers for more technical details

3. Ask supplier come onsite with new material samples. Test material samples in lab first. If it pass the lab test, take them to do production test. Complete process
experiment report after each test

4. Make comparison between these materials from US supplier and the materials that are utilized in Chinese plant. Choose the best materials for Fuyao Glass America by the performance and cost

5. Compile documentation for using and storing materials and provide training to plant

6. Track using condition of materials during production. Improve continuously to make materials better

Manage automation projects such as trademark quality inspection, drilling hole inspection, transparency inspection and component assembly inspection, primer inspection and laser marking system

1. Compile process requirements for automation system according to internal standard and customer standard

2. Ask for potential automation supplier list from purchasing, contact several most promising suppliers for more technical details

3. Ask supplier come onsite to evaluate project. Compare all proposals and designs from different supplier

4. Discuss with project team to double check all detail requirements before purchasing issue PO

5. Make project plan and track project progress

6. Compile documentation for automation system and provide training to plant

Organize process improvement and do troubleshooting for process issues

1. Organize the production process team to improve the production process for satisfying the Fuyao internal standard and customer standard in both quality and quantity

2. Facilitate the process meetings to discuss the technical issues that occur during production. Communicate and work with the related process engineers and production team to solve the technical issues. For example: bad screen printing quality due to electrostatic, raw glass corrosion

Compile and update documents including but not limit to work instruction, process requirement, process report and new materials standard

1. Compile work instruction for new production lines or new products. Update work instruction when current process change or new process is added
into production

2. Determine process requirements for materials, automation and other projects

3. Complete process report after new materials test, automation evaluation, new process verification etc.

4. Compile materials standard to make sure exist and new materials meet internal standard and customer standard

Qualifications

•   Languages spoken commonly in the workplace are English and Mandarin. Ability to read, understand and comprehend documents such as safety rules, operating and maintenance instructions. Ability to interpret a variety of instructions furnished in written, oral, diagram, or schedule form.

• Ability to speak effectively and interact with other team members, engineers, leadership and customers

• More than one years of experience in the related production processes and technologies

• Bachelor’s degree or above (those with production experience are preferred)

• The employee is regularly required to stand for long periods. Duties include turning at the waist, reaching, bending, squatting and
lifting up to 50 pounds. Ability to pass static strength requirements (grip)

• Clarity of vision at 20 inches or less. Use this factor when special and minute accuracy is demanded

• Clarity of vision at 20 feet or more. Use this factor when visual efficiency in terms of far acuity is required in day and night/dark conditions

• Three-dimensional vision. Ability to judge distances and spatial relationships so as to see objects where and as they actually are

• Ability to identify and distinguish colors

• Observing an area that can be seen up and down or to right or left while eyes are fixed on a given point

• The noise level in the work environment is usually moderate

• Safety requirements for this position are safety glasses, hearing protection and steel-toed work boots

•  Ability to add, subtract, multiply, and divide in all units of measure, using whole numbers, common fractions, and decimals

• Ability to solve practical problems and deal with a variety of variables

• Knowledge of and familiarity manufacturing software

• Be acquainted with the glass production processes

• Be acquainted with the TS16949 quality system

• Be the master of the professional skills of material development

• Be the master of relevant material standards

• Be the master of the flow of material verification and development

• Have the knowledge of file management

• Abilities of communication and coordination

• Ability of organization

• Strong awareness of initiative study and ability of study

• A certificate of continuous improvement of the green belt level or above

• TS16949 TRAINING

• Training about the five reference books",5528,https://workforcenow.adp.com/mascsr/default/mdf/recruitment/recruitment.html?cid=25319558-d6a9-48ab-93d2-99e4878a8ffc&ccId=19000101_000001&jobId=9201304498153_1&lang=en_US,,,,,,,not_checked,,2026-10-06,,2026-10-10,,5,startDate,false,0,,,,,,2026-10-05,,,3,72010,73986,73986,title,Process Engineer
9201304895621_1,Logistics Operator 3rd Shift,Fuyao Glass America,,Full time,Posted Today,2026-10-06,4,"Moraine, OH, US",1,"Moraine, OH, US",false,,united states,,0,"Must be 18 years of age or older.

Fuyao Glass America Inc., Core Foundation Competencies including Ethics, Integrity, Values & Trust. Fuyao Glass America Inc. is An Equal Opportunity/Affirmative Action Employer. All qualified applicants will receive consideration for employment without regard to race, color, religion, sex, national origin, disability or protected veteran status.

Fuyao Glass America, Inc. is a Drug-Free Workplace.

22:30 - 07:00",450,https://workforcenow.adp.com/mascsr/default/mdf/recruitment/recruitment.html?cid=25319558-d6a9-48ab-93d2-99e4878a8ffc&ccId=19000101_000001&jobId=9201304895621_1&lang=en_US,,,,,,,not_checked,,2026-10-06,,2026-10-10,,4,startDate,false,0,,,,,,2026-10-06,,,,,,,,
9201173827945_1,FYSAM MX Production Manager,Fuyao Glass America,,Full time,Posted 247 Days Ago,2026-02-02,250,"Puebla, México, MX",1,"Puebla, México, MX",false,,Mexico,,0,"Production Manager

Location: Puebla, Mexico

Responsibilities:

•
Manage overall production operations at the Mexico facility, optimize resource allocation, and ensure on-time order delivery.

•
Develop capacity plans and production schedules, coordinating with supply chain management to reduce inventory costs.

•
Control and achieve key performance indicators including safety, quality, cost, delivery, and efficiency.

•
Drive productivity improvements and continuous improvement initiatives, implementing lean manufacturing and quality control.

•
Build production system capabilities and oversee employee training and development.

Requirements:

•
Language:

•
Native-level Chinese Mandarin

•
Proficient in Spanish for daily communication (listening, speaking, reading, writing)

•
Fluent English preferred

•
Education:

•
Associate degree or above

•
Majors in Mechanical Engineering, Business Administration, or related fields preferred

•
Experience:

•
1+ year of local work experience in Mexico; familiarity with local labor laws and production environment

•
Experience in automotive or manufacturing production management preferred; knowledge of production processes is a plus

•
Experience in warehouse, cost, and quality management preferred

•
Proficiency in ERP systems (e.g., Oracle) for inventory management preferred

•
Core Competencies:

•
Strong knowledge of lean manufacturing, quality control, cost management, and cross-departmental collaboration

Gerente de Producción

Ubicación: Puebla, México

Responsabilidades:

•
Coordinar de forma integral las operaciones de producción en la planta de México, optimizar la asignación de recursos y garantizar la entrega puntual de los pedidos.

•
Elaborar planes de capacidad y programación de la producción, coordinando con la cadena de suministro para reducir costos de inventario.

•
Controlar y cumplir con los indicadores clave de desempeño: seguridad, calidad, costo, entregas y eficiencia.

•
Impulsar la mejora de la productividad y proyectos de mejora continua, implementando manufactura esbelta y controles de calidad.

•
Desarrollar capacidades en el sistema de producción y dirigir la capacitación y formación del personal.

Requisitos:

•
Idiomas:

•
Chino mandarín (nivel nativo)

•
Español para comunicación diaria (oral, escrito y lectura)

•
Inglés fluido será un plus

•
Formación académica:

•
Título de Técnico Superior o superior

•
Se valorarán carreras en Ingeniería Mecánica, Administración de Empresas u otras áreas afines

•
Experiencia:

•
Más de 1 año de experiencia laboral en México, con conocimiento de la legislación laboral local y del entorno productivo

•
Experiencia en gestión de producción en la industria automotriz o manufacturera; conocimiento de procesos productivos es un plus

•
Experiencia en gestión de almacenes, costos y calidad es deseable

•
Manejo de sistemas ERP (como Oracle) para la gestión de inventarios será valorado positivamente

•
Competencias clave:

•
Conocimientos sólidos en manufactura esbelta, control de calidad, control de costos y colaboración interdepartamental",3103,https://workforcenow.adp.com/mascsr/default/mdf/recruitment/recruitment.html?cid=25319558-d6a9-48ab-93d2-99e4878a8ffc&ccId=19000101_000001&jobId=9201173827945_1&lang=en_US,,,,,,,not_checked,,2026-10-07,,2026-10-10,,250,startDate,true,0,,,,,,2026-02-02,,,,,,,,
9200949214248_1,Manufacturing Engineer,Fuyao Glass America,,Full time,Posted 643 Days Ago,2025-01-03,645,"Moraine, OH, US",1,"Moraine, OH, US",false,,United States,,0,"I. Job ProfileJob TitleManufacturing EngineerDepartmentProduction Department

Direct SupervisorLead SupervisorDirect SubordinatesNone

II. Job Summary：
Responsible for improving pretreatment product quality, reducing the scrap rate in the pretreatment production process, enhancing output;

III. Job Functions and Duties

NO.Representative Duties

1Production Process Optimization: Analyze and improve production processes to enhance efficiency and reduce waste.

2Equipment Maintenance & Improvement: Support the maintenance and optimization of manufacturing equipment, troubleshoot issues, and improve operational stability.

3Data Collection & Analysis: Gather production data, analyze key performance indicators (KPIs), and provide improvement recommendations.

4Process Improvement: Participate in optimizing and standardizing manufacturing processes to enhance product quality and consistency.

5New Project Implementation Support: Assist the manufacturing team in trial production, testing, and production ramp-up of new products.

6Documentation & Standardization: Help draft and update standard operating procedures (SOPs), process flow charts, and other technical documents.

7Cross-Department Communication: Collaborate with production, quality, and R&D teams to ensure smooth manufacturing operations.

8Safety & Compliance: Adhere to factory safety regulations, support safety improvement projects, and ensure compliance with relevant standards and regulations.

9Other duties as assigned.

10Nothing in the Position Description restricts management's right to assign or re-assign duties and responsibilities to this job at any time.

IⅤ. Qualification

Job RequirementsLanguageLanguages spoken commonly in the workplace are English and/or Mandarin. - Ability to read, understand and comprehend documents such as safety rules, operating and maintenance instructions. Ability to interpret a variety of instructions furnished in written, oral, diagram, or schedule form.
Ability to speak effectively and interact with other team members, engineers, leadership, and customers.

EducationBachelor's or Master's degree in Mechanical Engineering, Industrial Engineering, Manufacturing Engineering, or a related field.

Physical ConditionThe employee is regularly required to stand for long periods.                                                                                             Duties include turning at the waist, reaching, bending, squatting and lifting up to 50 pounds.                                           Ability to pass static strength requirements (grip)
Visual acuity including, but not limited to:
a. NEAR ACUITY - Clarity of vision at 20 inches or less. Use this factor when special and minute accuracy is demanded.
b. FAR ACUITY - Clarity of vision at 20 feet or more. Use this factor when visual efficiency in terms of far acuity is required in day and night/dark conditions.
c. DEPTH PERCEPTION - Three-dimensional vision. Ability to judge distances and spatial relationships so as to see objects where and as they actually are.
d. COLOR VISION - Ability to identify and distinguish colors.
e. FIELD OF VISION - Observing an area that can be seen up and down or to right or left while eyes are fixed on a given point.
The noise level in the work environment is usually moderate. Safety requirements for this position
are safety glasses, hearing protection and steel-toed work boots.

Other RequirementsMATHEMATICAL SKILLS -
Ability to add, subtract, multiply, and divide in all units of measure, using whole numbers, common fractions, and decimals.
REASONING ABILITY - Ability to solve practical problems and deal with a variety of variables.
COMPUTER SKILLS - Knowledge of and familiarity manufacturing software.

Training Required Competent in solving difficult problems in production;

Familiar with production management knowledge and ability;

Competent in leading, communication, coordination, and organizational skills;

Skilled in coating technology, enhancing, and training subordinates;

V. Work Environment:
While performing the duties of this job, the employee is occasionally exposed to extreme heat. The noise level in the work environment is usually moderate. Safety requirements for this position
are safety glasses and steel-toed work boots.

VI. Key Performance Indicators:
Output, Yield, Safety

This posting is for 1st and 2nd shift",4390,https://workforcenow.adp.com/mascsr/default/mdf/recruitment/recruitment.html?cid=25319558-d6a9-48ab-93d2-99e4878a8ffc&ccId=19000101_000001&jobId=9200949214248_1&lang=en_US,,,,,,,not_checked,,2026-09-27,,2026-10-10,,645,startDate,true,0,,,,,,2025-01-03,,,4,67558,67558,68177,title,Manufacturing Engineer
9201276623824_1,Advance Quality Engineer,Fuyao Glass America,,,Posted 57 Days Ago,2026-08-12,59,"Fountain Inn, SC, US",1,"Fountain Inn, SC, US",false,,United States,,0,"I. Job ProfileJob TitleAdvance Quality EngineerDepartmentProgram Management Department

Direct SupervisorLead Advanced Quality Engineer Direct Subordinates-

II. Job Summary：
1. In charge of the new program quality plan , Manage new program and new product quality development;
2. In charge of the quality department Advance quality engineer (AQE) management;
3. In Charge of deal with the customer complaint about the new program, follow up the return material defect analysis and improvement;
4. In charge of the Engineer change work order management of the program and process;

III. Job Functions and Duties

NO.Representative Duties

1Responsible to keep data, drawings, and standards effectively archived in a controlled way.

22. Control the new product quality before SOP+3 months
2.1 Participate in the design of new product test and detection plan, responsible for verifying the detection and test capability for new products;
2.2 Organize the process capability study and verification of new product technological process and participate in Run-at-Rate verification;
2.3 Organize product review of samples during new product development, quality gate review before mass production and the process review;
2.4 Participate in the product review, revised changes review and trial assembly during customer's new product development;
2.5 Monitor if all necessary processes and plans during new product development are effectively implemented.

33.New product verification
3.1 Work with Quality Verification Engineer to develop PV testing plan according to the OEM requirements;
3.2 Participate in and track the implementation of PV Testing plan, ensure timely attainment.

44.Solve and improve quality problem
4.1 Properly handling with quality problems occurred during new product development and SOP+6 months;
4.2 Handling with customer complaint and returns of goods during new product development and SOP+6 months;
4.3 Establishing new product quality resume, summarize quality problems and  provide improvement  suggestions.

55. Other works relating to quality assurance
5.1 Participate in internal training specifically required by customer;
5.2 Responsible for training and guiding new product quality standard and inspection specification;
5.3 Assist quality control supervisor in recognizing and managing process  change points;
5.4 Responsible for compiling, archiving and transferring materials relating to new product development process.

6Nothing in the Position Description restricts management's right to assign or re-assign duties and responsibilities to this job at any time

IⅤ. Qualification

Job RequirementsLanguageEnglish

Experience1+ years quality engineering field experience, experience  in automotive production manufacture is prefered

EducationBachelor degree or significant relevant work experience (Engineering or management major preferred)

Physical ConditionAdvanced Quality Engineer will be required to work in an office environment at a desk and interacting with others on the manufacturing floor. Must be able to travel to customer facility, as required.

Other Requirements1. Proficient in using Microsoft Office software Word, Excel, Power Point;
2. Proficient in IATF Core (Five) Tools and quality statistics knowledge;
3. Proficient in using 8D method to solve problems;

Knowledge, Skills & Abilities utilized on the jobProfessional  Knowledge, Skills1. Familiar with manufacturing principle and technological process of automotive glass;

2. Familiar with the company's quality policy, objectives and commitments;

3. Have a good knowledge of IATF 16949 quality management system;

4. Have a basic knowledge of ISO14001 and OHSAS18001 quality system;

5. Familiar with various standards and inspection/test methods for automotive glass;

6. Quality planning of new projects;

7. Risk assessment and management of new projects;

8. Able to solve problems systematically;

9. Relatively better planning, organization, Leadership and control ability

10. Relatively strong sense of responsibility and sensitivity; be able to actively deal with problems;

Training Required1. Systematically trained in manufacturing technique of automotive glass and main equipment;

2. Systematically trained in APQP;

3. Trained in IATF 16949 quality system (including five tools);

4. Systematically trained in quality tools.

5. Trained in related OEM and Tier 1-specific requirements.

V. Work Environment:
1. Internal: Office/workshops in plant;
2. External: Various business divisions/customer area.

VI. Key Performance Indicators:
PPAP on time rate, Sample quality, Program benefits, Customer audit and Customer satifaction.",4663,https://workforcenow.adp.com/mascsr/default/mdf/recruitment/recruitment.html?cid=25319558-d6a9-48ab-93d2-99e4878a8ffc&ccId=19000101_000001&jobId=9201276623824_1&lang=en_US,,,,,,,not_checked,,2026-09-27,,2026-10-10,,59,startDate,true,0,,,,,,2026-08-12,,,6,66670,73705,81630,title,Advance Quality Engineer
9201300343655_1,Manufacturing Data Analyst,Fuyao Glass America,,Full time,Posted Today,2026-10-08,2,"Moraine, OH, US",1,"Moraine, OH, US",false,,United States,,0,"I. Job ProfileJob TitleManufacturing Data AnalystDepartmentLamination Pre-assembly

Direct SupervisorLead SupervisorDirect SubordinatesNone

II. Job Summary：
1. Verify data in Plex, in charge of correcting and standardizing the Plex operation and provide training to guarantee the accuracy of the system.
2. Collect, analyze, track and supervise the implementation of important data of the department, such as KPI data, weekly reports, monthly reports, handling of overdue inventory, writing of work instructions, etc.

III. Job Functions and Duties

NO.Representative Duties

1Collect, clean, and organize large datasets from multiple systems, including ERP (Enterprise Resource Planning), MES (Manufacturing Execution System), sensor networks, and inventory platforms such as Plex.

2Perform quantitative analysis and build predictive models to uncover trends in production efficiency, material usage, and quality deviations.

3Generate automated reports and interactive dashboards for cross-functional teams (manufacturing, quality, supply chain, finance), highlighting key performance indicators (KPIs) such as yield, OEE (Overall Equipment Effectiveness), and scrap rates.

4Conduct root cause analysis on production inefficiencies and quality issues; provide actionable insights that support process improvement and cost reduction initiatives.

5Utilize statistical software for hypothesis testing, regression analysis, and variance analysis in support of operational decision-making.

6Apply financial and operational modeling techniques to optimize production scheduling, reduce inventory holding costs, and improve ROI on capital equipment.

7Develop and maintain data pipelines and analytical frameworks that ensure data accuracy, integrity, and scalability.

8Collaborate with production teams and train operators and engineers on data collection methods, dashboard interpretation, and continuous improvement practices.

10Apply financial modeling techniques to evaluate ROI on capital equipment investments and analyze trade-offs in production scheduling, labor allocation, and raw material purchasing strategies.

11Build operational and financial forecasting models integrating manufacturing KPIs with budgeting and cash flow planning, directly supporting monthly variance analysis and strategic decision-making. Ensure accurate barcode-based packing and inventory tracking, integrating logistics data with financial reconciliation systems to support timely and accurate cost-of-goods-sold (COGS) reporting.

12Support and hoc financial analysis, including cost-benefit analyses for new process implementations and budgeting impact projections for new production lines.

13Nothing in the Position Description restricts management's right to assign or re-assign duties and responsibilities to this job at any time.

IⅤ. Qualification

Job RequirementsLanguageLanguages spoken commonly in the workplace are English and/or Mandarin. - Ability to read, understand and comprehend documents such as safety rules, operating and maintenance instructions. Ability to interpret a variety of instructions furnished in written, oral, diagram, or schedule form.
Ability to speak effectively and interact with other team members, engineers, leadership and customers.

ExperienceMore than one year working experience

EducationBachelor's degree and above

Physical ConditionThe employee is regularly required to be in good health, available to work long time with computer, and bear high stress

Other RequirementsMATHEMATICAL SKILLS -
Ability to add, subtract, multiply, and divide into all units of measure, using whole numbers, common fractions, and decimals.
REASONING ABILITY - Ability to solve practical problems and deal with a variety of variables.
COMPUTER SKILLS - Knowledge of and familiarity manufacturing software.

Knowledge, Skills & Abilities utilized on the jobProfessional Knowledge, SkillsFamiliar with company's production process and Plex operation

Familiar with EXCEL and other office software, need strong data analysis ability

Good logic ability, strong data analysis ability

Familiar with supply chain management

Training RequiredPRP operation

PRP management

Management method for material planning

Operation training for supply chain management and logistics management

Program manual

V. Work Environment:
While performing the duties of this job, the employee is occasionally exposed to extreme heat. The noise level in the work environment is usually moderate. Safety requirements for this position are safety glasses, steel-toed work boots and reflective vests.

VI. Key Performance Indicators:
On time shipments-OEM/On time shipments_ARG/Improvement project earnings_1K/Days of Inventory WIP/Days of Inventory FG(OEM)/Hourly employee OT hours_Hr/Month/FBT/GT production batch",4812,https://workforcenow.adp.com/mascsr/default/mdf/recruitment/recruitment.html?cid=25319558-d6a9-48ab-93d2-99e4878a8ffc&ccId=19000101_000001&jobId=9201300343655_1&lang=en_US,,,,,,,not_checked,,2026-10-08,,2026-10-10,,2,startDate,false,0,,,,,,2026-10-08,,,,,,,,
9201302794837_1,HVAC Technician,Fuyao Glass America,,Full time,Posted Today,2026-10-08,2,"Moraine, OH, US",1,"Moraine, OH, US",false,,United States,,0,"I. Job ProfileJob TitleHVAC TechnicianDepartmentSystem Engineering Department

Direct SupervisorFacility Maintenance ManagerDirect SubordinatesNone

II. Job Summary：
1. HVAC troubleshooting
2. Assist Utility Engineer  in his work
3. PM HVAC system and Mechanical room

III. Job Functions and Duties

NO.Representative Duties

1Ensure the normal operation of all HVAC system includes all print rooms, lamination rooms, cold rooms, buffer rooms and ring rooms;

2Apply the maintenance service to all Dock heaters and office air handlers;

3Planning and scheduling monthly maintenance plan and preventive maintenance plan according to the actual working status of the HVAC system.

4Apply daily maintenance service / emergency fixing to HVAC system and recoding the fixing process in Epic;

5Proving solving scheme to sudden failure happened on the HVAC system.

6Renewing the spare parts list and manage HVAC spare parts.

7Installing/ Debugging and apply final acceptance to all new installed air -conditioner.

8Updating and improving the current HVAC system.

9Responsible for Mechanical room(include chillers, air compressors, and dryers) and cooling tower 5S, Daily spot checks and PMs;

10Responsible for PM and troubleshooting all humidifiers of curing rooms;

11Responsible for PM and troubleshooting all AHU units and Spot coolers;

12Other duties as assigned

13Nothing in the Position Description restricts management's right to assign or re-assign duties and responsibilities to this job at any time

IⅤ. Qualification

Job RequirementsLanguageLanguages spoken commonly in the workplace are English. - Ability to read, understand and comprehend documents such as safety rules, operating and maintenance instructions. Ability to interpret a variety of instructions furnished in written, oral, diagram, or schedule form.
Ability to speak effectively and interact with other team members, engineers, leadership and customers.

Experience1+ years HVAC technician experience and /or training; or equivalent combination of education and experience preferred.

EducationHigh School Diploma or General Education Degree (GED)

Physical ConditionThe employee is regularly required o stand for long periods.
Duties include turning at the waist, reaching, bending, squatting and lifting up to 50 pounds.
Ability to pass static strength requirements (grip)
Visual acuity including, but not limited to:
a. NEAR ACUITY - Clarity of vision at 20 inches or less. Use this factor when special and minute accuracy is demanded.
b. FAR ACUITY - Clarity of vision at 20 feet or more. Use this factor when visual efficiency in terms of far acuity is required in day and night/dark conditions.
c. DEPTH PERCEPTION - Three-dimensional vision. Ability to judge distances and spatial relationships so as to see objects where and as they actually are.
d. COLOR VISION - Ability to identify and distinguish colors.
e. FIELD OF VISION - Observing an area that can be seen up and down or to right or left while eyes are fixed on a given point.
The noise level in the work environment is usually moderate. Safety requirements for this position
are safety glasses, hearing protection and steel-toed work boots.

Other RequirementsMATHEMATICAL SKILLS -
Ability to add, subtract, multiply, and divide in all units of measure, using whole numbers, common fractions, and decimals.
REASONING ABILITY - Ability to solve practical problems and deal with a variety of  variables.
COMPUTER SKILLS - Knowledge of and familiarity manufacturing software.

Knowledge, Skills & Abilities utilized on the jobProfessional  Knowledge, SkillsRead blueprints and follow design specifications for installing an HVAC system, in both new and existing buildings;

Familiar with office software WORD, EXCEL, CAD;

Properly connect the HVAC systems to supply lines and install the necessary electrical wiring;

HVAC certificate;

Understand heating and air-conditioning systems function;

Evaluate job-related safety hazards and employ accident prevention techniques;

Use testing equipment and all types of tools;

Troubleshooting skills on all HVAC system;

Training RequiredPlex and Epic training

Fork lift, Scissor, and Boom lift training

Arc Flash, LOTO, Confined Space, Fall Protection Training

V. Work Environment:
While performing the duties of this job, the employee is occasionally exposed to extreme heat. The noise level in the work environment is usually moderate. Safety requirements for this position
are safety glasses and steel-toed work boots.

VI. Key Performance Indicators:
OEE
Numbers of delayed invoices rate
PM completion rate
Repair fee_$/M",4620,https://workforcenow.adp.com/mascsr/default/mdf/recruitment/recruitment.html?cid=25319558-d6a9-48ab-93d2-99e4878a8ffc&ccId=19000101_000001&jobId=9201302794837_1&lang=en_US,,,,,,,not_checked,,2026-10-08,,2026-10-10,,2,startDate,false,0,,,,,,2026-10-08,,,,,,,,
9201303108683_1,Data Analyst,Fuyao Glass America,,Full time,Posted Today,2026-10-08,2,"Moraine, OH, US",1,"Moraine, OH, US",false,,United States,,0,"I. Job ProfileJob TitleData AnalystDepartmentLamination Assembly

Direct SupervisorLamination Assembly ManagerDirect SubordinatesNone

II. Job Summary：
1，Verify data in Plex, in charge of correcting and standardize the Plex operation and provide training to guarantee the accuracy of the system.
2，Collect, analyze, track and supervise the implementation of important data of the department, such as KPI data, weekly reports, monthly reports, handling of overdue inventory, writing of work instructions, etc.

III. Job Functions and Duties

NO.Representative Duties

1Check, management, monitor and report the maintenance of Plex data regularly

2Monitor the on-time close for orders and records in Plex, increase the accuracy of PRP/MRP

3Support fixing abnormal situation for each department when using Plex, and improve the using process

4Evaluation for the feasibility of Plex data update plan(whether related update will affect MRP operation)

5Analyze inventory data, report abnormal inventory such as overdue, sluggish, and non-FIFO, organize and formulate corresponding measures and track the implementation results of measures

6Responsible for weekly/monthly order statistics every week, report the order change rate by main equipment and customers, and guide planners to adjust the production plan of the production line they are responsible for

7Responsible for the collection and statistics of important data such as weekly reports, monthly reports, on-time delivery rate, forecast accuracy, etc.

8Participate in the preparation and improvement of relevant work instructions and program documents of the department

9Responsible for the problem points of the department, tracking and supervising the completion of to-do items

10Responsible for updating and consolidating supply chain working procedure

11Timely completion and report of matters assigned by superiors

12Know about the environment factors, dangerous source and their control method

13Execute and implement integrated management system regulation and documentation

14Classification of scrap and waste from this job

15Other duties as assigned;

16Nothing in the Position Description restricts management's right to assign or re-assign duties and responsibilities to this job at any time.

IⅤ. Qualification

Job RequirementsLanguageLanguages spoken commonly in the workplace are English and Mandarin. - Ability to read, understand and comprehend documents such as safety rules, operating and maintenance instructions. Ability to interpret a variety of instructions furnished in written, oral, diagram, or schedule form.
Ability to speak effectively and interact with other team members, engineers, leadership and customers.

ExperienceMore than one year working experience in the planning department

EducationBachelor's degree and above

Physical ConditionThe employee is regularly required o in good health, available to work long time with computer, bear high stress

Other RequirementsMATHEMATICAL SKILLS -
Ability to add, subtract, multiply, and divide in all units of measure, using whole numbers, common fractions, and decimals.
REASONING ABILITY - Ability to solve practical problems and deal with a variety of  variables.
COMPUTER SKILLS - Knowledge of and familiarity manufacturing software.

Knowledge, Skills & Abilities utilized on the jobProfessional  Knowledge, SkillsFamiliar with company's production process and Plex operation

Familiar with EXCEL and other office software, need strong data analysis ability

Good logic ability, strong data analysis ability

Familiar with supply chain management

Training RequiredPRP operation

PRP  management

Management method for material planning

Operation trainning for supply chain management and logistics management

Program manual

V. Work Environment:
While performing the duties of this job, the employee is occasionally exposed to extreme heat. The noise level in the work environment is usually moderate. Safety requirements for this position
are safety glasses and steel-toed work boots.

VI. Key Performance Indicators:
On time shipments-OEM/On time shipments_ARG/Improvement project earnings_1K/Days of Inventory WIP/Days of Inventory FG(OEM)/Hourly employee OT hours_Hr/Month",4232,https://workforcenow.adp.com/mascsr/default/mdf/recruitment/recruitment.html?cid=25319558-d6a9-48ab-93d2-99e4878a8ffc&ccId=19000101_000001&jobId=9201303108683_1&lang=en_US,,,,,,,not_checked,,2026-10-08,,2026-10-10,,2,startDate,false,0,,,,,,2026-10-08,,,8,60000,60128,62782,title,Data Analyst
9201303540935_1,Shift Supervisor (3rd Shift),Fuyao Glass America,,Full time,Posted Today,2026-10-08,2,"Dayton, Moraine, OH, US",1,"Dayton, Moraine, OH, US",false,,United States,,0,"Job Title: Shift Supervisor

Job Summary：
1. Production safety (proper wear of PPEs)

2. Product quality (yield produced by each shift)

3. Productivity (pieces produced by each shift)

4. Job observation (associates’ skills/wait on the job/defects/on-site conditions/preparations)

5. Training (equipment operation, quality standards, process requirements and information feedback procedure)

6. Emergency issue handling (4M changes, sudden equipment breakdowns, production problems)

Job Functions:

• Conducting pre-shift meeting

• Assembly's process of finished products

• Guidance and leadership to personnel and motivation of Associates to reach

• Create grid whiteboard maintenance and direction to Associates

• Oversight of glass auditing and Plex entry

• Other duties as assigned

• Nothing in the Position Description restricts management's right to assign or re-assign duties and responsibilities to this job at any time

Qualifications:

• Languages spoken commonly in the workplace are English and Mandarin. Ability to read, understand and comprehend documents such as safety rules, operating and maintenance instructions. Ability to interpret a variety of instructions furnished in written, oral, diagram, or schedule form

• Ability to speak effectively and interact with other team members, engineers, leadership and customers

• 1 to 3 years manufacturing experience and /or training; or equivalent combination of education and experience preferred

• High School Diploma or General Education Degree (GED)

• The employee is regularly required to stand for long periods. Duties include turning at the waist, reaching, bending, squatting and lifting up to 50 pounds

• Ability to pass static strength requirements (grip)

• Clarity of vision at 20 inches or less. Use this factor when special and minute accuracy is demanded

• Clarity of vision at 20 feet or more. Use this factor when visual efficiency in terms of far acuity is required in day and night/dark conditions

• Three-dimensional vision. Ability to judge distances and spatial relationships so as to see objects where and as they actually are

•  Ability to identify and distinguish colors

• Observing an area that can be seen up and down or to right or left while eyes are fixed on a given point.

• The noise level in the work environment is usually moderate

• Safety requirements for this position are safety glasses, hearing protection and steel-toed work boots

• Ability to add, subtract, multiply, and divide in all units of measure, using whole numbers, common fractions, and decimals

• Ability to solve practical problems and deal with a variety of variables

• Knowledge of and familiarity manufacturing software

• FORKLIFT OPERATION (Certification Required)

• Operates forklifts, as needed, to support Production

• Background and policy of company, Processing of produce, safety requirement, and any necessary knowledge

• Knowledge of 5S and how it applies to specific work area

• Equipment and electric appliance's mechanical structures and operating principles

• Remember and understand <Material and Safety of processing menu book>

• Self working 90 days

• Familiar with operation 60 days

• Being a trainer 180 days

• Give advises 180 days

Responsible report to Lead supervisor,orgnize and plan production based on production orders, shift production daily report.

Fully responsible to shift production quality and cost, manage and control each KPI in order to fulfill the company's requests.

Implement pre-shift meeting regulation. Report production, quality, work regulation issues.

Responsible to solve production issues,orgnize personnel to solve problems.

Responsible for work coordination,assist finacial department and statistic department in plant stock taking and bonus management.

Supervise the preparation of each position before production, Monitor work regulations,q uality,safety.Make sure that operators will work according to 3 operation instructions.

Implement initial training ,formal training and multi positions training, Implementation evaluation follow-up.

Collect shift production data,analyze shift production and quality status, report to Lead supervisor.

.Responsible for managing 5 Star kanban and conducting the TPM activity of the workshop

Implement 5s and visionary management on-site.Keep safe and clean environment. Keep items in their positions.

In case of emergency,follow the instructions in emergency plan.

Responsible for quality document and record management. Manage and supervise equipment and tools in the plant.

Double check the accuracy of production report preparation and import to system.Make sure the responsible warehouse materials quantities match system record.

Identify workplace environment factor, hazard resource and control method.

Strictly implement the regulations of comprehensive management system(Complete Daily Safety checklist).

Take care of sorting and storage of own waste.

Assist other matters.

Other duties as assigned

Nothing in the Position Description restricts management's right to assign or re-assign duties and responsibilities to this job at any time",5155,https://workforcenow.adp.com/mascsr/default/mdf/recruitment/recruitment.html?cid=25319558-d6a9-48ab-93d2-99e4878a8ffc&ccId=19000101_000001&jobId=9201303540935_1&lang=en_US,,,,,,,not_checked,,2026-10-08,,2026-10-10,,2,startDate,false,0,,,,,,2026-10-08,,,,,,,,
9201303565383_1,Lead Supervisor,Fuyao Glass America,,Full time,Posted Today,2026-10-08,2,"Moraine, OH, US",1,"Moraine, OH, US",false,,United States,,0,"Job Summary:

• Responsible for workshop daily routine, managing workshop personnel, production, quality, safety, cost and statistics;

Job Functions and Duties:

• Responsible to the plant manager, daily report of workshop indicator operation and management;

• Arranging workshop internal production according to production orders;

• Implementing workshop contingency plans in case of sudden emergencies;

• Responsible for supervision and inspection of each station pre-production preparations, labor discipline, work quality, production safety and compliance of employees with the 3 major operating instructions.

• Responsible for workshop production quality and cost, controlling workshop indicators so as to meet the company requirements;

• Responsible for implementing company management rules, briefing production, quality and labor discipline;

• Responsible for organizing analysis and improvement of difficult problems, tracking the performance and feeding back;

• Responsible for organizing statistical analysis and developing improvement measures and tracking performance in case of indicator abnormalities in production;

• Responsible for coordinating workshop daily routine, cooperating with the Statistics Section, Department of Finance in completing workshop inventory and employee bonus accounting;

• Responsible for auditing authenticity of workshop production statements and records and compliance of inventories and accounts, organizing statistical analysis and developing improvement measures and tracking the performance in case of any abnormalities;

• Responsible for custody of workshop documents, statements and records;

• Responsible for purchase of workshop daily production tooling and tools;

• Responsible for supervising daily application, maintenance and custody of workshop equipment, tooling and tools;

• Responsible for developing and organizing workshop employee post training and transfer training, and multi-post development plans, and tracking the implementation results;

• Responsible for monitoring the implementation of 5s and SECURITY of workshop posts, maintaining a clean, efficient and safe working environment;

• Participating in various activities to improve and solve problems so as to improve quality, eliminate waste and reduce costs;

• Positively understanding and monitoring all workshop environmental factors, risk factors, hazards and their control methods;

• Familiar with and supervising workshop material safety data sheets;

• Conscientiously implementing integrated management system related documents;

• Storing post wastes by categories;

• Other duties as assigned

• Nothing in the Position Description restricts management's right to assign or re-assign duties and responsibilities to this job at any time

Qualification:

• Languages spoken commonly in the workplace are English and Mandarin. - Ability to read, understand and comprehend documents such as safety rules, operating and maintenance instructions. Ability to interpret a variety of instructions furnished in written, oral, diagram, or schedule form.

• Ability to speak effectively and interact with other team members, engineers, leadership and customers.

• 1 to 3 years manufacturing experience and /or training; or equivalent combination of education and experience preferred.

• High School Diploma or General Education Degree (GED)

• The employee is regularly required o stand for long periods.

• Duties include turning at the waist, reaching, bending, squatting and lifting up to 50 pounds.

• Ability to pass static strength requirements (grip)

• Visual acuity including, but not limited to:

• NEAR ACUITY - Clarity of vision at 20 inches or less. Use this factor when special and minute accuracy is demanded.

• FAR ACUITY - Clarity of vision at 20 feet or more. Use this factor when visual efficiency in terms of far acuity is required in day and night/dark conditions.

• DEPTH PERCEPTION - Three-dimensional vision. Ability to judge distances and spatial relationships so as to see objects where and as they actually are.

• COLOR VISION - Ability to identify and distinguish colors.

• FIELD OF VISION - Observing an area that can be seen up and down or to right or left while eyes are fixed on a given point.

• The noise level in the work environment is usually moderate. Safety requirements for this position are safety glasses, hearing protection and steel-toed work boots.

• MATHEMATICAL SKILLS - Ability to add, subtract, multiply, and divide in all units of measure, using whole numbers, common fractions, and decimals.

• REASONING ABILITY - Ability to solve practical problems and deal with a variety of variables.

• COMPUTER SKILLS - Knowledge of and familiarity manufacturing software.

• Familiar with tempered product process and quality requirements;

• Familiar with the product safety and regulation;

• Familiar with process FMEA;

• Skilled in mold repair technology;

• Familiar with production statistical statements and recording, and other production statistics basic knowledge and skills;

• Tempering Technology, Quality, Equipment Operation and Requirements

• Plant Quota Evaluation and Production, Quality Statement Analysis

• 5s and 6δ management knowledge;

• Post Related Material Safety Data Sheet

• Powered Industrial Truck Certification. Propane, Gas, or Stand up if applicable

• SPC, FMEA and Other Tools for Quality Management

• Powered Industrial Truck Certification. Propane, Gas, or Stand up if applicable & Forklift Train the Trainer Certified

• Must complete all training described in the Company’s Training Standard, in the areas of Safety, Output, Quality, Management, Leadership, 5S and Legal .",5704,https://workforcenow.adp.com/mascsr/default/mdf/recruitment/recruitment.html?cid=25319558-d6a9-48ab-93d2-99e4878a8ffc&ccId=19000101_000001&jobId=9201303565383_1&lang=en_US,,,,,,,not_checked,,2026-10-08,,2026-10-10,,2,startDate,false,0,,,,,,2026-10-08,,,,,,,,
9201305021608_1,Shift Supervisor - Encapsulation Dept,Fuyao Glass America,,,Posted Today,2026-10-08,2,"Moraine, OH, US",1,"Moraine, OH, US",false,,United States,,0,"Job Description

I. Job ProfileJob TitleShift SupervisorDepartmentEncapsulation

Direct SupervisorLead SupervisorDirect SubordinatesTechnical Supervisor, Mold & Fixture Management, Coordinator, Preparation, Utility, Allocation Forklift, CBG Bystronic Operator, Print Operator, Pre-Sintering Operator, Furnace Operator, Inspector, Loader, Production Associates

II. Job Summary：
Responsible for the management and supervision of personnel, production, work regulations, quality. Implement cost management strictly. Improve production output and quality effectively.

III. Job Functions and Duties

NO.Representative Duties

1Report to Lead supervisor, organize and plan production based on production orders.

2Be responsible for plant safety issue, guiding and supervising safety management by supervisors; ensuring personal safety, production safety, equipment safety, and environmental sanitation, etc.

3Fully responsible to production quality and cost, manage and control each KPI in order to fulfill company's requests.

4Implement pre-shift meeting regulation. Report production, quality, work regulation issues.

5Responsible to solve production issues, organize personnel to solve problems.

6Responsible for work coordination, assist financial department and statistic department in plant stock taking and bonus management.

7Supervise the preparation of each positions before production, Monitor work regulations, quality, safety. Make sure that operators will work according to 3 operation instructions.

8Prepare initial training, formal training and multi-positions training, Implementation evaluation follow up.

9Collect shift production data, analyze shift production and quality status, report to Lead supervisor.

10Implement 5s and visionary management on-site. Keep safe and clean environment. Keep things at appropriate spots.

11In case of emergency, follow the instructions in emergency plan.

12Responsible for quality document and record management. Manage and supervise equipment and tools in plant.

13Double check the accuracy of production report preparation and import to system. Make sure the responsible warehouse materials quantities match system record.

14Identify workplace environment factors, hazard resource and control methods.

15Strictly implement the regulations of comprehensive management system.

16Take care of sorting and storage of own waste.

17Other duties as assigned.

18Nothing in the Position Description restricts management's right to assign or re-assign duties and responsibilities to this job at any time

IⅤ. Qualification

Job RequirementsLanguageLanguages spoken commonly in the workplace are English and/or Mandarin. - Ability to read, understand and comprehend documents such as safety rules, operating and maintenance instructions. Ability to interpret a variety of instructions furnished in written, oral, diagram, or schedule form.
Ability to speak effectively and interact with other team members, engineers, leadership and customers.

Experience1 year manufacturing experience and /or training; or equivalent combination of education and experience preferred.

EducationHigh School Diploma or General Education Degree (GED)

Physical ConditionThe employee is regularly required o stand for long periods. Duties include turning at the waist, reaching, bending, squatting and lifting up to 50 pounds. Ability to pass static strength requirements (grip)
Visual acuity including, but not limited to:
a. NEAR ACUITY - Clarity of vision at 20 inches or less. Use this factor when special and minute accuracy is demanded.
b. FAR ACUITY - Clarity of vision at 20 feet or more. Use this factor when visual efficiency in terms of far acuity is required in day and night/dark conditions.
c. DEPTH PERCEPTION - Three-dimensional vision. Ability to judge distances and spatial relationships so as to see objects where and as they actually are.
d. COLOR VISION - Ability to identify and distinguish colors.
e. FIELD OF VISION - Observing an area that can be seen up and down or to right or left while eyes are fixed on a given point.
The noise level in the work environment is usually moderate. Safety requirements for this position
are safety glasses, hearing protection and steel-toed work boots.

Other RequirementsMATHEMATICAL SKILLS -
Ability to add, subtract, multiply, and divide in all units of measure, using whole numbers, common fractions, and decimals.
REASONING ABILITY - Ability to solve practical problems and deal with a variety of variables.
COMPUTER SKILLS - Knowledge of and familiarity manufacturing software.

Knowledge, Skills & Abilities utilized on the jobProfessional Knowledge, SkillsMaintain a professional courteous demeanor

Excellent communication and interpersonnal skills

Must be punctual, pleasant, and tactful with professional appearance and conduct

Ability to work in a fast-paced environment while meeting critical deadlines

Knowledgeable and understanding of organizational policies, procedures, standards, and systems

Ability to operate a computer and use mathematic skills to interpret production data

Master critical skills across workshop processes to provide immediate coverage for guarantee continuous line operation

Ability to operate a forklift

Training RequiredPosition related Safaty Data Sheets, Job Hazard Analysis, Material Handling Safety Training

Position Work Instructions Training

Product Appearance Standards Training

Position 5S Management Training

Enterprise Profile, Rules and Regulations, Product Quality, Technology Operation, Safety, System, and Other Awareness Training

Forklift Training

V. Work Environment:
While performing the duties of this job, the employee is occasionally exposed to extreme heat. The noise level in the work environment is usually moderate. Safety requirements for this position are safety glasses and steel-toed work boots.

VI. Key Performance Indicators:
Output, Yield, Demission Rate, Sheet Return Rate, Delivery, Production Cost, Production Efficiency, External Damage, Product Audit Compliance Rate, Production Safety, Stock

This is a 1st shift Position

Must be 18 years of age or older.
Fuyao Glass America Inc., Core Foundation Competencies including Ethics, Integrity, Values & Trust. Fuyao Glass America Inc. is An Equal Opportunity/Affirmative Action Employer. All qualified applicants will receive consideration for employment without regard to race, color, religion, sex, national origin, disability or protected veteran status.
Fuyao Glass America, Inc. is a Drug-Free Workplace.",6550,https://workforcenow.adp.com/mascsr/default/mdf/recruitment/recruitment.html?cid=25319558-d6a9-48ab-93d2-99e4878a8ffc&ccId=19000101_000001&jobId=9201305021608_1&lang=en_US,,,,,,,not_checked,,2026-10-08,,2026-10-10,,2,startDate,false,0,,,,,,2026-10-08,,,,,,,,
9201305967488_1,Utility Engineer,Fuyao Glass America,,,Posted 1 Days Ago,2026-10-07,3,"South Carolina, Fountain Inn, SC, US",1,"South Carolina, Fountain Inn, SC, US",false,,United States,,0,"I. Job ProfileJob TitleUtility EngineerDepartment2091 Utility Maintenance

Direct SupervisorUtility Maintenance ManagerDirect SubordinatesN/A

II. Job Summary：
负责公共设备的日常维护保养,制定作业指导书，整理备品备件储备计划及主导负责设备大中修计划及预防性维修计划。
Responsible for the daily maintenance of Utilityequipment, formulate work instructions, organize the spare parts plan, and lead the overhual maintenance plan and preventive maintenance plan for the equipment.

III. Job Functions and Duties

NO.Representative Duties

1熟练掌握公共设备的运行流程，负责公共设备的运行检查、维护维修并监督记录；
The operation process of Utility system equipment, responsible for the operation inspection, maintenance and supervision records of Utility equipment on Epic;

2负责制定公共设备的日常操作和维护保养作业指导书、备品备件储备计划、大中修计划及预防性维修计划（PM）；
Responsible for formulating daily operation and maintenance work instructions for Utility equipment, spare parts plan, overhual repair plan and preventive maintenance plan (PM);

3负责建立公共设备的维修档案及设备维修绩效分析（KPI）；
Responsible for establishing maintenance files of Utility equipment and maintenance performance analysis (KPI);

4负责公共设备突发性故障的快速处理，并制定公共设备的应急计划；
Responsible for the rapid handling of sudden failures&factory calls of Utility equipment, and prepare emergency plans for Utility equipment;

5负责统计公司能源消耗（电量与水量），并制定有效的节能减排计划与持续改善方案；
Responsible for calculating the company's energy consumption (electricity and water), and formulating effective energy conservation and emission reduction plans and continuous improvement plans;

6负责公司新增及改造的公共设备工程项目提报、方案确认、材料申购、安装调试并参与验收；
Responsible for the company's new and renovated public equipment project submission, scheme confirmation, material purchase, installation and commissioning, and participate in the acceptance;

7负责本部门环境因素与危险源的识别与评价及控制管理，并监测其运行情况；
Responsible for the identification, evaluation and control management of environmental factors and hazard sources in the department, and monitor their operation;

8负责公共设备现场5S、TPM管理、CIP项目等活动的组织与实施；
Responsible for the organization and implementation of on-site 5S, TPM management, CIP projects and other activities for public equipment;

9负责公共设备的相关文件记录（书面/媒体等）的收集、填写及移交；
Responsible for the collection, filling and handover of relevant documents and records (written/media, etc.) of Utility facilities;

16Other duties as assigned

17Nothing in the Position Description restricts management's right to assign or re-assign duties and responsibilities to this job at any time

IⅤ. Qualification

Job RequirementsLanguageLanguages spoken commonly in the workplace are English and Mandarin. - Ability to read, understand and comprehend documents such as safety rules, operating and maintenance instructions. Ability to interpret a variety of instructions furnished in written, oral, diagram, or schedule form.
Ability to speak effectively and interact with other team members, engineers, leadership and customers.

Experience1+ years manufacturing experience and /or training; or equivalent combination of education and experience preferred.

EducationBechelor's Degree or Higher (GED)

Physical ConditionThe employee is regularly required o stand for long periods.                                                                                                                                                         Duties include turning at the waist, reaching, bending, squatting and lifting up to 50 pounds.                                                                                                                                                         Ability to pass static strength requirements (grip)
Visual acuity including, but not limited to:
a. NEAR ACUITY - Clarity of vision at 20 inches or less. Use this factor when special and minute accuracy is demanded.
b. FAR ACUITY - Clarity of vision at 20 feet or more. Use this factor when visual efficiency in terms of far acuity is required in day and night/dark conditions.
c. DEPTH PERCEPTION - Three-dimensional vision. Ability to judge distances and spatial relationships so as to see objects where and as they actually are.
d. COLOR VISION - Ability to identify and distinguish colors.
e. FIELD OF VISION - Observing an area that can be seen up and down or to right or left while eyes are fixed on a given point.
The noise level in the work environment is usually moderate. Safety requirements for this position
are safety glasses, hearing protection and steel-toed work boots.

Other RequirementsMATHEMATICAL SKILLS -
Ability to add, subtract, multiply, and divide in all units of measure, using whole numbers, common fractions, and decimals.
REASONING ABILITY - Ability to solve practical problems and deal with a variety of  variables.
COMPUTER SKILLS - Knowledge of and familiarity manufacturing software.

Knowledge, Skills & Abilities utilized on the jobProfessional  Knowledge, SkillsProperly connect the HVAC systems to supply lines and install the necessary electrical wiring;

Familiar with office software WORD, EXCELE, CAD;

Familiar with electric and mechanical knowledge;

Knowledge of health and safety guidelines when dealing with dangerous equipment or chemicals;

Understand heating and air-conditioning systems function;

UPS and generator basic knowledge and trouble shooting skills prefered;

Weld, assemble, and lubricate pipes;

Analyzed, diagnosed, and repaired electrical systems and integrated electrical, mechanical and hydraulic systems on walkway and associated equipment

High voltage knowledges trouble shooting skills prefered;

Training RequiredPlex and Epic training

Fork lift training

Arc Flash Training

Power industrial lift training

V. Work Environment:
While performing the duties of this job, the employee is occasionally exposed to extreme heat. The noise level in the work environment is usually moderate. Safety requirements for this position
are safety glasses and steel-toed work boots.

VI. Key Performance Indicators:",5871,https://workforcenow.adp.com/mascsr/default/mdf/recruitment/recruitment.html?cid=25319558-d6a9-48ab-93d2-99e4878a8ffc&ccId=19000101_000001&jobId=9201305967488_1&lang=en_US,,,,,,,not_checked,,2026-10-08,,2026-10-10,,3,startDate,false,0,,,,,,2026-10-07,,,,,,,,
9201263578119_1,Supervisor in Training,Fuyao Glass America,,Full time,Posted Today,2026-10-09,1,"Plymouth, MI, US",1,"Plymouth, MI, US",false,,United States,,0,"About Fuyao

Fuyao Automotive North America Incorporated (FANA) is in the general warehousing and glass manufacturing industry in Plymouth MI. We provide automotive glass for the North America market and currently have glass manufacturing relationships with some of the top automotive manufacturers in North America including GM, Honda, Chrysler, Kia, BMW and Hyundai. We operate several production lines for a variety of vehicle models from each of these automotive manufacturers.

Our Parent Company

Fuyao Glass Industry Group Co. Ltd. (FYG) is a leading international manufacturer of automotive and industrial glass located in the People's Republic of China. The company has been listed on the Shanghai Stock Exchange since 1993 and employs more than 8,000 people in China, Hong Kong, Europe, Australia, Russia and the United States. Being the largest automotive glass supplier in China, FYG controls over 60% share of Chinese OEM market and over 30% share of Chinese replacement market. Fuyao customers in China are some of the leading automotive manufacturers in the world including GM, Ford, Honda, Toyota, Audi, Volkswagen, Citroen, and Mercedes-Benz to name a few.

JOB DESCRIPTION

Summary/Objective

The primary role of the Supervisor in Training is to learn to manage and supervise production personnel, production, labor discipline and quality.  This will be accomplished by production tasks, conducting product cost and control and effectively improving product quality and output.  In the meantime, grasping the company business conditions, learn the concepts of the continuous improvement program relating to quality, effectiveness, inventory and material consumption.

Essential Duties and Responsibilities:

• Responsible for learning the concept of the business and department roles (line operators, line supervisors, Production Manager and Engineers).

• Responsible for learning plant machinery and production processes (assembling parts).

• Assist with debugging, production tracking and technical support for difficult products to minimize scrap.

• Responsible for learning techniques and assisting in increasing yield, productivity and product quality.

• Responsible for learning and assisting with first piece inspection process.

• Assist in updating monthly Kaizen board.

• Responsible for learning and assisting in half-hour sampling check of the production glass appearance to prevent high volume of defects.

• Assist with mentoring and coaching personnel.

• Responsible for training on all workshop equipment and assisting in reasonable improvement and maintenance.

• Other work arranged by the department manager.

Competencies:

1.            Production Management Capability.

2.            Problem Solving/Analysis.

3.            Process and Procedure Management.

4.            Quality Management

5.            Communication Proficiency.

6.            Ethical Conduct.

Supervisory Responsibility:

This position has no direct supervisory responsibilities.

Work Environment

This job operates between manufacturing and office environment. This role routinely uses standard office equipment such as computers, phones, photocopiers, filing cabinets and fax machines as well as interfacing with the operation of machinery on the floor.

Must be 18 years or older.

Physical Demands

The physical demands described here are representative of those that must be met by an employee to successfully perform the essential functions of this job.

Position Type/Expected Hours of Work
This is a full-time position. Days and hours of work are Monday through Friday, 8:00 a.m. to 5 p.m. Occasional evening and weekend work may be required as job duties demand.

Travel

Little to no travel is expected for this position.

Required Education and Experience

• Min. Bachelor’s degree in Industrial/Operations/Business Management.

• Proficient in strong planning, organization, and coordination skills.

• Proficient in ability to inspect.

• Proficient in office software.

• Bilingual in English and Chinese Mandarin

Preferred Education and Experience

With one or more years’ experience in manufacturing and/or training; or equivalent combination of education and experience.

Other Duties

Please note this job description is not designed to cover or contain a comprehensive listing of activities, duties or responsibilities that are required of the employee for this job. Duties, responsibilities and activities may change at any time with or without notice.",4496,https://workforcenow.adp.com/mascsr/default/mdf/recruitment/recruitment.html?cid=25319558-d6a9-48ab-93d2-99e4878a8ffc&ccId=19000101_000001&jobId=9201263578119_1&lang=en_US,,,,,,,not_checked,,2026-09-27,,2026-10-10,,1,startDate,true,0,,,,,,2026-10-09,,,,,,,,
9201302756874_1,Manufacturing Engineer,Fuyao Glass America,,Full time,Posted Today,2026-10-09,1,"Dayton, Moraine, OH, US",1,"Dayton, Moraine, OH, US",false,,United States,,0,"1. Job ProfileJob titleManufacturing engineerDepartmentTempering Furnace EPBT

Direct supervisorLead SupervisorDirectly subordinateNo

2. Job Summary
Responsible for improving the quality of pretreatment products, reducing waste rates during pretreatment production, and increasing output;

3. Job Functions and Responsibilities

No.representative duties

1Analyze and improve manufacturing processes to increase efficiency and reduce waste.

2Develop, implement, and optimize production workflows, layout layouts, and standard operating procedures.

3Supports new equipment installation and lead process validation.

4Collaborate with quality, maintenance, and production teams to solve problems.

5Monitor and report key performance indicators (KPIs), such as cycle time, yield, and downtime.

6We support the launch of new automotive glass products and ensure smooth entry into mass production.

7Implement lean production and continuous improvement programs (such as improvement, 5S, Six Sigma).

8Other assigned duties.

9The job description does not restrict management's right to assign or reassign the position at any time.

4. Qualifications

Job requirementsLanguageCommon languages in the workplace are English and/or Mandarin. - Able to read, understand, and comprehend documents such as safety rules, operation, and maintenance instructions. Able to interpret instructions in various forms of writing, verbal, charts, or schedules.
Able to communicate effectively and interact with other team members, engineers, leadership, and clients.

Educational backgroundBachelor's or Master's degree in mechanical engineering, industrial engineering, manufacturing engineering, or a related field.

System statusEmployees often have to stand for long periods. Responsibilities include waist rotation, reaching out, bending, squatting, and lifting up to 50 pounds. The ability to demand electrostatic strength (grip strength). Noise in the work environment is generally moderate. Safety requirements for this position include goggles, hearing protection, and steel-toed work boots. Vision includes but is not limited to:
a. Near clarity—visual clarity of 20 inches or less. Use this factor when special and extremely fine precision is required.
b. Far-field clarity – Field of view clarity of 20 feet or more. This factor is used when visual efficiency at long distances is needed under daytime and night/dark conditions.
c. Depth perception—three-dimensional vision. It can determine distance and spatial relationships, allowing you to see the actual location and location of objects.
d. Color vision—the ability to recognize and distinguish colors.
e. Visual field — when the eye is fixed on a certain point, observe the visible area up and down or left to right.

Other requirementsMath Skills - Able to use integers, common fractions, and decimal points, and perform addition, subtraction, multiplication, and division with all units.
Reasoning ability—the ability to solve practical problems and handle various variables.
Computer Skills – Possess knowledge and familiarity with manufacturing software.

Required trainingAble to solve difficult problems in production;

Familiar with production management knowledge and skills;

Possess leadership, communication, coordination, and organizational skills;

Skilled in coating technology, enhancement, and training subordinates;

5. Work environment
While performing this role, employees are occasionally exposed to extreme high temperatures. Noise in the work environment is generally moderate. Safety requirements for this position include safety goggles and steel-head work boots.

6. Key Performance Indicators
yield, equivalent, safety

Must be 18 years of age or older.
Fuyao Glass America Inc., Core Foundation Competencies including Ethics, Integrity, Values & Trust. Fuyao Glass America Inc. is An Equal Opportunity/Affirmative Action Employer. All qualified applicants will receive consideration for employment without regard to race, color, religion, sex, national origin, disability or protected veteran status.
Fuyao Glass America, Inc. is a Drug-Free Workplace.",4131,https://workforcenow.adp.com/mascsr/default/mdf/recruitment/recruitment.html?cid=25319558-d6a9-48ab-93d2-99e4878a8ffc&ccId=19000101_000001&jobId=9201302756874_1&lang=en_US,,,,,,,not_checked,,2026-10-09,,2026-10-10,,1,startDate,false,0,,,,,,2026-10-09,,,4,67558,67558,68177,title,Manufacturing Engineer
9201304011626_1,Manufacturing Engineer - Tempering Pre-Assembly Dept,Fuyao Glass America,,Full time,Posted Today,2026-10-09,1,"Moraine, OH, US",1,"Moraine, OH, US",false,,United States,,0,"I. Job ProfileJob TitleManufacturing EngineerDepartmentTempering Pre-assembly

Direct SupervisorLead SupervisorDirect SubordinatesNone

II. Job Summary：
Responsible for analyzing, improving, and supporting the manufacturing processes and production equipment that sustain FGA’s automotive glass operation.

III. Job Functions and Duties

NO.Representative Duties

1Analyze and improve manufacturing processes to support production efficiency and product quality.
Evaluate production flow, process parameters, and operating conditions in order to identify inefficiencies, reduce variation, and improve consistency in manufacturing performance. Apply knowledge of manufacturing processes, production and processing, quality control, and mechanical systems to support process optimization and continuous improvement.

2Troubleshoot production equipment and mechanical systems to maintain stable operation.
Investigate equipment malfunctions, abnormal operation, and process interruptions in manufacturing areas, determine root causes, and recommend or implement corrective actions. Use mechanical engineering knowledge, troubleshooting skills, and equipment operation knowledge to improve equipment reliability and reduce downtime.

3Monitor and support installation, operation, maintenance, and repair activities for manufacturing equipment.
Oversee and support the technical operation of equipment to ensure machinery is functioning according to process and engineering requirements. Coordinate with maintenance and technical personnel regarding equipment condition, repair needs, and operational adjustments. Apply knowledge of mechanical equipment, industrial processes, and operational methods.

4Develop and implement process improvements to enhance safety, efficiency, and product performance.
Recommend technical or process changes based on production data, equipment performance, and process observations in order to improve throughput, reduce defects, and enhance product quality. Use engineering analysis, systems evaluation, and process improvement methods to support manufacturing performance.

5Collaborate with engineers, maintenance personnel, and production teams to resolve technical and operational problems.
Communicate with cross-functional personnel regarding equipment issues, process abnormalities, and technical requirements. Provide technical guidance to support implementation of operating procedures, process adjustments, and corrective actions. Apply communication skills, engineering knowledge, and practical understanding of manufacturing operations.

6Review technical documents, operating procedures, and production requirements to support manufacturing activities.
Interpret technical drawings, work instructions, process documents, and production specifications to ensure manufacturing operations are performed in accordance with operational and quality requirements. Use reading comprehension, technical documentation, and engineering knowledge to support production planning and execution.

7Monitor production performance and analyze process data to identify trends, defects, and opportunities for improvement.
Track production conditions, process results, and equipment performance in order to identify recurring issues and support engineering solutions. Apply analytical skills, quality control knowledge, and operations analysis to improve process stability and production consistency.

8Provide limited technical oversight and work coordination for production operators in support of manufacturing operations.
Provide day-to-day technical direction to operators related to equipment operation, process adherence, and troubleshooting support, while ensuring production activities follow established procedures and engineering requirements.

9Nothing in the Position Description restricts managemen's right to asign or re-asign duties and responsibilities to this job at any time.

IⅤ. Qualification

Job RequirementsLanguageLanguages spoken commonly in the workplace are English and/or Mandarin. - Ability to read, understand and comprehend documents such as safety rules, operating and maintenance instructions. Ability to interpret a variety of instructions furnished in written, oral, diagram, or schedule form.
Ability to speak effectively and interact with other team members, engineers, leadership, and customers.

EducationBachelor's degree in Mechanical Engineering or a closely related engineering field.

Physical ConditionThe employee is regularly required to stand for long periods.
Duties include turning at the waist, reaching, bending, squatting and lifting up to 50 pounds.
Ability to pass static strength requirements (grip)
Visual acuity including, but not limited to:
a. NEAR ACUITY - Clarity of vision at 20 inches or less. Use this factor when special and minute accuracy is demanded.
b. FAR ACUITY - Clarity of vision at 20 feet or more. Use this factor when visual efficiency in terms of far acuity is required in day and night/dark conditions.
c. DEPTH PERCEPTION - Three-dimensional vision. Ability to judge distances and spatial relationships so as to see objects where and as they actually are.
d. COLOR VISION - Ability to identify and distinguish colors.
e. FIELD OF VISION - Observing an area that can be seen up and down or to right or left while eyes are fixed on a given point.
The noise level in the work environment is usually moderate. Safety requirements for this position
are safety glasses, hearing protection and steel-toed work boots.

Other RequirementsMATHEMATICAL SKILLS -
Ability to add, subtract, multiply, and divide in all units of measure, using whole numbers, common fractions, and decimals.
REASONING ABILITY - Ability to solve practical problems and deal with a variety of variables.
COMPUTER SKILLS - Knowledge of and familiarity manufacturing software.

Training RequiredCompetent in solving difficult problems in production;

Familiar with production management knowledge and ability;

Competent in leading, communication, coordination, and organizational skills;

Skilled in coating technology, enhancing, and training subordinates;

V. Work Environment:
While performing the duties of this job, the employee is occasionally exposed to extreme heat. The noise level in the work environment is usually moderate. Safety requirements for this position are safety glasses and steel-toed work boots.

VI. Key Performance Indicators:
Output, Yield, Safety

Must be 18 years of age or older.
Fuyao Glass America Inc., Core Foundation Competencies including Ethics, Integrity, Values & Trust. Fuyao Glass America Inc. is An Equal Opportunity/Affirmative Action Employer. All qualified applicants will receive consideration for employment without regard to race, color, religion, sex, national origin, disability or protected veteran status.
Fuyao Glass America, Inc. is a Drug-Free Workplace.",6878,https://workforcenow.adp.com/mascsr/default/mdf/recruitment/recruitment.html?cid=25319558-d6a9-48ab-93d2-99e4878a8ffc&ccId=19000101_000001&jobId=9201304011626_1&lang=en_US,,,,,,,not_checked,,2026-10-09,,2026-10-10,,1,startDate,false,0,,,,,,2026-10-09,,,4,67558,67558,68177,subset,Manufacturing Engineer
9201260968052_1,Grinding Wheel Repair,Fuyao Glass America,,Full time,Posted 2 Days Ago,2026-10-08,2,"Moraine, OH, US",1,"Moraine, OH, US",false,,United States,,0,"Job Description

I. Job ProfileJob TitleGrinding Wheel RepairDepartmentTechnology Development Department

Direct SupervisorScreen Print Workshop SupervisorDirect SubordinatesNone

II. Job Summary：
Rework statistics on grinding wheels and mold and fixture maintainance, mold and fixture utilization tracking, masterpiece management, fixture management

III. Job Functions and Duties

NO.Representative Duties

1Finish grinding wheel repair for glass with good quality in time;

2Take charge of daily 5S work of the workshop.

3Other duties as assigned

4Nothing in the Position Description restricts management's right to assign or re-assign duties and responsibilities to this job at any time

IⅤ. Qualification

Job RequirementsLanguageLanguages spoken commonly in the workplace are English and/or Mandarin. - Ability to read, understand and comprehend documents such as safety rules, operating and maintenance instructions. Ability to interpret a variety of instructions furnished in written, oral, diagram, or schedule form.
Ability to speak effectively and interact with other team members, engineers, leadership and customers.

ExperienceNot required;

EducationSecondary school or above (those with production experience are preferred);

Physical ConditionThe employee is regularly required o stand for long periods. Duties include turning at the waist, reaching, bending, squatting and lifting up to 50 pounds. Ability to pass static strength requirements (grip)
Visual acuity including, but not limited to:
a. NEAR ACUITY - Clarity of vision at 20 inches or less. Use this factor when special and minute accuracy is demanded.
b. FAR ACUITY - Clarity of vision at 20 feet or more. Use this factor when visual efficiency in terms of far acuity is required in day and night/dark conditions.
c. DEPTH PERCEPTION - Three-dimensional vision. Ability to judge distances and spatial relationships so as to see objects where and as they actually are.
d. COLOR VISION - Ability to identify and distinguish colors.
e. FIELD OF VISION - Observing an area that can be seen up and down or to right or left while eyes are fixed on a given point.
The noise level in the work environment is usually moderate. Safety requirements for this position
are safety glasses, hearing protection and steel-toed work boots.

Other RequirementsMATHEMATICAL SKILLS -
Ability to add, subtract, multiply, and divide in all units of measure, using whole numbers, common fractions, and decimals.
REASONING ABILITY - Ability to solve practical problems and deal with a variety of variables.
COMPUTER SKILLS - Knowledge of and familiarity manufacturing software.

Knowledge, Skills & Abilities utilized on the jobProfessional Knowledge, SkillsBe acquainted with the flow of glass grinding;

Be acquainted with the rules and regulations of the Company;

Be acquainted with relevant product standards;

Be the master of professional skills of grinding wheel repair;

Understand the requirements of grinding wheel repair;

Be the master of the standard of acceptance for the grinding wheel.

Abilities of communication and coordination

Training Required1. Been through systematic training on production about processing, quality and equipment operating;
2. Been through systematic 5S/TPM training;

V. Work Environment:
While performing the duties of this job, the employee is occasionally exposed to extreme heat. The noise level in the work environment is usually moderate. Safety requirements for this position
are safety glasses and steel-toed work boots.

VI. Key Performance Indicators:
Labor Productivity and Yield

Must be 18 years of age or older.

Fuyao Glass America Inc., Core Foundation Competencies including Ethics, Integrity, Values & Trust. Fuyao Glass America Inc. is An Equal Opportunity/Affirmative Action Employer. All qualified applicants will receive consideration for employment without regard to race, color, religion, sex, national origin, disability or protected veteran status.

Fuyao Glass America, Inc. is a Drug-Free Workplace.

1st shift 8:00am-17:00pm",4054,https://workforcenow.adp.com/mascsr/default/mdf/recruitment/recruitment.html?cid=25319558-d6a9-48ab-93d2-99e4878a8ffc&ccId=19000101_000001&jobId=9201260968052_1&lang=en_US,,,,,,,not_checked,,2026-10-10,,2026-10-10,,2,startDate,false,0,,,,,,2026-10-08,,,,,,,,
9201303563557_1,Float Glass Keeper 1st Shift,Fuyao Glass America,,Full time,Posted 2 Days Ago,2026-10-08,2,"Moraine, OH, US",1,"Moraine, OH, US",false,,United States,,0,"About the Role:

The Float Glass Keeper plays a critical role in ensuring the quality, safety, and efficient handling of float glass products within the consumer support services industry. This position is responsible for overseeing the storage, inventory management, and protection of float glass materials to prevent damage and maintain product integrity. The role requires close collaboration with production, logistics, and quality assurance teams to coordinate the timely movement and proper care of glass products. The Float Glass Keeper ensures compliance with safety standards and operational procedures to minimize risks associated with handling fragile materials. Ultimately, this position contributes to customer satisfaction by maintaining high-quality standards and supporting seamless supply chain operations.

Minimum Qualifications:

• High school diploma or equivalent.

• Experience in warehouse or inventory management, preferably in handling fragile or glass products.

• Basic knowledge of safety standards related to material handling.

• Ability to operate material handling equipment such as forklifts or pallet jacks.

• Strong attention to detail and organizational skills.

Preferred Qualifications:

• Certification in forklift operation or other relevant equipment.

• Experience working in the consumer support services or glass manufacturing industry.

• Familiarity with inventory management software and systems.

• Training in occupational health and safety standards.

• Strong communication skills to effectively coordinate with cross-functional teams.

Responsibilities:

• Manage the receipt, storage, and dispatch of float glass products, ensuring accurate inventory records are maintained.

• Inspect glass materials regularly for any signs of damage or defects and report issues promptly to the quality control team.

• Coordinate with production and logistics teams to schedule and facilitate the safe movement of glass products within the facility.

• Implement and adhere to safety protocols to prevent accidents and ensure a safe working environment for all personnel.

• Maintain cleanliness and organization of the storage area to optimize space utilization and accessibility.

Skills:

The required skills such as attention to detail and organizational abilities are essential for accurately tracking inventory and identifying any product defects. Proficiency in operating material handling equipment ensures the safe and efficient movement of glass products, minimizing the risk of damage. Knowledge of safety standards is applied daily to maintain a secure work environment and prevent accidents. Preferred skills like familiarity with inventory management software enhance the ability to maintain precise records and streamline operations. Effective communication skills facilitate collaboration with production, logistics, and quality assurance teams, ensuring smooth workflow and timely resolution of issues.

Must be 18 years of age or older.

Fuyao Glass America Inc., Core Foundation Competencies including Ethics, Integrity, Values & Trust. Fuyao Glass America Inc. is An Equal Opportunity/Affirmative Action Employer. All qualified applicants will receive consideration for employment without regard to race, color, religion, sex, national origin, disability or protected veteran status.

Fuyao Glass America, Inc. is a Drug-Free Workplace.",3398,https://workforcenow.adp.com/mascsr/default/mdf/recruitment/recruitment.html?cid=25319558-d6a9-48ab-93d2-99e4878a8ffc&ccId=19000101_000001&jobId=9201303563557_1&lang=en_US,,,,,,,not_checked,,2026-10-10,,2026-10-10,,2,startDate,false,0,,,,,,2026-10-08,,,,,,,,
9201305162457_1,Allocation Forklift  1st Shift,Fuyao Glass America,,Full time,Posted 1 Days Ago,2026-10-09,1,"Moraine, OH, US",1,"Moraine, OH, US",false,,United States,,0,"Job Title: Allocation Forklift

Job Functions:

Knowledge of organizational structure of Assembly

Job Summary：Loading/unloading of float glass. This position will require additional forklift skills in order to move glass safely and efficiently

Job Function:

• Support loading/unloading of raw material semi-finished product, and finished product

• Be responsible for storage location

• Inspect fork lift for maintenance needs and provide to Maintenance for regularly scheduled maintenance

• Responsible for scanning product, truck assignments, and storage location in the PLEX system

• Responsible for health and safety within every operation

• Assist team with processes toward continued improvement

• Perform 6S and housekeeping duties

• Assists and participates with other plant projects as needed

• Other duties as assigned

• Nothing in the Position Description restricts management's right to assign or re-assign duties and responsibilities to this job at any time

Qualifications

• Languages spoken commonly in the workplace are English and Mandarin. Ability to read, understand and comprehend documents such as safety rules, operating and maintenance instructions. Ability to interpret a variety of instructions furnished in written, oral, diagram, or schedule form

• Ability to speak effectively and interact with other team members, engineers, leadership and customers

• 1 to 3 years manufacturing experience and /or training; or equivalent combination of education and experience preferred

• High School Diploma or General Education Degree(GED)

• The employee is regularly required o stand for long periods. Duties include turning at the waist, reaching, bending, squatting and lifting up to 50 pounds. Ability to pass static strength requirements (grip)

• Visual acuity including, but not limited to:

• Clarity of vision at 20 inches or less. Use this factor when special and minute accuracy is demanded

• Clarity of vision at 20 feet or more. Use this factor when visual efficiency in terms of far acuity is required in day and night/dark conditions

• Three-dimensional vision. Ability to judge distances and spatial relationships so as to see objects where and as they actually are

• Ability to identify and distinguish colors

• Observing an area that can be seen up and down or to right or left while eyes are fixed on a given point

• The noise level in the work environment is usually moderate. Safety requirements for this position are safety glasses, hearing protection and steel-toed work boots

• Ability to add, subtract, multiply, and divide in all units of measure, using whole numbers, common fractions, and decimals

• Ability to solve practical problems and deal with a variety of variables

• Knowledge of and familiarity manufacturing software

• Must be proficient in metric system and have adequate reading skills

• If an associate transfers from one position to a second position, he/she should remain in the second position for a minimum of six months prior to bidding on another job

• No active discipline above a Verbal Warning

• Good attendance record

• Interested associates should turn in a signed Job Interest Form by you and your supervisor to the Human Resource office, or place in the Job Interest Box

• Forklift driver and material handler experience preferred

• Proficiency in ERP/Microsoft Office

• Safety and goal oriented

• Self-motivated with excellent communication and interpersonal skills

• Knowledgeable of work instructions and TS16949 systems

• Fuyao Fork Lift License

The position’s preparation before production (including forklift recovery and charging)

Delivery of empty racks and crates (wood, steel) to lines

Transfer of packed and banded crates from lines to staging area

Removal of defect racks and transport to designated location

Effective and efficient forklift operating technique

Must be 18 years of age or older.

Fuyao Glass America Inc., Core Foundation Competencies including Ethics, Integrity, Values & Trust. Fuyao Glass America Inc. is An Equal Opportunity/Affirmative Action Employer. All qualified applicants will receive consideration for employment without regard to race, color, religion, sex, national origin, disability or protected veteran status.

Fuyao Glass America, Inc. is a Drug-Free Workplace.",4320,https://workforcenow.adp.com/mascsr/default/mdf/recruitment/recruitment.html?cid=25319558-d6a9-48ab-93d2-99e4878a8ffc&ccId=19000101_000001&jobId=9201305162457_1&lang=en_US,,,,,,,not_checked,,2026-10-10,,2026-10-10,,1,startDate,false,0,,,,,,2026-10-09,,,,,,,,
9201305900920_1,Allocation Forklift,Fuyao Glass America,,Full time,Posted 1 Days Ago,2026-10-09,1,"Moraine, OH, US",1,"Moraine, OH, US",false,,United States,,0,"Job Title: Allocation Forklift

Job Functions:

Knowledge of organizational structure of Assembly

Job Summary：Loading/unloading of float glass. This position will require additional forklift skills in order to move glass safely and efficiently

Job Function:

• Support loading/unloading of raw material semi-finished product, and finished product

• Be responsible for storage location

• Inspect fork lift for maintenance needs and provide to Maintenance for regularly scheduled maintenance

• Responsible for scanning product, truck assignments, and storage location in the PLEX system

• Responsible for health and safety within every operation

• Assist team with processes toward continued improvement

• Perform 6S and housekeeping duties

• Assists and participates with other plant projects as needed

• Other duties as assigned

• Nothing in the Position Description restricts management's right to assign or re-assign duties and responsibilities to this job at any time

Qualifications

• Languages spoken commonly in the workplace are English and Mandarin. Ability to read, understand and comprehend documents such as safety rules, operating and maintenance instructions. Ability to interpret a variety of instructions furnished in written, oral, diagram, or schedule form

• Ability to speak effectively and interact with other team members, engineers, leadership and customers

• 1 to 3 years manufacturing experience and /or training; or equivalent combination of education and experience preferred

• High School Diploma or General Education Degree(GED)

• The employee is regularly required o stand for long periods. Duties include turning at the waist, reaching, bending, squatting and lifting up to 50 pounds. Ability to pass static strength requirements (grip)

• Visual acuity including, but not limited to:

• Clarity of vision at 20 inches or less. Use this factor when special and minute accuracy is demanded

• Clarity of vision at 20 feet or more. Use this factor when visual efficiency in terms of far acuity is required in day and night/dark conditions

• Three-dimensional vision. Ability to judge distances and spatial relationships so as to see objects where and as they actually are

• Ability to identify and distinguish colors

• Observing an area that can be seen up and down or to right or left while eyes are fixed on a given point

• The noise level in the work environment is usually moderate. Safety requirements for this position are safety glasses, hearing protection and steel-toed work boots

• Ability to add, subtract, multiply, and divide in all units of measure, using whole numbers, common fractions, and decimals

• Ability to solve practical problems and deal with a variety of variables

• Knowledge of and familiarity manufacturing software

• Must be proficient in metric system and have adequate reading skills

• If an associate transfers from one position to a second position, he/she should remain in the second position for a minimum of six months prior to bidding on another job

• No active discipline above a Verbal Warning

• Good attendance record

• Interested associates should turn in a signed Job Interest Form by you and your supervisor to the Human Resource office, or place in the Job Interest Box

• Forklift driver and material handler experience preferred

• Proficiency in ERP/Microsoft Office

• Safety and goal oriented

• Self-motivated with excellent communication and interpersonal skills

• Knowledgeable of work instructions and TS16949 systems

• Fuyao Fork Lift License

The position’s preparation before production (including forklift recovery and charging)

Delivery of empty racks and crates (wood, steel) to lines

Transfer of packed and banded crates from lines to staging area

Removal of defect racks and transport to designated location

Effective and efficient forklift operating technique

Must be 18 years of age or older.

Fuyao Glass America Inc., Core Foundation Competencies including Ethics, Integrity, Values & Trust. Fuyao Glass America Inc. is An Equal Opportunity/Affirmative Action Employer. All qualified applicants will receive consideration for employment without regard to race, color, religion, sex, national origin, disability or protected veteran status.

Fuyao Glass America, Inc. is a Drug-Free Workplace.",4320,https://workforcenow.adp.com/mascsr/default/mdf/recruitment/recruitment.html?cid=25319558-d6a9-48ab-93d2-99e4878a8ffc&ccId=19000101_000001&jobId=9201305900920_1&lang=en_US,,,,,,,not_checked,,2026-10-10,,2026-10-10,,1,startDate,false,0,,,,,,2026-10-09,,,,,,,,
9201305912936_1,Allocation Forklift 2nd shift,Fuyao Glass America,,Full time,Posted 1 Days Ago,2026-10-09,1,"Moraine, OH, US",1,"Moraine, OH, US",false,,United States,,0,"Job Title: Allocation Forklift

Job Functions:

Knowledge of organizational structure of Assembly

Job Summary：Loading/unloading of float glass. This position will require additional forklift skills in order to move glass safely and efficiently

Job Function:

• Support loading/unloading of raw material semi-finished product, and finished product

• Be responsible for storage location

• Inspect fork lift for maintenance needs and provide to Maintenance for regularly scheduled maintenance

• Responsible for scanning product, truck assignments, and storage location in the PLEX system

• Responsible for health and safety within every operation

• Assist team with processes toward continued improvement

• Perform 6S and housekeeping duties

• Assists and participates with other plant projects as needed

• Other duties as assigned

• Nothing in the Position Description restricts management's right to assign or re-assign duties and responsibilities to this job at any time

Qualifications

• Languages spoken commonly in the workplace are English and Mandarin. Ability to read, understand and comprehend documents such as safety rules, operating and maintenance instructions. Ability to interpret a variety of instructions furnished in written, oral, diagram, or schedule form

• Ability to speak effectively and interact with other team members, engineers, leadership and customers

• 1 to 3 years manufacturing experience and /or training; or equivalent combination of education and experience preferred

• High School Diploma or General Education Degree(GED)

• The employee is regularly required o stand for long periods. Duties include turning at the waist, reaching, bending, squatting and lifting up to 50 pounds. Ability to pass static strength requirements (grip)

• Visual acuity including, but not limited to:

• Clarity of vision at 20 inches or less. Use this factor when special and minute accuracy is demanded

• Clarity of vision at 20 feet or more. Use this factor when visual efficiency in terms of far acuity is required in day and night/dark conditions

• Three-dimensional vision. Ability to judge distances and spatial relationships so as to see objects where and as they actually are

• Ability to identify and distinguish colors

• Observing an area that can be seen up and down or to right or left while eyes are fixed on a given point

• The noise level in the work environment is usually moderate. Safety requirements for this position are safety glasses, hearing protection and steel-toed work boots

• Ability to add, subtract, multiply, and divide in all units of measure, using whole numbers, common fractions, and decimals

• Ability to solve practical problems and deal with a variety of variables

• Knowledge of and familiarity manufacturing software

• Must be proficient in metric system and have adequate reading skills

• If an associate transfers from one position to a second position, he/she should remain in the second position for a minimum of six months prior to bidding on another job

• No active discipline above a Verbal Warning

• Good attendance record

• Interested associates should turn in a signed Job Interest Form by you and your supervisor to the Human Resource office, or place in the Job Interest Box

• Forklift driver and material handler experience preferred

• Proficiency in ERP/Microsoft Office

• Safety and goal oriented

• Self-motivated with excellent communication and interpersonal skills

• Knowledgeable of work instructions and TS16949 systems

• Fuyao Fork Lift License

The position’s preparation before production (including forklift recovery and charging)

Delivery of empty racks and crates (wood, steel) to lines

Transfer of packed and banded crates from lines to staging area

Removal of defect racks and transport to designated location

Effective and efficient forklift operating technique

Must be 18 years of age or older.

Fuyao Glass America Inc., Core Foundation Competencies including Ethics, Integrity, Values & Trust. Fuyao Glass America Inc. is An Equal Opportunity/Affirmative Action Employer. All qualified applicants will receive consideration for employment without regard to race, color, religion, sex, national origin, disability or protected veteran status.

Fuyao Glass America, Inc. is a Drug-Free Workplace.

2nd shift",4331,https://workforcenow.adp.com/mascsr/default/mdf/recruitment/recruitment.html?cid=25319558-d6a9-48ab-93d2-99e4878a8ffc&ccId=19000101_000001&jobId=9201305912936_1&lang=en_US,,,,,,,not_checked,,2026-10-10,,2026-10-10,,1,startDate,false,0,,,,,,2026-10-09,,,,,,,,
