reqId,title,company,hiringOrg,timeType,postedOn,startDate,postingAgeDays,primaryLocation,nLocations,locations,remoteFlag,stateCodes,country,questionnaireId,similarJobsCount,description,descriptionLength,url,detailError,linkedinUrl,linkedinPostedDate,numApplicants,applicantLabel,dateDeltaDays,corroborationStatus,matchMethod,firstSeenDate,corroboratedOn,dumpDate,endDate,daysOnMarket,daysOnMarketBasis,censored,repostCount,lastResetDate,applicationDeadline,daysLeftToApply,workerSubType,jobFamilyGroup,earliestEvidenceDate,crossSourceRepostEvidence,applicantCensored,h1bFilings,h1bWageP25,h1bWageP50,h1bWageP75,h1bMatchBasis,h1bMatchTitle
JR-08087,"Director, Global Sales, Central Region",Mandarin Oriental,Mandarin Oriental,Full time,,2026-09-30T18:48:56Z,7,"New York, New York",1,"New York, New York",false,,US,,0,"Mandarin Oriental Hotel Group is seeking a Director, Global Sales, Central Region US to join our Commercial - Global Sales team.

Are you a master of craft? Do you thrive in a team that succeeds together, demonstrating integrity and respect while acting responsibly? Do you embrace a growth mindset?

This is a remote position based in Texas, operating as part of the Mandarin Oriental Corporate Office in New York and the wider Global Sales team.

The Director, Global Sales, Central Region US is responsible for managing and developing travel industry relationships across the designated Central US market. Acting as the primary point of contact for assigned accounts, the role creates and executes strategic account plans, strengthens client relationships, drives revenue and market-share growth, and maximises transient and group business opportunities across the Mandarin Oriental portfolio through travel agency partners.

The position covers Texas and the wider Central US region and reports to the Director, Travel Industry, The Americas. Regular travel is required, and the successful candidate must be based in Texas and live within a one-hour drive of a major airport.

As Director, Global Sales, Central Region US, you will be responsible for the following duties:

•
Account Management: Manage and develop a portfolio of key travel industry accounts through planned sales activities aligned with the overall Global Sales strategy.

•
Strategic Account Planning: Create and implement account plans that maximise revenue from established and target accounts while supporting the diversification of Mandarin Oriental’s client base.

•
Revenue Generation: Achieve or exceed agreed revenue and room-night goals across all assigned accounts and geographical territories.

•
Business Development: Identify and convert transient and group business opportunities across Mandarin Oriental’s global portfolio.

•
Regional Sales Growth: Generate revenue from travel advisors, agencies and prospective business partners throughout the assigned Central US region.

•
Travel Industry Partnerships: Serve as the primary point of contact for travel agency partnerships in the region, managing client engagement and facilitating initiatives that generate opportunities for Mandarin Oriental hotels.

•
Client Relationships: Build and maintain strong, trusted relationships with key travel advisors, agency partners and industry stakeholders.

•
Fan Club Development: Promote Mandarin Oriental’s Fan Club preferred agency partner programme through advisor enrolment, training and ongoing engagement initiatives.

•
Hotel Collaboration: Work closely with hotel-level sales colleagues to align account strategies, share client insights and support exceptional customer satisfaction.

•
Sales Events: Lead annual Global Sales Calendar activities across the region, including roadshows, sales trips, workshops and client events.

•
Industry Representation: Coordinate and participate in relevant trade shows, networking opportunities and industry events as required.

•
Client Experiences: Host in-person client meetings, hotel site inspections and familiarisation trips across the Mandarin Oriental portfolio.

•
Market Intelligence: Secure, analyse and evaluate economic, competitive and market information relevant to the assigned territories.

•
Performance Reporting: Produce and analyse reports relating to assigned accounts, markets, sales activity and business performance.

•
Salesforce Management: Develop and maintain an accurate and up-to-date database of accounts, contacts, opportunities and activities in Salesforce.

•
Internal Communication: Participate in weekly sales meetings, monthly segment updates, regular one-to-one meetings and other relevant internal discussions.

•
Cross-Functional Support: Provide assistance and support to wider Global Sales operations and hotel teams based on evolving business requirements.

•
Brand Representation: Represent Mandarin Oriental professionally and consistently during client meetings, sales events, familiarisation trips and industry engagements.

•
Policies & Standards: Comply with Mandarin Oriental’s standard policies, programmes and approved corporate travel requirements.

As Director, Global Sales, Central Region US, we expect from you

• Bachelor’s degree, preferably in Hotel Management, Business Administration, Marketing or a related discipline.

• At least four years of sales experience within luxury hotel sales and/or a global sales environment.

• Established travel industry and client relationships within Texas or the wider Central US region.

• Proven experience managing and developing a portfolio of key travel industry or agency accounts.

• A strong track record of meeting or exceeding ambitious revenue, room-night and business-growth goals.

• Experience creating and delivering strategic account plans that generate measurable commercial results.

• Strong understanding of the luxury travel industry, including transient and group business opportunities.

• Excellent client management, relationship-building, problem-solving and organisational skills.

• Ability to manage changing workloads, competing timelines and evolving priorities within a fast-paced environment.

• Strong interpersonal skills, with the ability to build effective relationships across different functions, seniority levels and external organisations.

• A diplomatic and tactful communication style when working with colleagues, clients, travel advisors and business partners.

• Experience managing approved budgets, allocating resources effectively and controlling expenses in accordance with corporate travel policies.

• Excellent written, verbal and presentation skills in English.

• Ability and willingness to travel regularly throughout the assigned territory and to other locations as required.

• You must be based in Texas and live within a one-hour drive of a major airport.

Our commitment to you:

•
Learning & Development. Your success is our success. We craft unique learning and development programmes for various stages in your career so that you grow, continuously.

•
MOstay. When you work as hard as our colleagues do, it’s important to take time off. As a member of the #MOfamily, you can stay with us wherever you go in the world. The MOstay programme offers complimentary nights and additionally attractive rates on rooms for you and your loved ones.

•
Heath & Colleague Wellness. Finding the right work-life balance is important. Your wellbeing matters to us. A variety of health benefits and wellness programmes are offered to all our colleagues, globally.

•
Retirement Plans. When you show commitment to us, we reciprocate. We offer different retirement plans depending on the length of your service and your role.

Pay & Benefits

• $110,000 to $140,000 based on experience

• A competitive benefits package, including health, dental and vision

• Paid time off

• Company-match 401(k)

• Company-paid Short Term Disability coverage(i.e.) Medical/Accident insurance

• Company-subsidized credits towards wellness and fitness facilities

It is Company policy to comply with the Americans with Disabilities Act, including by providing reasonable accommodations that do not constitute an undue hardship on the Company. Colleagues or candidates should direct requests for accommodation to the Director of People and Culture Services.

We’re Fans. Are you?",7441,https://careers.mandarinoriental.com/jobs/director-global-sales-central-region-new-york-united-states-438d74f8-7b30-4d15-8441-d2d480cf0ed9,,https://www.linkedin.com/jobs/view/4473952909,2026-09-30,25,among first 25,0,matched,title,2026-10-01,2026-10-01T13:15:21,2026-10-07,,7,startDate,false,0,,,,,,2026-09-30T18:48:56Z,,true,,,,,,
JR-08002,Marketing   Administrator,Mandarin Oriental,Mandarin Oriental,Full time,,2026-09-25T19:23:23Z,12,"New York, New York",1,"New York, New York",false,,US,,0,"Marketing Administrator

Mandarin Oriental New York is looking for a Marketing Administrator to join our Sales Department.

Are you a master of craft? Do you thrive in a team that succeeds together, demonstrating integrity and respect while acting responsibly? Do you embrace a growth mindset? We invite you to become a fan of the exceptional.

Mandarin Oriental Hotel Group is the award-winning owner and operator of some of the most luxurious hotels, resorts and residences located in prime destinations around the world, with a strong development pipeline. Increasingly recognised for creating some of the world’s most sought-after properties, the Group provides legendary service inspired by Asian heritage whilst representing the very cutting-edge of luxury experiences.

A stunning fusion of modern design with stylish oriental flair, Mandarin Oriental, New York features 244 elegant guestrooms and suites — all with breath-taking views of Manhattan and Five-Star hospitality. Luxurious amenities include MO Lounge, all-day dining overlooking Central Park and the Manhattan skyline; a 14,500 square-foot Five-Star Mandarin Oriental Spa; and a state-of-the-art fitness center with a 75-foot lap pool. In addition, there is premium meeting and event space, including a 6,000 square-foot pillar-less ballroom with three walls of windows overlooking Central Park.

About the job

The Marketing Administrator is responsible for assisting the Director of Commercial Strategy, the Director of Marketing and the Marketing Manager in all matters relating to public relations, e-commerce, advertising, collateral, direct mail, promotions and other marketing communications.

As Marketing Administrator, you will be responsible for the following duties:

Communications/PR and Marketing

·         Admin to DOCS, DOM and Marketing Manager for marketing, communications and PR related work including scheduling meetings, meeting minutes, travel coordination, expense reports, responses to donation requests, preparing presentations, scanning/copying, filing,  etc.

·         Responsible for the compilation and archiving of press clippings including the creation of clip books and broadcast compilation DVDs

·         Assist with the preparations for journalist visits, spa appointments, reservations site tours, photo shoots, coverage tracking and journalist follow-up

·         Assist with package development and liaising with other departments regarding package components

·         Assist in the preparation of monthly reports and MarComm meetings notes

·         Manage media and influencers database, as well as comp forms and reservations templates for these stays

·         Assist with press release development and distribution.

·         Responsible for press kit inventory, restock and compilation; or any other hotel circulated collateral.

·         Oversee, input and track monthly check book

E-Commerce

·         Assist Marketing Manager to monitor and track MONYC’s social media efforts of the hotel under the supervision of the DOC and PR/E-Commerce Manager

·         Assist in the development of email marketing campaigns.

·         Assist in creating digital marketing campaigns

·         Coordinate and prepare the monthly internet/social media reports.

Advertising

• Under supervision of DOC, liaise with ad representatives regarding media schedules and placements

• Oversee advertising schedules/deadlines and coordinate the production of advertisements in a timely manner

Collateral Production

• Point person with production houses and/or graphic designer on all production schedules

• Ensure collaterals and Direct Marketing Materials are printed and issued in time to secure needed  business

• Assist with writing and proofreading all Hotel, Spa and F&B written collaterals

• Collate all necessary materials for printing

• Ensure all collaterals are updated and current with regular audits and tracking

• Ensure adherence to MOHG CID guidelines for all promotional material and advertising

• Work with DOCS/DOM and Marketing Manager to cross-check all collateral work

• Responsible for any billing, bidding and POs associated with collateral production

Photography

·         Maintain photo library organized

·         Assist the Marketing Manager with the coordination of photo shoots and in-house hotel photography

·         Assist with the organization and distribution of MONYC’s video library

Direct Marketing

·         Assist DOCS with the production of materials for Direct Mail activities

·         Assist Marketing Manager with any F&B, Spa and Hotel flyer or internal communication

Promotions and Events

·         Assist with development, coordination and implementation of MONYC’s in-house and out-of-house events

·         Together with Marketing Manager, DOM and DOCS, liaise with F&B and Spa departments to coordinate hotel promotions and marketing efforts

General Duties

·         Perform any other Communications/Marketing-related duties as required by the department heads

As Marketing Administrator, we expect from you:

• Must be a team player with excellent organizational, time management, writing/grammatical and communication skills

• Strong computer skills (Word/Excel/PowerPoint)

• Knowledge of Adobe Illustrator, Photo Shop

• Familiarity with social media platforms

Desirable

One – two years experience in public relations and/or marketing

Agency or in-house experience

Our commitment to you

• Learning & Development. Your success is our success. We craft unique learning and development programmes for various stages in your career so that you grow, continuously.

• Heath & Colleague Wellness. Finding the right work-life balance is important. Your wellbeing matters to us.

Salary and Benefits:

•  $25 per Hour

It is Company policy to comply with the Americans with Disabilities Act, including by providing reasonable accommodations that do not constitute an undue hardship on the Company. Colleagues or candidates should direct requests for accommodation to the Director of People and Culture.

We’re Fans. Are you?",6111,https://careers.mandarinoriental.com/jobs/marketing-administrator-new-york-united-states,,https://www.linkedin.com/jobs/view/4472092423,2026-09-25,84,84 applicants,0,matched,title,2026-10-01,2026-10-01T13:15:08,2026-10-07,,12,startDate,false,0,,,,,,2026-09-25T19:23:23Z,,false,,,,,,
JR-07079,Food and Beverage Manager,Mandarin Oriental,Mandarin Oriental,Full time,,2026-09-09T15:43:28Z,28,"New York, New York",1,"New York, New York",false,,US,,0,"Food and Beverage Manager

Mandarin Oriental New York is looking for a Food and Beverage Manager to join our Food and Beverage Department team.

Are you a master of craft? Do you thrive in a team that succeeds together, demonstrating integrity and respect while acting responsibly? Do you embrace a growth mindset? We invite you to become a fan of the exceptional.

Mandarin Oriental Hotel Group is the award-winning owner and operator of some of the most luxurious hotels, resorts and residences located in prime destinations around the world, with a strong development pipeline. Increasingly recognised for creating some of the world’s most sought-after properties, the Group provides legendary service inspired by Asian heritage whilst representing the very cutting-edge of luxury experiences.

A stunning fusion of modern design with stylish oriental flair, Mandarin Oriental, New York features 244 elegant guestrooms and suites — all with breath-taking views of Manhattan and Five-Star hospitality. Luxurious amenities include MO Lounge, all-day dining overlooking Central Park and the Manhattan skyline; a 14,500 square-foot Five-Star Mandarin Oriental Spa; and a state-of-the-art fitness center with a 75-foot lap pool. In addition, there is premium meeting and event space, including a 6,000 square-foot pillar-less ballroom with three walls of windows overlooking Central Park.

About the job

Based at the Mandarin Oriental New York within the Food and Beverage Department in New York City, the Food and Beverage Manager is responsible for managing and organizing the service staff efficiently, overseeing reservation seating, leading the welcome to the guest and constantly circulating the dining room searching for opportunities to improve service. F&B Managers and the Assistant Director Food and Beverage.

The Food and Beverage Manager reports to the Assistant Director of Food and Beverage.

As Food and Beverage, you will responsible for the following duties:

• Maintains expert level knowledge of all menus, all ingredients and techniques including but not exclusive to:

• Curent à la carte cocktails.

• Curent prix fixe menu cocktails.

• Current beers, both in bottle and on tap.

• Current wines by the glass.

• Current a la carte food items.

• Current prix fixe menu food items.

• All spirits on current menu.

• Participates in pre-service meeting to properly communicate to the service staff the special reservations, dietary restrictions, changes to food and beverage menu items, and expectations of the day’s service.

• Participates in the development, implementation and management of food and beverage marketing activities as directed by the Director and Assistant Director Food & Beverage

• Maintains and communicate FOH department control and cash handling procedures.

• Assists in the training of new hires and continuing education programs for current staff.

• Assists with organization of private events as directed by the Director and Assistant Director Food & Beverage.

• Ensures the maintenance and compliance of alcohol safety regulations.

• Ensures that The MO Lounge and IRD service team meets and exceeds guest expectations

• Greets guests and maintains welcoming atmosphere with the goal of establishing return guests.

• Ensures that staff maintains a professional attitude and proper appearance and uniform standards.

• Supervises and manages set-up and break-down of dining room before and after service.

• Instructs staff of correct maintenance and use of equipment.

• Maintains and sets expert level example of guest relations.

• Anticipates guest needs and respond promptly.

• Accommodates all requests for information courteously.

• Communicates Person of Note (PON) arrivals and special requests to fellow management.

• Responds to guest complaints with the utmost professionalism and represents the brand at all times and balancing the guest’s best interests with the company’s.

• Monitors and ensures that all aspects of service conform to departmental and brand standards.

• Ensures that MONYC standards are met at all times.

• Accountable for upholding MOQA, FORBES, LQA, LQE standards at all times

• Fully comply with all FLHSS&E and Safe & Sound Procedures standards

• Performs other duties as assigned by the Director and Assistant Food & Beverage.

• Fills in for any FOH position when needed and applicable, including but not limited to: set up, serving, cleaning, and hosting.

• Assists with the maintenance of time and attendance punches of all FOH employees.

• Administers verbal and written testing to FOH staff of menu items as the Director and Assistant Director Food and Beverage

• Reports on the day, guest experience, staff performance, and unusual happenings during end of service report.

NOTE: The above is not an all-inclusive list of job duties and responsibilities. Mandarin Oriental, New York reserves the right to add, delete, change or modify the job duties and responsibilities described in this job description at its discretion with notice.

As Food and Beverage Manager, we expect from you:

• Ability to communicate in proper English both verbally and in writing.

• Ability to provide legible written communication in English.

• Ability to compute basic mathematical calculations.

• Ability to perform basic computer functions including but not limited to email and word processing.

• Ability to navigate point of sales systems with ease.

• Ability to effectively use time and attendance software.

• Five (5) or more years’ experience in restaurant service position with three (3) or more of these years having been in a supervisory role.

• Minimum Twenty-one (21) years of age to serve alcoholic beverages.

• Training others in policies and procedures related to the FOH department.

Our commitment to you

• Learning & Development. Your success is our success. We craft unique learning and development programmes for various stages in your career so that you grow, continuously.

• MOstay. When you work as hard as our colleagues do, it’s important to take time off. As a member of the #MOfamily, you can stay with us wherever you go in the world. The MOstay programme offers complimentary nights and additionally attractive rates on rooms for you and your loved ones.

• Heath & Colleague Wellness. Finding the right work-life balance is important. Your wellbeing matters to us. A variety of health benefits and wellness programmes are offered to all our colleagues, globally.

• Retirement Plans. When you show commitment to us, we reciprocate. We offer different retirement plans depending on the length of your service and your role.

Salary and Benefits:

•  Salary $80,000 to $85,000 yearly- commensurate with experience

• A competitive benefits package, including health, dental and vision, 401(K), etc

It is Company policy to comply with the Americans with Disabilities Act, including by providing reasonable accommodations that do not constitute an undue hardship on the Company. Colleagues or candidates should direct requests for accommodation to the Director of People and Culture.

We’re Fans. Are you?",7136,https://careers.mandarinoriental.com/jobs/food-and-beverage-manager-new-york-united-states-18a4d867-fd7b-477b-9ed3-5c15913079be,,https://www.linkedin.com/jobs/view/4465340246,2026-10-01,25,25 applicants,22,matched,title,2026-10-01,2026-10-01T13:15:12,2026-10-07,,28,startDate,false,0,,,,,,2026-09-09T15:43:28Z,,true,,,,,,
JR-07775,Benefits Administrator,Mandarin Oriental,Mandarin Oriental,Full time,,2026-09-09T12:18:25Z,28,"New York, New York",1,"New York, New York",false,,US,,0,"Benefits Administrator

Mandarin Oriental New York is looking for a Benefits Administrator to join our People and Culture team.

Are you a master of craft? Do you thrive in a team that succeeds together, demonstrating integrity and respect while acting responsibly? Do you embrace a growth mindset? We invite you to become a fan of the exceptional.

Mandarin Oriental Hotel Group is the award-winning owner and operator of some of the most luxurious hotels, resorts and residences located in prime destinations around the world, with a strong development pipeline. Increasingly recognised for creating some of the world’s most sought-after properties, the Group provides legendary service inspired by Asian heritage whilst representing the very cutting-edge of luxury experiences.

A stunning fusion of modern design with stylish oriental flair, Mandarin Oriental, New York features 244 elegant guestrooms and suites — all with breath-taking views of Manhattan and Five-Star hospitality. Luxurious amenities include MO Lounge, all-day dining overlooking Central Park and the Manhattan skyline; a 14,500 square-foot Five-Star Mandarin Oriental Spa; and a state-of-the-art fitness center with a 75-foot lap pool. In addition, there is premium meeting and event space, including a 6,000 square-foot pillar-less ballroom with three walls of windows overlooking Central Park.

About the job

Based at the Mandarin Oriental New York within the People and Culture Department in New York City, the Benefits Administrator will be responsible for administering health and welfare benefits offered by Mandarin Oriental New York. Maintain and update the HRIS system and communicate related information to colleagues and vendors. This role will also include the day-to-day operations for all Colleague Relations to include the delivery of all Colleague Events throughoutthe year.

The Benefits Administrator reports to the Director of People and Culture.

As the Benefits Administrator, you will be responsible for the following duties:

•  Maintain of all MONYC sponsored health & welfare benefits such as but notlimited to: Medical, Dental, Vision, 401(k), LTD, STD, COBRA, Disability, and Unemployment Insurance & Worker’s Compensation. Parental leave

• Conduct bill reconciliations monthly for all insurance providers ensuring totalaccuracy

• Track, input and maintain all individual colleague benefits information within HRIS System and Health Benefits Fund

• Attending risk management meetings and tracking colleague incidents and retraining.

• Maintains and organizes in a clear manner a filing process of necessary paperwork to include enrolment processing.

• Organizes, controls, and maintains monthly Benefits Enrolment for all eligible colleagues.

• Reports to insurance providers any additions, changes or revisions of benefit coverage as informed by colleague.

• Responsible to present Benefits Orientation for all new colleagues as part of the MONYC Orientation program.

• Maintains process and updates I-9 compliance.

• Ensure all termination paperwork is properly completed (i.e. exit interviews, return of all hotel issues property. Locker inventory, cancellations of any colleague benefits.

• Responsible in the preparation of all necessary reports to MOHG regarding turnover, retention, etc.

• Responsible for all Colleague Relations programs to inclusive Colleague of the Quarter, holiday celebrations and functions in which the hotel participates.

• Work as a liaison with our Company sponsored “charity of choice”. Getting the colleagues involved and participation.

• Active role in the delivery of MOHG Colleague Opinion Survey.

• Responsible for the monthly and weekly reports that are filed with the Hotel Trades Council as well as layoffs and reduced work weeks working closely with the Payroll Manager for accuracy.

• Handles inquiries from colleagues related to all benefits that MONYC offers such as claims processing, changes in dependants’ changes in personal information, questions about specialists, primary care physicians and changes to 401(k) contributions or allocations.

• Facilitate and monitor transportation program.

• Controls process of any Leave of Absence to include Short and Long-Term Disability claim, Worker’s Comp, FMLA/PFL

• Monitors and controls the successful use of Worker’s Compensation Administration.

• Maintains and updates policies, procedures, and contingency plans.

• To have an intricate roll in MONYC Safety Committee.  Works closely with Director of Security regarding any new updates, developments, and awareness regarding safety issues.

• Support assistance for MOComp/ MORate processes.

• Overseeing cultural and diversity events throughout the year

NOTE: The above is not an all-inclusive list of job duties and responsibilities. Mandarin Oriental, New York reserves the right to add, delete, change or modify the job duties and responsibilities described in this job description at its discretion with notice.

·

As the Benefits Administrator, we expect from you:

·         A minimum of 2-4 years in Human Resources.

·         Comprehensive knowledge of employee benefits

·         Previous experience in luxury environment

·         Previous experience with NYHTC Union Reporting

·         Knowledge of different department within a hotel setting

·         Must possess ability to coordinate with multiple tasks.

·         Computer literacy to include Workday, Microsoft Word, Excel, PowerPoint, etc.

·         Excellent communication skills both written/verbal

·         Problem solving and Action Plan formulation

·         Requires high levels of interact with all members of staff.  Exchanging ideas, information, and opinions with others to formulate programs and arrive jointly at decisions, conclusions, and solutions.

·         Possess high degree of stamina, agility, and flexibility

·         Able to present themselves with an uplifting personality as well as present a high degree of confidentially.

·         Bi-lingual communication a plus but not required.

Our commitment to you

• Learning & Development. Your success is our success. We craft unique learning and development programmes for various stages in your career so that you grow, continuously.

• MOstay. When you work as hard as our colleagues do, it’s important to take time off. As a member of the #MOfamily, you can stay with us wherever you go in the world. The MOstay programme offers complimentary nights and additionally attractive rates on rooms for you and your loved ones.

• Heath & Colleague Wellness. Finding the right work-life balance is important. Your wellbeing matters to us. A variety of health benefits and wellness programmes are offered to all our colleagues, globally.

• Retirement Plans. When you show commitment to us, we reciprocate. We offer different retirement plans depending on the length of your service and your role.

Salary and Benefits

• $38.00-$41.00 per hour

• A competitive benefits package, including health, dental and vision, 401(K), etc

It is Company policy to comply with the Americans with Disabilities Act, including by providing reasonable accommodations that do not constitute an undue hardship on the Company. Colleagues or candidates should direct requests for accommodation to the Director of People and Culture.

We’re Fans. Are you?",7359,https://careers.mandarinoriental.com/jobs/benefits-administrator-new-york-united-states,,https://www.linkedin.com/jobs/view/4465065676,2026-10-01,34,34 applicants,22,matched,title,2026-10-01,2026-10-01T13:14:58,2026-10-07,,28,startDate,false,0,,,,,,2026-09-09T12:18:25Z,,false,,,,,,
JR-07744,"Development & Feasibility Senior Analyst, Americas",Mandarin Oriental,Mandarin Oriental,Full time,,2026-09-09T04:03:13Z,28,"New York, New York",1,"New York, New York",false,,US,,0,"Mandarin Oriental Hotel Group is seeking a Development & Feasibility Senior Analyst, Americas to join our Development - Americas team.

Are you a master of craft? Do you thrive in a team that succeeds together, demonstrating integrity and respect while acting responsibly? Do you embrace a growth mindset?

This position is based within our Americas Corporate Office, with hybrid working arrangements considered, and forms part of the wider Development - Americas team.

The Development & Feasibility Senior Analyst, Americas is responsible for supporting the growth of Mandarin Oriental's hotel management and branded residences business throughout North America, Latin America, and the Caribbean. The role is focused on conducting financial underwriting, feasibility studies, market analysis, and investment evaluations for new hotel and branded residences opportunities, while preparing the analytical materials and business cases that support strategic development decisions from origination through completion.

The position covers North America, Latin America, and the Caribbean and reports to the Senior Manager, Development - Americas. This role requires collaboration with Development, Residential, Operations, Finance, Legal, and Technical Services teams, together with external owners, developers, investors, consultants, and brokers across the region.

As Development & Feasibility Senior Analyst, Americas, you will be responsible for:

Lead financial underwriting and feasibility analyses for new management contracts, conversions, acquisitions, branded residences developments, and ground-up projects.

Prepare detailed operating pro formas, discounted cash flow valuations, investment analyses, and financial return models, including IRR and NPV calculations.

Conduct market studies using STR, CoStar, and other industry data sources to evaluate market demand, competitive positioning, and financial performance opportunities.

Assess supply and demand dynamics, market penetration, ADR, RevPAR, GOPPAR, and competitive landscape considerations for prospective developments.

Recommend preliminary facilities programming, including guestrooms, food and beverage concepts, spa and wellness facilities, meeting and event spaces, and residences components.

Prepare investment committee memoranda, feasibility reports, RFP responses, presentations, Letters of Intent, and other deal documentation for senior leadership review.

Support negotiations through financial analysis, scenario modelling, and evaluation of commercial terms.

Coordinate due diligence activities and collaborate with internal stakeholders throughout the lifecycle of development opportunities.

Partner closely with Development, Residential, Operations, Finance, Legal, and Technical Services teams to support project evaluation and execution.

Monitor market trends, industry developments, competitive activity, and investment opportunities across the luxury hospitality and branded residences sectors.

Contribute to process improvement initiatives through automation, standardized financial models, and AI-enabled analytical tools.

Develop and maintain relationships with consultants, brokers, owners, developers, and industry contacts across the region.

Produce analysis and recommendations that support informed development and investment decisions.

Perform additional duties as required to support business objectives.

As Development & Feasibility Senior Analyst, Americas, we expect from you:

Bachelor's degree in Hospitality Management, Finance, Business, Economics, Real Estate, or a related discipline.

A minimum of five years of experience in hotel feasibility, development underwriting, investment analysis, hospitality consulting, revenue strategy, asset management, or a related field.

Strong financial modelling capabilities, including DCF valuation, IRR, NPV, and investment analysis.

Experience preparing operating forecasts, feasibility studies, and investment recommendations for development opportunities.

Working knowledge of hotel financial performance metrics, including USALI, ADR, RevPAR, GOPPAR, and hotel management agreement economics.

Experience utilizing STR, CoStar, and other market intelligence and benchmarking tools.

Strong analytical and problem-solving skills with the ability to interpret complex financial and market data.

Advanced proficiency in Microsoft Excel and PowerPoint.

Strong written, verbal, and presentation skills with the ability to communicate analytical findings clearly and effectively.

Ability to prepare executive-level reports, presentations, and business cases for leadership review.

Experience with automation, financial modelling enhancements, or AI-enabled analytical tools would be advantageous.

Strong interpersonal skills with the ability to build effective working relationships across multiple functions and cultures.

Demonstrated commercial judgement, attention to detail, and discretion when working with confidential information.

Luxury hospitality, branded residences, mixed-use developments, or hotel real estate experience would be considered advantageous.

Ability and willingness to travel throughout the Americas region as required.

Our commitment to you:

Learning & Development. Your success is our success. We craft unique learning and development programmes for various stages in your career so that you continue to grow and develop.

MOstay. As a member of the #MOfamily, you can experience Mandarin Oriental hotels around the world through complimentary nights and attractive accommodation rates for you and your loved ones.

Health & Colleague Wellness. Your wellbeing matters to us, and we offer a variety of health and wellness programmes designed to support our colleagues globally.

Retirement Plans. We offer retirement programmes aligned to your role and length of service.

Pay & Benefits

US$82,000 - US$93,000 USD per annum, commensurate with qualifications and experience.

Competitive medical, dental, and vision coverage.

Paid time off.

Company-match 401(k).

Company-paid Short-Term Disability and accident insurance coverage.

Company-subsidized wellness and fitness benefits.

It is Company policy to comply with the Americans with Disabilities Act, including by providing reasonable accommodations that do not constitute an undue hardship on the Company. Colleagues or candidates requiring accommodation should direct their request to the Director of People & Culture Services.

We're Fans. Are you?",6508,https://careers.mandarinoriental.com/jobs/development-feasibility-senior-analyst-americas-new-york-united-states,,https://www.linkedin.com/jobs/view/4465023357,2026-09-30,75,75 applicants,21,matched,title,2026-10-01,2026-10-01T13:15:10,2026-10-07,,28,startDate,false,0,,,,,,2026-09-09T04:03:13Z,,false,,,,,,
JR-07692,"Manager, Global Sales, Southeast & LATAM",Mandarin Oriental,Mandarin Oriental,Full time,,2026-09-04T04:18:41Z,33,"New York, New York",1,"New York, New York",false,,US,,0,"Mandarin Oriental Hotel Group is seeking a Manager, Global Sales, Southeast & LATAM to join our Commercial - Global Sales team.

Are you a master of craft? Do you thrive in a team that succeeds together, demonstrating integrity and respect while acting responsibly? Do you embrace a growth mindset?

This is a remote position based in the Miami metropolitan area, operating as part of the Mandarin Oriental Corporate Office in New York and the wider Global Sales team.

The Manager, Global Sales, Southeast & LATAM is responsible for managing travel industry relationships within the designated market for Mandarin Oriental, serving as the primary point of contact for managed accounts. The role involves creating and executing strategic account plans, developing strong client relationships, driving revenue and market share growth, and maximizing transient and group business opportunities across the hotel portfolio through travel agency partners.

The position covers the Southeast United States and Spanish-speaking Latin American markets and reports to the Director, Travel Industry, The Americas. This is a remote-based role requiring regular travel throughout the assigned territory. The successful candidate must reside in the Miami metropolitan area.

As Manager, Global Sales, Southeast & LATAM, you will be responsible for:

•
Manage and develop a portfolio of key accounts through planned sales activities in accordance with overall Global Sales strategies.

•
Implement account plans to maximize revenue generation from both established and target accounts while supporting the diversification of Mandarin Oriental's client base.

•
Achieve or exceed agreed revenue and room-night goals across all assigned accounts.

•
Generate revenue from travel advisors and business opportunities throughout the assigned geographical territories.

•
Promote the Fan Club preferred agency partner programme through advisor enrolment, training, and engagement initiatives.

•
Serve as the primary point of contact for travel agency partnerships within the assigned region, managing client engagement and initiatives that enhance business opportunities for Mandarin Oriental hotels.

•
Collaborate closely with in-region representation agency partners to ensure alignment with strategic objectives, facilitate effective communication, and support the successful execution of commercial initiatives through regular reporting and review of action plans.

•
Lead annual Global Sales Calendar activities across the region, including roadshows, sales trips, workshops, client events and trade shows.

•
Host in-person client meetings, site inspections and familiarisation trips.

•
Develop and maintain an accurate and up-to-date database of accounts, contacts and activities within Salesforce.

•
Produce and analyse reports relating to assigned accounts, markets, sales activities and business performance.

•
Participate in internal meetings, including weekly sales meetings, monthly segment updates and regular one-to-one discussions.

•
Secure, analyse and evaluate economic, competitive and market information relevant to assigned territories.

•
Provide assistance and support to wider sales operations and commercial initiatives as business needs arise.

•
Maintain a professional appearance and demeanour while representing Mandarin Oriental.

•
Perform additional duties as required based on business needs.

•
Comply with Mandarin Oriental's standard policies, programmes and approved corporate travel requirements.

As Manager, Global Sales, Southeast & LATAM, we expect from you:

•
Bachelor's degree, preferably in Hotel Management, Business Administration, Marketing or a related discipline.

•
A minimum of four years of sales experience within luxury hotel sales and/or a global sales environment.

•
Established travel industry relationships within the Southeast US and/or Spanish-speaking Latin American markets.

•
Proven track record of achieving ambitious revenue, room-night and business growth targets.

•
Strong client management, relationship-building, problem-solving and organisational skills.

•
Demonstrated ability to create and execute strategic account plans that generate measurable commercial outcomes.

•
Flexibility and adaptability in managing changing workloads, timelines and priorities in a fast-paced environment.

•
Strong interpersonal skills with the ability to build constructive and effective relationships across all levels, both internally and externally.

•
A diplomatic and tactful communication style when engaging with colleagues, clients, travel advisors and business partners.

•
Demonstrated ability to manage approved budgets, allocate resources effectively and control expenses in accordance with corporate travel policies.

•
Excellent written, verbal and presentation skills in English and Spanish, with the ability to conduct business professionally in both languages.

•
Portuguese language proficiency is considered an advantage.

•
Ability and willingness to travel regularly throughout the assigned territory and to other locations as required.

•
Must reside within the Miami metropolitan area.

Our commitment to you:

•
Learning & Development. Your success is our success. We craft unique learning and development programmes for various stages in your career so that you continue to grow and develop.

•
MOstay. As a member of the #MOfamily, you can experience Mandarin Oriental hotels around the world through complimentary nights and attractive accommodation rates for you and your loved ones.

•
Health & Colleague Wellness. Your wellbeing matters to us, and we offer a variety of health and wellness programmes designed to support our colleagues globally.

•
Retirement Plans. We offer retirement programmes aligned to your role and length of service.

Pay & Benefits

•
$80,000 to $110,000 based on experience

•
Competitive medical, dental and vision coverage

•
Paid time off

•
Company-match 401(k)

•
Company-paid Short-Term Disability and accident insurance coverage

•
Company-subsidized wellness and fitness benefits

It is Company policy to comply with the Americans with Disabilities Act, including by providing reasonable accommodations that do not constitute an undue hardship on the Company. Colleagues or candidates requiring accommodation should direct their request to the Director of People & Culture Services.

We're Fans. Are you?",6415,https://careers.mandarinoriental.com/jobs/manager-global-sales-southeast-latam-new-york-united-states,,https://www.linkedin.com/jobs/view/4463321648,2026-09-25,25,among first 25,21,matched,title,2026-10-01,2026-10-01T13:15:25,2026-10-07,,33,startDate,true,0,,,,,,2026-09-04T04:18:41Z,,true,,,,,,
JR-07497,"Manager, Global Sales, Central Region",Mandarin Oriental,Mandarin Oriental,Full time,,2026-09-03T04:28:17Z,34,"New York, New York",1,"New York, New York",false,,US,,0,"Mandarin Oriental Hotel Group is seeking a Manager, Global Sales, Central Region US to join our Commercial - Global Sales team.

Are you a master of craft? Do you thrive in a team that succeeds together, demonstrating integrity and respect while acting responsibly? Do you embrace a growth mindset?

This is a remote position based in Texas, operating as part of the Mandarin Oriental Corporate Office in New York and the wider Global Sales team.

The Manager, Global Sales, Central Region US is responsible for managing and developing travel industry relationships across the designated Central US market. Acting as the primary point of contact for assigned accounts, the role creates and executes strategic account plans, strengthens client relationships, drives revenue and market-share growth, and maximises transient and group business opportunities across the Mandarin Oriental portfolio through travel agency partners.

The position covers Texas and the wider Central US region and reports to the Director, Travel Industry, The Americas. Regular travel is required, and the successful candidate must be based in Texas and live within a one-hour drive of a major airport.

As Manager, Global Sales, Central Region US, you will be responsible for the following duties:

•
Account Management: Manage and develop a portfolio of key travel industry accounts through planned sales activities aligned with the overall Global Sales strategy.

•
Strategic Account Planning: Create and implement account plans that maximise revenue from established and target accounts while supporting the diversification of Mandarin Oriental’s client base.

•
Revenue Generation: Achieve or exceed agreed revenue and room-night goals across all assigned accounts and geographical territories.

•
Business Development: Identify and convert transient and group business opportunities across Mandarin Oriental’s global portfolio.

•
Regional Sales Growth: Generate revenue from travel advisors, agencies and prospective business partners throughout the assigned Central US region.

•
Travel Industry Partnerships: Serve as the primary point of contact for travel agency partnerships in the region, managing client engagement and facilitating initiatives that generate opportunities for Mandarin Oriental hotels.

•
Client Relationships: Build and maintain strong, trusted relationships with key travel advisors, agency partners and industry stakeholders.

•
Fan Club Development: Promote Mandarin Oriental’s Fan Club preferred agency partner programme through advisor enrolment, training and ongoing engagement initiatives.

•
Hotel Collaboration: Work closely with hotel-level sales colleagues to align account strategies, share client insights and support exceptional customer satisfaction.

•
Sales Events: Lead annual Global Sales Calendar activities across the region, including roadshows, sales trips, workshops and client events.

•
Industry Representation: Coordinate and participate in relevant trade shows, networking opportunities and industry events as required.

•
Client Experiences: Host in-person client meetings, hotel site inspections and familiarisation trips across the Mandarin Oriental portfolio.

•
Market Intelligence: Secure, analyse and evaluate economic, competitive and market information relevant to the assigned territories.

•
Performance Reporting: Produce and analyse reports relating to assigned accounts, markets, sales activity and business performance.

•
Salesforce Management: Develop and maintain an accurate and up-to-date database of accounts, contacts, opportunities and activities in Salesforce.

•
Internal Communication: Participate in weekly sales meetings, monthly segment updates, regular one-to-one meetings and other relevant internal discussions.

•
Cross-Functional Support: Provide assistance and support to wider Global Sales operations and hotel teams based on evolving business requirements.

•
Brand Representation: Represent Mandarin Oriental professionally and consistently during client meetings, sales events, familiarisation trips and industry engagements.

•
Policies & Standards: Comply with Mandarin Oriental’s standard policies, programmes and approved corporate travel requirements.

As Manager, Global Sales, Central Region US, we expect from you

• Bachelor’s degree, preferably in Hotel Management, Business Administration, Marketing or a related discipline.

• At least four years of sales experience within luxury hotel sales and/or a global sales environment.

• Established travel industry and client relationships within Texas or the wider Central US region.

• Proven experience managing and developing a portfolio of key travel industry or agency accounts.

• A strong track record of meeting or exceeding ambitious revenue, room-night and business-growth goals.

• Experience creating and delivering strategic account plans that generate measurable commercial results.

• Strong understanding of the luxury travel industry, including transient and group business opportunities.

• Excellent client management, relationship-building, problem-solving and organisational skills.

• Ability to manage changing workloads, competing timelines and evolving priorities within a fast-paced environment.

• Strong interpersonal skills, with the ability to build effective relationships across different functions, seniority levels and external organisations.

• A diplomatic and tactful communication style when working with colleagues, clients, travel advisors and business partners.

• Experience managing approved budgets, allocating resources effectively and controlling expenses in accordance with corporate travel policies.

• Excellent written, verbal and presentation skills in English.

• Ability and willingness to travel regularly throughout the assigned territory and to other locations as required.

• You must be based in Texas and live within a one-hour drive of a major airport.

Our commitment to you:

•
Learning & Development. Your success is our success. We craft unique learning and development programmes for various stages in your career so that you grow, continuously.

•
MOstay. When you work as hard as our colleagues do, it’s important to take time off. As a member of the #MOfamily, you can stay with us wherever you go in the world. The MOstay programme offers complimentary nights and additionally attractive rates on rooms for you and your loved ones.

•
Heath & Colleague Wellness. Finding the right work-life balance is important. Your wellbeing matters to us. A variety of health benefits and wellness programmes are offered to all our colleagues, globally.

•
Retirement Plans. When you show commitment to us, we reciprocate. We offer different retirement plans depending on the length of your service and your role.

Pay & Benefits

• $80,000 to $110,000 based on experience

• A competitive benefits package, including health, dental and vision

• Paid time off

• Company-match 401(k)

• Company-paid Short Term Disability coverage(i.e.) Medical/Accident insurance

• Company-subsidized credits towards wellness and fitness facilities

It is Company policy to comply with the Americans with Disabilities Act, including by providing reasonable accommodations that do not constitute an undue hardship on the Company. Colleagues or candidates should direct requests for accommodation to the Director of People and Culture Services.

We’re Fans. Are you?

We’re Fans. Are you?",7458,https://careers.mandarinoriental.com/jobs/manager-global-sales-central-region-new-york-united-states,,https://www.linkedin.com/jobs/view/4462794220,2026-09-24,25,among first 25,21,matched,title,2026-10-01,2026-10-01T13:15:22,2026-10-07,,34,startDate,true,0,,,,,,2026-09-03T04:28:17Z,,true,,,,,,
JR-07644,Security Supervisor,Mandarin Oriental,Mandarin Oriental,Full time,,2026-09-02T15:14:05Z,35,"New York, New York",1,"New York, New York",false,,US,,0,"Security Supervisor

Mandarin Oriental New York is looking for a Security Supervisor to join our Security team.

Are you a master of craft? Do you thrive in a team that succeeds together, demonstrating integrity and respect while acting responsibly? Do you embrace a growth mindset? We invite you to become a fan of the exceptional.

Mandarin Oriental Hotel Group is the award-winning owner and operator of some of the most luxurious hotels, resorts and residences located in prime destinations around the world, with a strong development pipeline. Increasingly recognized for creating some of the world’s most sought-after properties, the Group provides legendary service inspired by Asian heritage whilst representing the very cutting-edge of luxury experiences.

A stunning fusion of modern design with stylish oriental flair, Mandarin Oriental, New York features 244 elegant guestrooms and suites — all with breath-taking views of Manhattan and Five-Star hospitality. Luxurious amenities include MO Lounge, all-day dining overlooking Central Park and the Manhattan skyline; a 14,500 square-foot Five-Star Mandarin Oriental Spa; and a state-of-the-art fitness center with a 75-foot lap pool. In addition, there is premium meeting and event space, including a 6,000 square-foot pillar-less ballroom with three walls of windows overlooking Central Park.

About the job

Based at the Mandarin Oriental New York within the Security Department in New York City, the Security Supervisor is responsible for assisting the Assistant Director of Security in taking full responsibility for supervising house officers to enforce security policies and procedures in accordance with Mandarin Oriental corporate guidelines and insure compliance to all local, state and federal regulations.

The Security Supervisor will report directly to the Assistant Director of Security.

As Security Supervisor, you will be responsible for the following duties:

• Provide supervisory guidance and support to all security officer colleagues within the Security Department.

• Mitigate emergencies and liaise with government agencies or private security companies.

• Create a safe and secure environment for our guests and colleagues by ensuring patrols & inspections/testing are being completed on each shift.

• Assist in the development and implementation of Standard Operating Procedures for the Department.

• Assist in the development and training of House Officers.

• Disseminating information to necessary parties

• Review and follow-up on all incident, loss, and accident reports.

• Be able to learn multiple computer applications and use all Microsoft Office applications.

• Enforce the Fire & Life Safety policies and procedures as mandated by FDNY FLSD curriculum.

• Assist in training of all colleagues in emergency procedure preparedness.

• Ensure compliance with FLHSS guidelines and learn to utilize Guardtek software to monitor compliance.

• Be responsible for the day-to-day operation of Security Department.

• Effectively enforce hotel’s rules and regulations.

• Manage Lost & Found

• Perform tasks and duties as assigned by the Director and Assistant Director of Security and respond to requests from other departments and guests.

The above is not an all-inclusive list of job duties and responsibilities. Mandarin Oriental, New York reserves the right to add, delete, change or modify the job duties and responsibilities described in this job description at its discretion with notice.

As Security Supervisor, we expect from you:

• A minimum of 5 years of supervisory experience in a hospitality environment.

• A minimum of 2 years experience in a luxury market.

• Must possess a certificate of fitness as a Fire Safety Director.

Our commitment to you

• Learning & Development. Your success is our success. We craft unique learning and development programmes for various stages in your career so that you grow, continuously.

• MOstay. When you work as hard as our colleagues do, it’s important to take time off. As a member of the #MOfamily, you can stay with us wherever you go in the world. The MOstay programme offers complimentary nights and additionally attractive rates on rooms for you and your loved ones.

• Heath & Colleague Wellness. Finding the right work-life balance is important. Your wellbeing matters to us. A variety of health benefits and wellness programmes are offered to all our colleagues, globally.

• Retirement Plans. When you show commitment to us, we reciprocate. We offer different retirement plans depending on the length of your service and your role.

Salary and Benefits:

•  Salary $75,000 - $77,000 yearly

• A competitive benefits package, including health, dental and vision, 401(K), etc

It is Company policy to comply with the Americans with Disabilities Act, including by providing reasonable accommodations that do not constitute an undue hardship on the Company. Colleagues or candidates should direct requests for accommodation to the Director of People and Culture.

We’re Fans. Are you?",5046,https://careers.mandarinoriental.com/jobs/security-supervisor-new-york-united-states-f22fdaaf-89bd-40e1-a6e4-5fd73df183a9,,https://www.linkedin.com/jobs/view/4462467759,2026-09-24,52,52 applicants,22,matched,title,2026-10-01,2026-10-01T13:15:04,2026-10-07,,35,startDate,true,0,,,,,,2026-09-02T15:14:05Z,,false,,,,,,
JR-06363,Substitute Banquet Tournant,Mandarin Oriental,Mandarin Oriental,Full time,,2026-08-31T20:08:00Z,37,"New York, New York",1,"New York, New York",false,,US,,0,"Substitute Banquet Tournant

Mandarin Oriental New York is looking for a Substitute Banquet Tournant to join our Culinary team.

Are you a master of craft? Do you thrive in a team that succeeds together, demonstrating integrity and respect while acting responsibly? Do you embrace a growth mindset? We invite you to become a fan of the exceptional.

Mandarin Oriental Hotel Group is the award-winning owner and operator of some of the most luxurious hotels, resorts and residences located in prime destinations around the world, with a strong development pipeline. Increasingly recognised for creating some of the world’s most sought-after properties, the Group provides legendary service inspired by Asian heritage whilst representing the very cutting-edge of luxury experiences.

A stunning fusion of modern design with stylish oriental flair, Mandarin Oriental, New York features 244 elegant guestrooms and suites — all with breath-taking views of Manhattan and Five-Star hospitality. Luxurious amenities include MO Lounge, all-day dining overlooking Central Park and the Manhattan skyline; a 14,500 square-foot Five-Star Mandarin Oriental Spa; and a state-of-the-art fitness center with a 75-foot lap pool. In addition, there is premium meeting and event space, including a 6,000 square-foot pillar-less ballroom with three walls of windows overlooking Central Park.

About the job

Based at the Mandarin Oriental New York within the Culinary Department in New York the Substitute Banquet Tournant is responsible for the day-to-day preparation of meals as dictated by the menu, guests or management, while maintaining a clean environment and helping out in all areas to achieve guest satisfaction.

As Substitute Banquet Tournant, you will be responsible for the following duties:

To delight our guests and provide The Mandarin Experience by preparing and serving food as dictated by the menu, guests (internal or external) or management in a clean safe and timely manner.  Keep a clean work area and a positive attitude, helping out wherever necessary to deliver a product that will exceed our guest’s expectations.

• The ability to read, write and communicate verbally in English.

• The ability to follow directions and maintain good working relationships with supervisors and managers.

• The ability to follow proper payroll and uniform procedures.

• The ability to operate kitchen equipment safely and properly in the kitchen.

• The ability to utilize the computer system and to read all orders.

• The ability to prepare and present on a timely basis all foods for meal service.

• The ability to respect and accommodate servers request regarding guests’ preference and requests.

• The ability to handle all types of food and rotate it according to established procedure.

• The ability to work closely with standard recipes and plate presentation in order to maintain standards of quality in production and presentation.

• The ability to complete requisitions, obtains proper signatures, submit, pick up transport and store all items.

• The ability to work standing for up to ten hours in a kitchen environment.

• The ability to clean all work and storage areas.

• The ability to ensure a clean, neat and organized work area.

• The ability to report and handle any accident immediately, no matter how minor.

• The ability to maintain a good working relationship with other employees, providing instruction and encouragement as needed.

• The ability to respond properly in any hotel emergency or safety situation.

• The ability to perform other task or projects as assigned by hotel management and staff.

• The ability to work as a team.

• The ability to work flexible hours as hotel business changes.

• The ability to cook a wide variety of foods in all modern and classical cooking techniques.

• The ability to work with cutlery in a proficient, safe and swift manner.

NOTE: The above is not an all-inclusive list of job duties and responsibilities. Mandarin Oriental, New York reserves the right to add, delete, change or modify the job duties and responsibilities described in this job description at its discretion with notice.

As Substitute Banquet Tournant, we expect from you:

• Ability to work flexible schedule

• High School Diploma or Equivalent

• Two year degree or Apprenticeship

• Up to Date Sanitation Classes

• Minimum of Two Years in the luxury Hotel Business

• Minimum of one year in fine dining food preparation

• Possess a good written and verbal command of the English Language.

• Possess a pleasant and outgoing personality

• Working knowledge of kitchen equipment

• Basic knowledge of mathematics for recipes, and ordering

•  Ability to dictate responsibility, pay attention to detail, handle multiple tasks and show a high level of patience

• Ability to work under high stress conditions

• Stand/Walk 8 – 12  hours a day

Occasionally = 1/3 of the workday, frequently = 2/3 of the workday

Lift or Carry 0-20 pounds frequently

• Lift or Carry 21-50 pounds occasionally

• Lift or Carry 51-100 pounds occasionally

• Bend frequently

• Squat frequently

• Kneel occasionally

• Climb occasionally

• Reach above shoulders frequently

• Perform repetitive hand motions frequently

Our commitment to you

• Learning & Development. Your success is our success. We craft unique learning and development programmes for various stages in your career so that you grow, continuously.

• Heath & Colleague Wellness. Finding the right work-life balance is important. Your wellbeing matters to us. A variety of health benefits and wellness programmes are offered to all our colleagues, globally.

• Retirement Plans. When you show commitment to us, we reciprocate. We offer different retirement plans depending on the length of your service and your role.

Pay and Benefits:

•  Pay $37.30 to $49.73 hourly- commensurate with experience and the IWA guidelines

• A competitive benefits package

•

It is Company policy to comply with the Americans with Disabilities Act, including by providing reasonable accommodations that do not constitute an undue hardship on the Company. Colleagues or candidates should direct requests for accommodation to the Director of People and Culture.

We’re Fans. Are you?",6259,https://careers.mandarinoriental.com/jobs/substitute-banquet-tournant-new-york-united-states-242933e3-e36c-478f-b917-a011fae78f8b,,https://www.linkedin.com/jobs/view/4461500090,2026-09-22,25,among first 25,22,matched,title,2026-10-01,2026-10-01T13:15:26,2026-10-07,,37,startDate,true,0,,,,,,2026-08-31T20:08:00Z,,true,,,,,,
JR-07585,Substitute Bell Attendant,Mandarin Oriental,Mandarin Oriental,Full time,,2026-08-27T15:33:09Z,41,"New York, New York",1,"New York, New York",false,,US,,0,"Substitute Bell Attendant

Mandarin Oriental New York is looking for a Substitute Bell Person to join our Guest Service team.

Are you a master of craft? Do you thrive in a team that succeeds together, demonstrating integrity and respect while acting responsibly? Do you embrace a growth mindset? We invite you to become a fan of the exceptional.

Mandarin Oriental Hotel Group is the award-winning owner and operator of some of the most luxurious hotels, resorts and residences located in prime destinations around the world, with a strong development pipeline. Increasingly recognized for creating some of the world’s most sought-after properties, the Group provides legendary service inspired by Asian heritage whilst representing the very cutting-edge of luxury experiences.

A stunning fusion of modern design with stylish oriental flair, Mandarin Oriental, New York features 244 elegant guestrooms and suites — all with breath-taking views of Manhattan and Five-Star hospitality. Luxurious amenities include MO Lounge, all-day dining overlooking Central Park and the Manhattan skyline; a 14,500 square-foot Five-Star Mandarin Oriental Spa; and a state-of-the-art fitness center with a 75-foot lap pool. In addition, there is premium meeting and event space, including a 6,000 square-foot pillar-less ballroom with three walls of windows overlooking Central Park.

About the job

Based at the Mandarin Oriental New York within the Guest Service Department in New York the Substitute Bell Attendant is responsible for the overall guest satisfaction by creating a delightful arrival and departure experience, which includes escorting guests to their destination, handling delivering and storing of guest’s luggage, communication of information and guest requests and familiar with and able to demonstrate the guest room technology.

The Substitute Bell Person reports to the Director and Assistant Director of Front Office Operations.

As Substitute Bell Attendant, you will be responsible for the following duties:

• Initiate contact with guests entering the hotel

• Approach guests needing assistance

• Deliver luggage to the guest room within 15 minutes

• Be familiar with the entire room product including IT&T equipment

• Be familiar with all hotel services including spa and dining

• Deliver messages, packages and facsimiles within 15 minutes of receipt

• Actively listen and communicate specific guest requests accurately to the Concierge, Reception and PBX colleagues to ensure complete follow up

• Deliver newspapers to all guest rooms prior to 6 AM

• Remove luggage from guest rooms upon check out

• Other duties as deemed appropriate by the Director of Front Office and Front Office Manager

• Ability to understand guest inquiries and provide responses.

• Ability to focus attention on guest needs, remaining calm and courteous.

• Ability to promote positive relations with all individuals who approach the Bell Stand and by telephone.

• Ability to think clearly, quickly, maintains concentration and makes concise decisions.

• Ability to focus attention on details.

• Ability to maintain confidentiality of all guest information and pertinent hotel data.

• Ability to ensure security of guestroom access.

• Ability to perform job functions with minimal supervision.

• Ability to work cohesively with other departments and o-workers as part of a team.

• Ability to be flexible as the job changes.

• Ability to resolve problems exercising good judgement.

• Ability to work flexible hours, including weekends, holidays and evenings if necessary.

• Must have a professional image and personality exuding confidence and leadership skills.

• Be an ambassador to The Mandarin Oriental Hotel Company at all times, in and outside of one’s workplace.

• Ability to be a clear thinker in pressure situations and exercise good judgements.

• Ability to work well under pressure of check-in/check-out of 200 guests and in coordinating all departmental functions.

• Ability to focus attention on guests’ needs.

• Ability to exert physical effort in placing, removing and transporting guest luggage.

• Ability to remain stationary at assigned post for extended periods of time.

• Maintain complete knowledge of:

• All hotel features/services, hours of operations

• All hotel restaurant food concepts, menu price range, dress code and ambiance

• All hotel room types, numbers/names, layout appointments, amenities and locations.

• All hotel room rates, special packages and promotions.

• Daily expected arrivals/departures

• Scheduled daily group activities, names and locations of meeting/banquet rooms.

Local events, attractions, holiday schedules

• Maintain complete knowledge and comply with all hotel a departmental policies and procedures.

• Obtain department keys and radio; ensure security of such.

• Access all functions of computer systems in accordance with departmental specifications.

• Set up workstations with necessary supplies; maintain cleanliness through shift.

• Accommodate all guest requests expediently and courteously.  Follow up with designated hotel personnel to ensure completion of request.

• Document guest requests for Bell Person assistance.

• Accommodate all guest requests in an accurate and efficient manner.

• Assist with group luggage requirements.

• Maintain cleanliness and working condition of departmental equipment/supplies.

• Maintain the condition of lobby, hotel entrance, bell desk and luggage storage areas.

• Ensure that all pertinent information is documented in the logbook daily.

• Transport guest luggage from the point of arrival at the hotel to their assigned room.

• Transport guest luggage form current room to reassigned room for room changes.

• Transport guest luggage from their room to the point of departure from the hotel.

• Correctly tag, store and retrieve luggage from luggage storage.

• Identify and explain hotel facilities and features to guests and conduct hotel tours when needed.

• Place guest luggage inside room & offer guest assistance with anything they might need.

• Deliver/ offer to deliver Ice to all guests upon check-in.

• Offer Pressing, Laundry/Valet and Shoeshine services.

• Offer packing/unpacking service to Club guest.

• Remain in assigned postposition, maintaining correct stance.

• Deliver items to guestrooms promptly to include:

• Messages

• Mail & Faxes

• Packages

• Flowers

• Sundry items requested by guests

• Gift items & Amenities

• Deliver Newspapers to all guestrooms.

• Polish brass luggage carts and maintain cleanliness of carts.

• Handle guest complaints by following the instant pacification procedures and ensuring guest satisfaction.

• Assist guests in locating and retrieving lost luggage.

• Collect and record guest preferences.

• Practice Lateral Service and Teamwork

• Complete any task(s) assigned by Leaders

• Successful completion of the training process.

• Provide guestroom and hotel tours.

• Assist Door Person with unloading and loading of vehicles.

• Assist Concierge staff with guest requests and services, including retrieval of theatre tickets, flowers and other items as requested.

• Answer department telephone within 3 rings, using correct salutations and telephone etiquette.

NOTE: The above is not an all-inclusive list of job duties and responsibilities. Mandarin Oriental, New York reserves the right to add, delete, change or modify the job duties and responsibilities described in this job description at its discretion with notice.

As Substitute Bell Person, we expect from you:

• 2 years New York hotel Bell Person experience

• Able to communicate written and spoken English

• Excellent overall communication skills

• Able to multi-task

• The ability to work well in a team environment

• Able to lift up to 50 lbs on a regular basis

• Able to lift up to 100 lbs on an occasional basis

• Able to stand for extended periods of time

Our commitment to you

• Learning & Development. Your success is our success. We craft unique learning and development programmes for various stages in your career so that you grow, continuously.

• MOstay. When you work as hard as our colleagues do, it’s important to take time off. As a member of the #MOfamily, you can stay with us wherever you go in the world. The MOstay programme offers complimentary nights and additionally attractive rates on rooms for you and your loved ones.

• Heath & Colleague Wellness. Finding the right work-life balance is important. Your wellbeing matters to us. A variety of health benefits and wellness programmes are offered to all our colleagues, globally.

Pay and Benefits:

•  Pay $19.21 to $25.61 hourly- commensurate with experience

• A competitive benefits package

It is Company policy to comply with the Americans with Disabilities Act, including by providing reasonable accommodations that do not constitute an undue hardship on the Company. Colleagues or candidates should direct requests for accommodation to the Director of People and Culture.

We’re Fans. Are you?",9063,https://careers.mandarinoriental.com/jobs/substitute-bell-attendant-new-york-united-states-e770dab2-9a7f-48a4-8c37-44e5dc145dc9,,,,,,,no_match,,2026-10-01,,2026-10-07,,41,startDate,true,0,,,,,,2026-08-27T15:33:09Z,,false,,,,,,
JR-07202,Catering Sales Manager,Mandarin Oriental,Mandarin Oriental,Full time,,2026-08-14T22:23:20Z,54,"New York, New York",1,"New York, New York",false,,US,,0,"Catering Sales Manager

Mandarin Oriental New York is looking for a Catering Sales Manager to join our Catering Department.

Are you a master of craft? Do you thrive in a team that succeeds together, demonstrating integrity and respect while acting responsibly? Do you embrace a growth mindset? We invite you to become a fan of the exceptional.

Mandarin Oriental Hotel Group is the award-winning owner and operator of some of the most luxurious hotels, resorts and residences located in prime destinations around the world, with a strong development pipeline. Increasingly recognized for creating some of the world’s most sought-after properties, the Group provides legendary service inspired by Asian heritage whilst representing the very cutting-edge of luxury experiences.

A stunning fusion of modern design with stylish oriental flair, Mandarin Oriental, New York features 244 elegant guestrooms and suites — all with breath-taking views of Manhattan and Five-Star hospitality. Luxurious amenities include MO Lounge, all-day dining overlooking Central Park and the Manhattan skyline; a 14,500 square-foot Five-Star Mandarin Oriental Spa; and a state-of-the-art fitness center with a 75-foot lap pool. In addition, there is premium meeting and event space, including a 6,000 square-foot pillar-less ballroom with three walls of windows overlooking Central Park.

About the job

Based at the Mandarin Oriental New York within the Catering Office in New York City, the Catering Sales Manager is responsible for contracting, producing and executing all food and beverage only events in the Banquet Space.

The Catering Sales Manager reports to the Director of Catering.

As Catering Sales Manager, you will be responsible for the following duties:

• Support company’s philosophy and company culture through the use of Pillars of Legendary Quality Experience, Departmental Legendary Quality Experiences on a daily basis and through the use of Guiding Principles and D.E.L.I.G.H.T as part of ensuring Guest Satisfaction and the achievement of our Mission Statement.

• Walkthroughs/Sites of the Banquet Space

• Following up on Inquiries

• Prepare proposals and negotiate contracts for prospective clients

• Determine with the client appropriate food and beverage selections, room layout, décor, and audio-visual needs as it pertains to each group

• Management of events from 10-750 people

• Generating the Banquet Event Order

• Generating the Floor plan for the Event

• Coordinate event details with the Banquet Managers and Culinary Staff

• Daily solicitation of new accounts

• Entertain Meeting and social event planners

• Participate in meetings: Morning Operations Briefing, Morning Huddle, Resume Meeting, Banquet Event Order, Pre-Con, and Menu Tastings.

• Maintain an active trace/follow-up system on all inquiries and personal sales calls.

• Be fully versed in the facilities and capabilities of the hotels competitive set. Maintain a visible presence in the community through involvement with Industry associations.

• Identify opportunities to optimize performance and create value by challenging existing processes, encouraging innovation and driving necessary change.

• Maintain high standards of personal appearance and grooming.

• Support company’s philosophy and company culture through the use of Pillars of Legendary Quality Experience, Departmental Legendary Quality Experiences on a daily basis

• Generating a Summary of Charges for the client and making sure that payment is received for both the deposit and final payment prior to the event

• Inputting of the food and beverage figures into Sales Force to assist in the budget and projection for the year

• Responsible for meeting monthly Sales Forecast

• Results‑driven mindset with a track record of meeting or exceeding revenue targets

NOTE: The above is not an all-inclusive list of job duties and responsibilities. Mandarin Oriental, New York reserves the right to add, delete, change or modify the job duties and responsibilities described in this job description at its discretion with notice.

As Catering Sales Manager, we expect from you:

• Excellent communications skills – written and verbal.

• Excellent organizational skills and the ability to multi-task and prioritize accordingly

• Must hold an undergraduate degree or equivalent experience in a relevant field

• Fluent in English

• Computer literate-must be proficient in HMS, knowledge of Salesforce, Cvent (Allseated)

• College degree

• Requires flexibility in scheduling, including early mornings, evenings, weekends, and on-call availability during major events.

• Excellent computer skills in Microsoft Office and hotel sales and property management systems

• 2–5+ years of experience in conference services, or hotel operations

• Knowledge of banquet operations, audiovisual requirements, and event logistics.

• Well-groomed and professional in appearance and manner to meet and interact with clients

• Well versed in Events and Food & Beverage financial aspects

• Takes initiative

• Ability to multitask under pressure and manage concurrent events

• Strong attention to detail

• Strong interpersonal and guest relations abilities, a flexible, dynamic and positive demeanor.

• Ability to work on-site, including some evenings and weekends, as required by event schedules.

Our commitment to you

• Learning & Development. Your success is our success. We craft unique learning and development programmes for various stages in your career so that you grow, continuously.

• MOstay. When you work as hard as our colleagues do, it’s important to take time off. As a member of the #MOfamily, you can stay with us wherever you go in the world. The MOstay programme offers complimentary nights and additionally attractive rates on rooms for you and your loved ones.

• Heath & Colleague Wellness. Finding the right work-life balance is important. Your wellbeing matters to us. A variety of health benefits and wellness programmes are offered to all our colleagues, globally.

• Retirement Plans. When you show commitment to us, we reciprocate. We offer different retirement plans depending on the length of your service and your role.

Salary and Benefits:

•  Salary $85,000 to $98,000 yearly

• A competitive benefits package, including health, dental and vision, 401(K), etc

It is Company policy to comply with the Americans with Disabilities Act, including by providing reasonable accommodations that do not constitute an undue hardship on the Company. Colleagues or candidates should direct requests for accommodation to the Director of People and Culture.

We’re Fans. Are you?",6657,https://careers.mandarinoriental.com/jobs/catering-sales-manager-new-york-united-states,,https://www.linkedin.com/jobs/view/4454855066,2026-09-27,79,79 applicants,44,matched,title,2026-10-01,2026-10-01T13:15:15,2026-10-07,,54,startDate,true,0,,,,,,2026-08-14T22:23:20Z,,false,,,,,,
JR-05555,Sous Chef,Mandarin Oriental,Mandarin Oriental,Full time,,2026-08-06T14:18:24Z,62,"New York, New York",1,"New York, New York",false,,US,,0,"Sous Chef

Mandarin Oriental New York is looking for a Sous Chef to join our Culinary team.

Are you a master of craft? Do you thrive in a team that succeeds together, demonstrating integrity and respect while acting responsibly? Do you embrace a growth mindset? We invite you to become a fan of the exceptional.

Mandarin Oriental Hotel Group is the award-winning owner and operator of some of the most luxurious hotels, resorts and residences located in prime destinations around the world, with a strong development pipeline. Increasingly recognised for creating some of the world’s most sought-after properties, the Group provides legendary service inspired by Asian heritage whilst representing the very cutting-edge of luxury experiences.

A stunning fusion of modern design with stylish oriental flair, Mandarin Oriental, New York features 244 elegant guestrooms and suites — all with breath-taking views of Manhattan and Five-Star hospitality. Luxurious amenities include MO Lounge, all-day dining overlooking Central Park and the Manhattan skyline; a 14,500 square-foot Five-Star Mandarin Oriental Spa; and a state-of-the-art fitness center with a 75-foot lap pool. In addition, there is premium meeting and event space, including a 6,000 square-foot pillar-less ballroom with three walls of windows overlooking Central Park.

About the job

Based at the Mandarin Oriental New York, within the Culinary Department in New York City, the Sous Chef is responsible for the culinary offerings in our MO Lounge and In Room Dining. Leading, teaching and correcting employees, under the guidance of the Executive Chef, and Executive Sous Chef, continuously striving to exceed guests' expectations, while working as a team with other Sous Chefs. The Sous Chef reports to the Executive Sous Chef.

As Sous Chef, you will be responsible for the following duties:

• Prepare in accordance with quality, availability and seasonality and ensure market lists are completed on a daily and weekly basis. Assist and help coordinate all menu planning and implementation. Ensure food standards and presentation are maintained and always improved

• Organize food production in a cost effective and hygienic manner, weekly schedule generation for kitchen colleagues, assist in recruitment, training, coaching, and corrective actions of all kitchen staff

• Constantly strive to improve operating procedures, find methods of reducing costs without affecting the level of service or product received by the guests, maintain and monitor Safe and Sound Procedures

• Develop Standard & Procedures

• Controlling & being accountable to the effort in achieving both Food & Labor Cost Goal, control food cost by maintaining food standards at reasonable cost through liaison with the Purchasing Department to check prices, market price fluctuation, quality, etc. Lead training as it pertains to FLHSS

The above is not an all-inclusive list of job duties and responsibilities. Mandarin Oriental, New York reserves the right to add, delete, change or modify the job duties and responsibilities described in this job description at its discretion with notice.

As Sous Chef, we expect from you:

• Minimum of 5 years in the luxury hotel culinary, minimum of two years management experience in a high volume or fine dining establishment

• Experience in Union environment coaching union colleagues, experience in multi-cultural cuisines

• Ability to work AM and PM

Our commitment to you

• Learning & Development. Your success is our success. We craft unique learning and development programmes for various stages in your career so that you grow, continuously.

• MOstay. When you work as hard as our colleagues do, it’s important to take time off. As a member of the #MOfamily, you can stay with us wherever you go in the world. The MOstay programme offers complimentary nights and additionally attractive rates on rooms for you and your loved ones.

• Heath & Colleague Wellness. Finding the right work-life balance is important. Your wellbeing matters to us. A variety of health benefits and wellness programmes are offered to all our colleagues, globally.

• Retirement Plans. When you show commitment to us, we reciprocate. We offer different retirement plans depending on the length of your service and your role.

Salary and Benefits:

•  Salary $88K to $93K yearly

• A competitive benefits package, including health, dental and vision, 401(K), etc

It is Company policy to comply with the Americans with Disabilities Act, including by providing reasonable accommodations that do not constitute an undue hardship on the Company. Colleagues or candidates should direct requests for accommodation to the Director of People and Culture.

We’re Fans. Are you?",4742,https://careers.mandarinoriental.com/jobs/sous-chef-new-york-united-states-e50639a3-3e35-4eb7-a898-f4c1377976a2,,https://www.linkedin.com/jobs/view/4450276576,2026-09-18,37,37 applicants,43,matched,title,2026-10-01,2026-10-01T13:15:19,2026-10-07,,62,startDate,true,0,,,,,,2026-08-06T14:18:24Z,,false,,,,,,
546567,Residential Concierge,Mandarin Oriental,Mandarin Oriental,Full time,,2026-07-23T20:12:47Z,76,"New York, New York",1,"New York, New York",false,,US,,0,"Mandarin Oriental Residences, Fifth Avenue is looking for a Residential Concierge to join our Residences team.

Are you a master of craft? Do you thrive in a team that succeeds together, demonstrating integrity and respect while acting responsibly? Do you embrace a growth mindset? We invite you to become a fan of the exceptional.

Mandarin Oriental Hotel Group is the award-winning owner and operator of some of the most luxurious hotels, resorts and residences located in prime destinations around the world, with a strong development pipeline. Increasingly recognised for creating some of the world’s most sought-after properties, the Group provides legendary service inspired by Asian heritage whilst representing the very cutting-edge of luxury experiences.

Mandarin Oriental Residences, Fifth Avenue, located at 685 54th Street at the center of New York City’s premier Fifth Avenue retail shopping corridor.  The site is a short walking distance from Central Park and world-famous landmarks such as Rockefeller Center, the Museum of Modern Art, and St. Patrick’s cathedral.  Featuring 65 spacious apartments, residents will enjoy a luxurious way of life with exquisite interiors, a rooftop pool, fitness and wellness center, and private dining.

About the job

Based at the Mandarin Oriental Residences, Fifth Avenue, in New York City, the Residential Concierge is responsible for the overall Resident and colleague satisfaction by providing 5-Star services.

The Residential Concierge reports to the Director of Residences.

As Residential Concierge, you will responsible for the following duties:

• Maintain a constantly updated database with extensive information about city highlights.

• Demonstrate firsthand knowledge of the recommendations with thorough research.

• Be proactive and anticipate the complete requirements to make the experience a success.

• Inquire as to the success or enjoyment of the recommendations made.

• Maintain a daily record (via software) of all requests, reservations, and confirmations for all residents.

• Know the Unit Owners and Tenants by name

• Be knowledgeable of all in-house and arriving residents.

• Be aware of all known happenings company wide.

• Arrange package delivery and pickup for residents, noting location of where package was left at the residence, time, date

• and reference ID

• Arrange tickets for theatre, sporting events and local attractions.

• Make and confirm dining reservations, making superb recommendations.

• Maintain and log all reservations made for residents.

• Provide residents with confirmation for all reservations, transportation, theatre tickets, etc.

• Communicate all key details to management and colleagues.

• Provide a daily shift log to the Director of Residential Operations.

• Provide clear directions for all residents travelling outside the property.

• Respond to all residents needs and requests.

• Be proactive in sending all residents' mail to their units as authorized

• Be knowledgeable of which laundry vendors unit owners have arrangements with to ensure that their laundry is sent to the correct laundry provider

• Be consistent in logging in all laundry going out and logging in all incoming laundry

• At the direction of management, assist in the coordination of all services that promote the maintenance and upkeep of owner’s homes and values.

• Coordinate and organize the daily activities and requests of all residents.

• Log and account for all Housekeeping requests by residents in Building link ensuring that all A La Carte Services requested are billed accurately and in a timely fashion

• Offer a warm, sincere, and personalized welcome to all residents calling them by name

• Anticipate resident requests at all times to create the element of surprise.

• Dispatch and coordinate with Residential team in the delivery of desk services, for those services that can only be performed away from the desk such as deliveries.

• Arrange package delivery and pickup for residents.

• Record and provide follow up procedures for residential work orders.

• Maintain detailed records of all incoming and outgoing deliveries and packages noting location of where package was delivered inside the residents' unit, time and date of delivery, who delivered the package and ensuring message reflects the details of the package delivery inside a resident's unit

• Develop relationships and communication with nearby restaurants and bars for the provision of all services to residents.

• Maintain an updated knowledge of all the particulars of our inhouse restaurant Boulud Prive and the various surrounding restaurants and building establishments as they pertain to residents to provide fast answers to relevant resident queries.

• Have knowledge of various types of online food deliveries around the residential area especially those that are open after 9pm

• Have knowledge of directions, travel time, cost, and various forms of transportation.

• Be proactive and anticipate the complete requirements to make the experience a success.

• Be knowledgeable of Boulud Prive opening hours and offerings

• Be knowledgeable of Resident Club Boulud Dining privileges

• Be knowledgeable in handling and organizing resident keys knowing how to handle special access with restrictions, and understanding the Salto system history log and knowledge of emergency procedures to open residential units when batteries are not funtioning

• Develop working knowledge of our web-based systems such as Building link, Salto key system, Creston system in all units and billing system for A La Carte services

• Be knowledgeable of Residents Common charges and its billing concept

• Be knowledgeable of the Residential Board members

• Maintain a clean, neat, and organized desk.

• Facilitate the handling of resident administrative requests.

• Maintain the presentation standards of a 5-Star Lobby.

• Maintain  the cleanliness of the lobby at all times ensuring there are no drinks, food, snacks exposed at the Concierge desk

• Maintain the standards of the oshibori towels and bottled water at the Concierge desk at all times

• Greet all incoming residents, guests and potential buyers by standing up and offering the oshibori towel upon arrival

• Multi skill when necessary such as covering the lobby and door when the Doorman is on a break

• Ensure the lobby music is playing at all times with the appropriate volume

• Answer the Concierge phone within 3 rings using the Forbes 5 star standard phrase at all times

• Ensure shift logs are completed for next shift to follow up

• Perform other activities  and projects as deemed appropriate by the Director of Residential Operations.

Essential

• Luxury hotel or condominium concierge experience preferred.

• Excellent overall communication skills both written and verbal in English.

• Able to multi-task and remain composed at all times.

• Able to work well in a team environment.

• Must be professional and possess excellent presentation, communication, organization, and effective time-management skills.

• Flexible schedules and hours, and a willingness to work on weekends & holidays is required.

• Professional appearance and demeanor in coordination with Mandarin Oriental standards.

Desirable Skills

• Multilingual

• First Aid and CPR qualifications.

• Knowledge of BuildingLink system.

• Certificate of Fitness holder (S-95)

As Residential Concierge, we expect from you:

• Able to communicate written and spoken English

• Excellent overall communication skills

• Able to multi-task

• Able to work well in a team environment

• Able to stand for extended periods of time

• Must be professional and possess excellent presentation, communication, organization and effective time-management skills

• Must have very strong knowledge of the restaurants, bars, nightclubs, theatres, Broadway shows and attractions in New York City.

• Flexible schedules and hours, willingness to work on weekends & holidays is required.

• Ability to lift up to 50 pounds when needed.

Our commitment to you

• Learning & Development. Your success is our success. We craft unique learning and development programmes for various stages in your career so that you grow, continuously.

• MOstay. When you work as hard as our colleagues do, it’s important to take time off. As a member of the #MOfamily, you can stay with us wherever you go in the world. The MOstay programme offers complimentary nights and additionally attractive rates on rooms for you and your loved ones.

• Heath & Colleague Wellness. Finding the right work-life balance is important. Your wellbeing matters to us. A variety of health benefits and wellness programmes are offered to all our colleagues, globally.

Pay and Benefits:

•  Pay $32.29 hourly

• A competitive benefits package including health, paid time off, and 401(k) with employer match.

It is Company policy to comply with the Americans with Disabilities Act, including by providing reasonable accommodations that do not constitute an undue hardship on the Company. Colleagues or candidates should direct requests for accommodation to the Director of People and Culture.

We’re Fans of Exceptional Careers. Are you?",9231,https://careers.mandarinoriental.com/jobs/residential-concierge-new-york-united-states-e3b20f07-082f-465d-8216-d284fe108f9b,,https://www.linkedin.com/jobs/view/4444738357,2026-09-26,101,101 applicants,65,matched,title,2026-10-01,2026-10-01T13:15:01,2026-10-07,,76,startDate,true,0,,,,,,2026-07-23T20:12:47Z,,false,,,,,,
546522,Facilities Manager,Mandarin Oriental,Mandarin Oriental,Full time,,2026-07-23T19:32:51Z,76,"New York, New York",1,"New York, New York",false,,US,,0,"Facilities Manager

Mandarin Oriental Residences New York Fifth Avenue is looking for a facilities Manager to join our Residences team.

Are you a master of craft? Do you thrive in a team that succeeds together, demonstrating integrity and respect while acting responsibly? Do you embrace a growth mindset? We invite you to become a fan of the exceptional.

Mandarin Oriental Hotel Group is the award-winning owner and operator of some of the most luxurious hotels, resorts and residences located in prime destinations around the world, with a strong development pipeline. Increasingly recognized for creating some of the world’s most sought-after properties, the Group provides legendary service inspired by Asian heritage whilst representing the very cutting-edge of luxury experiences.

Mandarin Oriental Residences New York Fifth Avenue, located at 685 Fifth Avenue, built in 1926 and located on 54th Street at the center of New York City’s premier Fifth Avenue retail shopping corridor. The site is a short walking distance from Central Park and world-famous landmarks such as Rockefeller Center, the Museum of Modern Art and St. Patrick’s cathedral. Featuring 65 bespoke apartments, residents enjoy a luxurious way of life with exquisite interiors, a rooftop pool, fitness and wellness center, and lounge.

About the job

Based at Mandarin Oriental Residences, New York Fifth Avenue, the Facilities Manager is responsible for the overall residence engineering staff and functions, including the day-to-day operations of the mechanical and electrical plant and distribution, plumbing, elevator functions, fire, life, health and safety systems, staff performance, and asset management.  In addition, responsibilities may include oversight of all building shared areas, systems as well as all mechanical equipment dedicated to the residences and the shared common areas of the property. The role also includes managing all facilities-related functions for the 685 Fifth Avenue Master Association related to the Residential building.

The Facilities Manager reports to the Director of Residences.

As Facilities Manager, you will be responsible for the following duties:

• Establish and implement the Safe and Sound procedures such as life safety manual, business continuity plan, safety, emergency, and standard operating procedures based on MOHG guidelines.

• Lead and maintain a targeted score of over 90% of the annual FLHSS audit

• Participate in development and implementation of engineering building systems and maintenance budget including energy cost and consumption and Capex.

• Oversee and manage the Energy consumptions relating to electricity, steam, and gas for the Residential section ensuring that monthly consumptions are recorded and monitored diligently.

• Participate in the Master Association weekly calls to stay on top of all local law ordinances and compliances.

• Oversee engineering candidate selection and staffing.

• Oversee total asset maintenance management based on MOHG guidelines.

• Oversee staff performance of engineering department.

• Develop and implement the Preventive and Corrective Maintenance programs based on MOHG guidelines.

• Manage all contracts and contractors related to Maintenance programs such as the pool, mechanical, electrical and plumbing for the residential building.

• Establish and manage the annual CAPEX plan and budget for all engineering aspects.

• Oversee the strategic direction of general projects related to the enhancement of the residence. The project management covers the areas of planning, administration, implementation, and evaluation of financial results of project.

• Oversee the local law projects for the year and future years to ensure plans and permits are in place and the execution of the projects have minimal disturbance to all residents.

• Training and demonstration on various systems such as key system for rooms, A/V equipment, lighting system, and temperature control system etc.

• Active involvement and Management of Fire, Life, Health, Safety and Security with MOHG Audit requirements to include weekly fire drills, weekly FLHSS meetings and periodic inspections and documentation of findings, results and reporting.

• Daily walkthrough of all Residential floors, Mechanical rooms and Amenity areas.

• Active participation in the weekly calls with the Master Association in relation with engineering related functions and obtaining copies and reports of all shared equipment to ensure compliance with FLHSS.

• Manage relationship with Residents related to engineering issues inside their units and assisting them to obtain quotes should they need assistance with third party vendors.

• Manage the scheduling of HVAC vendors doing the HVAC maintenance inside the Residential units, mechanical rooms and common areas.

• Attend to all emergency related issues impacting the residential building.

• Responsible for all Incident reports relating to engineering issues within the residential building and engineering staff incidents.

• Participate in the Sustainability efforts of the Residences.

• Assist in covering operations in the absence of the Director of Residences.

• Responsible to maintain a calendar displaying the matrix of all building related permits and licenses to ensure this does not lapse and renewals are in place.

• Telecommunication system upgrades or enhancements.

• Annual maintenance of the contingency systems that support IT&T equipment and systems.

• Annual testing and conformance of emergency power systems based on MOHG guidelines.

• Managing IT related functions for all Residential units such as Creston, Salto and Wi-Fi connectivity.

• Training and demonstration on various systems such as key system for rooms, A/V equipment, lighting system, and temperature control system etc.

• Understand and manage relationships with CMS and CEM support to maintain the residential IT system.

• Assist Director of Residences with the residences overall financial performance, the annual budget process, The energy cost and consumption, Engineering contractors’ selection and documentation, reviewing all Engineering related contracts and execution.

The above is not an all-inclusive list of job duties and responsibilities. Mandarin Oriental Residences, New York Fifth Avenue, reserves the right to add, delete, change or modify the job duties and responsibilities described in this job description at its discretion with notice.

As Facilities Manager, we expect from you:

• A minimum of 4 years in engineering studies such as Mechanical, Electrical, Plumbing, Environmental etc.

• A minimum of 5 -10 years in engineering management.

• A minimum of 5 -10 years in development and managing of a luxury property.

• Must possess excellent knowledge of major building systems.

• Must possess excellent knowledge of pool management.

• Must possess excellent knowledge of energy management.

• Must possess ability to conduct training of basic engineering systems.

• Must possess ability to coordinate with multiple tasks.

• Must possess ability to develop a financial budget.

• Must have good Third-party vendor contacts to assist with MEP and Appliance repairs.

• Excellent written and verbal skills.

Our commitment to you

• Learning & Development. Your success is our success. We craft unique learning and development programs for various stages in your career so that you grow, continuously.

• MO stay. When you work as hard as our colleagues do, it’s important to take time off. As a member of the #MOfamily, you can stay with us wherever you go in the world. The MO stay program offers complimentary nights and additionally attractive rates on rooms for you and your loved ones.

• Heath & Colleague Wellness. Finding the right work-life balance is important. Your wellbeing matters to us. A variety of health benefits and wellness programs are offered to all our colleagues, globally.

• Retirement Plans. When you show commitment to us, we reciprocate. We offer different retirement plans depending on the length of your service and your role.

Salary and Benefits:

• Salary $90,000 - $93,000

• 10% Bonus

• A competitive benefits package, including health, dental and vision,

It is Company policy to comply with the Americans with Disabilities Act, including by providing reasonable accommodations that do not constitute an undue hardship on the Company. Colleagues or candidates should direct requests for accommodation to the Director of People and Culture.

We’re Fans. Are you?",8545,https://careers.mandarinoriental.com/jobs/facilities-manager-new-york-united-states-65a81278-3ed5-45bf-8bae-89d12a1b6acb,,https://www.linkedin.com/jobs/view/4444728797,2026-09-27,38,38 applicants,66,matched,title,2026-10-01,2026-10-01T13:15:02,2026-10-07,,76,startDate,true,0,,,,,,2026-07-23T19:32:51Z,,false,,,,,,
JR-06978,Substitute Bar Server,Mandarin Oriental,Mandarin Oriental,Full time,,2026-07-17T21:23:04Z,82,"New York, New York",1,"New York, New York",false,,US,,0,"Substitute Bar Server

Mandarin Oriental New York is looking for a Substitute Bar Server to join our Food and Beverage team in our exciting new outlet The Bar.

Are you a master of craft? Do you thrive in a team that succeeds together, demonstrating integrity and respect while acting responsibly? Do you embrace a growth mindset? We invite you to become a fan of the exceptional.

Mandarin Oriental Hotel Group is the award-winning owner and operator of some of the most luxurious hotels, resorts and residences located in prime destinations around the world, with a strong development pipeline. Increasingly recognized for creating some of the world’s most sought-after properties, the Group provides legendary service inspired by Asian heritage whilst representing the very cutting-edge of luxury experiences.

A stunning fusion of modern design with stylish oriental flair, Mandarin Oriental, New York features 244 elegant guestrooms and suites — all with breath-taking views of Manhattan and Five-Star hospitality. Luxurious amenities include MO Lounge, all-day dining overlooking Central Park and the Manhattan skyline; a 14,500 square-foot Five-Star Mandarin Oriental Spa; and a state-of-the-art fitness center with a 75-foot lap pool. In addition, there is premium meeting and event space, including a 6,000 square-foot pillar-less ballroom with three walls of windows overlooking Central Park.

About the job

Based at the Mandarin Oriental New York within the Food and Beverage Department in New York the Substitute Bar Server maintains all dining room environment and equipment clean and tidy, assists guests when they have questions about the menus offerings, and takes order from guests, anticipates guests’ needs and addresses them accordingly.

Substitute Bar Servers reports to the The Bar Manager/Food and Beverage Manager.

As Substitute Bar Server, you will responsible for the following duties:

• Support company's philosophy and company culture through the use of Pillars of Legendary Quality Experiences on a daily basis to ensure Guest Satisfaction and the achievement of our Mission Statement

• Support company's philosophy and company culture through the use of Departmental Legendary Quality Experiences on a daily basis to ensure Guest Satisfaction and the achievement of our Mission Statement

• Support company's philosophy and company culture through the use of Guiding Principles and D.E.L.I.G.H.T as part of ensuring Guest Satisfaction and the achievement of our Mission Statement.

• Retrieve supplies at beginning of shift from C2 and other areas as required for service

• Retrieve wines and other beverages from wine racks and other storage

• Retrieves completed food and/beverage orders from kitchen or bar; confirms accuracy of order and delivers to guests with appropriate condiments.  When serving beverages, abides by all state, federal and corporate liquor regulations pertaining to serving alcoholic beverages to minors and intoxicated guests.

• Checks assigned station (which will rotate weekly) before, during and after shift for proper set up and cleanliness

• Work in a team effort with other Bar servers and Bar bartenders regardless of sections to ensure legendary quality experience for all internal and external guests.

• Greets guests in a friendly and courteous manner and explain any specials cocktails

• Records the details of the order from guests, repeating as necessary, to check for accuracy.

• Remain attentive to guests’ allergy and dietary restrictions, ensuring all orders comply with their needs and are communicated accurately to the kitchen and bar teams

• Replenishes beverages as necessary and checks with guest for overall satisfaction

• Presents the check to the guest in a timely and anticipatory manner, then collects and processes payment.

• Maintain the service area clean and organized by keeping chairs and banquettes free of debris and ensuring tables are properly wiped down

• Vacuum around tables and service area as needed after each service

• Make sure that all silver and glasses are wiped and spotless

• Ensure the snack station is properly set and table lights are in place prior to guest arrival

• Mark tables appropriately to food order for each course

• Enter and close out all sales in POS without errors. Double check list of items before “sending”.

• Make sure that all product served are accounted for on the final bill before presenting it.

• Set up tables according to Bar Manager / F&B Manager communication

• Up keep and clear tables between courses throughout the service

• Make sure that all product served are accounted for on the final bill before presenting it.

• Verify guest satisfaction with each table during each course served

• Anticipate guest needs, as to where guests will never have to ask for anything

• To wish each and every guest a warm farewell and thank them for coming

• At the end of the shift deliver all checks and report to the appropriate place according to rules

• Responsible for closing all guest checks daily to ensure accurate billing and avoid any open transactions

• Perform all opening duties to set up for successful service and closing duties to set up for next day service

• Follow all Forbes and LQE Standards of service at all times

Additional Duties and Responsibilities

• Report all suspicious persons or activities and hazardous or unsafe conditions to the management

• Follow TIPS standards for service of alcoholic beverages

• Provide excellent service at all time to all of our guests

• Assist Guest courteously and efficiently

• Maintain the cleanliness of service areas at all the time

• Provide instruction and/or guidance for guest and employee safety in fire or other emergency situations

• Respond to all guest questions.  Provide guest assistance, direction and information as requested when working in public areas

• Extensive knowledge of food and beverage in order to service and up sell our product, including liquors and cocktails.

• Demonstrate thorough knowledge of the cocktail menu, the overall bar concept, and all beverages offered

• Set up side station and complete all side work daily

• Assist MO Lounge cocktail server in lounge when necessary

• Assist Food and Beverage coordinator in seating guests when necessary

• Perform any general cleaning task as needed, perform a variety of other duties as assigned

• Attend all food and beverage training classes

• Following the posted opening and closing duties and side work sheet

• Attend daily pre meal/communication meeting

• Attend monthly department meeting

• Generate a good atmosphere

As Substitute Bar Server, we expect from you:

• Reading, writing and oral proficiency in the English language.

• Willing to work a flexible schedule and holidays.

• Be a self-motivator and motivator of others.

• Work in a safe, prudent, and organized manner.

• Have an in-depth knowledge of food and preparation.

• Have a good knowledge of wine.

• Have a excellent knowledge of mixed drinks and cocktails

• Be able to relate to all levels of guests and management.

• Have a minimum of 3 years’ experience in similar position in luxury setting.

• Have the ability to handle multiple tasks at one time.

• Have excellent communication and organization skills.

• Maintain a clean and healthy personal hygiene and grooming.

• Be able to consistently delight and satisfy our guest.

• Have the ability to handle guest requests in a detailed manner.

•

Our commitment to you

• Learning & Development. Your success is our success. We craft unique learning and development programmes for various stages in your career so that you grow, continuously.

• MOstay. When you work as hard as our colleagues do, it’s important to take time off. As a member of the #MOfamily, you can stay with us wherever you go in the world. The MOstay programme offers complimentary nights and additionally attractive rates on rooms for you and your loved ones.

• Heath & Colleague Wellness. Finding the right work-life balance is important. Your wellbeing matters to us. A variety of health benefits and wellness programmes are offered to all our colleagues, globally.

• Retirement Plans. When you show commitment to us, we reciprocate. We offer different retirement plans depending on the length of your service and your role.

Pay and Benefits:

•  Pay $17.95 to $23.93 hourly- commensurate with experience and the IWA guidelines

• A competitive benefits package offered through the Employee Benefits Fund

It is Company policy to comply with the Americans with Disabilities Act, including by providing reasonable accommodations that do not constitute an undue hardship on the Company. Colleagues or candidates should direct requests for accommodation to the Director of People and Culture.

We’re Fans. Are you?",8849,https://careers.mandarinoriental.com/jobs/substitute-bar-server-new-york-united-states,,,,,,,no_match,,2026-10-01,,2026-10-07,,82,startDate,true,0,,,,,,2026-07-17T21:23:04Z,,false,,,,,,
JR-06447,Fitness Facilitator/Lifeguard,Mandarin Oriental,Mandarin Oriental,Full time,,2026-07-13T13:02:47Z,86,"New York, New York",1,"New York, New York",false,,US,,0,"Fitness Facilitator/Lifeguard

Are you a master of craft? Do you thrive in a team that succeeds together, demonstrating integrity and respect while acting responsibly? Do you embrace a growth mindset? We invite you to become a fan of the exceptional.

Mandarin Oriental Hotel Group is the award-winning owner and operator of some of the most luxurious hotels, resorts and residences located in prime destinations around the world, with a strong development pipeline. Increasingly recognised for creating some of the world’s most sought-after properties, the Group provides legendary service inspired by Asian heritage whilst representing the very cutting-edge of luxury experiences.

A stunning fusion of modern design with stylish oriental flair, Mandarin Oriental, New York features 244 elegant guestrooms and suites — all with breath-taking views of Manhattan and Five-Star hospitality. Luxurious amenities include MO Lounge, all-day dining overlooking Central Park and the Manhattan skyline; a 14,500 square-foot Five-Star Mandarin Oriental Spa; and a state-of-the-art fitness center with a 75-foot lap pool. In addition, there is premium meeting and event space, including a 6,000 square-foot pillar-less ballroom with three walls of windows overlooking Central Park.

About the job

Based at the Mandarin Oriental New York within the Spa and Fitness Department in New York City, the Fitness Facilitator/Lifeguard is responsible for but not limited to, the overall operation and appearance of the Fitness Center. The Fitness Facilitator/Lifeguard reports to the Director of Spa and Wellness

As Fitness Facilitator/Lifeguard, you will be responsible for the following duties:

• Keep work area and public areas clean and organized at all times, To ensure that a high standard of service is maintained throughout the fitness center and spa, Must follow all Standards and Procedures as taught by legendary trainers, Spa Management, Human Resources in reference to the maintenance, cleanliness, and care of the spa public and private space, Follow all checklists set down my spa management as the checklists pertain to the business operation and cleanliness, Follow all FLHSS guidelines and checklists as they pertain to the business operation and health and safety, Follow all pool chemical guidelines and checklists set down my spa management as they pertain to the business operation and cleanliness, Assist in the operations of all spa & fitness departments as required

• Front Desk consultation forms, technological advances pertaining to operations, Guest tours, orientations of facilities before and after guest services and use of facility, Locker Facilities: following checklists, guest tours, verbiage sheets, walk throughs and cleaning at least every 15-20 minutes, Fitness Facilities: following checklists, guest tours, verbiage sheets, walk throughs at least every 15-20 minutes, cleaning and disinfecting equipment every 15 minutes, Spa Retail Sales by use of product recommendation cards and technological advances, Preparation (prep) Room Maintenance and Organization., Certified Pool Operator certification and associated responsibilities for all pools

• Act as the Professional Rescuer in the event of an emergency, Monitor and maintain the chemical levels in the pool and vitality pools throughout the day, Will handle pool chemicals in a safe manner throughout the day and according to the MSDS sheets, Will be responsible for cleaning the pool and vitality pools, Will be responsible for conducting pump room walkthroughs and recording of data, Report dysfunctional equipment to Spa Management and utilize the Hotel Service Optimization System (HotSOS) system, To maintain inventory of supplies for the operations of the fitness center and spa on a weekly and monthly basis, To maintain a high standard of appearance and personal hygiene as implemented by Spa Management and MOHG uniform standards, Assist in all areas of fitness / spa as and when necessary, Bring and retrieve operational items from hotel rooms and different hotel floors, Work in guest rooms when requested

• To be adaptable and accountable for all actions, Will perform as a professional, with a friendly business attitude and conduct all duties and responsibilities as required by the position, or assigned by Spa Management.

• Will be responsible for maintaining the cleanliness of the entire fitness center/ spa in particular the changing rooms, locker rooms, bathrooms and toilets, showers, heated facilities, relaxation areas, fitness center, pool and treatment suites. These should be kept in a clean, organized and sanitary manner at all times in accordance with the Standards and Procedure and Health and Safety Standards, Will assist in receiving and transporting spa deliveries from purchasing and stocking of spa/fitness items, Will be responsible for folding linen and removal of soiled linen throughout the day

• Will be expected to ensure locker rooms are stocked with clean linen and robes at all times and remove soiled linens in a timely manner, Will be expected to transport linen bins and received shipments from our laundry company, Will be expected to transport dirty linen to the appropriate areas and keep out of guests view, Will ensure all guest amenities, bathrooms amenities and shower amenities are clean and stocked at all times, Will ensure that all beverage and food amenities are stocked throughout the day, Assist with cleaning of pool area throughout the day, To receive training to ensure that all-relevant legislation pertaining to the Health and Safety at work Law and Health and Hygiene standards are implemented and monitored within the spa, Courtesy to guests and all members of staff at all times.

• Follow all Safe, Sound, and Sustainable guidelines as deemed necessary by MOHG guidelines, maintain all spa treatment rooms/suites/prep room to the Health and Safety standards, Adhere to New York State and City Health Department laws, Follow all FLHSS standards and guidelines lay down by Spa Management, test the swimming pool and vitality pool water chemistry in accordance with the frequencies and test parameters outlined under MOHG - FLHSS&E Guidelines section G10.2 (every 2 hours),  submits water samples for health department testing; tests and maintains pool chemical levels; tests and services safety equipment; administers first aid, CPR and automated external defibrillation (AED) when necessary; complies with health and safety codes.

The above is not an all-inclusive list of job duties and responsibilities. Mandarin Oriental, New York reserves the right to add, delete, change or modify the job duties and responsibilities described in this job description at its discretion with notice.

As Fitness Facilitator/Lifeguard, we expect from you:

• Must possess a good written and verbal command in the English Language

• Must have a current Lifeguard Certification and keep certification current while employed with MOHG.

• Must have a yearly CPR for the Professional Rescuer Certification including AED Defibrillation Training

• Must have a current Certified Pool Operator (CPO) certification and keep current while employed with MOHG. Expiration periods and recertification determined by New York City and State Law

Our commitment to you

• Learning & Development. Your success is our success. We craft unique learning and development programmes for various stages in your career so that you grow, continuously.

• MOstay. When you work as hard as our colleagues do, it’s important to take time off. As a member of the #MOfamily, you can stay with us wherever you go in the world. The MOstay programme offers complimentary nights and additionally attractive rates on rooms for you and your loved ones.

• Heath & Colleague Wellness. Finding the right work-life balance is important. Your wellbeing matters to us. A variety of health benefits and wellness programmes are offered to all our colleagues, globally.

• Retirement Plans. When you show commitment to us, we reciprocate. We offer different retirement plans depending on the length of your service and your role.

Pay and Benefits:

•  Pay $33.44 to $44.59 hourly- commensurate with experience and requirements of IWA

• A competitive benefits package, including health, dental and vision, 401(K), etc

It is Company policy to comply with the Americans with Disabilities Act, including by providing reasonable accommodations that do not constitute an undue hardship on the Company. Colleagues or candidates should direct requests for accommodation to the Director of People and Culture.

We’re Fans. Are you?",8627,https://careers.mandarinoriental.com/jobs/fitness-facilitator-lifeguard-new-york-united-states-52ebd058-9df6-4c7c-9bf0-41cc14295181,,https://www.linkedin.com/jobs/view/4440054248,2026-09-16,25,among first 25,65,matched,title,2026-10-01,2026-10-01T13:15:23,2026-10-07,,86,startDate,true,0,,,,,,2026-07-13T13:02:47Z,,true,,,,,,
JR-06626,Front Office Manager,Mandarin Oriental,Mandarin Oriental,Full time,,2026-06-25T19:07:49Z,104,"New York, New York",1,"New York, New York",false,,US,,0,"Front Office Manager

Mandarin Oriental New York is looking for a Front Office Manager to join our Front Office team.

Are you a master of craft? Do you thrive in a team that succeeds together, demonstrating integrity and respect while acting responsibly? Do you embrace a growth mindset? We invite you to become a fan of the exceptional.

Mandarin Oriental Hotel Group is the award-winning owner and operator of some of the most luxurious hotels, resorts and residences located in prime destinations around the world, with a strong development pipeline. Increasingly recognised for creating some of the world’s most sought-after properties, the Group provides legendary service inspired by Asian heritage whilst representing the very cutting-edge of luxury experiences.

A stunning fusion of modern design with stylish oriental flair, Mandarin Oriental, New York features 244 elegant guestrooms and suites — all with breath-taking views of Manhattan and Five-Star hospitality. Luxurious amenities include MO Lounge, all-day dining overlooking Central Park and the Manhattan skyline; a 14,500 square-foot Five-Star Mandarin Oriental Spa; and a state-of-the-art fitness center with a 75-foot lap pool. In addition, there is premium meeting and event space, including a 6,000 square-foot pillar-less ballroom with three walls of windows overlooking Central Park.

About the job

Based at the Mandarin Oriental New York within the Front Office Department in New York City, the Front Office Manager is responsible to provide supervision, delegation, support and leadership in the Front Office in accordance with the objectives, performance and quality standards established by the hotel.  The Front Office Manager will also serve as the Manager on Duty. The Front Office Manager reports to the Director of Front Office.

As Front Office Manager, you will be responsible for the following duties:

• Supervise and assist Guest Service Agents with their duties, ensure a warm and genuine arrival and departure experience, maintain a Front Office information folder with up-to-date information on rates, promotional programs, special benefit cards, Mandarin Oriental Hotel Group details, etc.

• Serve as the Manager on Duty and available to guests at all times, ensure proper staffing at all times, compile and maintain the daily Manager on Duty report, ensure accurate communication of information and guest requests to all relevant departments

• Personally, welcomes guests in VIPs well as repeat guests; recognize and anticipate their individual needs, ensure that Legendary Quality Experience, policies and procedures of MONYC are properly understood and followed through

• Perform aspects of human resources and training functions, including counselling, coaching, training, disciplinary actions, etc., for Guest Service Agents, Bell Person and Door Person, ensure and maintain a very high standard of personal hygiene, behavior and grooming standards of staff

• Identifies quality improvement trends and effectively communicates issue to the Assistant Director of Front Office, handle all guest complaints and comments relating to the department tactfully

• Cooperate and coordinate teamwork with other departments, perform any other reasonable duties as required by the Director of Front Office Operations or Assistant Director of Front Office.

The above is not an all-inclusive list of job duties and responsibilities. Mandarin Oriental, New York reserves the right to add, delete, change or modify the job duties and responsibilities described in this job description at its discretion with notice.

As Front Office Manager, we expect from you:

• Ability to communicate written and spoken English

• Excellent overall communication skills

• Able to multi-task

• Able to work PM's and Overnight, and Swing Shift.

• The ability to work well in a team environment

• Able to stand for extended periods of time

Our commitment to you

• Learning & Development. Your success is our success. We craft unique learning and development programmes for various stages in your career so that you grow, continuously.

• MOstay. When you work as hard as our colleagues do, it’s important to take time off. As a member of the #MOfamily, you can stay with us wherever you go in the world. The MOstay programme offers complimentary nights and additionally attractive rates on rooms for you and your loved ones.

• Heath & Colleague Wellness. Finding the right work-life balance is important. Your wellbeing matters to us. A variety of health benefits and wellness programmes are offered to all our colleagues, globally.

• Retirement Plans. When you show commitment to us, we reciprocate. We offer different retirement plans depending on the length of your service and your role.

Salary and Benefits:

•  Salary $80,000 to $85,000 yearly

• A competitive benefits package, including health, dental and vision, 401(K), etc

•

It is Company policy to comply with the Americans with Disabilities Act, including by providing reasonable accommodations that do not constitute an undue hardship on the Company. Colleagues or candidates should direct requests for accommodation to the Director of People and Culture.

We’re Fans. Are you?",5227,https://careers.mandarinoriental.com/jobs/front-office-manager-new-york-united-states-4df8e160-22c1-4bda-9ecf-444d4a88b66c,,https://www.linkedin.com/jobs/view/4433503624,2026-09-20,200,Over 200 applicants,87,matched,title,2026-10-01,2026-10-01T13:15:14,2026-10-07,,104,startDate,true,0,,,,,,2026-06-25T19:07:49Z,,true,,,,,,
JR-06278,Substitute Utility Steward,Mandarin Oriental,Mandarin Oriental,Full time,,2026-06-04T16:08:47Z,125,"New York, New York",1,"New York, New York",false,,US,,0,"Substitute Utility Steward

Mandarin Oriental New York is looking for a Substitute Utility Steward to join our Stewarding team.

Are you a master of craft? Do you thrive in a team that succeeds together, demonstrating integrity and respect while acting responsibly? Do you embrace a growth mindset? We invite you to become a fan of the exceptional.

Mandarin Oriental Hotel Group is the award-winning owner and operator of some of the most luxurious hotels, resorts and residences located in prime destinations around the world, with a strong development pipeline. Increasingly recognised for creating some of the world’s most sought-after properties, the Group provides legendary service inspired by Asian heritage whilst representing the very cutting-edge of luxury experiences.

A stunning fusion of modern design with stylish oriental flair, Mandarin Oriental, New York features 244 elegant guestrooms and suites — all with breath-taking views of Manhattan and Five-Star hospitality. Luxurious amenities include MO Lounge, all-day dining overlooking Central Park and the Manhattan skyline; a 14,500 square-foot Five-Star Mandarin Oriental Spa; and a state-of-the-art fitness center with a 75-foot lap pool. In addition, there is premium meeting and event space, including a 6,000 square-foot pillar-less ballroom with three walls of windows overlooking Central Park.

About the job

Based at the Mandarin Oriental New York within the Culinary/ F&B Department in New York the Substitute Utility Steward is responsible for the cleaning of pot/dish washing, removal of garbage/boxes, silver polishing, sweeping, moping, and any other cleaning or organizational activity that may come up including inside of coolers and kitchen area.  The Substitute Utility Steward will also help plate up and assist in the kitchen.  Flexibility and a helpful attitude are paramount.

As Substitute Utility Steward, you will responsible for the following duties:

• Follow the goals and missions for the stewarding department

• Help to do the inventory of China, glasses, silver and hollowware from the outlets and the main storage

• Provide enough equipment (China, glasses, silver) to the outlets and banquets for the operations

• Follow the cleaning schedule for the kitchen, pastry, garden manger, banquets, cafeteria and coolers

• Follow the weekly schedule for the employees

• Help kitchens whenever necessary

• Do and follow the requisition for banquets from the B.E.Os.

• Follow the cleaning schedule for the dumpster

• Follow the maintenance schedule for the dishwasher machines

• Assist and provide the equipment for any banquets function

• Assist and help banquets kitchen colleagues to plate up

• Follow the Hygiene and control program for the kitchen and surround areas

• Develop and follow the training program for stewards

• Follow the standard and procedures for department

• Establish a good communication with the supervisor and colleagues

NOTE: The above is not an all-inclusive list of job duties and responsibilities. Mandarin Oriental, New York reserves the right to add, delete, change or modify the job duties and responsibilities described in this job description at its discretion with notice.

As Substitute Utility Steward, we expect from you:

• High School Diploma or Equivalent

• Two Up to Date Sanitation Classes

• Minimum of 1 year experience in food and beverage, or other professional cleaning business

• Possess a pleasant and outgoing personality

• Good knowledge of stewarding and banquet operations

• Possess superior organization skills

• Ability to pay attention to detail, handle multiple tasks and show a high level of patience

• Ability to work under high stress conditions

• Stand/Walk 8 – 12  hours a day

Occasionally = 1/3 of the workday, frequently = 2/3 of the workday

Lift or Carry 0-20 pounds frequently

• Lift or Carry 21-50 pounds occasionally

• Lift or Carry 51-100 pounds occasionally

• Bend frequently

• Squat frequently

• Kneel occasionally

• Climb occasionally

• Reach above shoulders frequently

• Perform repetitive hand motions frequently

Our commitment to you

• Learning & Development. Your success is our success. We craft unique learning and development programmes for various stages in your career so that you grow, continuously.

• MOstay. When you work as hard as our colleagues do, it’s important to take time off. As a member of the #MOfamily, you can stay with us wherever you go in the world. The MOstay programme offers complimentary nights and additionally attractive rates on rooms for you and your loved ones.

• Heath & Colleague Wellness. Finding the right work-life balance is important. Your wellbeing matters to us. A variety of health benefits and wellness programmes are offered to all our colleagues, globally.

• Retirement Plans. When you show commitment to us, we reciprocate. We offer different retirement plans depending on the length of your service and your role.

Pay and Benefits:

•  Pay $30.46 to $40.62 hourly- commensurate with experience

• A competitive benefits package

•

It is Company policy to comply with the Americans with Disabilities Act, including by providing reasonable accommodations that do not constitute an undue hardship on the Company. Colleagues or candidates should direct requests for accommodation to the Director of People and Culture.

We’re Fans. Are you?",5396,https://careers.mandarinoriental.com/jobs/substitute-utility-steward-new-york-united-states,,,,,,,no_match,,2026-10-01,,2026-10-07,,125,startDate,true,0,,,,,,2026-06-04T16:08:47Z,,false,,,,,,
JR-05794,House Attendant- On Call,Mandarin Oriental,Mandarin Oriental,Full time,,2026-04-14T15:38:14Z,176,"New York, New York",1,"New York, New York",false,,US,,0,"On Call Housekeeping Attendant

Mandarin Oriental New York is looking for a On Call Housekeeping Attendant to join our Housekeeping team.

Are you a master of craft? Do you thrive in a team that succeeds together, demonstrating integrity and respect while acting responsibly? Do you embrace a growth mindset? We invite you to become a fan of the exceptional.

Mandarin Oriental Hotel Group is the award-winning owner and operator of some of the most luxurious hotels, resorts and residences located in prime destinations around the world, with a strong development pipeline. Increasingly recognised for creating some of the world’s most sought-after properties, the Group provides legendary service inspired by Asian heritage whilst representing the very cutting-edge of luxury experiences.

A stunning fusion of modern design with stylish oriental flair, Mandarin Oriental, New York features 244 elegant guestrooms and suites — all with breath-taking views of Manhattan and Five-Star hospitality. Luxurious amenities include MO Lounge, all-day dining overlooking Central Park and the Manhattan skyline; a 14,500 square-foot Five-Star Mandarin Oriental Spa; and a state-of-the-art fitness center with a 75-foot lap pool. In addition, there is premium meeting and event space, including a 6,000 square-foot pillar-less ballroom with three walls of windows overlooking Central Park.

About the job

Based at the Mandarin Oriental New York within the Housekeeping Department in New York the On Call Housekeeping Attendant is responsible for the overall cleanliness of all guestrooms that they are assigned to clean. The On Call Housekeeping Attendant reports to the Director of Housekeeping.

As On Call Housekeeping Attendant, you will responsible for the following duties:

• Guest Floor Cleanliness and Tidiness:

• Cover all floors assigned to and ensures that the hotel cleanliness standards are maintained in all areas of responsibility.

• Maintain the general upkeep of assigned section of guest floors.

• Recognize and report all missing, damaged or sub-standard furniture, fixtures and equipment.

• In assigned guest floors is responsible for all furniture moving, wall washing, drapes up and down, delivery of any guest requests, shampooing, buffing and spot cleaning, interior window and mirror cleaning and high dusting.

• Maintain the cleanliness of guest foyers and corridors by performing wall washing, vacuuming, dusting of crown molding, millwork, baseboards and cleaning of all light fixtures including ceiling fixtures.

• Perform general cleaning as scheduled.

• Keep emergency stairwells and service landings in order and remove excessive soiled linen or garbage.

• Rotate mattresses according to the pre-determined schedule.

• Move and remove furniture in guest related as well as office space.

•

• Guest Requests Handling:

• Fulfill any guests’ request e.g. laundry pick-up, delivery of toiletries and any other requests.

• Supports room attendant in maintaining correct supplies and linen pars in closets and delivery of these supplies to the floors if needed.

• Others:

• Maintain vacuum cleaners and other equipment by cleaning up, changing bags and belts regularly.

•

• Ensure that all electronic devices (television, remote controls, stereo, telephones) are working properly.

As On Call Housekeeping Attendants, we expect from you:

• Reading, writing and oral proficiency in the English language, willing to work a flexible schedule and holidays.

• Be a self-motivator and motivator of others, must be able to work in a high pace and dynamic operation, be able to work together with other colleagues, have a pleasant, friendly and helpful manner.

• Maintain a clean and healthy personal hygiene and grooming, work in a safe, prudent and organized manner.

• Have the ability to handle multiple tasks at one time while maintaining the highest standards in room/hotel cleanliness.

• Have excellent communication and organization skills, be able to consistently delight and satisfy our guest, have the ability to handle guest requests in a detailed manner, have high attention to details

Our commitment to you

• Learning & Development. Your success is our success. We craft unique learning and development programmes for various stages in your career so that you grow, continuously.

• Heath & Colleague Wellness. Finding the right work-life balance is important. Your wellbeing matters to us. A variety of health benefits and wellness programmes are offered to all our colleagues, globally.

• Retirement Plans. When you show commitment to us, we reciprocate. We offer different retirement plans depending on the length of your service and your role.

Pay and Benefits:

•
Pay $29.90 to $39.87 hourly commensurate with experience

• A competitive benefits package

It is Company policy to comply with the Americans with Disabilities Act, including by providing reasonable accommodations that do not constitute an undue hardship on the Company. Colleagues or candidates should direct requests for accommodation to the Director of People and Culture.

We’re Fans. Are you?",5115,https://careers.mandarinoriental.com/jobs/house-attendant-on-call-new-york-united-states,,,,,,,no_match,,2026-10-01,,2026-10-07,,176,startDate,true,0,,,,,,2026-04-14T15:38:14Z,,false,,,,,,
JR-05793,Director of Rooms,Mandarin Oriental,Mandarin Oriental,Full time,,2026-04-13T19:47:45Z,177,"New York, New York",1,"New York, New York",false,,US,,0,"Director of Rooms

Mandarin Oriental New York is looking for a Director of Rooms to join our hotel and lead our Rooms Division team.

Are you a master of craft? Do you thrive in a team that succeeds together, demonstrating integrity and respect while acting responsibly? Do you embrace a growth mindset? We invite you to become a fan of the exceptional.

Mandarin Oriental Hotel Group is the award-winning owner and operator of some of the most luxurious hotels, resorts and residences located in prime destinations around the world, with a strong development pipeline. Increasingly recognized for creating some of the world’s most sought-after properties, the Group provides legendary service inspired by Asian heritage whilst representing the very cutting-edge of luxury experiences.

A stunning fusion of modern design with stylish oriental flair, Mandarin Oriental, New York features 244 elegant guestrooms and suites — all with breath-taking views of Manhattan and Five-Star hospitality. Luxurious amenities include MO Lounge, all-day dining overlooking Central Park and the Manhattan skyline; a 14,500 square-foot Five-Star Mandarin Oriental Spa; and a state-of-the-art fitness center with a 75-foot lap pool. In addition, there is premium meeting and event space, including a 6,000 square-foot pillar-less ballroom with three walls of windows overlooking Central Park.

About the job

Based in the Rooms Department in New York City, the Director of Rooms is responsible for, but not limited to, overseeing the overall day-to-day operation, planning, and long-term outlook of the entire Rooms Division and related departments.  The Director of Rooms is responsible for ensuring the smooth operation of guest services, front office, valet services, concierge, housekeeping, laundry, guest relations, and reservations in an attentive, friendly, efficient, and courteous manner. The Director of Rooms is also overall responsible for providing all guests with quality service while maximizing room revenue and productivity and developing managers and employees.

The Director of Rooms reports to the Hotel Manager. The Director of Rooms will oversee the Director of Front Office Operations and Director of Housekeeping, Director of Guest Relations, Chief Concierge, and Reservations Manager.

As Director of Rooms you will responsible for the following duties:

• Support company's philosophy and company’s culture using Pillars of Legendary Quality Experiences daily to ensure Guest Satisfaction and the achievement of our Mission Statement

• Support company's philosophy and company’s culture using Departmental Legendary Quality Experiences daily to ensure Guest Satisfaction and the achievement of our Mission Statement

• Ensuring total compliance and communication with relevant departments on corporate driven initiatives and goals.

• Prioritize guidance and inspiration on property specific initiatives, projects, and goals by effectively communicating and monitoring progress with the prospective department.

• Provide leadership, support, and prioritize developmental progression of management and line level colleagues.

• Provide coaching and counselling when needed to all Rooms Division Managers

• Ensures FOH and BOH (Housekeeping, Laundry/Valet) Managers are performing their job tasks to the appropriate level of service.

• Responsible for planning, monitoring, and meeting all financial and qualitative objectives for the Rooms Division.

• Actively involved in the capital expense planning of the Rooms Division.

• Work with the Director of Finance to ensure that all monthly expenses, including payroll are accurate and reported timely for month end.

• Attend all weekly EXCO meetings.

• Interviewing, hiring, and terminating FOH and BOH Rooms Division Colleagues.

• Preparing and administering annual colleague reviews and evaluations for direct reports and making sure that Rooms Division reviews are completed on time.

• Work with L&D to ensure that departmental training standards/expectations are in place for all Rooms Division departments.

• Assemble weekly schedules for managerial colleagues to ensure that departments are properly covered based on forecasted business volumes.

• Must respond as the Hotel Duty Manager with security for any “emergency” situation including but not limited to:

• Fire Alarm

• Employee injury

• Guest injury

• Employee conflict with another employee

• Employee conflict with a guest

• Guest conflict with another guest

• Intoxicated/rowdy guests or colleagues.

• Any business continuity plan scenario as per MOHG guidelines

• Additional duties include but are not limited to:

• Assist FOH and BOH operational departments (Front Office, Guest Relations, Housekeeping, Laundry) areas when needed.

• Act as a “Manager on Duty” for any department needing assistance.

• Communicate all guest concerns to the appropriate department for follow-up.

• Ensure proper handling of all guest complaints are expeditiously completed with a resolution.

• Communicate all guest concerns to the appropriate department for follow-up.

• Monitor and have knowledge of the rooms inventory and available rooms for arrivals and walk-in guests.

• Ensure guest profile information is acted upon proactively to ensure the guest is thoroughly delighted.

• Monitor the condition and cleanliness of the public spaces and accommodations of the hotel.

The above is not an all-inclusive list of job duties and responsibilities. Mandarin Oriental, New York reserves the right to add, delete, change or modify the job duties and responsibilities described in this job description at its discretion.

As Director of Rooms, we expect from you:

• A minimum of 3-5 years in department head position in the rooms department, ideally at a luxury property.

• Must possess excellent knowledge of both housekeeping and front office.

• Must possess ability to coordinate with multiple tasks.

• Must possess ability to develop managers and line level colleagues.

• Computer literacy to include: Microsoft Word, Excel, PowerPoint, Microsoft Outlook, etc.

• Excellent communication skills both written/verbal.

• Problem solver

• Requires high levels of interaction with all members of staff.  Exchanging ideas, information and opinions with others to drive corporate and property level initiatives and arrive jointly at decisions, conclusions and solutions.

• Possess high degree of stamina, agility and flexibility

• Able to present themselves with an uplifting personality as well as presenting a high degree of confidentiality.

Our commitment to you

• Learning & Development. Your success is our success. We craft unique learning and development programmes for various stages in your career so that you grow, continuously.

• MOstay. When you work as hard as our colleagues do, it’s important to take time off. As a member of the #MOfamily, you can stay with us wherever you go in the world. The MOstay programme offers complimentary nights and additionally attractive rates on rooms for you and your loved ones.

• Heath & Colleague Wellness. Finding the right work-life balance is important. Your wellbeing matters to us. A variety of health benefits and wellness programmes are offered to all our colleagues, globally.

• Retirement Plans. When you show commitment to us, we reciprocate. We offer different retirement plans depending on the length of your service and your role.

Salary and Benefits:

• Salary: $140,000- $155,000

• Bonus Eligible

• A competitive benefits package, including health, dental and vision, 401(K), etc

It is Company policy to comply with the Americans with Disabilities Act, including by providing reasonable accommodations that do not constitute an undue hardship on the Company. Colleagues or candidates should direct requests for accommodation to the Director of People and Culture.

We’re Fans. Are you?",7901,https://careers.mandarinoriental.com/jobs/director-of-rooms-new-york-united-states-aaa00aaf-d214-4aa6-9bd3-4727bd06190d,,https://www.linkedin.com/jobs/view/4401386544,2026-09-13,200,Over 200 applicants,153,matched,title,2026-10-01,2026-10-01T13:15:05,2026-10-07,,177,startDate,true,0,,,,,,2026-04-13T19:47:45Z,,true,,,,,,
JR-03014,Substitute Steward,Mandarin Oriental,Mandarin Oriental,Full time,,2025-08-22T16:08:04Z,411,"New York, New York",1,"New York, New York",false,,US,,0,"Substitute Utility Steward

Mandarin Oriental New York is looking for a Substitute Utility Steward to join our Stewarding team.

Are you a master of craft? Do you thrive in a team that succeeds together, demonstrating integrity and respect while acting responsibly? Do you embrace a growth mindset? We invite you to become a fan of the exceptional.

Mandarin Oriental Hotel Group is the award-winning owner and operator of some of the most luxurious hotels, resorts and residences located in prime destinations around the world, with a strong development pipeline. Increasingly recognized for creating some of the world’s most sought-after properties, the Group provides legendary service inspired by Asian heritage whilst representing the very cutting-edge of luxury experiences.

A stunning fusion of modern design with stylish oriental flair, Mandarin Oriental, New York features 244 elegant guestrooms and suites — all with breath-taking views of Manhattan and Five-Star hospitality. Luxurious amenities include MO Lounge, all-day dining overlooking Central Park and the Manhattan skyline; a 14,500 square-foot Five-Star Mandarin Oriental Spa; and a state-of-the-art fitness center with a 75-foot lap pool. In addition, there is premium meeting and event space, including a 6,000 square-foot pillar-less ballroom with three walls of windows overlooking Central Park.

About the job

Based at the Mandarin Oriental New York within the Culinary/ F&B Department in New York the Substitute Utility Steward is responsible for the cleaning of pot/dish washing, removal of garbage/boxes, silver polishing, sweeping, moping, and any other cleaning or organizational activity that may come up including inside of coolers and kitchen area.  The Substitute Utility Steward will also help plate up and assist in the kitchen.  Flexibility and a helpful attitude are paramount.

As Substitute Utility Steward, you will responsible for the following duties:

• Follow the goals and missions for the stewarding department

• Help to do the inventory of China, glasses, silver and hollowware from the outlets and the main storage

• Provide enough equipment (China, glasses, silver) to the outlets and banquets for the operations

• Follow the cleaning schedule for the kitchen, pastry, garden manger, banquets, cafeteria and coolers

• Follow the weekly schedule for the employees

• Help kitchens whenever necessary

• Do and follow the requisition for banquets from the B.E.Os.

• Follow the cleaning schedule for the dumpster

• Follow the maintenance schedule for the dishwasher machines

• Assist and provide the equipment for any banquets function

• Assist and help banquets kitchen colleagues to plate up

• Follow the Hygiene and control program for the kitchen and surround areas

• Develop and follow the training program for stewards

• Follow the standard and procedures for department

• Establish a good communication with the supervisor and colleagues

NOTE: The above is not an all-inclusive list of job duties and responsibilities. Mandarin Oriental, New York reserves the right to add, delete, change or modify the job duties and responsibilities described in this job description at its discretion with notice.

As Utility Steward, we expect from you:

• High School Diploma or Equivalent

• Two Up to Date Sanitation Classes

• Minimum of 1 year experience in food and beverage, or other professional cleaning business

• Possess a pleasant and outgoing personality

• Good knowledge of stewarding and banquet operations

• Possess superior organization skills

• Ability to pay attention to detail, handle multiple tasks and show a high level of patience

• Ability to work under high stress conditions

• Stand/Walk 8 – 12  hours a day

Occasionally = 1/3 of the workday, frequently = 2/3 of the workday

Lift or Carry 0-20 pounds frequently

• Lift or Carry 21-50 pounds occasionally

• Lift or Carry 51-100 pounds occasionally

• Bend frequently

• Squat frequently

• Kneel occasionally

• Climb occasionally

• Reach above shoulders frequently

• Perform repetitive hand motions frequently

Our commitment to you

• Learning & Development. Your success is our success. We craft unique learning and development programmes for various stages in your career so that you grow, continuously.

• MOstay. When you work as hard as our colleagues do, it’s important to take time off. As a member of the #MOfamily, you can stay with us wherever you go in the world. The MOstay programme offers complimentary nights and additionally attractive rates on rooms for you and your loved ones.

• Heath & Colleague Wellness. Finding the right work-life balance is important. Your wellbeing matters to us. A variety of health benefits and wellness programmes are offered to all our colleagues, globally.

• Retirement Plans. When you show commitment to us, we reciprocate. We offer different retirement plans depending on the length of your service and your role.

Pay and Benefits:

•  Pay $30.46 to $40.62 hourly- commensurate with experience

• A competitive benefits package

•

It is Company policy to comply with the Americans with Disabilities Act, including by providing reasonable accommodations that do not constitute an undue hardship on the Company. Colleagues or candidates should direct requests for accommodation to the Director of People and Culture.

We’re Fans. Are you?",5385,https://careers.mandarinoriental.com/jobs/substitute-steward-new-york-united-states,,,,,,,no_match,,2026-10-01,,2026-10-07,,411,startDate,true,0,,,,,,2025-08-22T16:08:04Z,,false,,,,,,
JR-07969,Revenue and Reservations Manager,Mandarin Oriental,Mandarin Oriental,Full time,,2026-09-28T13:39:21Z,9,"Boston, Massachusetts",1,"Boston, Massachusetts",false,,US,,0,"The Mandarin Oriental, Boston is looking for a Revenue and Reservations Manager to join our team.

Are you a master of craft? Do you thrive in a team that succeeds together, demonstrating integrity and respect while acting responsibly? Do you embrace a growth mindset? We invite you to become a fan of the exceptional.

Mandarin Oriental is the award-winning owner and operator of some of the most luxurious hotels, resorts and residences located in prime destinations around the world, with a strong development pipeline. Increasingly recognised for creating some of the world’s most sought-after properties, the Group provides legendary service inspired by Asian heritage whilst representing the very cutting-edge of luxury experiences.

Situated in the heart of the Back Bay overlooking Boylston Street, Mandarin Oriental, Boston will introduce a stunning new façade to one of the most desirable addresses in Boston. Our luxurious 136 guest rooms and 12 suites will set the standard for spa & wellness, combining classic Bostonian residential elegance with refined hints of our Oriental heritage. Our Reservations will introduce Boston to world-acclaimed and unique Mandarin Oriental therapies.

About the job

Based at the Mandarin Oriental, Boston within the Reservations Department, the Revenue and Reservations Manager is responsible for the strategic leadership, financial performance, and operational execution of all Revenue and Reservations functions. This role serves as a key commercial and operational partner, ensuring exceptional guest experiences while driving revenue growth, market awareness, and brand differentiation.

The Revenue and Reservations Manager reports to the Director of Commercial Strategy.

The Reservations Coordinator and Reservations Agents report to the Revenue and Reservations Manager.

As Revenue and Reservations Manager, you will be responsible for the following duties:

• Maximize room revenue and occupancy by effectively controlling rates and availability

• Update distribution channels for proper rate and room availability as directed by the Director of Commercial Strategy

• Assist in the creation and maintenance of rate codes across systems

• Complete follow through of no-show and cancellation charges

• Communicate and collaborate daily with Guest Relations and Front of House departments

• Ensure that Guest History is updated and acted upon accordingly

• Oversee duties and responsibilities of Reservations colleagues and ensure that work processes are in a logical order

• Ensure that Legendary Quality Standards and hotel policies and procedures are properly understood and followed through

• Perform certain aspects of colleague training functions, including hiring, performance reviews, coaching, training, disciplinary actions, etc

• Analyses competitive sets, price positioning, seasonality, mix and displacement

• Provide data to the team for analysis and evaluation of business segments, accounts, market segment mix, room type demand, channel production and geographical mix, recognising trends and patterns

• Prepare Commercial Strategy Meeting agenda, supporting documentation, and minutes weekly

• Prepare month-end critiques, discuss results, and communicate to Regional/Corporate Revenue Management

• Effectively use revenue management systems and approved tools to determine, implement, manage and control accurate and agreed revenue management strategies

• Participate in required financial audits; maintain financial records and follow hotel policies to maintain audit standards

• Other duties as assigned by management

As Revenue and Reservations Manager, we expect from you:

• Bachelor’s degree in Hospitality Management, Finance, Revenue, or a related field

• Minimum of 3 years’ experience in a similar role; luxury hospitality strongly preferred

• Experience with financial reporting, and revenue generation strategies

• Reading, writing, and oral proficiency in the English language

Preferred

• Experience in Infor/HMS, Delphi, IDeaS, SynXis, Lighthouse, Otelier, and CoSTR

• Multilingual

Our commitment to you

• Learning & Development. Your success is our success. We craft unique learning and development programmes for various stages in your career so that you grow, continuously.

• MOstay. When you work as hard as our colleagues do, it’s important to take time off. As a member of the #MOfamily, you can stay with us wherever you go in the world. The MOstay programme offers complimentary nights and additionally attractive rates on rooms for you and your loved ones.

• Heath & Colleague Wellness. Finding the right work-life balance is important. Your wellbeing matters to us. A variety of health benefits and wellness programmes are offered to all our colleagues, globally.

• Retirement Plans. When you show commitment to us, we reciprocate. We offer different retirement plans depending on the length of your service and your role.

Compensation

The salary range for this position is $88,000 to $90,000 annually.

Local Benefits

• A competitive salary and benefits packages

• Meals served while on duty

• Complimentary drycleaning

• Discounted colleague parking available

Equal Employer Opportunity Statement

Mandarin Oriental Hotel Group provides equal employment opportunities (EEO) to all colleagues and applicants for employment without regard to race, color, religion, sex, national origin, age, disability or genetics. In addition to federal law requirements, Mandarin Oriental Hotel Group complies with applicable state and local laws governing non-discrimination in employment in every location in which the company has facilities. This policy applies to all terms and conditions of employment, including recruiting, hiring, placement, promotion, termination, layoff, recall, and transfer, leaves of absence, compensation and training.

Mandarin Oriental Hotel Group expressly prohibits any form of workplace harassment based on race, color, religion, gender, sexual orientation, gender identity or expression, national origin, age, genetic information, disability, or veteran status. Improper interference with the ability of Mandarin Oriental Hotel Group’s colleagues to perform their job duties may result in discipline up to and including termination.

We’re Fans. Are you?",6308,https://careers.mandarinoriental.com/jobs/revenue-and-reservations-manager-boston-massachusetts-united-states,,https://www.linkedin.com/jobs/view/4472736952,2026-09-28,25,among first 25,0,matched,title,2026-10-01,2026-10-01T13:15:18,2026-10-07,,9,startDate,false,0,,,,,,2026-09-28T13:39:21Z,,true,,,,,,
JR-04954,Executive Banquet Chef,Mandarin Oriental,Mandarin Oriental,Full time,,2026-08-11T15:04:19Z,57,"Boston, Massachusetts",1,"Boston, Massachusetts",false,,US,,0,"Mandarin Oriental, Boston is looking for an Executive Banquet Chef to join our Food & Beverage team.

Are you a master of craft? Do you thrive in a team that succeeds together, demonstrating integrity and respect while acting responsibly? Do you embrace a growth mindset? We invite you to become a fan of the exceptional.

Mandarin Oriental is the award-winning owner and operator of some of the most luxurious hotels, resorts and residences located in prime destinations around the world, with a strong development pipeline. Increasingly recognised for creating some of the world’s most sought-after properties, the Group provides legendary service inspired by Asian heritage whilst representing the very cutting-edge of luxury experiences.

Mandarin Oriental, Boston is situated in the heart of the Back Bay overlooking Boylston Street. Our luxurious 138 guest rooms and 12 suites set the standard for spaciousness, combining classic Bostonian residential elegance with refined hints of our Oriental heritage. Our spa introduces Boston to world-acclaimed and unique Mandarin Oriental therapies.

About the job

Based at the Mandarin Oriental, Boston within the Food & Beverage department in Boston, Massachusetts, the Executive Banquet Chef will take full responsibility for the Banquets and Culinary operation of the hotel. He/she will oversee the overall organization, ensuring the implementation and consistency of the standards of service and execution of policies and procedures.

The Executive Banquet Chef reports to the Director of Food & Beverage.

As Executive Banquet Chef, you will be responsible for the following duties:

• Lead the banquet kitchen team

• Coordinate all Banquet Events

• Create innovative menus

• Partner with hotel restaurant, Ramsay's Kitchen, on all functions and guest satisfaction

• Partner with the Sales, Marketing, and Catering Teams on all hotel functions

• Plan all food requisitions in a timely manner; ensure proper inventory and food cost are maintained

• Elevate and mentor culinary colleagues; model Mandarin Oriental culture and values

• Own and elevate the amenity program; innovate and create engaging guest offerings

• Ensure compliance with all health codes and certifications

• Adhere to Safe and Sound safety policies and procedures at all times

• Attend daily BEO meeting and weekly Resume meeting

• Guide the team to achieve 100% guest satisfaction

Financial Responsibilities

• Manage food and labor costs per departmental budgets

• Prepare weekly schedules

Human Resources responsibilities

• Communicate effectively

• Utilize the Colleague Handbook to support communication of policies and procedures

• Maintain Forbes Five Star, LQE, LQA and FLHSS standards

• Organize daily colleague communication meeting

As Executive Banquet Chef, we expect from you:

• Minimum of 3 years of experience in a similar role; experience in luxury hospitality is strongly preferred.

• Proven experience leading a team.

• Effective management, leadership, organizational, and communication skills.

• Reading, writing, and oral proficiency in the English language.

• Ability to stand or walk for prolonged periods of the shift; ability to frequently push, pull, and lift carts or items weighing up to 25 pounds.

Desirable:

• Culinary degree

Compensation:

The salary range for this position is $95,000-105,000 annually.

Our commitment to you

• Learning & Development. Your success is our success. We craft unique learning and development programmes for various stages in your career so that you grow, continuously.

• MOstay. When you work as hard as our colleagues do, it’s important to take time off. As a member of the #MOfamily, you can stay with us wherever you go in the world. The MOstay programme offers complimentary nights and additionally attractive rates on rooms for you and your loved ones.

• Heath & Colleague Wellness. Finding the right work-life balance is important. Your wellbeing matters to us. A variety of health benefits and wellness programmes are offered to all our colleagues, globally.

• Retirement Plans. When you show commitment to us, we reciprocate. We offer different retirement plans depending on the length of your service and your role.

Local Benefits

• A competitive salary and benefits package

• Complimentary dry-cleaning services

• Meals served while on duty

• Discounted colleague parking available

Equal Employer Opportunity Statement

Mandarin Oriental Hotel Group provides equal employment opportunities (EEO) to all colleagues and applicants for employment without regard to race, color, religion, sex, national origin, age, disability or genetics. In addition to federal law requirements, Mandarin Oriental Hotel Group complies with applicable state and local laws governing non-discrimination in employment in every location in which the company has facilities. This policy applies to all terms and conditions of employment, including recruiting, hiring, placement, promotion, termination, layoff, recall, and transfer, leaves of absence, compensation and training.

Mandarin Oriental Hotel Group expressly prohibits any form of workplace harassment based on race, color, religion, gender, sexual orientation, gender identity or expression, national origin, age, genetic information, disability, or veteran status. Improper interference with the ability of Mandarin Oriental Hotel Group’s colleagues to perform their job duties may result in discipline up to and including discharge.

We’re Fans. Are you?",5527,https://careers.mandarinoriental.com/jobs/executive-banquet-chef-boston-massachusetts-united-states-1cbf563a-8646-4843-b766-c133144a036a,,https://www.linkedin.com/jobs/view/4452484212,2026-09-24,25,among first 25,44,matched,title,2026-10-01,2026-10-01T13:15:17,2026-10-07,,57,startDate,true,0,,,,,,2026-08-11T15:04:19Z,,true,,,,,,
JR-06983,On-Call Steward,Mandarin Oriental,Mandarin Oriental,Full time,,2026-07-22T17:22:58Z,77,"Boston, Massachusetts",1,"Boston, Massachusetts",false,,US,,0,"Mandarin Oriental, Boston is looking for an On-Call Steward to join our Food and Beverage team.

Are you a master of craft? Do you thrive in a team that succeeds together, demonstrating integrity and respect while acting responsibly? Do you embrace a growth mindset? We invite you to become a fan of the exceptional.

Mandarin Oriental Hotel Group is the award-winning owner and operator of some of the most luxurious hotels, resorts and residences located in prime destinations around the world, with a strong development pipeline. Increasingly recognised for creating some of the world’s most sought-after properties, the Group provides legendary service inspired by Asian heritage while representing the very cutting-edge of luxury experiences.

Mandarin Oriental, Boston combines classic New England elegance with refined Oriental touches to create one of the most distinctive hospitality experiences in the region.  Join our team at Boston’s award-winning, Forbes Travel Guide 5-Star hotel and spa with AAA Guide’s 5-diamond designation.

About the job

Based at the Mandarin Oriental, Boston within the Stewarding Department in Boston, Massachusetts, the Stewarding position is responsible for maintaining the cleanliness of all hotel china, silverware, glassware, service ware and cookware.

The Steward reports to the Sous Chef.

As Steward you will responsible for the following duties:

• Washing all hotel china, silverware, glassware, service ware, and cookware

• Cleanliness of all food service serving pieces and related cookware and tools

• Maintaining the cleanliness of Food and Beverage equipment and areas

• Sorting of food and beverage waste into proper streams for disposal, recycling, and composting

• Transporting food, dishes, glasses, silverware, and serving pieces throughout the hotel facility as instructed

• Knowledge of proper food safety and sanitation rules and guidelines

• Other duties as assigned by management

As Steward, we expect from you:

• Minimum of 2 years in a similar position, luxury hospitality strongly preferred

• Reading, writing, and oral proficiency in the English language

• Must be able to walk and stand for entirety of shift

• Must be able to regularly lift, push, and pull up to 40 pounds

• Flexible scheduling availability to include on-call shifts in the evenings, weekends, and holidays

Compensation

The hourly rate of pay for this position is $33.07.

Our commitment to you

• Learning & Development. Your success is our success. We craft unique learning and development programmes for various stages in your career so that you grow, continuously.

• MOstay. When you work as hard as our colleagues do, it’s important to take time off. As a member of the #MOfamily, you can stay with us wherever you go in the world. The MOstay programme offers complimentary nights and additionally attractive rates on rooms for you and your loved ones.

• Heath & Colleague Wellness. Finding the right work-life balance is important. Your wellbeing matters to us. A variety of health benefits and wellness programmes are offered to all our colleagues, globally.

• Retirement Plans. When you show commitment to us, we reciprocate. We offer different retirement plans depending on the length of your service and your role.

Local Benefits

• A competitive salary and benefits packages

• Daily uniform laundering

• Meals served while on duty

• Discounted colleague parking available

Equal Employer Opportunity Statement

Mandarin Oriental Hotel Group provides equal employment opportunities (EEO) to all colleagues and applicants for employment without regard to race, color, religion, sex, national origin, age, disability or genetics. In addition to federal law requirements, Mandarin Oriental Hotel Group complies with applicable state and local laws governing nondiscrimination in employment in every location in which the company has facilities. This policy applies to all terms and conditions of employment, including recruiting, hiring, placement, promotion, termination, layoff, recall, and transfer, leaves of absence, compensation and training.

Mandarin Oriental Hotel Group expressly prohibits any form of workplace harassment based on race, color, religion, gender, sexual orientation, gender identity or expression, national origin, age, genetic information, disability, or veteran status. Improper interference with the ability of Mandarin Oriental Hotel Group’s colleagues to perform their job duties may result in discipline up to and including discharge.

We’re Fans. Are you?",4555,https://careers.mandarinoriental.com/jobs/on-call-steward-boston-massachusetts-united-states,,,,,,,no_match,,2026-10-01,,2026-10-07,,77,startDate,true,0,,,,,,2026-07-22T17:22:58Z,,false,,,,,,
JR-06495,Part-time Turndown Attendant,Mandarin Oriental,Mandarin Oriental,Full time,,2026-07-16T15:25:10Z,83,"Boston, Massachusetts",1,"Boston, Massachusetts",false,,US,,0,"Mandarin Oriental, Boston is looking for a Part-time Turndown Attendant to join our Housekeeping team.

Are you a master of craft? Do you thrive in a team that succeeds together, demonstrating integrity and respect while acting responsibly? Do you embrace a growth mindset? We invite you to become a fan of the exceptional.

Mandarin Oriental is the award-winning owner and operator of some of the most luxurious hotels, resorts and residences located in prime destinations around the world, with a strong development pipeline. Increasingly recognised for creating some of the world’s most sought-after properties, the Group provides legendary service inspired by Asian heritage whilst representing the very cutting-edge of luxury experiences.

Mandarin Oriental, Boston is situated in the heart of the Back Bay overlooking Boylston Street. Our luxurious 138 guest rooms and 12 suites set the standard for spaciousness, combining classic Bostonian residential elegance with refined hints of our Oriental heritage. Our spa introduces Boston to world-acclaimed and unique Mandarin Oriental therapies.

About the job

Based at the Mandarin Oriental, Boston within the Housekeeping Department in Boston, Massachusetts, the Turndown Attendant is responsible for the overall cleanliness or all guestrooms that they are assigned to clean.

The Turndown Attendant reports to the Executive Housekeeper.

As Turndown Attendant, you will be responsible for the following duties:

• Place the finishing touches on our hotel rooms for a comfortable and restful evening.

• Turn down beds, draw curtains, and refresh towels, ensuring everything meets our high housekeeping standards of cleanliness and presentation.

• Vacuum carpet and dust furniture, surfaces, vents, and baseboards.

• Provide warm, professional service to guests, whether addressing their questions or handling special housekeeping requests.

• Report any defects in guest rooms and public areas, including damaged fixtures or furniture, for correction by the appropriate department.

• Other duties as assigned.

As a Turndown Attendant you will work evening shifts.

As Turndown Attendant, we expect from you:

• Possess 1-2 years of experience in the Housekeeping department of a luxury hotel or residential property

• Reading, writing, and oral proficiency in the English language

• Ability to stand and walk for the majority of the shift

• Ability to regularly lift, push, and pull up to 50 pounds

Compensation

The hourly rate of pay for this position is $32.95.

Our commitment to you

• Learning & Development. Your success is our success. We craft unique learning and development programmes for various stages in your career so that you grow, continuously.

• MOstay. When you work as hard as our colleagues do, it’s important to take time off. As a member of the #MOfamily, you can stay with us wherever you go in the world. The MOstay programme offers complimentary nights and additionally attractive rates on rooms for you and your loved ones.

• Heath & Colleague Wellness. Finding the right work-life balance is important. Your wellbeing matters to us. A variety of health benefits and wellness programmes are offered to all our colleagues, globally.

• Retirement Plans. When you show commitment to us, we reciprocate. We offer different retirement plans depending on the length of your service and your role.

Local Benefits

• A competitive salary and benefits package

• Meals served while on duty

• Discounted colleague parking available

• Complimentary uniform laundering

Equal Employer Opportunity Statement

Mandarin Oriental Hotel Group provides equal employment opportunities (EEO) to all colleagues and applicants for employment without regard to race, color, religion, sex, national origin, age, disability or genetics. In addition to federal law requirements, Mandarin Oriental Hotel Group complies with applicable state and local laws governing non-discrimination in employment in every location in which the company has facilities. This policy applies to all terms and conditions of employment, including recruiting, hiring, placement, promotion, termination, layoff, recall, and transfer, leaves of absence, compensation and training.

Mandarin Oriental Hotel Group expressly prohibits any form of workplace harassment based on race, color, religion, gender, sexual orientation, gender identity or expression, national origin, age, genetic information, disability, or veteran status. Improper interference with the ability of Mandarin Oriental Hotel Group’s colleagues to perform their job duties may result in discipline up to and including discharge.

We’re Fans. Are you?",4668,https://careers.mandarinoriental.com/jobs/part-time-turndown-attendant-boston-massachusetts-united-states-02458a6e-4ce1-4ffc-8663-45a697b844b2,,,,,,,no_match,,2026-10-01,,2026-10-07,,83,startDate,true,0,,,,,,2026-07-16T15:25:10Z,,false,,,,,,
JR-07712,"Director, Global Sales, Southeast & LATAM",Mandarin Oriental,Mandarin Oriental,Full time,,2026-09-04T04:18:41Z,33,"Miami, Florida",1,"Miami, Florida",false,,US,,0,"Mandarin Oriental Hotel Group is seeking a Director, Global Sales, Southeast & LATAM to join our Commercial - Global Sales team.

Are you a master of craft? Do you thrive in a team that succeeds together, demonstrating integrity and respect while acting responsibly? Do you embrace a growth mindset?

This is a remote position based in the Miami metropolitan area, operating as part of the Mandarin Oriental Corporate Office in New York and the wider Global Sales team.

The Director, Global Sales, Southeast & LATAM is responsible for managing and growing strategic travel industry relationships across the Southeast United States and Spanish-speaking Latin America. The role serves as the primary point of contact for designated managed accounts, developing and executing strategic account plans, strengthening client partnerships, driving revenue and market share growth, and maximizing transient and group business opportunities across Mandarin Oriental's global portfolio through travel agency and advisor partnerships.

The position covers the Southeast United States and Spanish-speaking Latin American markets and reports to the Director, Travel Industry, The Americas. This is a remote-based role requiring regular travel throughout the assigned territory. The successful candidate must reside within the Miami metropolitan area.

As Director, Global Sales, Southeast & LATAM, you will be responsible for:

Manage and develop a portfolio of strategic accounts through planned sales activities aligned with overall Global Sales strategies.

Develop and execute comprehensive account plans designed to maximize revenue generation and expand Mandarin Oriental's market share within assigned territories.

Achieve or exceed agreed revenue, production, and room-night targets across all assigned accounts.

Generate revenue opportunities through travel advisors, agency partners, consortiums, and key industry relationships.

Promote and expand participation in the Fan Club preferred agency partner programme through advisor engagement, training, and business development initiatives.

Serve as the primary point of contact for travel agency partnerships within the assigned region, leading client engagement strategies and business development opportunities.

Collaborate closely with in-market representation partners to ensure alignment with commercial objectives, effective communication, and successful execution of strategic action plans.

Lead the planning and execution of annual Global Sales Calendar activities, including roadshows, sales missions, trade shows, workshops, and client events.

Host client meetings, hotel site inspections, educational presentations, and familiarisation trips.

Develop and maintain accurate account, contact, and activity records within Salesforce.

Produce, analyse, and interpret market intelligence, production reports, performance trends, and sales activity results.

Participate in internal sales meetings, segment reviews, business planning sessions, and leadership discussions.

Monitor economic, competitive, and market developments impacting assigned territories and provide strategic recommendations.

Identify new business opportunities and develop strategies to increase Mandarin Oriental's visibility and market penetration.

Support broader commercial and sales initiatives as required by the business.

Maintain a professional appearance and represent Mandarin Oriental in a manner consistent with the luxury positioning of the brand.

Perform additional duties as required to support business objectives.

Comply with Mandarin Oriental's standard policies, programmes, and approved corporate travel requirements.

As Director, Global Sales, Southeast & LATAM, we expect from you:

Bachelor's degree, preferably in Hotel Management, Business Administration, Marketing, Hospitality Management, or a related discipline.

A minimum of eight years of sales experience within luxury hotel sales, hospitality sales, or a global sales environment.

Established travel industry relationships throughout the Southeast United States and/or Spanish-speaking Latin American markets.

Proven track record of achieving and exceeding ambitious revenue, production, and business growth objectives.

Strong strategic account management, negotiation, relationship-building, and business development capabilities.

Demonstrated ability to create and execute account strategies that generate measurable commercial results.

Strong commercial acumen and the ability to identify opportunities for revenue growth across multiple market segments.

Flexibility and adaptability in managing changing priorities, competing deadlines, and business demands within a fast-paced environment.

Excellent interpersonal skills with the ability to build constructive and effective relationships both internally and externally.

A diplomatic and professional communication style when engaging with clients, travel advisors, business partners, and colleagues.

Demonstrated ability to manage budgets, allocate resources effectively, and control expenses in accordance with company policies.

Strong analytical and reporting skills, with the ability to translate market insights into actionable sales strategies.

Excellent written, verbal, and presentation skills in English and Spanish, with the ability to conduct business professionally in both languages.

Portuguese language proficiency would be considered an advantage.

Ability and willingness to travel regularly throughout the assigned territory and internationally as required.

Must reside within the Miami metropolitan area.

Our commitment to you:

Learning & Development. Your success is our success. We craft unique learning and development programmes for various stages in your career so that you continue to grow and develop.

MOstay. As a member of the #MOfamily, you can experience Mandarin Oriental hotels around the world through complimentary nights and attractive accommodation rates for you and your loved ones.

Health & Colleague Wellness. Your wellbeing matters to us, and we offer a variety of health and wellness programmes designed to support our colleagues globally.

Retirement Plans. We offer retirement programmes aligned to your role and length of service.

Pay & Benefits

$110,000 - $150,000 USD per annum, commensurate with qualifications and experience.

Competitive medical, dental, and vision coverage.

Paid time off.

Company-match 401(k).

Company-paid Short-Term Disability and accident insurance coverage.

Company-subsidized wellness and fitness benefits.

It is Company policy to comply with the Americans with Disabilities Act, including by providing reasonable accommodations that do not constitute an undue hardship on the Company. Colleagues or candidates requiring accommodation should direct their request to the Director of People & Culture Services.

We're Fans. Are you?",6903,https://careers.mandarinoriental.com/jobs/director-global-sales-southeast-latam-miami-florida-united-states,,https://www.linkedin.com/jobs/view/4463312808,2026-09-25,179,179 applicants,21,matched,title,2026-10-01,2026-10-01T13:15:11,2026-10-07,,33,startDate,true,0,,,,,,2026-09-04T04:18:41Z,,false,,,,,,
546581,Doorperson,Mandarin Oriental,Mandarin Oriental,Full time,,2026-07-23T19:52:39Z,76,"Beverly Hills, California",1,"Beverly Hills, California",false,,US,,0,"Mandarin Oriental is looking for a Door Person to join our Residences team.

Are you a master of craft? Do you thrive in a team that succeeds together, demonstrating integrity and respect while acting responsibly? Do you embrace a growth mindset? We invite you to become a fan of the exceptional.

Mandarin Oriental is the award-winning owner and operator of some of the most luxurious hotels, resorts and residences located in prime destinations around the world, with a strong development pipeline. Increasingly recognized for creating some of the world’s most sought-after properties, the Group provides legendary service inspired by Asian heritage whilst representing the very cutting-edge of luxury experiences.

Mandarin Oriental Residences, Beverly Hills is an exclusive luxury residential community offering world-class service, exceptional design, and unparalleled lifestyle experiences in the heart of Beverly Hills. Combining the privacy of a prestigious private residence with the legendary hospitality of Mandarin Oriental, we are committed to delivering excellence for our residents, colleagues, and partners every day.

About the Job

Based at the Mandarin Oriental Residences, Beverly Hills, the Door Person is responsible for the overall Resident satisfaction including initiating contact with the Residents entering the hotel and creating a delightful arrival and departure experience.

The Door Person reports to the Residence Manager.

As Door Person, you will be responsible for the following duties:

• Initiate contact with Residents entering and departing the Residences, while opening and closing the Residential entrance door

• Assist Residents with luggage and load luggage onto carts for Residential team delivery including providing baggage checks for Residents

• Receive and deliver residents packages, special deliveries, and mail.

• Assist Residents with car doors

• Responsible for flow of street traffic outside the property

• Escort Residents to their destination

• Maintain the cleanliness of the entrance

• Handle delivering and storing of Residents items/baggage

• Maintain complete knowledge and comply with all Residential policies and procedures.

• Greet, welcome, and anticipate every Resident and guests and their needs.

• Ensure every Resident receives a fond farewell.

• Accommodate all Residents requests expediently and courteously. Follow up with designated Residential personnel to ensure completion of request.

• Ensure that the Front Door is always attended.

• Assist the Residential Concierge team with desk coverage and responsibilities, package and luggage deliveries when required.

• Ability to maintain confidentiality of all Residential guest information and pertinent hotel data.

• Create special conversations with guests which identify personal preferences to build each resident's profile history.

• Be proactive and anticipate the complete requirements to make the experience a success.

• Inquire as to the success or enjoyment of recommendations made.

• Be knowledgeable of all in-house and arriving residents.

• Be aware of all known happenings company wide.

• Arrange package delivery and pickup for residents.

• Maintain the presentation standards of a 5-star lobby, including light vacuuming and dusting.

Note: The above is not an all-inclusive list of job duties and responsibilities. Mandarin Oriental Residences, Beverly Hills reserves the right to add, delete, change or modify the job duties and responsibilities described in this job description at its discretion with notice.

It is Company policy to comply with the Americans with Disabilities Act, including by providing reasonable accommodations that do not constitute an undue hardship on the Company.  Employees or applicants should direct requests for accommodation to Director of People and Culture.

As Door Person, we expect from you:

• Two years luxury hotel or condominium concierge experience.

• Excellent overall communication skills both written and verbal in the English language.

• Able to multi-task and always remain composed.

• Able to work well in a team environment

• Able to stand for entirety of shift

• Must be professional and possess excellent presentation, communication, organization, and effective time-management skills.

• Ability to work flexible schedules and hours, willingness to work on weekends & holidays is required.

• Professional appearance and demeanor.

Our commitment to you:

Mandarin Oriental benefits

•
Learning & Development. Your success is our success. We craft unique learning and development programmes for various stages in your career so that you grow, continuously.

•
MOstay. When you work as hard as our colleagues do, it’s important to take time off. As a member of the #MOfamily, you can stay with us wherever you go in the world. The MOstay programme offers complimentary nights and additionally attractive rates on rooms for you and your loved ones.

•
Heath & Colleague Wellness. Finding the right work-life balance is important. Your wellbeing matters to us. A variety of health benefits and wellness programmes are offered to all our colleagues, globally.

•
Retirement Plans. When you show commitment to us, we reciprocate. We offer different 401(k) plans with a competitive company match.

•
Competitive Salaries. The Door Person rate is $26.77 per hour.",5374,https://careers.mandarinoriental.com/jobs/doorperson-beverly-hills-california-united-states,,https://www.linkedin.com/jobs/view/4444727754,2026-09-27,39,39 applicants,66,matched,title,2026-10-01,2026-10-01T13:15:27,2026-10-07,,76,startDate,true,0,,,,,,2026-07-23T19:52:39Z,,false,,,,,,
JR-08055,Spa Attendant,Mandarin Oriental,Mandarin Oriental,Full time,,2026-10-01T16:53:00Z,6,"Boston, Massachusetts",1,"Boston, Massachusetts",false,,us,,0,"Mandarin Oriental, Boston is looking for an On-Call Spa Attendant to join our Spa team.

Are you a master of craft? Do you thrive in a team that succeeds together, demonstrating integrity and respect while acting responsibly? Do you embrace a growth mindset? We invite you to become a fan of the exceptional.

Mandarin Oriental Hotel Group is the award-winning owner and operator of some of the most luxurious hotels, resorts and residences located in prime destinations around the world, with a strong development pipeline. Increasingly recognised for creating some of the world’s most sought-after properties, the Group provides legendary service inspired by Asian heritage while representing the very cutting-edge of luxury experiences.

Mandarin Oriental, Boston combines classic New England elegance with refined Oriental touches to create one of the most distinctive hospitality experiences in the region.  Join our team at Boston’s award-winning, Forbes Travel Guide 5-Star hotel and spa with AAA Guide’s 5-diamond designation.

The Spa at Mandarin Oriental is Boston’s acclaimed, first Forbes Travel Guide 5-Star Spa with consistent regional and national accolades and recognition.

About the job

Based at the Mandarin Oriental Boston within the Spa Department in Boston, Massachusetts, the On-Call Spa Attendant position is responsible for providing personal assistance to any guest arriving for spa treatments, private training sessions, or use of the heat and water experiences. The incumbent will be providing various services and products to the guest and must always be representative of the brand.

The Spa Attendant reports to the Spa Managers.

As Spa Attendant you will responsible for the following duties:

• Welcome and familiarize spa guests with our facilities according to spa standards

• Assist guests with tours of the spa facility and escort guest to and from spa treatments

• Provide quality service by responding to guest’s requests promptly, efficiently and courteously.

• Spa Attendants will maintain the daily operating cleanliness, tidiness and ensure towel supplies are constantly replenished within following areas: locker room, fitness, indoor pool areas, and all applicable back of the house areas

• Ensure the replenishment of all necessary consumables, items, supplies and ensure that all furniture, fixtures and equipment are well maintained and in perfect working condition

• Report any breakage, damage & loss to the Spa management and notify concerned Colleague/s concerning the need for repairs/ fix or additions to spa operations

• Operate equipment needed for cleaning and maintenance duties and follow procedures for the use of any equipment according to specifications while mindful of safety protocols

• Request, collect stock and supplies in accordance with par stock levels

• Maintain all departmental assets and ensure that all items are cleaned, checked out, and returned to the appropriate storage area

• Maintain spa knowledge and awareness with ongoing spa promotions and activities to be able to assist when approached by Guests

• Maintain full awareness and adherence of all health and safety/ hygiene control and regulations including chemicals/solutions used at work

• Maintain overall health/sanitation, and safety standards in work areas

• Anticipate guests' needs to provide exceptional and unique guest experiences in line with MOHG standards.

• Other duties as assigned by management.

As Spa Attendant, we expect from you:

• Have a minimum of 1-year experience in a similar position, preferably in a luxury setting

• Maintaining a flexible, on-call schedule is required, including weekends and holidays

• Multilingual is preferred

Compensation

The hourly rate of pay for this position is $29.14.

Working with us means…

We are dedicated to delighting our guests and to delighting our colleagues. We are committed to becoming the best and we emphasize working together to achieve this goal. We support acting with responsibility.

Working with us means working harmoniously, respectfully, passionately, and towards personal growth. Working with us means that you will be personally valued.

Our commitment to you

• Learning & Development. Your success is our success. We craft unique learning and development programmes for various stages in your career so that you grow, continuously.

• MOstay. When you work as hard as our colleagues do, it’s important to take time off. As a member of the #MOfamily, you can stay with us wherever you go in the world. The MOstay programme offers complimentary nights and additionally attractive rates on rooms for you and your loved ones.

• Heath & Colleague Wellness. Finding the right work-life balance is important. Your wellbeing matters to us. A variety of health benefits and wellness programmes are offered to all our colleagues, globally.

• Retirement Plans. When you show commitment to us, we reciprocate. We offer different retirement plans depending on the length of your service and your role.

Local Benefits

• A competitive salary and benefits packages.

• Daily uniform laundering.

• Meals served while on duty.

• Discounted colleague parking available.

Equal Employer Opportunity Statement

Mandarin Oriental Hotel Group provides equal employment opportunities (EEO) to all colleagues and applicants for employment without regard to race, color, religion, sex, national origin, age, disability or genetics. In addition to federal law requirements, Mandarin Oriental Hotel Group complies with applicable state and local laws governing nondiscrimination in employment in every location in which the company has facilities. This policy applies to all terms and conditions of employment, including recruiting, hiring, placement, promotion, termination, layoff, recall, and transfer, leaves of absence, compensation and training.

Mandarin Oriental Hotel Group expressly prohibits any form of workplace harassment based on race, color, religion, gender, sexual orientation, gender identity or expression, national origin, age, genetic information, disability, or veteran status. Improper interference with the ability of Mandarin Oriental Hotel Group’s colleagues to perform their job duties may result in discipline up to and including discharge.

We’re Fans. Are you?",6309,https://careers.mandarinoriental.com/jobs/spa-attendant-boston-massachusetts-united-states-4609663d-924f-46aa-8879-af57eb4cf0c4,,,,,,,not_checked,,2026-10-02,,2026-10-07,,6,startDate,false,0,,,,,,2026-10-01T16:53:00Z,,,,,,,,
JR-08110,"Assistant Restaurants, Bars, & Experiences Manager",Mandarin Oriental,Mandarin Oriental,Full time,,2026-10-01T16:53:00Z,6,"Boston, Massachusetts",1,"Boston, Massachusetts",false,,us,,0,"Mandarin Oriental, Boston is looking for an Assistant Restaurant, Bars, & Experiences Manager to join our Restaurants, Bars, & Experiences team.

Are you a master of craft? Do you thrive in a team that succeeds together, demonstrating integrity and respect while acting responsibly? Do you embrace a growth mindset? We invite you to become a fan of the exceptional.

Mandarin Oriental is the award-winning owner and operator of some of the most luxurious hotels, resorts and residences located in prime destinations around the world, with a strong development pipeline. Increasingly recognised for creating some of the world’s most sought-after properties, the Group provides legendary service inspired by Asian heritage whilst representing the very cutting-edge of luxury experiences.

Mandarin Oriental, Boston is situated in the heart of the Back Bay overlooking Boylston Street. Our luxurious 148 guest rooms and suites set the standard for spaciousness, combining classic Bostonian residential elegance with refined hints of our Oriental heritage. Our spa introduces Boston to world-acclaimed and unique Mandarin Oriental therapies.

About the job

Based at the Mandarin Oriental, Boston in Boston, Massachusetts, the Assistant Restaurant, Bars, & Experiences Manager will be responsible for the overall day to day operation of the Restaurants, Bars, & Experiences division, with a focus on In-Room Dining operations. He/she will help oversee the overall division, ensuring the implementation and consistency of the standards of service and execution of policies and procedures in both the Banquets and In-Room Dining departments.

The Assistant Restaurant, Bars, & Experiences Manager reports to the Director of Restaurants, Bars, & Experiences.

As Assistant Restaurant, Bars, & Experiences Manager, you will be responsible for the following duties:

• Supervise In-Room Dining team, to include Order Takers, Servers, and Minibar Attendants; manage team schedule, payroll, and labor costs

• Supervise Banquets team, to include Banquet Housemen and Banquet Servers; provide schedule and payroll coverage as needed

• Complete detailed audits of table arrangements, service stations, food quality, and service standards during all meal periods, taking necessary actions to correct any deviation from quality standards

• Conduct continual training with division, identifying areas of opportunity and coaching as needed

• Recruit, hire, and onboard new colleagues

• Collaborate with third-party restaurant outlet, food & beverage division, and other operational and non-operational departments to ensure guest satisfaction

• Ensure disciplinary procedures are properly adhered to and followed in partnership with the People & Culture team

• Carry out projects and assignments as requested by the Director of Restaurants, Bars, & Experiences

• Handle guest comments and complaints and take swift corrective action according to Mandarin Oriental standards

• Innovate food & beverage initiatives to elevate the guest experience

• Find ways to improve the efficiency of the operations; of maximizing and increasing sales; of reducing costs without affecting the level of service or product

• Propose and initiate when approved, new services and products for our guests

• Other duties as assigned by management

As Assistant Restaurant, Bars, & Experiences Manager we expect from you:

• Minimum of 3 years of experience in a similar role; experience in luxury hospitality is strongly preferred

• Proven ability to lead and manage change in a high-volume environment

• Effective management, leadership, organizational, and communication skills

• Reading, writing, and oral proficiency in the English language

• Ability to stand or walk for prolonged periods of the shift; ability to frequently push, pull, and lift carts or items weighing up to 25 pounds

Desirable:

• College degree in Hospitality Management or a similar field

• Multilingual

Compensation:

The salary range for this position is $75,000-80,000 annually

Our commitment to you

• Learning & Development. Your success is our success. We craft unique learning and development programmes for various stages in your career so that you grow, continuously.

• MOstay. When you work as hard as our colleagues do, it’s important to take time off. As a member of the #MOfamily, you can stay with us wherever you go in the world. The MOstay programme offers complimentary nights and additionally attractive rates on rooms for you and your loved ones.

• Heath & Colleague Wellness. Finding the right work-life balance is important. Your wellbeing matters to us. A variety of health benefits and wellness programmes are offered to all our colleagues, globally.

• Retirement Plans. When you show commitment to us, we reciprocate. We offer different retirement plans depending on the length of your service and your role.

Local Benefits

• A competitive salary and benefits package

• Complimentary dry-cleaning services

• Meals served while on duty

• Discounted colleague parking available

Equal Employer Opportunity Statement

Mandarin Oriental Hotel Group provides equal employment opportunities (EEO) to all colleagues and applicants for employment without regard to race, color, religion, sex, national origin, age, disability or genetics. In addition to federal law requirements, Mandarin Oriental Hotel Group complies with applicable state and local laws governing non-discrimination in employment in every location in which the company has facilities. This policy applies to all terms and conditions of employment, including recruiting, hiring, placement, promotion, termination, layoff, recall, and transfer, leaves of absence, compensation and training.

Mandarin Oriental Hotel Group expressly prohibits any form of workplace harassment based on race, color, religion, gender, sexual orientation, gender identity or expression, national origin, age, genetic information, disability, or veteran status. Improper interference with the ability of Mandarin Oriental Hotel Group’s colleagues to perform their job duties may result in discipline up to and including discharge.

We’re Fans. Are you?",6178,https://careers.mandarinoriental.com/jobs/assistant-restaurants-bars-experiences-manager-boston-massachusetts-united-states,,https://www.linkedin.com/jobs/view/4474523594,2026-10-01,25,among first 25,0,matched,,2026-10-02,2026-10-02T03:59:49,2026-10-07,,6,startDate,false,0,,,,,,2026-10-01T16:53:00Z,,true,,,,,,
JR-08111,Banquet House Attendant,Mandarin Oriental,Mandarin Oriental,Full time,,2026-10-06T13:44:22Z,1,"New York, New York",1,"New York, New York",false,,us,,0,"Banquet House Attendant

Mandarin Oriental New York is looking for a Banquet House Attendant to join our Banquet team.

Are you a master of craft? Do you thrive in a team that succeeds together, demonstrating integrity and respect while acting responsibly? Do you embrace a growth mindset? We invite you to become a fan of the exceptional.

Mandarin Oriental Hotel Group is the award-winning owner and operator of some of the most luxurious hotels, resorts and residences located in prime destinations around the world, with a strong development pipeline. Increasingly recognised for creating some of the world’s most sought-after properties, the Group provides legendary service inspired by Asian heritage whilst representing the very cutting-edge of luxury experiences.

A stunning fusion of modern design with stylish oriental flair, Mandarin Oriental, New York features 244 elegant guestrooms and suites — all with breath-taking views of Manhattan and Five-Star hospitality. Luxurious amenities include MO Lounge, all-day dining overlooking Central Park and the Manhattan skyline; a 14,500 square-foot Five-Star Mandarin Oriental Spa; and a state-of-the-art fitness center with a 75-foot lap pool. In addition, there is premium meeting and event space, including a 6,000 square-foot pillar-less ballroom with three walls of windows overlooking Central Park.

About the job

Based at the Mandarin Oriental New York, within the Banquet Department in New York City, the Banquet House Attendant is responsible correctly setting-up and breaking down all Banquet Function Rooms.

The Banquet House Attendant reports to the Banquet Manager.

As Banquet House Attendant, you will be responsible for the following duties:

• Support company’s philosophy and company culture through the use of “Pillars of Legendary Quality Experiences”, “Guiding Principles” and “S.E.R.V.I.C.E. that delights” on a daily basis to ensure the guest satisfaction and the achievement of our “Mission Statement”.

• Follow proper payroll and uniform procedures.

• Set up banquet rooms with equipment for functions according to floor plans received from the Catering department or from the Banquet Manager.

• Clean function rooms including, but not exclusive to, vacuuming, dusting, shampooing of carpets, cleaning mirrors, marble, etc.

• Provide any additional banquet equipment: i.e. tables, chairs, flipcharts, etc. for function rooms or for set-ups in guest rooms.

• Retrieve materials, props, crates, boxes, etc. from the receiving dock and store them safely and properly, where appropriate. Help unload the delivery trucks when hosts of functions are delivering products.

• Ensure that function rooms are clean and available for showing to guests even when not in use.

• Maintain a cooperative, professional working style with supervisors and fellow workers.

• Perform all job related tasks with utmost concern for equipment and safety for oneself and fellow workers.

• Ensure the cleanliness and orderliness of all storage rooms.

• Take dirty linen to the laundry area.

• Hang skirts properly, set-up and skirt risers, tables, flags, banners, etc. when needed.

• Set-up with designated linen all registration areas, including buffets.

• Set-up, move and retrieve any kind of rental equipment.

• Attend and participate in all required assistance.

• Assist guests whenever they request assistance.

• Respond properly in any hotel emergency or safety situation.

• Perform other tasks or projects as assigned by hotel management and staff.

The above is not an all-inclusive list of job duties and responsibilities. Mandarin Oriental, New York reserves the right to add, delete, change or modify the job duties and responsibilities described in this job description at its discretion with notice.

As Banquet House Attendant, we expect from you:

• Average reading, writing and oral proficiency in the English language.

• Able to read and comprehend Banquet floor plans.

• Able to follow instructions.

• Able to carry and lift objects of at least 30lbs.

Our commitment to you

• Learning & Development. Your success is our success. We craft unique learning and development programmes for various stages in your career so that you grow, continuously.

• MOstay. When you work as hard as our colleagues do, it’s important to take time off. As a member of the #MOfamily, you can stay with us wherever you go in the world. The MOstay programme offers complimentary nights and additionally attractive rates on rooms for you and your loved ones.

• Heath & Colleague Wellness. Finding the right work-life balance is important. Your wellbeing matters to us. A variety of health benefits and wellness programmes are offered to all our colleagues, globally.

• Retirement Plans. When you show commitment to us, we reciprocate. We offer different retirement plans depending on the length of your service and your role.

Pay and Benefits:

• Pay $ 37.25 to $49.67 hourly- commensurate with experience

• A competitive benefits package, including health, dental and vision, 401(K), etc

It is Company policy to comply with the Americans with Disabilities Act, including by providing reasonable accommodations that do not constitute an undue hardship on the Company. Colleagues or candidates should direct requests for accommodation to the Director of People and Culture.

We’re Fans. Are you?",5375,https://careers.mandarinoriental.com/jobs/banquet-house-attendant-new-york-united-states-4ccac267-d0d6-4016-a496-9e265d97b7bb,,https://www.linkedin.com/jobs/view/4476313772,2026-10-06,25,among first 25,0,matched,,2026-10-06,2026-10-07T01:16:37,2026-10-07,,1,startDate,false,0,,,,,,2026-10-06T13:44:22Z,,true,,,,,,
JR-08134,Substitute Tournant,Mandarin Oriental,Mandarin Oriental,Full time,,2026-10-05T18:53:06Z,2,"New York, New York",1,"New York, New York",false,,us,,0,"Substitute Tournant

Mandarin Oriental New York is looking for a Substitute Tournant to join our Culinary team.

Are you a master of craft? Do you thrive in a team that succeeds together, demonstrating integrity and respect while acting responsibly? Do you embrace a growth mindset? We invite you to become a fan of the exceptional.

Mandarin Oriental Hotel Group is the award-winning owner and operator of some of the most luxurious hotels, resorts and residences located in prime destinations around the world, with a strong development pipeline. Increasingly recognized for creating some of the world’s most sought-after properties, the Group provides legendary service inspired by Asian heritage whilst representing the very cutting-edge of luxury experiences.

A stunning fusion of modern design with stylish oriental flair, Mandarin Oriental, New York features 244 elegant guestrooms and suites — all with breath-taking views of Manhattan and Five-Star hospitality. Luxurious amenities include MO Lounge, all-day dining overlooking Central Park and the Manhattan skyline; a 14,500 square-foot Five-Star Mandarin Oriental Spa; and a state-of-the-art fitness center with a 75-foot lap pool. In addition, there is premium meeting and event space, including a 6,000 square-foot pillar-less ballroom with three walls of windows overlooking Central Park.

About the job

Based at the Mandarin Oriental New York within the Culinary Department in New York the Substitute Tournant is responsible for the day to day preparation of meals as dictated by the menu, guests or management, while maintaining a clean environment and helping out in all areas to achieve guest satisfaction.

As Substitute Tournant, you will responsible for the following duties:

To delight our guests and provide The Mandarin Experience by preparing and serving food as dictated by the menu, guests (internal or external) or management in a clean safe and timely manner.  Keep a clean work area and a positive attitude, helping out wherever necessary to deliver a product that will exceed our guest’s expectations.

• The ability to read, write and communicate verbally in English.

• The ability to follow directions and maintain good working relationships with supervisors and managers.

• The ability to follow proper payroll and uniform procedures.

• The ability to operate kitchen equipment safely and properly in the kitchen.

• The ability to utilize the computer system and to read all orders.

• The ability to prepare and present on a timely basis all foods for meal service.

• The ability to respect and accommodate servers request regarding guests preference and requests.

• The ability to handle all types of food and rotate it according to established procedure.

• The ability to work closely with standard recipes and plate presentation in order to maintain standards of quality in production and presentation.

• The ability to complete requisitions, obtains proper signatures, submit, pick up transport and store all items.

• The ability to work standing for up to ten hours in a kitchen environment.

• The ability to clean all work and storage areas.

• The ability to ensure a clean, neat and organized work area.

• The ability to report and handle any accident immediately, no matter how minor.

• The ability to maintain a good working relationship with other employees, providing instruction and encouragement as needed.

• The ability to respond properly in any hotel emergency or safety situation.

• The ability to perform other task or projects as assigned by hotel management and staff.

• The ability to work as a team.

• The ability to work flexible hours as hotel business changes.

• The ability to cook a wide variety of foods in all modern and classical cooking techniques.

• The ability to work with cutlery in a proficient, safe and swift manner.

NOTE: The above is not an all-inclusive list of job duties and responsibilities. Mandarin Oriental, New York reserves the right to add, delete, change or modify the job duties and responsibilities described in this job description at its discretion with notice.

As Substitute Tournant, we expect from you:

• Ability to work flexible schedule

• High School Diploma or Equivalent

• Two year degree or Apprenticeship

• Up to Date Sanitation Classes

• Minimum of Two Years in the luxury Hotel Business

• Minimum of one year in fine dining food preparation

• Possess a good written and verbal command of the English Language.

• Possess a pleasant and outgoing personality

• Working knowledge of kitchen equipment

• Basic knowledge of mathematics for recipes, and ordering

•  Ability to dictate responsibility, pay attention to detail, handle multiple tasks and show a high level of patience

• Ability to work under high stress conditions

• Stand/Walk 8 – 12  hours a day

Occasionally = 1/3 of the workday, frequently = 2/3 of the workday

Lift or Carry 0-20 pounds frequently

• Lift or Carry 21-50 pounds occasionally

• Lift or Carry 51-100 pounds occasionally

• Bend frequently

• Squat frequently

• Kneel occasionally

• Climb occasionally

• Reach above shoulders frequently

• Perform repetitive hand motions frequently

Our commitment to you

• Learning & Development. Your success is our success. We craft unique learning and development programme for various stages in your career so that you grow, continuously.

• Heath & Colleague Wellness. Finding the right work-life balance is important. Your wellbeing matters to us. A variety of health benefits and wellness programme are offered to all our colleagues, globally.

• Retirement Plans. When you show commitment to us, we reciprocate. We offer different retirement plans depending on the length of your service and your role.

Pay and Benefits:

•  Pay $35.81 to $47.81 hourly- commensurate with experience and the IWA guidelines

• A competitive benefits package

It is Company policy to comply with the Americans with Disabilities Act, including by providing reasonable accommodations that do not constitute an undue hardship on the Company. Colleagues or candidates should direct requests for accommodation to the Director of People and Culture.

We’re Fans. Are you?",6210,https://careers.mandarinoriental.com/jobs/substitute-tournant-new-york-united-states-cfeb6563-3caa-4ee2-b8db-be33f86bb346,,,,,,,not_checked,,2026-10-06,,2026-10-07,,2,startDate,false,0,,,,,,2026-10-05T18:53:06Z,,,,,,,,
