reqId,title,company,hiringOrg,timeType,postedOn,startDate,postingAgeDays,primaryLocation,nLocations,locations,remoteFlag,stateCodes,country,questionnaireId,similarJobsCount,description,descriptionLength,url,detailError,linkedinUrl,linkedinPostedDate,numApplicants,applicantLabel,dateDeltaDays,corroborationStatus,matchMethod,firstSeenDate,corroboratedOn,dumpDate,endDate,daysOnMarket,daysOnMarketBasis,censored,repostCount,lastResetDate,applicationDeadline,daysLeftToApply,workerSubType,jobFamilyGroup,earliestEvidenceDate,crossSourceRepostEvidence,applicantCensored,h1bFilings,h1bWageP25,h1bWageP50,h1bWageP75,h1bMatchBasis,h1bMatchTitle
JR40755,"Security Engineer (L5) - Cloud Architecture, Tooling and Security",Netflix,"Netflix, Inc.",Full time,Posted Yesterday,2026-09-16,1,USA - Remote,1,USA - Remote,true,,United States of America,9a7a8705901e1001f30e535431110000,5,"At Netflix, our mission is to entertain the world. Together, we are writing the next episode - pushing the boundaries of storytelling, global fandom and making the unimaginable a reality. We are a dream team obsessed with the uncomfortable excitement of discovering what happens when you merge creativity, intuition and cutting-edge technology. Come be a part of what’s next.

Netflix operates our streaming service control plane on Amazon Web Services, which has led to one of the largest and most sophisticated AWS environments in the world. Cloud Security for our public cloud deployments is critical to Netflix’s security posture to protect our members, partners, employees, and intellectual property. Of this charter, the Cloud Architecture, Tooling and Security (CATS) team designs and implements strategic high-level cloud security boundaries to balance risk while enabling business needs. We provide cloud security subject matter expertise, build scalable security solutions for account management, cloud identity and access management and provide operational security services to achieve this mission.

We are looking for a cloud security engineer to join this team to serve as a critical partner in securely enabling new Netflix business verticals, supporting innovation and experimentation, and integrating new acquisitions. This role is highly collaborative, focusing on designing and implementing secure cloud access patterns, cloud security boundaries, and new paved paths, primarily involving Identity and Access Management (IAM) challenges in AWS and GCP. While not a dedicated software development role, the ability to build scrappy tooling/scripting and data analysis tools, is required for success in this Security Engineer role.

You will collaborate with software engineering teams to understand business needs and design and implement appropriate, scalable cloud security solutions. You will also design and implement new cloud security strategies and archetypes to discover, self-serve, right-size, and manage cloud resources, and develop internal tooling and scripting for GCP to build capabilities where few currently exist. Furthermore, you will perform threat assessments, apply knowledge of AWS architecture and new AWS services to address security requests, and contribute to operational excellence by reducing risks and eliminating tedious access management minutiae.

Desired Background:

•
A broad and deep understanding of cloud security fundamentals, with a particular focus on CloudSec operations, AWS account management and Security Architecture

•
GCP expertise is a must, specifically the ability to architect and implement organization-wide security guardrails, and identity governance. You should be comfortable defining secure-by-default blueprints for GCP project lifecycles and service account management, building the foundational tooling and org-level security patterns where few currently exist.

•
Experience collaborating with product and engineering teams to design security solutions.

•
Strong verbal and written communication skills for conveying complex technical issues cross-functionally.

•
A pragmatic approach to security, engaging transparently with the nuances and tradeoffs of security risk.

•
Proven ability to identify high-leverage work and drive it independently without explicit direction.

•
Experience securing challenging 3rd-party cloud infrastructure access patterns, such as vendor integrations.

•
Experience defining insightful and meaningful metrics to gauge and guide cloud security posture or progress.

Our culture is unique, and we live by our values, so it’s worth learning more about Netflix culture.

Generally, our compensation structure consists solely of an annual salary; we do not have bonuses. You choose each year how much of your compensation you want in salary versus stock options. To determine your personal top of market compensation, we rely on market indicators and consider your specific job family, background, skills, and experience to determine your compensation in the market range. The range for this role is $400,000.00 - $680,000.00. This compensation range will vary based on location.

Netflix provides comprehensive benefits including Health Plans, Mental Health support, a 401(k) Retirement Plan with employer match, Stock Option Program, Disability Programs, Health Savings and Flexible Spending Accounts, Family-forming benefits, and Life and Serious Injury Benefits. We also offer paid leave of absence programs. Full-time hourly employees accrue 35 days annually for paid time off to be used for vacation, holidays, and sick paid time off. Full-time salaried employees are immediately entitled to flexible time off. See more details about our Benefits here.

Netflix is a unique culture and environment. Learn more here.

Inclusion is a Netflix value and we strive to host a meaningful interview experience for all candidates. If you want an accommodation/adjustment for a disability or any other reason during the hiring process, please send a request to your recruiting partner.

We are an equal-opportunity employer and celebrate diversity, recognizing that diversity builds stronger teams. We approach diversity and inclusion seriously and thoughtfully. We do not discriminate on the basis of race, religion, color, ancestry, national origin, caste, sex, sexual orientation, gender, gender identity or expression, age, disability, medical condition, pregnancy, genetic makeup, marital status, or military service.

Job is open for no less than 7 days and will be removed when the position is filled.",5616,https://netflix.wd108.myworkdayjobs.com/Netflix/job/USA---Remote/Security-Engineer--L5----Cloud-Architecture--Tooling-and-Security_JR40755,,,,,,,no_match,,2026-09-17,,2026-09-17,,1,startDate,false,0,,,,Regular,Engineering,2026-09-16,,false,,,,,,
JR40107,Security Engineer (L5) - Workforce Security,Netflix,"Netflix, Inc.",Full time,Posted Yesterday,2026-09-16,1,USA - Remote,1,USA - Remote,true,,United States of America,9a7a8705901e1001f30e535431110000,5,"At Netflix, our mission is to entertain the world. Together, we are writing the next episode - pushing the boundaries of storytelling, global fandom and making the unimaginable a reality. We are a dream team obsessed with the uncomfortable excitement of discovering what happens when you merge creativity, intuition and cutting-edge technology. Come be a part of what’s next.

About the Team

Netflix's Workforce Security team protects its employees, endpoints, and vendors by implementing controls for secure user access, SaaS and vendor usage, and endpoint security. The goal is to address security risks while pragmatically enabling business agility, leveraging risk-based approaches rather than policy mandates, and building strong cross-functional partnerships across the company.

About the Role

We are seeking a talented L5 Security Engineer specializing in Endpoint Security to join our team. In this role, you will be critical to identifying and managing risks across all software on Netflix endpoints. You will drive the development of scalable technical security controls that enhance business agility and reduce risk for workforce-related business scenarios.

The Workforce Security Engineer role focuses heavily on designing, implementing, and validating protective endpoint security controls. This includes developing and rolling out solutions for host hardening, vulnerability identification, and effective patch management to maintain defined security standards and prevent configuration drift across devices. Rapid genAI adoption and evolving genAI threats are changing our endpoint posture needs. A critical component of the role is designing and testing host hardening configurations for Mac, Windows, and Linux systems. You will also be responsible for designing and executing a comprehensive Patch and Vulnerability Management Strategy, enforcement, and applying Threat Intelligence to prioritize the remediation of endpoint vulnerabilities at the OS, App, and App Configuration levels.  Where necessary, you will also evaluate build vs. buy security capabilities through requirement gathering, cost-benefit analysis, and accurate estimation of development effort.

Beyond the technical implementation, this position requires strong communication and risk translation skills, specifically the ability to translate complex technical risks into clear business risks for stakeholders to inform trade-off decisions. Finally, the role includes providing standard business-hours operational support for Workforce Security and participating in infrequent 24/7 Incident Response as needed.

You Should Have:

•
Knowledge of commercially available endpoint MDM solutions such as Jamf, Kandji, or Intune

•
Working experience with commercially available endpoint vulnerability scanning tools such as CrowdStrike, Tenable

•
Experience designing and testing host hardening configuration for at least two of the major operating systems (Mac, Windows, Linux).

•
Understanding of Vulnerability Management practices

•
Threat Modeling competency to influence control right-sizing and other prioritization efforts

•
Ability to validate publicly disclosed exploits and perform variant analysis

•
Scripting (must be able to script, not to production level, and use of GenAI is sufficient)

•
Autonomously drives work delivery (bias to action)

•
Cross-functional collaboration skills

•
High-level familiarity with the functionality of commercially available corporate security tooling in the areas of endpoint, identity, data, and vendor security.

•
Ability to navigate ambiguity by taking strategic goals and decomposing them into actionable project plans

•
Using measurement and metrics to drive decision-making and outcomes

You will succeed in this role if you:

•
Value a deeply collaborative team.

•
Use data to inform your judgment, and to support and communicate your decisions.

•
Effectively communicate complex subjects to our internal customers and partners.

•
Enjoy taking full ownership of open-ended problems, from concept to product, and effectively managing your own time.

•
Care about improving the systems around you and leaving things better than you found them.

•
Believe a diverse and inclusive team is a critical aspect of a sustainable and effective work environment.

•
Empathize with your customers, and have an interest in the overall product lifecycle.

•
Challenge the status quo and seek to find novel and customer-centric ways to solve problems.

Generally, our compensation structure consists solely of an annual salary; we do not have bonuses. You choose each year how much of your compensation you want in salary versus stock options. To determine your personal top of market compensation, we rely on market indicators and consider your specific job family, background, skills, and experience to determine your compensation in the market range. The range for this role is $400,000.00 - $680,000.00. This compensation range will vary based on location.

Netflix provides comprehensive benefits including Health Plans, Mental Health support, a 401(k) Retirement Plan with employer match, Stock Option Program, Disability Programs, Health Savings and Flexible Spending Accounts, Family-forming benefits, and Life and Serious Injury Benefits. We also offer paid leave of absence programs. Full-time hourly employees accrue 35 days annually for paid time off to be used for vacation, holidays, and sick paid time off. Full-time salaried employees are immediately entitled to flexible time off. See more details about our Benefits here.

Netflix is a unique culture and environment. Learn more here.

Inclusion is a Netflix value and we strive to host a meaningful interview experience for all candidates. If you want an accommodation/adjustment for a disability or any other reason during the hiring process, please send a request to your recruiting partner.

We are an equal-opportunity employer and celebrate diversity, recognizing that diversity builds stronger teams. We approach diversity and inclusion seriously and thoughtfully. We do not discriminate on the basis of race, religion, color, ancestry, national origin, caste, sex, sexual orientation, gender, gender identity or expression, age, disability, medical condition, pregnancy, genetic makeup, marital status, or military service.

Job is open for no less than 7 days and will be removed when the position is filled.",6424,https://netflix.wd108.myworkdayjobs.com/Netflix/job/USA---Remote/Security-Engineer--L5----Workforce-Security_JR40107,,,,,,,no_match,,2026-09-17,,2026-09-17,,1,startDate,false,0,,,,Regular,Engineering,2026-09-16,,false,,,,,,
JR42041,Software Engineer 5 - Android,Netflix,"Netflix, Inc.",Full time,Posted Yesterday,2026-09-16,1,USA - Remote,1,USA - Remote,true,,United States of America,4b15c3bdb7e910020025cb25a5d60000,5,"At Netflix, our mission is to entertain the world. Together, we are writing the next episode - pushing the boundaries of storytelling, global fandom and making the unimaginable a reality. We are a dream team obsessed with the uncomfortable excitement of discovering what happens when you merge creativity, intuition and cutting-edge technology. Come be a part of what’s next.

The Member Experience Client Foundations team (MXCF) is responsible for building the server-driven UI (SDUI) architecture and tooling used to power the member user experience across Netflix’s iOS, Android, TV and Web client streaming applications.

The team is responsible for working closely with our server foundational partners on this SDUI architecture to ensure that we’re building holistic solutions which balance client architectural considerations across all four client platforms, alongside our server partner’s distributed system concerns.
Allowing us to deliver a flexible, scalable SDUI platform on which both our client & server product teams can deliver the innovative member experiences which Netflix sets the industry standard for.

MXCF is a foundational team. We don’t build product experiences directly. We build architecture and tooling which empowers product engineers (our customers), to build great product experiences, efficiently and reliably.
We’re currently working to evolve our SDUI architecture’s capabilities to support:

• A flexible spectrum of server-driven rendering : From coarse-grained control through to fine grained UI control; or none at all, based on product needs.

• Pushing UI updates to the client both for exceedingly high-scale needs (simultaneous concurrent updates for live events), as well user experience updates at lower scale.

• Dynamically modify the UI in response to the user’s session interaction and needs.

• Efficiently support the increasingly wide variety of content types and business verticals (shows, movies, games, ads, live, acquisition) which Netflix supports.

• Integrating generative AI into the ecosystem to increase efficiency for product engineers to utilize the platform.

The Role
This role will be focused on Android, requiring expertise with Android UI architecture and frameworks. However, we believe strong engineering aptitude transcends stacks, and providing the opportunity to explore UI development on other platforms is a unique aspect of this role.

We’re currently building solutions with Kotlin/Compose on Android, and use GraphQL as our shared data access technology. We use Swift on iOS and JavaScript/TypeScript on TV & Web.

In this role you’ll:

• Architect and build maintainable, performant Android client code with effective documentation that can be leveraged by Android developers across Netflix

• Define and drive best practices that ensure consistency, reliability, and simplicity in a high-commit-volume codebase

• Leverage modern technologies such as Kotlin, Jetpack Compose, Circuit, and Dagger/Hilt, alongside GraphQL, to deliver scalable, maintainable solutions for our shared SDUI architecture

• Develop code for testability and write automated tests (JVM Unit, Espresso, Paparazzi) to uphold product quality

• Keep a pulse on cutting-edge Android technologies and software engineering practices, modernizing the codebase to accelerate innovation velocity

• Collaborate with cross-functional partners across client and server teams to define and deliver on our framework and architecture vision

• Mentor and grow less-experienced Android engineers

• Influence our framework and architecture roadmaps, and drive forward-looking technical solutions with minimal supervision

• Diverse and inclusive teams are strong teams. We encourage those with varied identities, backgrounds, and experiences to apply. We believe that creating a sense of belonging allows us to be our best selves, which in turn helps us produce our best work. We rely on our unique individual strengths to help each other grow.

• We have a distributed team across the US, while trying to maintain some pacific time overlap. With some teammates working remotely from the east coast, and some co-located in the Los Gatos, CA office. The team is committed to being ‘remote-inclusive’ and believe it’s about the work you do, and the relationships you build. Where you can best do that from is up to you.

People who do well on the team are self-motivated engineers with a passion for building solutions rooted in business and customer needs. Analytical and technical skills form a solid foundation. But more importantly, we look for engineers who understand that there are rarely any absolutes when it comes to technology. The curiosity to engage in discussions about use cases, prioritization and technical challenges with colleagues, while thoughtfully weighing trade-offs across multiple solutions is a skill we value highly. As is the desire to continually learn, grow and help your colleagues do the same.

All of this, so that Netflix members can immerse themselves in the stories they care about, on the devices they love, from whichever part of the world they call home. Without the technology behind it all ever getting in the way.
If this resonates with you, we’d love to talk!

What Sets You Apart:

• You have a deep understanding of the technical landscape of Android development and can introduce new paradigms and practices

• You're comfortable identifying opportunities and driving forward-looking technical solutions or roadmaps with little supervision

• You take a practical approach to problem-solving that considers trade-offs and avoids over-engineering, balancing business, user, and architectural needs

• You have a strong track record of leading projects and delivering results, with excellent project management and estimation skills

• You have an appreciation for diverse perspectives and a collaborative approach to problem-solving.

• You understand that it is really about solving problems. A language, framework or library choice is just a means to an end.

• You've built a track record of weaving GenAI and agentic workflows into your team's engineering practice,  not just using the tools yourself, but changing how the SDLC works for the people around you

What’s Different About Us:
Scale, Impact

Hundreds of Engineers : You’ll be improving UI development velocity for over 100 engineers...
Millions of Users : creating best-in-class streaming UIs used by over 100M users...
Thousands of Devices : across a wide spectrum of devices...
Globally : in almost every country in the world.

Unique Technical Challenges
We build framework solutions (libraries, architectures, and tools) which are flexible enough to span a variety of product use cases, across a varied client, server and network performance landscape, all while being easy to use for the engineers we support. The breadth of problems we work on provide a great career opportunity to explore different technical areas and deepen your expertise.

Collaboration and Communication
It’s not all about the tech. We highly value the skills required to build strong relationships and collaborate effectively.

Responsibility and Ownership
We believe in hiring responsible engineers, providing them with the business context they need, and then freeing them up to own their project’s scope, design, trade-offs, and figure out the implementation details.

Generally, our compensation structure consists solely of an annual salary; we do not have bonuses. You choose each year how much of your compensation you want in salary versus stock options. To determine your personal top of market compensation, we rely on market indicators and consider your specific job family, background, skills, and experience to determine your compensation in the market range. The range for this role is $388,000.00 - $558,000.00. This compensation range will vary based on location.

Netflix provides comprehensive benefits including Health Plans, Mental Health support, a 401(k) Retirement Plan with employer match, Stock Option Program, Disability Programs, Health Savings and Flexible Spending Accounts, Family-forming benefits, and Life and Serious Injury Benefits. We also offer paid leave of absence programs. Full-time hourly employees accrue 35 days annually for paid time off to be used for vacation, holidays, and sick paid time off. Full-time salaried employees are immediately entitled to flexible time off. See more details about our Benefits here.

Netflix is a unique culture and environment. Learn more here.

Inclusion is a Netflix value and we strive to host a meaningful interview experience for all candidates. If you want an accommodation/adjustment for a disability or any other reason during the hiring process, please send a request to your recruiting partner.

We are an equal-opportunity employer and celebrate diversity, recognizing that diversity builds stronger teams. We approach diversity and inclusion seriously and thoughtfully. We do not discriminate on the basis of race, religion, color, ancestry, national origin, caste, sex, sexual orientation, gender, gender identity or expression, age, disability, medical condition, pregnancy, genetic makeup, marital status, or military service.

Job is open for no less than 7 days and will be removed when the position is filled.",9335,https://netflix.wd108.myworkdayjobs.com/Netflix/job/USA---Remote/Software-Engineer-5---Android_JR42041-1,,https://www.linkedin.com/jobs/view/4466233822,2026-09-16,56,56 applicants,0,matched,title,2026-09-17,2026-09-17T12:51:55,2026-09-17,,1,startDate,false,1,,,,Regular,Engineering,2026-09-16,,false,,,,,,
JR39787,Software Engineer 6 - Ads Conversions API,Netflix,"Netflix, Inc.",Full time,Posted Yesterday,2026-09-16,1,USA - Remote,1,USA - Remote,true,,United States of America,9a7a8705901e1001f30e535431110000,5,"At Netflix, our mission is to entertain the world. Together, we are writing the next episode - pushing the boundaries of storytelling, global fandom and making the unimaginable a reality. We are a dream team obsessed with the uncomfortable excitement of discovering what happens when you merge creativity, intuition and cutting-edge technology. Come be a part of what’s next.

We launched a new ad-supported tier in November 2022 to offer our members more choice in how they consume their content. Our new tier allows us to attract new members at a lower price point while also creating a compelling path for advertisers to reach deeply engaged audiences.

Our Team

The Netflix Audience Activation team is committed to providing a relevant and engaging advertising experience that prioritizes member privacy. Our team is responsible for the intake and processing of advertiser engagement signals in a privacy safe way.

The Role

As a Software Engineer on the Audience Activation team, you will be instrumental in designing and developing Netflix Conversion APIs and Audience Onboarding systems. These systems are essential for powering critical Audience Onboarding & Activation, Measurement, Optimization, Retargeting and Reporting capabilities. Your responsibilities will include building high-volume, low-latency services capable of ingesting consented user engagement events from Advertiser properties in near-real-time. This ingestion will support various methods, including server-to-server streaming, pixel requests, and batch uploads. You will join a skilled team of professionals dedicated to ads technology and user privacy, collaborating within a culture that strongly promotes continuous learning, diversity, and creativity.

Required Experience and Skills:

•
Technical Leadership: Proven track record of solving highly complex, ambiguous, business critical technical problems which require significant cross-organization collaboration.

•
Conversion API and Event Processing: Demonstrated experience in building server-to-server, batch and pixel Conversion APIs. This includes processing conversion events from diverse sources to create high-fidelity, identity and attribution-enriched, and deduplicated ""gold"" data sets for consumption by downstream services.

•
Unlocking Conversion Value: Expertise in leveraging conversion events to enable valuable derivative services, such as retargeting and outcome-based optimization.

•
Streaming Architectures: Practical experience with streaming event architectures and related technologies (e.g., Kafka, Flink).

•
Ad Tech and Privacy Knowledge: Strong understanding of the ad technology and advertising landscape, including programmatic advertising and current digital marketing trends. Familiarity with global ads regulations, as well as privacy, consent, and legal compliance.

•
Collaboration and Communication: Excellent communication, negotiation, and relationship-building skills, with a proven ability to work collaboratively across diverse, cross-functional teams.

•
Adaptability: Ability to thrive and effectively manage multiple priorities in a fast-paced, dynamic work environment.

Nice to haves:

•
Experience designing and building scalable batch and streaming advertiser custom audience data onboarding and activation systems for online advertising platforms.

•
Familiarity with clean rooms and industry-leading privacy-enhancing technology for multi-party data sharing.

•
Experience working in the CTV space and knowledge of its unique constraints.

Generally, our compensation structure consists solely of an annual salary; we do not have bonuses. You choose each year how much of your compensation you want in salary versus stock options. To determine your personal top of market compensation, we rely on market indicators and consider your specific job family, background, skills, and experience to determine your compensation in the market range. The range for this role is $499,000.00 - $900,000.00. This compensation range will vary based on location.

Netflix provides comprehensive benefits including Health Plans, Mental Health support, a 401(k) Retirement Plan with employer match, Stock Option Program, Disability Programs, Health Savings and Flexible Spending Accounts, Family-forming benefits, and Life and Serious Injury Benefits. We also offer paid leave of absence programs. Full-time hourly employees accrue 35 days annually for paid time off to be used for vacation, holidays, and sick paid time off. Full-time salaried employees are immediately entitled to flexible time off. See more details about our Benefits here.

Netflix is a unique culture and environment. Learn more here.

Inclusion is a Netflix value and we strive to host a meaningful interview experience for all candidates. If you want an accommodation/adjustment for a disability or any other reason during the hiring process, please send a request to your recruiting partner.

We are an equal-opportunity employer and celebrate diversity, recognizing that diversity builds stronger teams. We approach diversity and inclusion seriously and thoughtfully. We do not discriminate on the basis of race, religion, color, ancestry, national origin, caste, sex, sexual orientation, gender, gender identity or expression, age, disability, medical condition, pregnancy, genetic makeup, marital status, or military service.

Job is open for no less than 7 days and will be removed when the position is filled.",5462,https://netflix.wd108.myworkdayjobs.com/Netflix/job/USA---Remote/Software-Engineer-6---Conversions-API---Audience-Activation_JR39787,,https://www.linkedin.com/jobs/view/4413352293,2026-09-05,200,Over 200 applicants,-11,matched,title,2026-09-17,2026-09-17T12:53:06,2026-09-17,,12,startDate+linkedin,false,0,,,,Regular,Engineering,2026-09-05,title,true,,,,,,
JR40982,Analytics Engineer 5 - Identity & Signal,Netflix,"Netflix, Inc.",Full time,Posted Yesterday,2026-09-16,1,USA - Remote,1,USA - Remote,true,,United States of America,4b15c3bdb7e910020025cb25a5d60000,0,"At Netflix, our mission is to entertain the world. Together, we are writing the next episode - pushing the boundaries of storytelling, global fandom and making the unimaginable a reality. We are a dream team obsessed with the uncomfortable excitement of discovering what happens when you merge creativity, intuition and cutting-edge technology. Come be a part of what’s next.

In 2022 we launched a new lower-priced, ad-supported tier, and we are building an in-house, world-class ad-tech ecosystem to give our members more choice and to offer advertisers a premium, better-than-linear-TV experience. We are looking for the founding members of this new business area for Netflix.

The Identity & Signals team builds the identity foundation of the Netflix ads business — the graph and matching systems that let us recognize the same person or household across signals, devices, and partner data sources, and that determine which signals we can responsibly and accurately use for targeting, measurement, and reporting. We build and maintain the identity graph, run and evaluate entity-matching and resolution pipelines, and manage relationships with identity providers so that advertisers and internal teams can trust the signals underneath every campaign.

This is a foundational role on a small, high-leverage team. You will build the analytics and data infrastructure that powers identity matching and graph construction — designing the tables, pipelines, and metrics that let the team and its stakeholders understand match quality, coverage, and drift over time. You'll work end-to-end: from raw signal ingestion, through matching logic and graph construction, to the dashboards and data products that make identity health visible and actionable across the company.

In this role, you will:

- Design, build, and maintain the data models and pipelines that support identity graph construction, entity matching, and identity resolution across first-party and third-party signals.

- Partner with data engineering and software engineering to productionize matching logic, ensuring pipelines are scalable, well-tested, and monitored for data quality and drift.

- Build metrics, dashboards, and analytics that quantify match rate, match quality, coverage, and graph stability, and that surface anomalies before they affect downstream campaigns.

- Work closely with data science to evaluate and improve matching algorithms, providing the clean, well-documented data and features needed to test and iterate on models.

- Manage and evaluate the analytics relationship with external identity providers (e.g., Experian, TransUnion, LiveRamp), including onboarding new sources, validating match performance, and monitoring ongoing data quality.

- Translate identity graph and matching concepts — nodes, edges, match confidence, deterministic vs. probabilistic matching — into clear, actionable insights for product, sales, and other non-technical stakeholders.

- Collaborate with product and cross-functional partners to define identity requirements, evaluate trade-offs (accuracy vs. coverage vs. privacy), and prioritize roadmap work.

- Communicate technical decisions, trade-offs, and results clearly to both technical and non-technical audiences at all levels of the company.

We are looking for:

- 5+ years of experience as an analytics engineer, data engineer, or similar role working with large-scale data.

- Experience working with graph data structures and graph-based data models (e.g., property graphs, graph databases, or graph analytics on top of relational/columnar stores).

- Familiarity with entity matching / identity resolution concepts — deterministic and probabilistic matching, fuzzy matching, blocking/candidate generation, and match quality evaluation.

- Knowledge of, or direct experience working with, identity providers such as Experian, TransUnion, LiveRamp, or similar data/identity partners.

- Strong SQL and Python skills, with experience building and maintaining production data pipelines.

- Experience designing data models, metrics, and dashboards that make complex technical systems understandable to non-technical stakeholders.

- Demonstrated ability to collaborate closely across data engineering, software engineering, data science, and product teams.

- Ability to work independently, drive your own projects, and make compelling cases for prioritization.

- Embodies the Netflix values while bringing a new perspective to continue improving our culture.

Nice to have:

- Experience with ad-tech identity concepts — cross-device identity, household graphs, cookie/ID deprecation, or media measurement.

- Experience with graph databases or graph-processing frameworks (e.g., Neo4j, Neptune, GraphFrames, or similar).

- Familiarity with our ML/data stack (Metaflow) or comparable large-scale data tooling.

- Experience working with privacy-sensitive data and an understanding of relevant data governance and privacy considerations for identity data.

- Experience applying GenAI to boost developer/analytics productivity.

Generally, our compensation structure consists solely of an annual salary; we do not have bonuses. You choose each year how much of your compensation you want in salary versus stock options. To determine your personal top of market compensation, we rely on market indicators and consider your specific job family, background, skills, and experience to determine your compensation in the market range. The range for this role is $330,000.00 - $566,000.00. This compensation range will vary based on location.

Netflix provides comprehensive benefits including Health Plans, Mental Health support, a 401(k) Retirement Plan with employer match, Stock Option Program, Disability Programs, Health Savings and Flexible Spending Accounts, Family-forming benefits, and Life and Serious Injury Benefits. We also offer paid leave of absence programs. Full-time hourly employees accrue 35 days annually for paid time off to be used for vacation, holidays, and sick paid time off. Full-time salaried employees are immediately entitled to flexible time off. See more details about our Benefits here.

Netflix is a unique culture and environment. Learn more here.

Inclusion is a Netflix value and we strive to host a meaningful interview experience for all candidates. If you want an accommodation/adjustment for a disability or any other reason during the hiring process, please send a request to your recruiting partner.

We are an equal-opportunity employer and celebrate diversity, recognizing that diversity builds stronger teams. We approach diversity and inclusion seriously and thoughtfully. We do not discriminate on the basis of race, religion, color, ancestry, national origin, caste, sex, sexual orientation, gender, gender identity or expression, age, disability, medical condition, pregnancy, genetic makeup, marital status, or military service.

Job is open for no less than 7 days and will be removed when the position is filled.",7000,https://netflix.wd108.myworkdayjobs.com/Netflix/job/USA---Remote/Machine-Learning-Scientist-5---Ads-Forecasting_JR40982,,,,,,,no_match,,2026-09-17,,2026-09-17,,1,startDate,false,0,,,,Regular,Data Science & Analytics,2026-09-16,,false,,,,,,
JR39817,"Machine Learning Scientist 5 - Sales, Ads DSE",Netflix,"Netflix, Inc.",Full time,Posted 2 Days Ago,2026-09-15,2,USA - Remote,1,USA - Remote,true,,United States of America,9a7a8705901e1001f30e535431110000,5,"At Netflix, our mission is to entertain the world. Together, we are writing the next episode - pushing the boundaries of storytelling, global fandom and making the unimaginable a reality. We are a dream team obsessed with the uncomfortable excitement of discovering what happens when you merge creativity, intuition and cutting-edge technology. Come be a part of what’s next.

The Demand Science team within Ads Data Science & Engineering plays a crucial role in Netflix Ads growth by equipping the business to efficiently attract, activate, and scale advertiser demand. As the dedicated ML lead for Sales productivity and automation within the Sales pod, you would partner closely with Product Managers, Engineers, and Sales stakeholders to identify where AI can drive the most impact — and then build it. We're looking for someone who can identify the highest-leverage opportunities, propose solutions, and drive them end-to-end to transform how Netflix's ad sales business operates, using data science, AI, and machine learning to help sellers work smarter, close more deals, and scale Ads revenue without scaling headcount at the same pace.

The Scope

As the ML lead for Sales productivity and automation, you'll own the technical vision and execution across areas such as:

•
Workflow Automation: In partnership with Product, identify and automate high-friction points in the Sales workflow to reduce delays, eliminate manual work, and improve accuracy — so sellers spend less time on process and more time on selling.

•
AI-Augmented Selling: Design and deploy AI agents and assistants that make selling faster and more effective — automating where possible and helping sellers prepare for client conversations, respond to RFPs, and close higher-value deals more quickly.

What You’ll Do

•
Define the AI/ML investment roadmap for the Sales pod in close partnership with product and engineering, identifying where data science can drive the most meaningful improvements in Sales productivity and revenue outcomes.

•
Design, build, and deploy production ML models, AI agents, and automation systems end-to-end.

•
Partner with Analytics Engineers to build the metrics, measurement pipelines, and reporting that guide investment decisions and track product performance.

•
Iterate on launched products based on performance data and seller feedback, with a clear eye on measurable business impact.

•
Serve as a senior technical voice in cross-functional discussions, communicating clearly with both technical and non-technical stakeholders.

Who You Are

•
Advanced degree (PhD or Master's) in Computer Science, Statistics, Mathematics, or a related quantitative field.

•
Track record of independently scoping and leading end-to-end ML projects in production environments — not just executing on defined projects, but identifying the right problems to solve and driving them from idea to measurable impact.

•
Strong strategic acumen: the ability to understand business objectives deeply and translate them into a prioritized technical roadmap.

•
Comfort with ambiguity and a proactive, curious approach to problem-solving — you can operate effectively in a space where the path isn't always laid out for you.

•
Excellent communication skills with both technical and non-technical audiences, paired with the curiosity and user empathy to understand Sales pain points and needs.

•
Proficiency in Python and SQL for building ML pipelines and models.

•
Experience with LLMs, AI, or agentic systems is a bonus, but not required, given how new these fields are - we think candidates with strong ML product-building experience willing to learn into AI can also be highly successful in this role.

•
The Netflix Culture Memo resonates with you.

Generally, our compensation structure consists solely of an annual salary; we do not have bonuses. You choose each year how much of your compensation you want in salary versus stock options. To determine your personal top of market compensation, we rely on market indicators and consider your specific job family, background, skills, and experience to determine your compensation in the market range. The range for this role is $466,000.00 - $750,000.00. This compensation range will vary based on location.

Netflix provides comprehensive benefits including Health Plans, Mental Health support, a 401(k) Retirement Plan with employer match, Stock Option Program, Disability Programs, Health Savings and Flexible Spending Accounts, Family-forming benefits, and Life and Serious Injury Benefits. We also offer paid leave of absence programs. Full-time hourly employees accrue 35 days annually for paid time off to be used for vacation, holidays, and sick paid time off. Full-time salaried employees are immediately entitled to flexible time off. See more details about our Benefits here.

Netflix is a unique culture and environment. Learn more here.

Inclusion is a Netflix value and we strive to host a meaningful interview experience for all candidates. If you want an accommodation/adjustment for a disability or any other reason during the hiring process, please send a request to your recruiting partner.

We are an equal-opportunity employer and celebrate diversity, recognizing that diversity builds stronger teams. We approach diversity and inclusion seriously and thoughtfully. We do not discriminate on the basis of race, religion, color, ancestry, national origin, caste, sex, sexual orientation, gender, gender identity or expression, age, disability, medical condition, pregnancy, genetic makeup, marital status, or military service.

Job is open for no less than 7 days and will be removed when the position is filled.",5682,https://netflix.wd108.myworkdayjobs.com/Netflix/job/USA---Remote/Machine-Learning-Scientist-5---Sales--Ads-DSE_JR39817,,,,,,,no_match,,2026-09-17,,2026-09-17,,2,startDate,false,0,,,,Regular,Data Science & Analytics,2026-09-15,,false,,,,,,
JR40363,"Product Manager L6, Data Platform - Analytics Experience",Netflix,"Netflix, Inc.",Full time,Posted 2 Days Ago,2026-09-15,2,USA - Remote,1,USA - Remote,true,,United States of America,9a7a8705901e1001f30e535431110000,5,"At Netflix, our mission is to entertain the world. Together, we are writing the next episode - pushing the boundaries of storytelling, global fandom and making the unimaginable a reality. We are a dream team obsessed with the uncomfortable excitement of discovering what happens when you merge creativity, intuition and cutting-edge technology. Come be a part of what’s next.

Netflix’s Infrastructure Engineering organization provides the backbone that powers Netflix's global scale and operations across business verticals. Within this organization, Data, AI & Experimentation Platforms accelerate product velocity and business impact by providing cohesive, reliable foundations for data, analytics, machine learning, and experimentation. We reduce friction across the insight-to-production loop so teams can move from questions to decisions and from prototypes to shipped features quickly, with confidence, and with measurable outcomes.

We enable teams to build and scale ML-powered products end-to-end with AI platform capabilities for training, model management, evaluation, observability, developer tooling, and production inference. Our experimentation platform makes it easy to design, launch, monitor, and interpret experiments so teams can iterate faster and validate impact with statistical rigor and accountability.

Our data and analytics foundations make information usable and trustworthy: streamlined data movement (ingestion, streaming, processing), standardized online data stores for real-time serving, and analytics experiences that accelerate discovery while enforcing consistent metrics, quality, lineage, ownership, and access controls. Ultimately, we make data- and AI-driven product development faster, safer, and more dependable at scale so teams can focus on building great experiences that entertain the world.

The Opportunity

We are seeking a highly technical Product Manager to lead Data Developer & Analytics Experiences within the Analytics Platform & Experiences team.

Your primary mission is to deliver a unified, AI-native experience that spans how practitioners build data assets, build and operate data agents, and orchestrate data workflows at scale. On the Data Developer side, you will own the practitioner “inner loop”; SQL and Python-first code authoring in AI-native IDEs (Cursor, Claude Code, JupyterLab), Python libraries, lifecycle and CLI tooling, data quality tooling, and the developer experience for building data agents that can securely discover, query, and act on data. On the Workflow Orchestration side, you will own the end-to-end experience for defining, scheduling, executing, monitoring, and operating data workflows, including dependency management, backfills, retries, and workflow observability—making it easy for practitioners to reliably move data pipelines and agents from development to production.

Analytics engineers, data engineers, and data scientists will be your primary customers, with a focus on making it easier for them to build data assets, orchestrate reliable workflows, and develop data agents. Partnering closely with engineering, design, and data leaders, you will shape product direction and deliver impactful capabilities across developer productivity, workflow orchestration, data quality and observability, and AI-native development.

In this role, you will shape the future of Data Developer Experiences and Workflow Orchestration at Netflix by leading a high-impact product portfolio. You will operate with significant autonomy to set strategic direction, define multi-year roadmaps, and make high-leverage tradeoffs across developer productivity, workflow orchestration, reliability and observability, data quality, and AI-native development—including how practitioners build and operate data agents.

What makes this role exciting is the blend of strategic vision and hands-on leadership. You'll maintain a broad portfolio view while selectively diving deep where your expertise makes the biggest difference. Your success will be measured by enabling Netflix's growth, innovation, and competitive advantage, while delighting users with exceptional experiences that empower teams to work more efficiently and with greater satisfaction.

What You Will Do

As the Product Manager for Analytics Experiences, you will have the following responsibilities:

•
Set Direction: Develop a compelling long-term vision and strategy for your portfolio, aligning user needs with business objectives and industry trends for the Analytics Experiences.

•
Champion Users: Build deep user understanding and empathy through regular engagement, research, and feedback loops to identify pain points and opportunities.

•
Manage Roadmap: Develop and prioritize initiatives across the portfolio, from IDE-centric inner-loop productivity to centralize Semantic layer and conversational analytics, balancing immediate needs with strategic evolution.

•
Guide Development: Partner with design and engineering to define requirements, create intuitive interfaces, and validate solutions that ensure cohesive user journeys across the platform ecosystem.

•
Support Architecture: Partner with engineering on critical architecture decisions that ensure platform sustainability, scalability, and flexibility while strategically managing technical debt.

•
Drive Adoption: Create effective rollout strategies and promote new capabilities through targeted communication, education, and roadshows, while providing comprehensive documentation, learning resources, and self-service tools that accelerate adoption and reduce support burden.

•
Drive Improvement: Define success metrics centered on user delight and productivity gains, and implement tracking to continuously improve platform capabilities through data-informed experiments.

•
Establish Governance: Develop platform standards and processes that balance flexibility with standardization and innovation with stability to maintain quality and consistency, including API design guidelines, versioning policies, and deprecation protocols.

•
Align Stakeholders: Build strategic relationships and foster cross-functional collaboration to drive alignment and create shared ownership of outcomes.

What We’re Looking For

We value candidates who can balance strategic thinking with tactical execution, technical depth with user empathy, and decisive leadership with collaborative partnership. This role requires someone who thrives in ambiguity, can navigate complex technical and organizational landscapes, and ultimately delivers significant impact for your users and Netflix as a whole.

The successful candidate will demonstrate the following attributes and experiences:

Technical Excellence

•
Expertise: 8+ years of Technical Product Management experience (or equivalent technical role) in complex technical domains. Comfortable discussing technical design trade-offs and system quality attributes with engineering teams.

•
Domain Knowledge: Strong knowledge of modern analytics architectures and data developer tooling — including dbt-based transformation workflows, workflow orchestration and scheduling, and deep familiarity with the practitioner stack: IDEs and notebooks (Cursor, JupyterLab, VS Code), Python/SQL developer tooling, interactive compute environments, and data quality/observability frameworks.

•
Curiosity: Demonstrated passion for Analytics with a pulse on emerging trends. Actively seeks new perspectives and brings fresh thinking to technical challenges. Regularly uses products and observes customers to identify improvement opportunities.

Product Leadership

•
Strategic Vision: Proven track record of managing product portfolios in complex technical domains with clear vision and strategy to maximize portfolio impact. Skilled at connecting business objectives with user needs, balancing quick wins with strategic bets, and making thoughtful trade-offs.

•
Customer Obsession: Deeply understands user needs through continuous engagement. Exceptional at identifying and articulating clear problem statements. Develops innovative solutions with strong product intuition and taste, thinking holistically about end-to-end user experience.

•
Business Acumen: Understands how platform investments drive business outcomes. Articulates the ROI of technical investments in business terms and connects platform capabilities to Netflix's strategic priorities. Balances technical excellence with business pragmatism.

•
Data Driven: Deeply analytical mindset that leverages quantitative and qualitative data to understand user behavior, validate assumptions, and inform product decisions. Builds a metrics-driven culture with clear success metrics to measure impact and drive continuous improvement.

•
Decisive Leadership: Makes timely decisions that provide clear direction and reduce ambiguity without analysis paralysis. Shows conviction in product opinions while remaining open to new information. Removes decision bottlenecks and shields teams from unnecessary scope creep.

Collaboration & Influence

•
First Team Player: Creates psychological safety through vulnerability and assuming best intent. Values diverse perspectives and operates with a collaborative mindset where team success trumps individual accomplishments. Skilled at giving and receiving feedback with a growth mindset.

•
Stakeholder Alignment: Builds strong relationships across organizational boundaries based on mutual respect and shared goals. Navigates complex organizational dynamics to drive alignment. Adapts communication style to different audiences and contexts to maximize effectiveness.

•
Influential Communication: Outstanding written and verbal communication skills with ability to influence and inspire. Great at rallying teams around a vision and motivating others to action.

Execution Excellence

•
Delivery Focus: Builds reputation through consistent, high-quality delivery. Disciplined prioritization with clear timelines and accountability. Drives initiatives to completion rather than letting them linger. Comfortable making decisions with imperfect information and adjusting course as needed.

•
Learning Mindset: Champions incremental learning and fast feedback loops with customers. Values progress over perfection and breaks down large initiatives into manageable increments that deliver value at each stage. Adapts quickly based on real-world user feedback.

We are an equal opportunity employer and celebrate diversity, recognizing that diversity of thought and background builds stronger teams. We approach diversity and inclusion seriously and thoughtfully. We do not discriminate on the basis of race, religion, color, national origin, gender, sexual orientation, age, marital status, veteran status, or disability status.

Our culture is unique, and we live by our values, so it’s worth learning more about Netflix culture.

More About Analytics Platform & Experience @ Netflix

•
100X Faster: How We Supercharged Netflix Maestro’s Workflow Engine

•
Data Engineers of Netflix

•
Part 1: A Survey of Analytics Engineering Work at Netflix

•
Exploring Data @ Netflix

•
Running Trino as exabyte-scale data warehouse

Generally, our compensation structure consists solely of an annual salary; we do not have bonuses. You choose each year how much of your compensation you want in salary versus stock options. To determine your personal top of market compensation, we rely on market indicators and consider your specific job family, background, skills, and experience to determine your compensation in the market range. The range for this role is $440,000.00 - $725,000.00. This compensation range will vary based on location.

Netflix provides comprehensive benefits including Health Plans, Mental Health support, a 401(k) Retirement Plan with employer match, Stock Option Program, Disability Programs, Health Savings and Flexible Spending Accounts, Family-forming benefits, and Life and Serious Injury Benefits. We also offer paid leave of absence programs. Full-time hourly employees accrue 35 days annually for paid time off to be used for vacation, holidays, and sick paid time off. Full-time salaried employees are immediately entitled to flexible time off. See more details about our Benefits here.

Netflix is a unique culture and environment. Learn more here.

Inclusion is a Netflix value and we strive to host a meaningful interview experience for all candidates. If you want an accommodation/adjustment for a disability or any other reason during the hiring process, please send a request to your recruiting partner.

We are an equal-opportunity employer and celebrate diversity, recognizing that diversity builds stronger teams. We approach diversity and inclusion seriously and thoughtfully. We do not discriminate on the basis of race, religion, color, ancestry, national origin, caste, sex, sexual orientation, gender, gender identity or expression, age, disability, medical condition, pregnancy, genetic makeup, marital status, or military service.

Job is open for no less than 7 days and will be removed when the position is filled.",13095,https://netflix.wd108.myworkdayjobs.com/Netflix/job/USA---Remote/Product-Manager-L6--Data-Platform---Analytics-Experience_JR40363,,,,,,,no_match,,2026-09-17,,2026-09-17,,2,startDate,false,0,,,,Regular,Product,2026-09-15,,false,,,,,,
JR41373,"Product Manager (L5), Privacy & Data Protection Engineering",Netflix,"Netflix, Inc.",Full time,Posted 2 Days Ago,2026-09-15,2,USA - Remote,1,USA - Remote,true,,United States of America,4b15c3bdb7e910020025cb25a5d60000,5,"At Netflix, our mission is to entertain the world. Together, we are writing the next episode - pushing the boundaries of storytelling, global fandom and making the unimaginable a reality. We are a dream team obsessed with the uncomfortable excitement of discovering what happens when you merge creativity, intuition and cutting-edge technology. Come be a part of what’s next.

At Netflix, our mission is to entertain the world. Together, we are writing the next episode - pushing the boundaries of storytelling, global fandom and making the unimaginable a reality. We are a dream team obsessed with the uncomfortable excitement of discovering what happens when you merge creativity, intuition and cutting-edge technology. Come be a part of what’s next!

Our Team

The Privacy & Data Protection Engineering (PDPE) organization at Netflix ensures responsible data use across the company and provides the guidance and tooling to help teams move fast with data, safely and sustainably. PDPE is a cross-functional organization comprising Privacy Engineering, Data Protection, and Privacy Infrastructure Engineering, and is part of the broader Security, Privacy, and Assurance (SPA) organization. We build the products, policies, and infrastructure that let Netflix's businesses grow confidently, giving teams clear visibility into their data assets, scalable controls across the data lifecycle, and the frameworks to make good data decisions quickly.

Role

We are seeking a strategic, technically fluent Product Manager to drive our privacy and data protection product investments. In this role, you will partner closely with privacy engineers, data engineers, infrastructure engineers, security engineers, legal, and business stakeholders to define and ship products that unlock Netflix's ability to use data responsibly and at scale, spanning consent and preference management, data governance tooling, privacy-enhancing technologies, and safe data access frameworks. You will own the product roadmap for a portfolio of high-impact, cross-functional initiatives and serve as the connective tissue between our technical teams and Netflix's fast-moving businesses. We need someone who is driven, autonomous, and energized by the challenge of building products that make safe data use the path of least resistance for every team at Netflix.

•
Build and own a strategic roadmap for various privacy and data protection domains, from ideation and requirements through execution, delivery, measurement, and iteration.

•
Drive adoption, development, and execution of cross-org privacy solutions through strong partnerships and the ability to influence cross-functional teams toward optimal paved path solutions that balance privacy, business velocity, and trust.

•
Translate privacy principles and business requirements from Privacy Engineering, Data Protection, and Privacy Infrastructure Engineering teams in PDPE into clear, actionable product requirements.

•
Own the product vision for data governance tooling, including privacy rights management, retention, and data protection controls, making it easy for engineering and data teams to do the right thing by default.

•
Enable privacy safe data practices by identifying opportunities where governance unlocks business value

•
Build business cases and measure impact: define KPIs and reporting mechanisms that demonstrate both risk reduction and the tangible business value of privacy product investments.

•
Communicate clearly across audiences, from technical engineering partners to senior leadership, through high-quality memos, narratives, and presentations.

•
Embody the unique Netflix culture.

Desired Background & Skills

•
Product management experience building products that solve problems related to privacy engineering and data governance challenges, strongly preferred.

•
Ability to connect privacy and data protection investments to business outcomes; you understand how safe data use creates competitive advantage, not just reduces risk.

•
Experience driving highly technical, multi-team execution across engineering functions while coordinating effectively with stakeholders across engineering, legal, and business

•
Strong understanding of global privacy regulations (GDPR, CCPA, VPPA, etc.) and translating into product decisions

•
Familiarity with data lifecycle management, consent management, privacy rights, and basic security principles.

•
Principles-first mindset deeply rooted in problem definitions, with a bias for action.

•
Track record of shipping 0-1 products that enabled meaningful business outcomes while improving data trust, privacy posture, or member experience.

•
Organizational leadership and influence without relying on hierarchy, with the ability to lead through persuasion, partnership, and expertise.

•
Outstanding written and verbal communication skills: great memos and presentations to technical and non-technical partners are extremely important.

•
Comfort with making tough prioritization decisions and navigating evolving business priorities and data landscapes.

Generally, our compensation structure consists solely of an annual salary; we do not have bonuses. You choose each year how much of your compensation you want in salary versus stock options. To determine your personal top of market compensation, we rely on market indicators and consider your specific job family, background, skills, and experience to determine your compensation in the market range. The range for this role is $310,000.00 - $545,000.00. This compensation range will vary based on location.

Netflix provides comprehensive benefits including Health Plans, Mental Health support, a 401(k) Retirement Plan with employer match, Stock Option Program, Disability Programs, Health Savings and Flexible Spending Accounts, Family-forming benefits, and Life and Serious Injury Benefits. We also offer paid leave of absence programs. Full-time hourly employees accrue 35 days annually for paid time off to be used for vacation, holidays, and sick paid time off. Full-time salaried employees are immediately entitled to flexible time off. See more details about our Benefits here.

Netflix is a unique culture and environment. Learn more here.

Inclusion is a Netflix value and we strive to host a meaningful interview experience for all candidates. If you want an accommodation/adjustment for a disability or any other reason during the hiring process, please send a request to your recruiting partner.

We are an equal-opportunity employer and celebrate diversity, recognizing that diversity builds stronger teams. We approach diversity and inclusion seriously and thoughtfully. We do not discriminate on the basis of race, religion, color, ancestry, national origin, caste, sex, sexual orientation, gender, gender identity or expression, age, disability, medical condition, pregnancy, genetic makeup, marital status, or military service.

Job is open for no less than 7 days and will be removed when the position is filled.",7006,https://netflix.wd108.myworkdayjobs.com/Netflix/job/USA---Remote/Product-Manager--L5---Privacy---Data-Protection-Engineering_JR41373,,https://www.linkedin.com/jobs/view/4431531863,2026-09-02,200,Over 200 applicants,-13,matched,title,2026-09-17,2026-09-17T12:58:01,2026-09-17,,15,startDate+linkedin,false,0,,,,Regular,Product,2026-09-02,title,true,,,,,,
JR40096,"Engineering Manager, Privacy Infrastructure Engineering",Netflix,"Netflix, Inc.",Full time,Posted 2 Days Ago,2026-09-15,2,USA - Remote,1,USA - Remote,true,,United States of America,9a7a8705901e1001f30e535431110000,5,"At Netflix, our mission is to entertain the world. Together, we are writing the next episode - pushing the boundaries of storytelling, global fandom and making the unimaginable a reality. We are a dream team obsessed with the uncomfortable excitement of discovering what happens when you merge creativity, intuition and cutting-edge technology. Come be a part of what’s next.

The Team

Privacy & Data Protection Engineering (PDPE) at Netflix ensures responsible data use and provides confidence that privacy and security risks are managed across the company.  Within the PDPE organization, Privacy Infrastructure Engineering (PIE) partners cross-functionally with its peer groups (Privacy Engineering and Data Protection) and collaborates with teams across Netflix.

PIE drives privacy and data protection across the data lifecycle by developing and evaluating tooling. This includes development and onboarding of horizontal privacy solutions, automation of privacy rights management, and privacy/data protection risk measurement and mitigation.  They closely collaborate with a diverse set of stakeholders spanning Data Platform Infrastructure, Data Sciences Engineering, Security, Legal, and Product teams.

The Role

We’re looking for an Engineering Manager for PIE to lead a team of software engineers to develop and maintain privacy protective features and tools to meet regulatory requirements while driving data enablement for the business.  You will partner with PDPE leadership to define and execute a consumer-centric approach for data collection, consent, and privacy controls, seamlessly integrating these solutions into our complex data ecosystem.  Given the scale of the organization, this role will require development of strong partnerships across disciplines to develop solutions that add value for the organization and enable the product teams to focus on their core offerings by abstracting foundational privacy needs.

Desired Background and Skills

•
Proven leadership experience in managing software development teams and building privacy and/or security solutions, preferably in a large scale, data driven environment

•
Coached and managed high performing teams by providing feedback in an inclusive and growth-oriented manner to help individuals achieve their professional goals

•
Comfort with driving technical decisions in an ambiguous, fast-moving environment with competing priorities

•
Previous experience as a hands-on individual contributor, bringing deep technical credibility and practical insight to leadership decisions

•
Demonstrated risk mitigation and data enablement of privacy tooling through measured outcomes and metrics

•
System design and full stack development background with ability to delegate and empower team members with ownership

•
Deep understanding of privacy and security frameworks, data classification, data protection controls, and records retention

•
Strategic and pragmatic thinking for product strategy roadmaps to improve existing tooling for privacy rights management and metadata catalog management and scaling privacy solutions across the enterprise

•
Built tools for consent management, data use limitations, and/or data protection controls across the data life cycle

•
Effective cross-functional collaborator with a demonstrated ability to build strong partnerships and prioritize privacy initiatives across engineering, product, legal and security teams

•
Demonstrated experience using structured discovery of privacy gaps to inform prioritization and justify investment in mature privacy remediation programs

•
Enthusiasm for GenAI being a force multiplier for scaling privacy and data protection

Generally, our compensation structure consists solely of an annual salary; we do not have bonuses. You choose each year how much of your compensation you want in salary versus stock options. To determine your personal top of market compensation, we rely on market indicators and consider your specific job family, background, skills, and experience to determine your compensation in the market range. The range for this role is $510,000.00 - $752,000.00. This compensation range will vary based on location.

Netflix provides comprehensive benefits including Health Plans, Mental Health support, a 401(k) Retirement Plan with employer match, Stock Option Program, Disability Programs, Health Savings and Flexible Spending Accounts, Family-forming benefits, and Life and Serious Injury Benefits. We also offer paid leave of absence programs. Full-time hourly employees accrue 35 days annually for paid time off to be used for vacation, holidays, and sick paid time off. Full-time salaried employees are immediately entitled to flexible time off. See more details about our Benefits here.

Netflix is a unique culture and environment. Learn more here.

Inclusion is a Netflix value and we strive to host a meaningful interview experience for all candidates. If you want an accommodation/adjustment for a disability or any other reason during the hiring process, please send a request to your recruiting partner.

We are an equal-opportunity employer and celebrate diversity, recognizing that diversity builds stronger teams. We approach diversity and inclusion seriously and thoughtfully. We do not discriminate on the basis of race, religion, color, ancestry, national origin, caste, sex, sexual orientation, gender, gender identity or expression, age, disability, medical condition, pregnancy, genetic makeup, marital status, or military service.

Job is open for no less than 7 days and will be removed when the position is filled.",5611,https://netflix.wd108.myworkdayjobs.com/Netflix/job/USA---Remote/Engineering-Manager--Privacy-Infrastructure-Engineering_JR40096,,https://www.linkedin.com/jobs/view/4458490031,2026-08-29,116,116 applicants,-17,matched,title,2026-09-17,2026-09-17T12:58:02,2026-09-17,,19,startDate+linkedin,false,0,,,,Regular,Engineering,2026-08-29,title,false,,,,,,
AJRT30201,"AI Engineer 6 - AI Foundation & Tooling, Ads Platform",Netflix,"Netflix, Inc.",Full time,Posted 3 Days Ago,2026-09-14,3,USA - Remote,1,USA - Remote,true,,United States of America,9a7a8705901e1001f30e535431110000,5,"At Netflix, our mission is to entertain the world. Together, we are writing the next episode - pushing the boundaries of storytelling, global fandom and making the unimaginable a reality. We are a dream team obsessed with the uncomfortable excitement of discovering what happens when you merge creativity, intuition and cutting-edge technology. Come be a part of what’s next.

We launched a new ad-supported tier in November 2022 to offer our members more choice in how they consume their content. Our new tier allows us to attract new members at a lower price point, while also creating a compelling path for advertisers to reach audiences that are deeply engaged.

Our Team

The Ads Platform Engineering teams build advertising systems and integrations that powers the delivery of ads using our world class content delivery ecosystem. We use a number of Netflix investments and innovations to power our ads - unique mix of client and server side ad insertions, state of the art content delivery system, ad encoding recipes, content understanding and metadata etc. We deliver ads in a manner that’s thoughtful of our member’s viewing experience and drive great outcomes for advertisers. We also ensure that advertiser brand safety is ensured during serving, members only see the most appropriate ads for them.

About the Role

We're looking for a Staff AI Engineer to join us as the first dedicated AI engineer. Your core mission is to build the AI infrastructure and agentic workflows that transform how our team develops and operates software.

This is a greenfield opportunity. You won't be maintaining existing AI systems — you'll be designing and building them from scratch. Our team has active AI champions and early tooling already in production, but we need someone with deep hands-on experience to architect the foundational layer and accelerate our path to AI-native engineering. Our code footprint is reasonable today but expanding at an extraordinary pace; a core part of this role is striking the right balance between AI-driven speed and quality — shipping faster without accumulating slop, regressions, or accountability gaps.

This role focuses on applied AI — building production systems with existing models and tools, not training LLMs. You'll leverage large language models, agentic frameworks, and retrieval-augmented generation to solve real infrastructure and product problems, with a direct impact on how quickly and confidently the team can deliver in a competitive market.

What You’ll Do

AI Infrastructure & Agentic Workflows

•
Architect and build a centralized context layer that gives AI agents grounded, team-specific knowledge

•
Design and implement agentic workflows for the full development lifecycle: AI-assisted code generation, automated test creation, PR pre-review, and deployment validation

•
Build AI-powered operational workflows — automated incident triage, log and metric correlation, root cause analysis, and guided resolution

•
Develop multi-agent orchestration where parallel agents handle implementation, testing, and documentation as coordinated workflows

•
Set up standardized AI development environments so every engineer can work in an AI-first workflow from day one

•
Drive team-wide AI adoption through hands-on enablement — pairing sessions, architecture reviews, workflow demonstrations, and continuous feedback loops

Skills & experience we’re seeking:

•
3+ years of significant  focus on applied AI systems

•
Proven experience building and deploying agentic AI systems in production — agent architectures, tool integration, orchestration, and evaluation frameworks

•
Hands-on experience setting up AI infrastructure for end-to-end software development workflows (AI coding assistants, context engineering, automated testing)

•
Strong software engineering fundamentals — you build production-grade systems, not just prototypes

•
Deep experience with retrieval-augmented generation — document indexing, embedding strategies, retrieval pipelines, and grounding techniques

•
Proficiency in Python and/or JVM languages

•
Demonstrated ability to drive technical adoption across a team — you can demonstrate value, build trust through pairing and architecture reviews, and bring engineers along on new workflows

Nice to haves:

•
Prior experience as the first or early AI engineer on a team — standing up AI capabilities where none previously existed, with the ownership and initiative of an early-stage environment

•
Familiarity with LLM application patterns: context engineering, tool use / function calling, structured outputs, multi-agent coordination, and evaluation / hill-climbing methodologies

•
Experience integrating AI into CI/CD pipelines (automated PR review, test generation, deployment validation)

•
Background in building operational tooling — incident response automation, log analysis, diagnostic workflows

Generally, our compensation structure consists solely of an annual salary; we do not have bonuses. You choose each year how much of your compensation you want in salary versus stock options. To determine your personal top of market compensation, we rely on market indicators and consider your specific job family, background, skills, and experience to determine your compensation in the market range. The range for this role is $600,000.00 - $1,066,000.00. This compensation range will vary based on location.

Netflix provides comprehensive benefits including Health Plans, Mental Health support, a 401(k) Retirement Plan with employer match, Stock Option Program, Disability Programs, Health Savings and Flexible Spending Accounts, Family-forming benefits, and Life and Serious Injury Benefits. We also offer paid leave of absence programs. Full-time hourly employees accrue 35 days annually for paid time off to be used for vacation, holidays, and sick paid time off. Full-time salaried employees are immediately entitled to flexible time off. See more details about our Benefits here.

Netflix is a unique culture and environment. Learn more here.

Inclusion is a Netflix value and we strive to host a meaningful interview experience for all candidates. If you want an accommodation/adjustment for a disability or any other reason during the hiring process, please send a request to your recruiting partner.

We are an equal-opportunity employer and celebrate diversity, recognizing that diversity builds stronger teams. We approach diversity and inclusion seriously and thoughtfully. We do not discriminate on the basis of race, religion, color, ancestry, national origin, caste, sex, sexual orientation, gender, gender identity or expression, age, disability, medical condition, pregnancy, genetic makeup, marital status, or military service.

Job is open for no less than 7 days and will be removed when the position is filled.",6829,https://netflix.wd108.myworkdayjobs.com/Netflix/job/USA---Remote/Software-Engineer-6---Ads-Platform-Engineering_AJRT30201,,,,,,,no_match,,2026-09-17,,2026-09-17,,3,startDate,false,0,,,,Regular,Data Science & Analytics,2026-09-14,,false,,,,,,
JR41202,"Manager, Member Innovation - Data Engineering",Netflix,"Netflix, Inc.",Full time,Posted 3 Days Ago,2026-09-14,3,USA - Remote,1,USA - Remote,true,,United States of America,4b15c3bdb7e910020025cb25a5d60000,5,"At Netflix, our mission is to entertain the world. Together, we are writing the next episode - pushing the boundaries of storytelling, global fandom and making the unimaginable a reality. We are a dream team obsessed with the uncomfortable excitement of discovering what happens when you merge creativity, intuition and cutting-edge technology. Come be a part of what’s next.

We are looking for an experienced leader to help lead the Member Innovation Data Engineering team.  This team will work in close partnership with Data Scientists and Product Managers to support new innovation on the Netflix Product.   You will help influence and guide projects from end-to-end: ideation to production.

To be successful in this role, you need to be a strong people leader; be great at giving and receiving feedback, fostering new ideas, and empowering others. You also need strong data and engineering backgrounds, to be a quick and data-driven learner, and have the ability to lead large multi-disciplinary, cross-functional teams.

Responsibilities:

•
Vision: You intuitively understand business and technology and you leverage that to guide a team by providing relevant context and inspiration.

•
Team Building: You are constantly on the lookout for talent and have a knack for recognizing and attracting top-tier engineers to your team. You understand the importance of building an amazing team that is additive and diverse, and the value it brings to the overall company.  Just as important as recruiting, you develop connections with the team and help them flourish in their roles, so the team retains its best talent.

•
Feedback & Development: You will coach and guide employees through their strengths and weaknesses through regular feedback.

•
Partnership: You will continue to establish strong relationships with both business and technical leaders across Netflix.

Skills & Characteristics:

•
You are a strong people leader who also demonstrates humility. You care deeply about people, and their success. You invest in your relationships, so that you have an understanding of the whole person and their perspective.

•
You’re not afraid of tough conversations, and are experienced in coaching your colleagues through difficult situations.  You are comfortable sharing your perspective on challenging people dynamics.

•
You seek to de-escalate tense situations, and are creative & flexible in finding balance with partners to maximize impact.

•
You are a strong communicator, and self-aware about how others perceive your comments. As someone in a leadership role you aim to be assertive, not passive nor aggressive, in providing input, support, and feedback.

•
You are forward-looking and able to anticipate the investments Netflix should be making to improve efficiency, innovation, and alignment. You identify areas for continuous improvement, and persistently advocate for action to address them.

•
You’re allergic to micromanagement. You prefer to give context, delegate, and watch amazing people exceed your hopes and expectations.

Preferred Requirements:

•
You have strong business intuition, product sense, and analytic chops.

•
You have 8+ years of experience in data engineering.  You have strong programming (at least 1 major language) and SQL experience in your background.

•
You have 4+ years of engineering leadership experience.

•
You have worked in a technical role with a large scale consumer facing digital company.

•
You have a MS in Computer Science/Engineering, or related field.

•
You have strong experience with distributed data processing technologies (i.e. Spark/Hadoop, etc.)

Generally, our compensation structure consists solely of an annual salary; we do not have bonuses. You choose each year how much of your compensation you want in salary versus stock options. To determine your personal top of market compensation, we rely on market indicators and consider your specific job family, background, skills, and experience to determine your compensation in the market range. The range for this role is $446,000.00 - $752,000.00. This compensation range will vary based on location.

Netflix provides comprehensive benefits including Health Plans, Mental Health support, a 401(k) Retirement Plan with employer match, Stock Option Program, Disability Programs, Health Savings and Flexible Spending Accounts, Family-forming benefits, and Life and Serious Injury Benefits. We also offer paid leave of absence programs. Full-time hourly employees accrue 35 days annually for paid time off to be used for vacation, holidays, and sick paid time off. Full-time salaried employees are immediately entitled to flexible time off. See more details about our Benefits here.

Netflix is a unique culture and environment. Learn more here.

Inclusion is a Netflix value and we strive to host a meaningful interview experience for all candidates. If you want an accommodation/adjustment for a disability or any other reason during the hiring process, please send a request to your recruiting partner.

We are an equal-opportunity employer and celebrate diversity, recognizing that diversity builds stronger teams. We approach diversity and inclusion seriously and thoughtfully. We do not discriminate on the basis of race, religion, color, ancestry, national origin, caste, sex, sexual orientation, gender, gender identity or expression, age, disability, medical condition, pregnancy, genetic makeup, marital status, or military service.

Job is open for no less than 7 days and will be removed when the position is filled.",5555,https://netflix.wd108.myworkdayjobs.com/Netflix/job/USA---Remote/Manager--Member-Innovation---Data-Engineering_JR41202,,,,,,,no_match,,2026-09-17,,2026-09-17,,3,startDate,false,0,,,,Regular,Data Science & Analytics,2026-09-14,,false,,,,,,
JR42273,Staff Data Engineer (L6) - Ads,Netflix,"Netflix, Inc.",Full time,Posted 3 Days Ago,2026-09-14,3,USA - Remote,1,USA - Remote,true,,United States of America,4b15c3bdb7e910020025cb25a5d60000,5,"At Netflix, our mission is to entertain the world. Together, we are writing the next episode - pushing the boundaries of storytelling, global fandom and making the unimaginable a reality. We are a dream team obsessed with the uncomfortable excitement of discovering what happens when you merge creativity, intuition and cutting-edge technology. Come be a part of what’s next.

About the team

Ads Data Engineering is at the core of building a data ecosystem that powers Netflix's understanding and decision-making about the impact of ads on our business. This team builds rich, connected, and easily accessible data products spanning ad inventory, forecasting, targeting, ad serving, pacing, measurement, and more.

We're looking for a Staff Data Engineer to help set the technical bar for the entire Ads DE org. This isn't a role focused on a single team or domain; it's about shaping how all of our ad data systems fit together, helping different teams land on coherent, scalable approaches, and serving as a thought partner to our engineering leaders as the business and data landscape continue to evolve.

Who are you?

•
A seasoned technologist with 15+ years building data-foundation, backend, or data engineering systems, someone other engineers naturally look to for direction.

•
You've spent real time in advertising or ad-tech data, and while your depth may run deepest in one domain, you're comfortable moving across several.

•
You've built trust and driven technical direction across organizational lines, not just within your own team, and you've done it in more than one company or role.

•
You've lived through the messy middle of a major platform migration or data products’ journey from 0 to 1 and 1 to 100, and you have the scars and the instincts to show for it.

•
You approach and design data as a product for the business with focus on users, quality, and measurable impact; You build data foundations as flywheels to unlock impact across the business, well beyond just orchestrating pipelines and serving analytics workflows.

•
You take data privacy and governance seriously, not as a checkbox, but as something you've actually built for.

•
You're a clear, thoughtful communicator who can translate technical nuance for engineers and business context for leaders, often in the same conversation.

•
You're comfortable with ambiguity, and just as comfortable helping a room of smart, opinionated engineers land on a shared answer.

•
You genuinely enjoy helping other engineers grow, and see that as just as core to the job as your own technical output.

What will you do?

•
Set technical direction and design coherence across the entire Ads Data Engineering org, connecting the dots between domains rather than optimizing just one.

•
Weigh in on and help resolve cross-domain design decisions, helping teams converge on approaches that scale across the org, not just within a single team.

•
Partner closely with the Ads DE director and DE managers as a senior technical voice, bridging technical strategy with broader business priorities.

•
Mentor and coach data engineers across the org, helping them grow technically and adopt AI and emerging tools and technologies.

•
Build strong partnerships with senior engineers on our data platform and D&I teams, contributing to and shaping horizontal and platform-wide efforts.

•
Help define what AI-native data engineering looks like for Ads DE as the function continues to evolve.

•
You will be the primary technical voice in partnerships with Ads Platform Engineering, Ads Data Science, and Product; Your impact will be at the Ads level, not at the sub-domain or pipeline-level.

What (ideally) do you know?

•
Modern data stacks end-to-end: ingestion, processing, storage, and serving.

•
Ad-tech systems and data flows, ideally with direct exposure to domains like bidding, measurement, or attribution.

•
Large-scale distributed data systems such as Spark, Kafka, or columnar stores.

•
The latest in AI and agentic technologies as they apply to data engineering.

•
A graduate degree in Computer Science with a data focus is a plus, as is experience formally mentoring engineers on their technical growth.

Generally, our compensation structure consists solely of an annual salary; we do not have bonuses. You choose each year how much of your compensation you want in salary versus stock options. To determine your personal top of market compensation, we rely on market indicators and consider your specific job family, background, skills, and experience to determine your compensation in the market range. The range for this role is $510,000.00 - $820,000.00. This compensation range will vary based on location.

Netflix provides comprehensive benefits including Health Plans, Mental Health support, a 401(k) Retirement Plan with employer match, Stock Option Program, Disability Programs, Health Savings and Flexible Spending Accounts, Family-forming benefits, and Life and Serious Injury Benefits. We also offer paid leave of absence programs. Full-time hourly employees accrue 35 days annually for paid time off to be used for vacation, holidays, and sick paid time off. Full-time salaried employees are immediately entitled to flexible time off. See more details about our Benefits here.

Netflix is a unique culture and environment. Learn more here.

Inclusion is a Netflix value and we strive to host a meaningful interview experience for all candidates. If you want an accommodation/adjustment for a disability or any other reason during the hiring process, please send a request to your recruiting partner.

We are an equal-opportunity employer and celebrate diversity, recognizing that diversity builds stronger teams. We approach diversity and inclusion seriously and thoughtfully. We do not discriminate on the basis of race, religion, color, ancestry, national origin, caste, sex, sexual orientation, gender, gender identity or expression, age, disability, medical condition, pregnancy, genetic makeup, marital status, or military service.

Job is open for no less than 7 days and will be removed when the position is filled.",6123,https://netflix.wd108.myworkdayjobs.com/Netflix/job/USA---Remote/Staff-Data-Engineer--L6----Ads_JR42273,,https://www.linkedin.com/jobs/view/4461177985,2026-09-04,101,101 applicants,-10,matched,title,2026-09-17,2026-09-17T12:58:04,2026-09-17,,13,startDate+linkedin,false,0,,,,Regular,Data Science & Analytics,2026-09-04,title,false,,,,,,
JR39846,Data Engineer (L6) - Ads (Signals and Measurement),Netflix,"Netflix, Inc.",Full time,Posted 3 Days Ago,2026-09-14,3,USA - Remote,1,USA - Remote,true,,United States of America,9a7a8705901e1001f30e535431110000,5,"At Netflix, our mission is to entertain the world. Together, we are writing the next episode - pushing the boundaries of storytelling, global fandom and making the unimaginable a reality. We are a dream team obsessed with the uncomfortable excitement of discovering what happens when you merge creativity, intuition and cutting-edge technology. Come be a part of what’s next.

About the Team

Ads Data Engineering is at the core of building a data ecosystem that powers Netflix's understanding and decision-making about the impact of ads on our business. This team builds rich, connected, and easily accessible data products spanning ad inventory, forecasting, targeting, ad serving, pacing, and more. This role will lead the Ads Signals & Measurement team across three core areas:

•
Conversion & Attribution: Building the data and attribution capabilities that connect advertising exposure to outcomes, powering conversion measurement and ML-based optimization.

•
Measurement Data Foundations: Building the data foundations that power our first-party measurement solutions across the full funnel, including incrementality, lift, experimentation, and third-party measurement studies.

•
Audience Onboarding & Identity: Enabling audience onboarding, identity resolution, and rich signal generation to power audience and targeting solutions.

Horizontally, the team connects these areas through a data flywheel where signals, identity, measurement, attribution, and optimization continuously reinforce one another. This role sits at the intersection of these domains, ensuring they come together as a cohesive data ecosystem that powers both measurement and performance optimization. We're looking for a Staff Data Engineer to help set the technical bar and lead teams across these domains.

Who are you?

•
A seasoned technologist with 12+ years building data-foundation, backend, or data engineering systems, someone other engineers naturally look to for direction.

•
You've spent real time in advertising or ad-tech data, specifically in domains like Ads identity graph, measurement, targeting, and while your depth may run deepest in one domain, you're comfortable moving across several.

•
You've built trust and driven technical direction across organizational lines, not just within your own team, and you've done it in more than one company or role.

•
You take data privacy and governance seriously, not as a checkbox, but as something you've actually built for.

•
You're a clear, thoughtful communicator who can translate technical nuance for engineers and business context for leaders, often in the same conversation.

•
You're comfortable with ambiguity, and just as comfortable helping a room of smart, opinionated engineers land on a shared answer.

•
You genuinely enjoy helping other engineers grow, and see that as just as core to the job as your own technical output.

What will you do?

•
Set technical direction and design coherence across the various orgs, connecting the dots between domains rather than optimizing just one.

•
Weigh in on and help resolve cross-domain design decisions, helping teams converge on approaches that scale across the org, not just within a single team.

•
Mentor and coach data engineers, helping them grow technically and adopt AI and emerging tools and technologies.

•
Build strong partnerships with senior engineers on our data platform and D&I teams, contributing to and shaping horizontal and platform-wide efforts.

What (ideally) do you know?

•
Modern data stacks end-to-end: ingestion, processing, storage, and serving.

•
Ad-tech systems and data flows, ideally with direct exposure to at least 2 domains across measurement, attribution, identity , audience, targeting

•
Large-scale distributed data systems such as Spark, Kafka, or columnar stores.

•
The latest in AI and agentic technologies as they apply to data engineering.

•
A graduate degree in Computer Science with a data focus is a plus, as is experience formally mentoring engineers on their technical growth.

Generally, our compensation structure consists solely of an annual salary; we do not have bonuses. You choose each year how much of your compensation you want in salary versus stock options. To determine your personal top of market compensation, we rely on market indicators and consider your specific job family, background, skills, and experience to determine your compensation in the market range. The range for this role is $510,000.00 - $820,000.00. This compensation range will vary based on location.

Netflix provides comprehensive benefits including Health Plans, Mental Health support, a 401(k) Retirement Plan with employer match, Stock Option Program, Disability Programs, Health Savings and Flexible Spending Accounts, Family-forming benefits, and Life and Serious Injury Benefits. We also offer paid leave of absence programs. Full-time hourly employees accrue 35 days annually for paid time off to be used for vacation, holidays, and sick paid time off. Full-time salaried employees are immediately entitled to flexible time off. See more details about our Benefits here.

Netflix is a unique culture and environment. Learn more here.

Inclusion is a Netflix value and we strive to host a meaningful interview experience for all candidates. If you want an accommodation/adjustment for a disability or any other reason during the hiring process, please send a request to your recruiting partner.

We are an equal-opportunity employer and celebrate diversity, recognizing that diversity builds stronger teams. We approach diversity and inclusion seriously and thoughtfully. We do not discriminate on the basis of race, religion, color, ancestry, national origin, caste, sex, sexual orientation, gender, gender identity or expression, age, disability, medical condition, pregnancy, genetic makeup, marital status, or military service.

Job is open for no less than 7 days and will be removed when the position is filled.",5972,https://netflix.wd108.myworkdayjobs.com/Netflix/job/USA---Remote/Data-Engineer--L6----Ads--Signals-and-Measurement-_JR39846,,https://www.linkedin.com/jobs/view/4462269761,2026-09-08,160,160 applicants,-6,matched,title,2026-09-17,2026-09-17T12:53:09,2026-09-17,,9,startDate+linkedin,false,0,,,,Regular,Data Science & Analytics,2026-09-08,title,false,,,,,,
JR41548,Data Scientist 4- Interactive Discovery,Netflix,"Netflix, Inc.",Full time,Posted 6 Days Ago,2026-09-11,6,USA - Remote,1,USA - Remote,true,,United States of America,4b15c3bdb7e910020025cb25a5d60000,5,"At Netflix, our mission is to entertain the world. Together, we are writing the next episode - pushing the boundaries of storytelling, global fandom and making the unimaginable a reality. We are a dream team obsessed with the uncomfortable excitement of discovering what happens when you merge creativity, intuition and cutting-edge technology. Come be a part of what’s next.

Messaging is Netflix’s most personal, 1:1 touchpoint with our members across off-platform channels such as email and push notifications, as well as in-product channels like interstitials.  The scope of Messaging spans across many use cases: promoting catalog discovery, supporting commerce and member lifecycle moments, driving engagement, deepening brand affinity, and handling business-critical communications.

The Team: Messaging DSE

As part of the Messaging Data Science & Engineering team, you will build the data, analytics, and experimentation systems behind who gets which message, when, through which channel, and whether it is worth sending.  Doing this well means millions of members discover something they love or need, at exactly the right moment.

We are seeking a Data Scientist with a strong background in experimentation and causal inference to lead the day-to-day partnership between Messaging DSE and our Consumer Messaging Program team (i.e. our team of CRM experts).  You will collaborate closely with CMP and other cross-functional colleagues such as Product, Algos, and Engineering to design rigorous tests, exercise judgment on what counts as sufficient evidence to validate a hypothesis, and build the measurement frameworks that help the broader Messaging org move faster and with more confidence.

In this role, you will:

•
Design and run rigorous A/B tests evaluating Messaging strategies (including channel, timing, content, and targeting) with a sharp eye for statistical validity and business relevance

•
Exercise causal inference techniques when a clean test isn’t feasible, so the team can still make confident calls in situations where standard experimentation frameworks don’t apply

•
Help define and evolve Messaging’s experimentation standards and measurement framework, developing a shared playbook that lets the broader team run tests with high rigor

•
Own the code, data pipelines, and dataset enrichment your analyses depend on, so results are reliable and stakeholders can act on them with confidence

•
Automate recurring analysis work such as test reads, experiment dashboards, and messaging campaign health checks, turning one-off requests into self-serve tools and repeatable workflows for the team

•
Set the tone for the day-to-day partnership between Messaging DSE and CMP, translating open-ended business asks into well-scoped projects, and bringing data-grounded recommendations to inform future strategies

•
Build data solutions that could scale as Messaging innovates and expands into new business verticals (e.g. Live, Games) or channels

To be successful in this role, you have:

•
At least 3 years of relevant experience, with demonstrated strength in experimentation and causal inference

•
Hands-on experience designing and analyzing experiments, with comfort applying causal inference and measurement techniques beyond vanilla A/B tests

•
Exceptional communication skills with technical and non-technical audiences, able to influence your partners using clear actionable insights and recommendations

•
Strong thought partnership, able to own direct relationships with stakeholders and build credibility through clarity and judgment

•
Ability to translate ambiguous asks into clear data science solutions to influence the business

•
Strong SQL and Python skills, including building dashboards and automations that improve team efficiency and surface insights

•
Good judgment to balance between addressing stakeholder or test-specific needs and investing in scalable solutions to serve general use cases

•
Ability to work independently, drive your own projects end-to-end, and thrive in ambiguous situations

Additionally, an exceptional candidate will have:

•
Experience with CRM, messaging/lifecycle marketing, or campaign analytics

•
Experience with algorithms as a product

•
PhD/Masters degree in Statistics, Economics, Computer Science, Mathematics, or a related quantitative field

•
Familiarity with Gen AI productivity tools

Generally, our compensation structure consists solely of an annual salary; we do not have bonuses. You choose each year how much of your compensation you want in salary versus stock options. To determine your personal top of market compensation, we rely on market indicators and consider your specific job family, background, skills, and experience to determine your compensation in the market range. The range for this role is $280,000.00 - $421,000.00. This compensation range will vary based on location.

Netflix provides comprehensive benefits including Health Plans, Mental Health support, a 401(k) Retirement Plan with employer match, Stock Option Program, Disability Programs, Health Savings and Flexible Spending Accounts, Family-forming benefits, and Life and Serious Injury Benefits. We also offer paid leave of absence programs. Full-time hourly employees accrue 35 days annually for paid time off to be used for vacation, holidays, and sick paid time off. Full-time salaried employees are immediately entitled to flexible time off. See more details about our Benefits here.

Netflix is a unique culture and environment. Learn more here.

Inclusion is a Netflix value and we strive to host a meaningful interview experience for all candidates. If you want an accommodation/adjustment for a disability or any other reason during the hiring process, please send a request to your recruiting partner.

We are an equal-opportunity employer and celebrate diversity, recognizing that diversity builds stronger teams. We approach diversity and inclusion seriously and thoughtfully. We do not discriminate on the basis of race, religion, color, ancestry, national origin, caste, sex, sexual orientation, gender, gender identity or expression, age, disability, medical condition, pregnancy, genetic makeup, marital status, or military service.

Job is open for no less than 7 days and will be removed when the position is filled.",6317,https://netflix.wd108.myworkdayjobs.com/Netflix/job/USA---Remote/Data-Scientist-4--Marketplace-Valuation_JR41548,,,,,,,no_match,,2026-09-17,,2026-09-17,,6,startDate,false,0,,,,Regular,Data Science & Analytics,2026-09-11,,false,,,,,,
JR42409,Product Manager - Enterprise Support,Netflix,"Netflix, Inc.",Full time,Posted 6 Days Ago,2026-09-11,6,USA - Remote,1,USA - Remote,true,,United States of America,4b15c3bdb7e910020025cb25a5d60000,5,"At Netflix, our mission is to entertain the world. Together, we are writing the next episode - pushing the boundaries of storytelling, global fandom and making the unimaginable a reality. We are a dream team obsessed with the uncomfortable excitement of discovering what happens when you merge creativity, intuition and cutting-edge technology. Come be a part of what’s next.

The N-Tech Product team is focused on building enterprise solutions to drive productivity, efficiency and effectiveness of our customers, both through traditional product and eSass technology We are user-obsessed and build tools that make the business thrive, and our focus on internal productivity covers many cross-cutting teams at Netflix.

We are looking for a Product Manager to join the team and help build our next generation of enterprise applications focused on collaboration technology space with experience in enterprise SaaS products. In this role, you will own and manage a portfolio of enterprise products, lead product strategy, partner with teams who lead tactical project execution, creatively solve business problems, have a keen eye for product design and cross-functionally collaborate with designers, engineers, stakeholders and other product managers to build scalable and secure products.

About You:

You are a curious and creative product leader who thrives in ambiguity and brings clarity to complex problems spanning multiple platforms, workflows, and teams. You balance strategic thinking with a bias toward execution and can lead products from discovery through launch and adoption. You use customer insights and data to identify opportunities, make thoughtful tradeoffs, and create intuitive product experiences. You understand how support platforms, automation, data, and AI can work together to improve self-service, agent productivity, and the employee support experience. You are skilled at managing stakeholders, building cross-functional alignment, and communicating effectively with engineers, operational partners, customers, and executives.

Responsibilities:

•
Create product roadmaps and work closely with engineering, design, support operations, data, and business stakeholders to prioritize and deliver new products and enhancements.

•
Manage products through their full lifecycle, from discovery and concept development through iterative delivery, launch, adoption, continuous improvement, migration, and deprecation.

•
Use customer insights and data to prioritize the opportunities that deliver the greatest employee and business impact and to measure whether products are achieving their intended outcomes.

•
Build alignment across teams with different needs and priorities, communicate tradeoffs clearly, and lead product discussions with engineering, operational partners, and senior leaders.Develop a deep understanding of the internal support product you will own and create an enduring vision to improve the employee and support-agent experience.

•
Own the product strategy and roadmap across internal tools such as Slack, Zendesk, and Jira and the integrations connecting these platforms.

•
Partner with support teams, employees, and other stakeholders to understand customer needs, identify pain points, and validate product opportunities through research, data, and feedback.

•
Define and improve the data foundation needed to understand support demand, identify recurring issues, measure product performance, and provide actionable insights to support teams.

Requirements:

•
5+ years of product management experience leading enterprise or consumer products.

•
Experience managing products through the full lifecycle, from discovery and requirements through development, testing, launch, adoption, and continuous improvement.

•
Ability to understand complex systems and workflows and create simple, intuitive experiences across multiple products and teams.

•
Experience using customer insights, data, and metrics to identify opportunities, prioritize investments, and measure product outcomes.

•
Ability to balance near-term delivery with a longer-term product vision and make thoughtful tradeoffs across competing priorities.

•
Experience partnering closely with engineering, design, data, operations, and business stakeholders.

•
Strong analytical, problem-solving, written, and verbal communication skills.

•
Experience with support technology, workflow automation, or AI-powered products is a plus.

Generally, our compensation structure consists solely of an annual salary; we do not have bonuses. You choose each year how much of your compensation you want in salary versus stock options. To determine your personal top of market compensation, we rely on market indicators and consider your specific job family, background, skills, and experience to determine your compensation in the market range. The range for this role is $310,000.00 - $545,000.00. This compensation range will vary based on location.

Netflix provides comprehensive benefits including Health Plans, Mental Health support, a 401(k) Retirement Plan with employer match, Stock Option Program, Disability Programs, Health Savings and Flexible Spending Accounts, Family-forming benefits, and Life and Serious Injury Benefits. We also offer paid leave of absence programs. Full-time hourly employees accrue 35 days annually for paid time off to be used for vacation, holidays, and sick paid time off. Full-time salaried employees are immediately entitled to flexible time off. See more details about our Benefits here.

Netflix is a unique culture and environment. Learn more here.

Inclusion is a Netflix value and we strive to host a meaningful interview experience for all candidates. If you want an accommodation/adjustment for a disability or any other reason during the hiring process, please send a request to your recruiting partner.

We are an equal-opportunity employer and celebrate diversity, recognizing that diversity builds stronger teams. We approach diversity and inclusion seriously and thoughtfully. We do not discriminate on the basis of race, religion, color, ancestry, national origin, caste, sex, sexual orientation, gender, gender identity or expression, age, disability, medical condition, pregnancy, genetic makeup, marital status, or military service.

Job is open for no less than 7 days and will be removed when the position is filled.",6383,https://netflix.wd108.myworkdayjobs.com/Netflix/job/USA---Remote/Product-Manager---Employee-Support---Knowledge_JR42409,,,,,,,no_match,,2026-09-17,,2026-09-17,,6,startDate,false,0,,,,Regular,Product,2026-09-11,,false,,,,,,
JR42518,"Systems Analyst, CS Workforce Management",Netflix,"Netflix, Inc.",Full time,Posted 7 Days Ago,2026-09-10,7,USA - Remote,1,USA - Remote,true,,United States of America,4b15c3bdb7e910020025cb25a5d60000,0,"At Netflix, our mission is to entertain the world. Together, we are writing the next episode - pushing the boundaries of storytelling, global fandom and making the unimaginable a reality. We are a dream team obsessed with the uncomfortable excitement of discovering what happens when you merge creativity, intuition and cutting-edge technology. Come be a part of what’s next.

Summary of the Role

The Systems Analyst, CS Workforce Management, plays a critical role in supporting and optimizing the global Workforce Management (WFM) platform and its integrated ecosystem of tools. This individual contributor partners closely with cross-functional stakeholders—including Operations, CS Product & Tech, Engineering, and Data Science—to ensure the stability, accuracy, and continuous improvement of WFM applications across Netflix’s global Customer Service landscape.

The successful candidate will be responsible for the administration, configuration, and ongoing enhancement of the WFM platform, supporting integration efforts, validating data, and providing Tier 1 troubleshooting and support for internal and external users. This highly technical role is essential for maintaining data integrity, driving operational efficiencies, and enabling scalable solutions that align with business objectives.

Responsibilities

•
Administer, maintain, and optimize the global Netflix WFM platform, ensuring reliability and accuracy across integrated platforms and tools.

•
Collaborate with cross-functional teams to implement strategic initiatives, integrations, and system enhancements that support evolving business needs.

•
Support the integration of third-party adjuncts and internal tools into the WFM platform, including requirements gathering, validation, troubleshooting, and ongoing support.

•
Validate and reconcile data from upstream sources (e.g., ACD, CRM, Data Warehouse) to ensure accuracy and integrity within the WFM system; partner with Data & Reporting and Data Science teams to resolve discrepancies.

•
Provide Tier 1 technical support and troubleshooting of the WFM platform for internal stakeholders and external partners, escalating complex issues as needed.

•
Manage user provisioning, licensing, and profile audits, maintaining security and compliance standards.

•
Develop, document, and continuously improve team standards, procedures, and best practices.

•
Serve as a technical advisor and subject matter expert to the workforce management community, fostering strong relationships with business partners, IT peers, and third-party vendors.

•
Stay current with industry trends, system upgrades, and emerging technologies to proactively recommend improvements.

•
Contribute to a collaborative, inclusive, and innovative team culture, supporting enterprise architects, infrastructure, support, and other IT teams.

Qualifications and Competencies

•
BA/BS degree or equivalent work experience in a systems/application support or analysis role.

•
3+ years’ experience working with third-party WFM Contact Center applications (Calabrio, NICE IEX, Aspect WFM, Verint, Teleopti, etc.) or equivalent application support experience .

•
Experience using a third-party contact routing platform (Avaya, Genesis, Sprinklr).

•
Experience with or exposure to Generative AI (e.g., LLMs) and prompt engineering for data analysis, forecasting, reporting, process automation or similar.

•
Expert-level Google sheets /Excel skills (complex calculations, pivot tables, external data links)

•
Demonstrated ability to gather, combine, and validate complex data from multiple sources.

•
Proven troubleshooting and problem-solving skills; ability to work effectively in a fast-paced, evolving environment.

•
Excellent communication and relationship-building skills; experience collaborating with cross-functional teams and external partners.

•
Commitment to continuous improvement, innovation, and supporting a culture of accountability and inclusion.

Generally, our compensation structure consists solely of an annual salary; we do not have bonuses. You choose each year how much of your compensation you want in salary versus stock options. To determine your personal top of market compensation, we rely on market indicators and consider your specific job family, background, skills, and experience to determine your compensation in the market range. The range for this role is $95,000.00 - $147,000.00. This compensation range will vary based on location.

Netflix provides comprehensive benefits including Health Plans, Mental Health support, a 401(k) Retirement Plan with employer match, Stock Option Program, Disability Programs, Health Savings and Flexible Spending Accounts, Family-forming benefits, and Life and Serious Injury Benefits. We also offer paid leave of absence programs. Full-time hourly employees accrue 35 days annually for paid time off to be used for vacation, holidays, and sick paid time off. Full-time salaried employees are immediately entitled to flexible time off. See more details about our Benefits here.

Netflix is a unique culture and environment. Learn more here.

Inclusion is a Netflix value and we strive to host a meaningful interview experience for all candidates. If you want an accommodation/adjustment for a disability or any other reason during the hiring process, please send a request to your recruiting partner.

We are an equal-opportunity employer and celebrate diversity, recognizing that diversity builds stronger teams. We approach diversity and inclusion seriously and thoughtfully. We do not discriminate on the basis of race, religion, color, ancestry, national origin, caste, sex, sexual orientation, gender, gender identity or expression, age, disability, medical condition, pregnancy, genetic makeup, marital status, or military service.

Job is open for no less than 7 days and will be removed when the position is filled.",5897,https://netflix.wd108.myworkdayjobs.com/Netflix/job/USA---Remote/Systems-Analyst--CS-Workforce-Management_JR42518,,,,,,,no_match,,2026-09-17,,2026-09-17,,7,startDate,false,0,,,,Regular,Customer Service,2026-09-10,,false,,,,,,
JR42222,"AI Research Scientist 4 - Generative Models, Recommender Systems",Netflix,"Netflix, Inc.",Full time,Posted 8 Days Ago,2026-09-09,8,USA - Remote,1,USA - Remote,true,,United States of America,4b15c3bdb7e910020025cb25a5d60000,5,"At Netflix, our mission is to entertain the world. Together, we are writing the next episode - pushing the boundaries of storytelling, global fandom and making the unimaginable a reality. We are a dream team obsessed with the uncomfortable excitement of discovering what happens when you merge creativity, intuition and cutting-edge technology. Come be a part of what’s next.

The Promotional Assets & Creative Technology AIMS team is at the forefront of Netflix's efforts to effectively promote titles and enhance the content discovery experience. We are looking for a seasoned Machine Learning Scientist to design and develop innovative Machine Learning (ML) solutions. In this rare opportunity, you will have the chance to define the direction for algorithmic strategies and spearhead the execution of ML solutions and ultimately shape how titles are promoted on Netflix and discovered by our members.

Responsibilities

•
Track advancements in LLM and generative model research, and translate them into concrete opportunities for the problem space we are working on.

•
Apply state-of-the-art techniques to high-impact problems such as summarization quality and building LLM-based evaluators (""judges"") that assess whether generated content meets quality bars.

•
Lead end-to-end ML development on these problems: research, model training, and evaluation.

•
Optimize generated content for member impact, treating content generation and audience targeting as coupled problems — drawing on recommendation systems thinking to ensure generated assets are optimized for the members they're meant to reach.

•
Partner with ML scientists and engineers to integrate models into business applications and platforms.

•
Translate complex technical concepts for both technical and non-technical stakeholders to inform strategic decisions.

•
Act as a subject matter expert, working cross-functionally to identify high-impact opportunities and define and execute roadmaps.

•
Engage with the ML community, internal and external, to learn, to teach, and to contribute to building a great Netflix brand.

About you

•
Demonstrated habit of tracking the LLM/generative model literature and a knack for spotting which advances are relevant to real business problems.

•
Strong foundation in ML and Deep Learning, especially in Natural Language Processing / Understanding and Generation. Research experience in summarization or generated-text evaluation (e.g., LLM-as-judge methods) is a big plus; background in vision models such as diffusion models is a plus.

•
Expertise in one or more LLM post-training approaches.

•
Experience with recommendation systems, personalization, or other member-facing optimization systems is a strong plus.

Generally, our compensation structure consists solely of an annual salary; we do not have bonuses. You choose each year how much of your compensation you want in salary versus stock options. To determine your personal top of market compensation, we rely on market indicators and consider your specific job family, background, skills, and experience to determine your compensation in the market range. The range for this role is $300,000.00 - $537,000.00. This compensation range will vary based on location.

Netflix provides comprehensive benefits including Health Plans, Mental Health support, a 401(k) Retirement Plan with employer match, Stock Option Program, Disability Programs, Health Savings and Flexible Spending Accounts, Family-forming benefits, and Life and Serious Injury Benefits. We also offer paid leave of absence programs. Full-time hourly employees accrue 35 days annually for paid time off to be used for vacation, holidays, and sick paid time off. Full-time salaried employees are immediately entitled to flexible time off. See more details about our Benefits here.

Netflix is a unique culture and environment. Learn more here.

Inclusion is a Netflix value and we strive to host a meaningful interview experience for all candidates. If you want an accommodation/adjustment for a disability or any other reason during the hiring process, please send a request to your recruiting partner.

We are an equal-opportunity employer and celebrate diversity, recognizing that diversity builds stronger teams. We approach diversity and inclusion seriously and thoughtfully. We do not discriminate on the basis of race, religion, color, ancestry, national origin, caste, sex, sexual orientation, gender, gender identity or expression, age, disability, medical condition, pregnancy, genetic makeup, marital status, or military service.

Job is open for no less than 7 days and will be removed when the position is filled.",4663,https://netflix.wd108.myworkdayjobs.com/Netflix/job/USA---Remote/Machine-Learning-Scientist-4---Generative-Models--Evaluation_JR42222,,,,,,,no_match,,2026-09-17,,2026-09-17,,8,startDate,false,0,,,,Regular,Data Science & Analytics,2026-09-09,,false,,,,,,
JR42416,"Manager, Talent Knowledge Strategy & Governance",Netflix,"Netflix, Inc.",Full time,Posted 13 Days Ago,2026-09-04,13,USA - Remote,1,USA - Remote,true,,United States of America,4b15c3bdb7e910020025cb25a5d60000,1,"At Netflix, our mission is to entertain the world. Together, we are writing the next episode - pushing the boundaries of storytelling, global fandom and making the unimaginable a reality. We are a dream team obsessed with the uncomfortable excitement of discovering what happens when you merge creativity, intuition and cutting-edge technology. Come be a part of what’s next.

Where Talent Knowledge Stands Today

Across Talent, content ownership is scattered: GBPs (Global Business Practices, which are our centers of excellence) each own their own employee-facing content, and Employee Services owns their own FAQs and work instructions. Much of it lives on the Netflix Knowledge Platform (NKP), the system that hosts these sites, including the Netflix Resource Center (NRC), Talent's employee-facing intranet, with more business lines migrating over time. But the NKP doesn't belong to Talent, and a growing stack of system documentation lives outside it entirely. This role governs all of it, on the NKP and off, while our technology partner team owns the platform itself.

This is a founding role. You'd be the first to own knowledge governance for Talent, with a genuine greenfield to shape: building the shared taxonomy, the review lifecycle, the cross-GBP forum where these groups align, and the AI-readiness plan that makes this content work with the search tools employees reach for first. You get to define what good looks like from the ground up.

The Role

This is part strategist, part librarian. You'll own the governance model, content standards, taxonomy, and indexing for Talent's knowledge estate, on the NKP and off, and you'll shape the longer-term strategy for how that knowledge supports the company at scale. Day-to-day, that means balancing hands-on knowledge operations (structure, tagging, findability) with the strategic work of defining how governance should function across Talent. You'll also be the bridge between Talent's content and the AI tools that surface it, understanding how search and retrieval consume knowledge and staying ahead of where those tools are heading so our content is built for them rather than catching up. That includes designing workflows where AI can proactively surface content gaps and produce first-draft material.

Because Talent has never had this function, a big part of the job is influence without authority: the GBP leads who own the content don't report to you, so getting standards adoption is a constant, active push. The role comes with an executive sponsor (the Talent Tech & Operations Senior Director) and a leadership-endorsed mandate, so adoption is expected and backed from above rather than something you generate alone, and part of the job is building and sustaining that senior-leader alignment as the model evolves. You'll also define and build the team this function needs, like editors and other roles as the work demands.

Responsibilities Include, But Are Not Limited To

•
Design and own Talent's content governance strategy and operating rhythms: the standards, content lifecycle, longer-term vision, and the recurring reviews that keep each live NKP site's content and standards current, all applied by GBPs, their stewards, and Employee Services to their own content

•
Own the taxonomy, information architecture, and indexing for the Netflix Resource Center and the wider Talent knowledge estate, so content is organized, discoverable, and usable across Talent

•
Make Talent's knowledge AI-ready and keep it that way as the tools evolve: structure content (metadata, tagging, chunking, consistent Q&A formatting, no stale duplicates) for accurate retrieval, and stay ahead of how AI search consumes content so the estate is built for where those tools are heading

•
Partner with GBP stewards and subject-matter experts to turn policy-heavy material into user-friendly, searchable content, through standards and feedback and by designing AI-assisted workflows that identify gaps and generate first-draft content for stewards to review and finalize, rather than authoring finished content yourself

•
Take a product-minded, metrics-driven approach to content strategy: track knowledge health (search failure rate, deflection, first-contact resolution, staleness, self-service CSAT), stand up a feedback loop with employees and content owners, and use both to decide what to build, retire, or rewrite

•
Revive and run the cross-GBP alignment forum, building and sustaining alignment with GBP leaders and senior stakeholders and drawing on the executive sponsor when adoption stalls

•
Define and build the team this function needs (e.g., editors and other roles), scaling it as the work grows

•
Act as a key stakeholder in the technology partner team's NKP roadmap, giving input on platform capabilities, user experience, and metrics so the platform supports the knowledge model

•
Own the roadmap for bringing the remaining business units onto the NKP (a new site for Eyeline, and library expansions for Animation [NAS and NSA] and Inkubator), applying the model built for NRC rather than rebuilding it per site

•
Design the guardrails and quality bar for AI-assisted content workflows (gap identification, first-draft generation, review routing), so any pipeline the technology partner team or a separate initiative builds meets Talent's standards for accuracy and tone before content reaches a steward for finalization

Basic Qualifications

•
8+ years in knowledge management, content strategy, information architecture, or HR/People Ops enablement, including time owning strategy rather than only executing it

•
Experience building or running content governance in a federated org where you don't hold authority over the teams producing the content

•
Experience building or leading a team, or standing up a new function from scratch

•
A product-minded, metrics-driven approach, using search analytics, deflection, CSAT, and similar signals to drive content decisions

•
Comfort with ambiguity, since this function isn't built yet and you'll be building much of it

•
Experience making content AI-ready, or a track record adapting knowledge for new search and automation tools

•
Experience designing AI-assisted content workflows (agents surfacing gaps or drafting content for human review), or a strong, specific point of view on how to design this well

Preferred Qualifications

•
Knowledge-Centered Service (KCS) or a similar content governance framework

•
Experience negotiating standards adoption with autonomous or semi-autonomous business units, not just influencing peers who share your reporting line

•
Familiarity with HR Shared Services or Tier 1/2 support environments

•
Experience integrating or onboarding new business units onto a shared platform or taxonomy

•
Experience with internal Search Engine Optimization (SEO), Answer Engine Optimization (AEO), or optimizing content for AI-driven search and answer engines

Generally, our compensation structure consists solely of an annual salary; we do not have bonuses. You choose each year how much of your compensation you want in salary versus stock options. To determine your personal top of market compensation, we rely on market indicators and consider your specific job family, background, skills, and experience to determine your compensation in the market range. The range for this role is $184,000.00 - $330,000.00. This compensation range will vary based on location.

Netflix provides comprehensive benefits including Health Plans, Mental Health support, a 401(k) Retirement Plan with employer match, Stock Option Program, Disability Programs, Health Savings and Flexible Spending Accounts, Family-forming benefits, and Life and Serious Injury Benefits. We also offer paid leave of absence programs. Full-time hourly employees accrue 35 days annually for paid time off to be used for vacation, holidays, and sick paid time off. Full-time salaried employees are immediately entitled to flexible time off. See more details about our Benefits here.

Netflix is a unique culture and environment. Learn more here.

Inclusion is a Netflix value and we strive to host a meaningful interview experience for all candidates. If you want an accommodation/adjustment for a disability or any other reason during the hiring process, please send a request to your recruiting partner.

We are an equal-opportunity employer and celebrate diversity, recognizing that diversity builds stronger teams. We approach diversity and inclusion seriously and thoughtfully. We do not discriminate on the basis of race, religion, color, ancestry, national origin, caste, sex, sexual orientation, gender, gender identity or expression, age, disability, medical condition, pregnancy, genetic makeup, marital status, or military service.

Job is open for no less than 7 days and will be removed when the position is filled.",8870,https://netflix.wd108.myworkdayjobs.com/Netflix/job/USA---Remote/Manager--Talent-Knowledge-Strategy---Governance_JR42416-1,,,,,,,no_match,,2026-09-17,,2026-09-17,,13,startDate,true,1,,,,Regular,Program Management,2026-09-04,,false,,,,,,
JR42412,Software Engineer 4 - Media Encoding Pipelines,Netflix,"Netflix, Inc.",Full time,Posted 15 Days Ago,2026-09-02,15,USA - Remote,1,USA - Remote,true,,United States of America,4b15c3bdb7e910020025cb25a5d60000,5,"At Netflix, our mission is to entertain the world. Together, we are writing the next episode - pushing the boundaries of storytelling, global fandom and making the unimaginable a reality. We are a dream team obsessed with the uncomfortable excitement of discovering what happens when you merge creativity, intuition and cutting-edge technology. Come be a part of what’s next.

The mission of Encoding Technologies is to deliver the best A/V experiences to our members and our studio customers via media innovations. A critical component for achieving this goal is highly scalable, cloud-based encoding pipelines that support generating media assets in various formats and quality levels and propagating media metadata associated with these assets across the surrounding ecosystem.

The Media Encoding Pipelines team focuses on developing such infrastructure to support workflow orchestration, metadata publishing, task prioritization, and catalog management. In recent years, our scope has expanded from supporting the on-demand streaming service to ads, free-to-air broadcast television, video podcasts, and more. We are looking for talented engineers to join our team and elevate our system to the next level.

You will be successful in this role if you:

•
Are a quick learner and excited about learning new technologies

•
Passionate about automated testing, code quality and engineering best practices

•
Thrive in an environment with lots of context and minimal guidance

•
Enjoy collaborating with both technical and non-technical partners from cross-functional teams and have excellent communication skills

•
Enjoy taking full ownership of projects from conception to production

Qualifications:

•
2+ years of working experience

•
Proficient in Java and OO design principles

•
Experience in designing and developing large-scale distributed systems

•
Experience with cloud computing platforms such as Amazon AWS

•
Experience in media encoding system development is a plus

Generally, our compensation structure consists solely of an annual salary; we do not have bonuses. You choose each year how much of your compensation you want in salary versus stock options. To determine your personal top of market compensation, we rely on market indicators and consider your specific job family, background, skills, and experience to determine your compensation in the market range. The range for this role is $250,000.00 - $413,000.00. This compensation range will vary based on location.

Netflix provides comprehensive benefits including Health Plans, Mental Health support, a 401(k) Retirement Plan with employer match, Stock Option Program, Disability Programs, Health Savings and Flexible Spending Accounts, Family-forming benefits, and Life and Serious Injury Benefits. We also offer paid leave of absence programs. Full-time hourly employees accrue 35 days annually for paid time off to be used for vacation, holidays, and sick paid time off. Full-time salaried employees are immediately entitled to flexible time off. See more details about our Benefits here.

Netflix is a unique culture and environment. Learn more here.

Inclusion is a Netflix value and we strive to host a meaningful interview experience for all candidates. If you want an accommodation/adjustment for a disability or any other reason during the hiring process, please send a request to your recruiting partner.

We are an equal-opportunity employer and celebrate diversity, recognizing that diversity builds stronger teams. We approach diversity and inclusion seriously and thoughtfully. We do not discriminate on the basis of race, religion, color, ancestry, national origin, caste, sex, sexual orientation, gender, gender identity or expression, age, disability, medical condition, pregnancy, genetic makeup, marital status, or military service.

Job is open for no less than 7 days and will be removed when the position is filled.",3918,https://netflix.wd108.myworkdayjobs.com/Netflix/job/USA---Remote/Software-Engineer-4---Media-Encoding-Pipelines_JR42412,,https://www.linkedin.com/jobs/view/4460468183,2026-09-03,200,Over 200 applicants,1,matched,title,2026-09-17,2026-09-17T12:53:08,2026-09-17,,15,startDate,true,0,,,,Regular,Engineering,2026-09-02,,true,,,,,,
JR42411,Analytics Engineer 5 - Cloud Games Infrastructure Data Products,Netflix,"Netflix, Inc.",Full time,Posted 15 Days Ago,2026-09-02,15,USA - Remote,1,USA - Remote,true,,United States of America,4b15c3bdb7e910020025cb25a5d60000,5,"At Netflix, our mission is to entertain the world. Together, we are writing the next episode - pushing the boundaries of storytelling, global fandom and making the unimaginable a reality. We are a dream team obsessed with the uncomfortable excitement of discovering what happens when you merge creativity, intuition and cutting-edge technology. Come be a part of what’s next.

Our cloud games offering is an incredible opportunity to deliver new experiences that delight and entertain our growing membership.  You will be joining us at an exciting time as we roll out more games on our cloud service and be in a position to help us redefine what a Netflix subscription means for our members around the world.

This analytics engineering role owns the datasets produced by the systems that power the cloud games experience, spanning areas such as the quality of experience (QoE) members have when they play and the capacity and utilization of the infrastructure that delivers it. This role will build the metrics, tooling, and data products that make this data trustworthy, discoverable, and self-service, and operationalize them across the business to drive prioritization of the highest-impact opportunities.  You will join the team of Analytics Engineers, Data Scientists, and Data Engineers who partner closely with the infrastructure engineering teams to turn telemetry into self-service data products that guide how the business invests in its cloud gaming infrastructure.

What you’ll do:

•
Partner closely with our engineering teams to develop deep expertise in how the cloud gaming infrastructure works, across both quality of experience and capacity and utilization, and understand how data, analytics, experimentation, and algorithms can drive improvements to its performance and how we invest in it.

•
Own the analytic data layer and the data products (pipelines, tables, dashboards, AI agents, tooling, and self-service assets) that turn our QoE framework and our capacity and utilization characterization into reliable insights for partners.

•
Work across the entire data stack, including telemetry extension and logging, data modeling, metrics development, visualization, and insights generation, to drive alignment of resources against the most important problems in this space.

•
Build toward self-service access rather than ad hoc delivery, and ensure what the team publishes is trustworthy, well-documented, and maintainable over time.

•
Independently identify and drive the highest-leverage investments across the cloud games infrastructure data domain.

You have:

•
Passion for solving real-world problems through analytics, tooling, and visualization, and an eye for independently identifying new, impactful analytic opportunities.

•
Expertise in SQL (Trino, Spark SQL), programming (e.g., Python), ETL, and data warehousing concepts at scale.  Previous dbt experience as a bonus.

•
An appetite for learning and adopting AI capabilities as a means to supercharge your workflow, paired with the judgment to know when their output is trustworthy and explainable enough to act on.

•
Curiosity to pursue deep expertise in data science and engineering with a detailed understanding of distributed systems engineering and networking.

•
Experience developing pipelines of moderate complexity on massive telemetry data sets, with the ability to effectively partner with data engineering teams, building more scalable solutions for the most important use cases.

•
Strong judgment about where to invest, the discipline to keep sight of the bigger picture, and a bias toward durable, scalable capability over one-off outputs.

•
Experience building strong partnerships and communicating technical and analytical concepts clearly and concisely among audiences at many different levels.

•
Comfort with ambiguity and the ability to thrive with minimal oversight and process.

•
Embodied the Netflix values while bringing a new perspective to continue improving our culture.

Generally, our compensation structure consists solely of an annual salary; we do not have bonuses. You choose each year how much of your compensation you want in salary versus stock options. To determine your personal top of market compensation, we rely on market indicators and consider your specific job family, background, skills, and experience to determine your compensation in the market range. The range for this role is $330,000.00 - $566,000.00. This compensation range will vary based on location.

Netflix provides comprehensive benefits including Health Plans, Mental Health support, a 401(k) Retirement Plan with employer match, Stock Option Program, Disability Programs, Health Savings and Flexible Spending Accounts, Family-forming benefits, and Life and Serious Injury Benefits. We also offer paid leave of absence programs. Full-time hourly employees accrue 35 days annually for paid time off to be used for vacation, holidays, and sick paid time off. Full-time salaried employees are immediately entitled to flexible time off. See more details about our Benefits here.

Netflix is a unique culture and environment. Learn more here.

Inclusion is a Netflix value and we strive to host a meaningful interview experience for all candidates. If you want an accommodation/adjustment for a disability or any other reason during the hiring process, please send a request to your recruiting partner.

We are an equal-opportunity employer and celebrate diversity, recognizing that diversity builds stronger teams. We approach diversity and inclusion seriously and thoughtfully. We do not discriminate on the basis of race, religion, color, ancestry, national origin, caste, sex, sexual orientation, gender, gender identity or expression, age, disability, medical condition, pregnancy, genetic makeup, marital status, or military service.

Job is open for no less than 7 days and will be removed when the position is filled.",5926,https://netflix.wd108.myworkdayjobs.com/Netflix/job/USA---Remote/Analytics-Engineer-5---Cloud-Games-Infrastructure-Data-Products_JR42411,,https://www.linkedin.com/jobs/view/4460431108,2026-09-02,191,191 applicants,0,matched,title,2026-09-17,2026-09-17T12:58:05,2026-09-17,,15,startDate,true,0,,,,Regular,Data Science & Analytics,2026-09-02,,false,,,,,,
JR40610,Software Engineer 6 - Ads Account Foundations,Netflix,"Netflix, Inc.",Full time,Posted 15 Days Ago,2026-09-02,15,USA - Remote,1,USA - Remote,true,,United States of America,9a7a8705901e1001f30e535431110000,5,"At Netflix, our mission is to entertain the world. Together, we are writing the next episode - pushing the boundaries of storytelling, global fandom and making the unimaginable a reality. We are a dream team obsessed with the uncomfortable excitement of discovering what happens when you merge creativity, intuition and cutting-edge technology. Come be a part of what’s next.

We launched a new ad-supported tier in November 2022 and we are now in the third season of ads.

Our new tier allows us to offer our members more choice in how they consume content, attract new members at a lower price point, and create a compelling path for advertisers to reach deeply engaged audiences. We are well into year four of our advertising journey with more exciting things to come!

Our Team

Our team is new yet faces the enormous ambition of building highly performant advertising systems and delivering high impact to our business by monetizing our incredible slate of content. As one of the newest entrants in the rapidly growing Connected TV advertising space, we seek to build unique value propositions that help us differentiate from the competition and become a market leader in record time.

The Ads Platform Engineering org builds advertising systems and integrations that power ad delivery using our world-class content delivery ecosystem. We use a number of Netflix investments and innovations to power our ads, a unique mix of client and server-side ad insertions, state-of-the-art content delivery systems, ad encoding recipes, content understanding and metadata, and more. We deliver ads in a manner that's thoughtful of our members' viewing experience and drive great outcomes for advertisers.

The Account Foundations team owns the accounts domain for Netflix Ads, i.e the system that defines who our advertisers are, what they're eligible for, and how they transact. It sounds like table stakes, but we don't have a lot of the moving pieces in place yet. Today, account data is scattered across systems, hierarchies are incomplete, and too much of what should be automated is still done manually. Every team building on top of advertiser data, such as sales workflows, media planning, programmatic integrations, and packaging, runs into these gaps. Our job is to fix that from the ground up and make sure it doesn't become a problem again, as the business scales.

We're working across four areas:

•
Core Accounts: We're rebuilding the account data model that can actually represent how advertisers and agencies are structured in the real world, representing HoldCo hierarchies, brand relationships, and multi-tier agency structures with strong governance being enforced. This also enables the creation of externalized APIs, allowing advertisers and agencies to view and manage their accounts as we move into a world of agenctic buying.

•
Account Intelligence: We're building the enrichment layer to identify who our advertisers are, where they spend their advertising budget, how they're structured, and whether our internal data matches reality.

•
Account Cohort and Verification Automation: Cohort assignment and identity verification are both manual today and both scale linearly with advertiser growth. Handling these problems at scale in an automated manner will be one of the key drivers of our long term success.

•
Spend Attribution: We are building an automated attribution engine to accurately map programmatic spend from DSPs and map it with the corresponding advertisers, agencies, and ad accounts across supply channels.

The work is foundational, which means it's both high leverage and high stakes, as well as a truly zero-to-one space. The architectural decisions we make now will be load-bearing for every team in Netflix Ads for years. If you're drawn to problems where getting the architecture right the first time actually matters, this is the team for you.

We are looking for highly motivated engineers working in the advertising space who are excited to join us on this journey.

Skills & experience we’re seeking:

•
7+ years of experience building cloud-based applications with modern programming languages

•
4+ years of experience in Ads domain on demand side systems

•
Broad knowledge of ad tech and advertising landscape, programmatic advertising, and digital marketing trends.

•
Experience in building multi-tenant, API-first services, including REST/GraphQL best practices, versioning/backward-compatibility concerns, and spec-driven design patterns (OpenAPI, Avro, Protobuf).

•
Familiarity with API Gateway patterns around authentication, authorization, rate limiting, load shedding, and ingress control.

•
Familiarity with Object/Entity lifecycle management and data governance associated with it.

•
Operational excellence experience with customer-facing APIs, including SLO tracking, incident management, and observability tooling,

•
Ability to thrive in a fast-paced, dynamic environment and manage multiple priorities effectively.

•
Excellent communication, negotiation, and relationship-building skills.

Nice to haves:

•
Contributed to an ads industry technology standard (e.g  VAST, OpenRTB) or worked on an industry consortium effort, working group etc.

•
Working knowledge of AI/ML/genAI techniques and an ability to apply them to the account management lifecycle or API reliability monitoring.

•
Early experience with customer-facing MCP concerns, such as defining tools contracts,  security concerns (prompt injection, data exfiltration), and integration with other AI agents.

•
Experience working in the CTV space and knowledge of its unique constraints

Generally, our compensation structure consists solely of an annual salary; we do not have bonuses. You choose each year how much of your compensation you want in salary versus stock options. To determine your personal top of market compensation, we rely on market indicators and consider your specific job family, background, skills, and experience to determine your compensation in the market range. The range for this role is $499,000.00 - $820,000.00. This compensation range will vary based on location.

Netflix provides comprehensive benefits including Health Plans, Mental Health support, a 401(k) Retirement Plan with employer match, Stock Option Program, Disability Programs, Health Savings and Flexible Spending Accounts, Family-forming benefits, and Life and Serious Injury Benefits. We also offer paid leave of absence programs. Full-time hourly employees accrue 35 days annually for paid time off to be used for vacation, holidays, and sick paid time off. Full-time salaried employees are immediately entitled to flexible time off. See more details about our Benefits here.

Netflix is a unique culture and environment. Learn more here.

Inclusion is a Netflix value and we strive to host a meaningful interview experience for all candidates. If you want an accommodation/adjustment for a disability or any other reason during the hiring process, please send a request to your recruiting partner.

We are an equal-opportunity employer and celebrate diversity, recognizing that diversity builds stronger teams. We approach diversity and inclusion seriously and thoughtfully. We do not discriminate on the basis of race, religion, color, ancestry, national origin, caste, sex, sexual orientation, gender, gender identity or expression, age, disability, medical condition, pregnancy, genetic makeup, marital status, or military service.

Job is open for no less than 7 days and will be removed when the position is filled.",7554,https://netflix.wd108.myworkdayjobs.com/Netflix/job/USA---Remote/Software-Engineer-6---Ads-Account-Foundations_JR40610,,https://www.linkedin.com/jobs/view/4411510207,2026-08-29,200,Over 200 applicants,-4,matched,title,2026-09-17,2026-09-17T12:52:05,2026-09-17,,19,startDate+linkedin,true,0,,,,Regular,Engineering,2026-08-29,title,true,,,,,,
JR36476,Software Engineer (L7) - Application Networking,Netflix,"Netflix, Inc.",Full time,Posted 15 Days Ago,2026-09-02,15,USA - Remote,1,USA - Remote,true,,United States of America,9a7a8705901e1001f30e535431110000,5,"At Netflix, our mission is to entertain the world. Together, we are writing the next episode - pushing the boundaries of storytelling, global fandom and making the unimaginable a reality. We are a dream team obsessed with the uncomfortable excitement of discovering what happens when you merge creativity, intuition and cutting-edge technology. Come be a part of what’s next.

About the Team:

Application Networking is how everything at Netflix talks to everything else; the front door for external traffic entering the Netflix cloud and the fabric for every service-to-service call across the fleet. We build and operate the systems that make every interaction secure by default, forming the intelligence, identity, and access-enforcement layer across users, services, and agents. We solve problems no one in the industry has hit before us, often in the open, building on and contributing back to the technologies that define this space. At internet scale, we sit in the critical path of every business that drives Netflix's top line, from Streaming to Live, Ads, and Gaming, at the foundation of a seamless experience for 325M subscribers.

About the Role:

As “Group Tech Lead” of the Application Networking organization, you'll partner with Engineering Leads to set multi-year product and technical strategy for the organization. That strategy shapes outcomes across every business vertical Netflix runs, from SVOD to Live, Ads, and Gaming. You'll take on Netflix's hardest problems, forging the architectural path for the communication backbone that connects services to each other, devices to the cloud, and partners to Netflix, across both consumer and enterprise traffic. It's the layer that delivers every stream at global scale, securing every form of identity along the way, from users to services to agents. Your influence extends beyond your own roadmap, shaping where stakeholders and the broader organization invest.

What Sets You Apart:

•
A track record of setting technical direction and influencing architecture across organizations, including with peer teams who don't report to you.

•
Demonstrated experience in architecting, building, and operating foundational distributed systems or platforms at massive scale.

•
A history of identifying and pursuing high-impact opportunities in ambiguous, undefined problem spaces.

•
Experience shaping or contributing to open-source communities, or building systems that set standards others adopt.

•
A track record of elevating the most senior engineers around you and setting the technical bar others follow.

•
Experience communicating effectively across engineering, product, and executive audiences.

Want to know more about our team?

•
Envoy @Netflix

•
Zero Configuration Service Mesh with On-Demand Cluster Discovery

•
Keeping Netflix Reliable Using Prioritized Load Shedding

•
Evolution of Edge @Netflix

•
Show Must Go On: Securing Netflix Studios At Scale

•
Curbing connection churn in Zuul

•
How Netflix uses eBPF Flow logs

Generally, our compensation structure consists solely of an annual salary; we do not have bonuses. You choose each year how much of your compensation you want in salary versus stock options. To determine your personal top of market compensation, we rely on market indicators and consider your specific job family, background, skills, and experience to determine your compensation in the market range. The range for this role is $737,000.00 - $1,430,000.00. This compensation range will vary based on location.

Netflix provides comprehensive benefits including Health Plans, Mental Health support, a 401(k) Retirement Plan with employer match, Stock Option Program, Disability Programs, Health Savings and Flexible Spending Accounts, Family-forming benefits, and Life and Serious Injury Benefits. We also offer paid leave of absence programs. Full-time hourly employees accrue 35 days annually for paid time off to be used for vacation, holidays, and sick paid time off. Full-time salaried employees are immediately entitled to flexible time off. See more details about our Benefits here.

Netflix is a unique culture and environment. Learn more here.

Inclusion is a Netflix value and we strive to host a meaningful interview experience for all candidates. If you want an accommodation/adjustment for a disability or any other reason during the hiring process, please send a request to your recruiting partner.

We are an equal-opportunity employer and celebrate diversity, recognizing that diversity builds stronger teams. We approach diversity and inclusion seriously and thoughtfully. We do not discriminate on the basis of race, religion, color, ancestry, national origin, caste, sex, sexual orientation, gender, gender identity or expression, age, disability, medical condition, pregnancy, genetic makeup, marital status, or military service.

Job is open for no less than 7 days and will be removed when the position is filled.",4942,https://netflix.wd108.myworkdayjobs.com/Netflix/job/USA---Remote/Software-Engineer--L7----Application-Networking_JR36476,,,,,,,no_match,,2026-09-17,,2026-09-17,,15,startDate,true,0,,,,Regular,Engineering,2026-09-02,,false,,,,,,
JR41415,AI Research Scientist 4/5 -  Generative Models,Netflix,"Netflix, Inc.",Full time,Posted 15 Days Ago,2026-09-02,15,USA - Remote,1,USA - Remote,true,,United States of America,4b15c3bdb7e910020025cb25a5d60000,5,"At Netflix, our mission is to entertain the world. Together, we are writing the next episode - pushing the boundaries of storytelling, global fandom and making the unimaginable a reality. We are a dream team obsessed with the uncomfortable excitement of discovering what happens when you merge creativity, intuition and cutting-edge technology. Come be a part of what’s next.

At Netflix, our mission is to connect global stories with audiences worldwide. When a Netflix member opens our app, we have a few precious moments to help them choose a story or a game that is right for them at that instance. Presenting them evidence (e.g. Artwork, Trailers, Synopses) that authentically represents each title and resonates with the member is essential to this effort.

The Promotional Assets & Creative Technology AIMS team is at the forefront of Netflix's efforts to effectively promote titles and enhance the content discovery experience. Our team partners closely with Netflix's world-class creative writing teams to amplify and scale promotional writing for our members. We are looking for a seasoned Machine Learning Scientist to design and develop innovative Machine Learning (ML) solutions. In this rare opportunity, you will have the chance to define the direction for algorithmic strategies and spearhead the execution of ML solutions and ultimately shape how titles are promoted on Netflix and discovered by our members.

Responsibilities:

•
Design rigorous experiments to test hypotheses, from setup through statistical validation — e.g., comparing two summary-generation algorithms with limited sample sizes, accounting for experimental limitations, and drawing sound conclusions.

•
Translate complex technical concepts for both technical and non-technical stakeholders to inform strategic decisions.

•
Lead end-to-end ML development: research, model training, and evaluation.

•
Partner with ML scientists and engineers to integrate models into business applications and platforms.

•
Act as a subject matter expert, working cross-functionally to identify high-impact opportunities and define and execute roadmaps.

•
Track advancements in the field and apply them to improve the promotional writing experience for members.

•
Engage with the ML community, internal and external, to learn, to teach, and to contribute to building a great Netflix brand.

About you:

•
Track record of designing, running, and analyzing rigorous experiments — from hypothesis formation through statistical validation of results.

•
Strong foundation in ML and Deep Learning, especially in Natural Language Processing / Understanding and Generation. Research experience in summarization or generated-text evaluation is a big plus; background in vision models such as diffusion models is a plus.

•
Expertise in one or more LLM post-training approaches.

•
Strong programming skills in Python, with experience in common ML/DL frameworks such as PyTorch or TensorFlow.

•
PhD (preferred) or MSc in ML, Computer Science, or a related field.

•
Proven track record of bringing clarity and leading ambitious roadmaps to solve complex problems.

•
Exceptional communication and collaboration skills, and passionate about positively contributing to the team and company culture.

•
Comfortable with ambiguity, able to take ownership, and able to thrive with minimal oversight or process.

Generally, our compensation structure consists solely of an annual salary; we do not have bonuses. You choose each year how much of your compensation you want in salary versus stock options. To determine your personal top of market compensation, we rely on market indicators and consider your specific job family, background, skills, and experience to determine your compensation in the market range. The range for this role is $466,000.00 - $750,000.00. This compensation range will vary based on location.

Netflix provides comprehensive benefits including Health Plans, Mental Health support, a 401(k) Retirement Plan with employer match, Stock Option Program, Disability Programs, Health Savings and Flexible Spending Accounts, Family-forming benefits, and Life and Serious Injury Benefits. We also offer paid leave of absence programs. Full-time hourly employees accrue 35 days annually for paid time off to be used for vacation, holidays, and sick paid time off. Full-time salaried employees are immediately entitled to flexible time off. See more details about our Benefits here.

Netflix is a unique culture and environment. Learn more here.

Inclusion is a Netflix value and we strive to host a meaningful interview experience for all candidates. If you want an accommodation/adjustment for a disability or any other reason during the hiring process, please send a request to your recruiting partner.

We are an equal-opportunity employer and celebrate diversity, recognizing that diversity builds stronger teams. We approach diversity and inclusion seriously and thoughtfully. We do not discriminate on the basis of race, religion, color, ancestry, national origin, caste, sex, sexual orientation, gender, gender identity or expression, age, disability, medical condition, pregnancy, genetic makeup, marital status, or military service.

Job is open for no less than 7 days and will be removed when the position is filled.",5305,https://netflix.wd108.myworkdayjobs.com/Netflix/job/USA---Remote/Machine-Learning-Scientist-4-5----Generative-Models_JR41415,,,,,,,no_match,,2026-09-17,,2026-09-17,,15,startDate,true,0,,,,Regular,Data Science & Analytics,2026-09-02,,false,,,,,,
JR42179,Software Engineer 5 - TV Client Foundations,Netflix,"Netflix, Inc.",Full time,Posted 16 Days Ago,2026-09-01,16,USA - Remote,1,USA - Remote,true,,United States of America,4b15c3bdb7e910020025cb25a5d60000,5,"At Netflix, our mission is to entertain the world. Together, we are writing the next episode - pushing the boundaries of storytelling, global fandom and making the unimaginable a reality. We are a dream team obsessed with the uncomfortable excitement of discovering what happens when you merge creativity, intuition and cutting-edge technology. Come be a part of what’s next.

The TV Client Foundations team aims to provide a holistic, world-class experience for creating TV applications, including Netflix’s flagship streaming app. We enable engineers to deliver product initiatives that bring joy to people worldwide by focusing on a high-quality, high-velocity, joyful developer experience.

We’re passionate about UI, ergonomics, performance, and high-quality developer experiences. We partner closely with UI Engineering, Design, Platform, and tooling teams to delight millions of customers worldwide on hundreds of different TV devices, from game consoles to smart TVs to cable boxes.

We celebrate diversity of identities, ideas, backgrounds, and experiences. We believe our best work stems from fostering safety & trust and enabling each of us to be our authentic selves. We selflessly use our unique strengths to support one another and help each other grow.

We have a distributed team with teammates across the US. While some of us are in person, the team is committed to ensuring remote work is a collaborative and productive experience for everyone, regardless of where you commit code.

The Role
This role will have the opportunity to enable a new generation of Netflix experiences by expanding the capabilities of our TV platform. This candidate should be skilled in designing performance-focused UI architectures to support numerous use cases, scale across 100+ engineers, efficiently manage resources, and enable new technology integrations. We’re looking for candidates who balance developer experience and ergonomics with performance, memory, and scalability. This candidate is comfortable applying systems thinking to application architecture and is actively engaged in the industry trends and technologies that support scalable software. This candidate thrives on diving into the inner workings of technologies to understand how they operate and improve their performance, memory, and interfaces.

You
Our team members excel when they are curious, growth-oriented, and collaborative. We take a customer-centric approach to our work, so listening, learning, and adapting are essential. We assume good intent and consistently seek to improve ourselves and our solutions. There are no absolutes, and we must remain flexible to meet the needs of our customers and the business, so “strong opinions loosely held” is a valued attribute within the team.
If this resonates with you, we’d love to talk!

Other useful experience:

• Performance & memory profiling

• TypeScript/JavaScript

• Experience with other languages (ex: C++)

• React, Preact, Inferno, etc

• GraphQL or similar data access solutions

• API design

What’s Different About Us:

• Scale, Impact: You’ll enable over 70 engineers to create best-in-class streaming UIs used by hundreds of millions of members across a broad spectrum of devices worldwide.

• Unique Technical Problems: While our stack is primarily JavaScript and TypeScript, you’ll build on our custom TV platform with unique constraints and capabilities.

• Collaboration and Communication: It’s not all about the tech. We highly value the skills required to build strong relationships and collaborate effectively.

• Freedom, Responsibility, Ownership: We believe in providing engineers with the business context they need and giving them the freedom and responsibility to define project scope, define/debate architecture, identify trade-offs, and figure out the implementation details.

• Our Culture: Lastly, but most importantly, we live by our values.

What Sets You Apart:

• You’re passionate about writing elegantly designed, maintainable, performant software.

• You enjoy pushing the boundaries of what technology can do and exploring uncharted waters.

• You love to empower other engineers and strive to understand their use cases.

• Colleagues appreciate the unique perspectives and balanced views you bring to collaborations.

• You value the perspective of others when identifying solutions.

• You know there is rarely one ‘right’ solution, and you make thoughtful trade-offs.

• You understand that our goal is to solve problems, and a language, framework, or library is a means to an end.

Generally, our compensation structure consists solely of an annual salary; we do not have bonuses. You choose each year how much of your compensation you want in salary versus stock options. To determine your personal top of market compensation, we rely on market indicators and consider your specific job family, background, skills, and experience to determine your compensation in the market range. The range for this role is $388,000.00 - $558,000.00. This compensation range will vary based on location.

Netflix provides comprehensive benefits including Health Plans, Mental Health support, a 401(k) Retirement Plan with employer match, Stock Option Program, Disability Programs, Health Savings and Flexible Spending Accounts, Family-forming benefits, and Life and Serious Injury Benefits. We also offer paid leave of absence programs. Full-time hourly employees accrue 35 days annually for paid time off to be used for vacation, holidays, and sick paid time off. Full-time salaried employees are immediately entitled to flexible time off. See more details about our Benefits here.

Netflix is a unique culture and environment. Learn more here.

Inclusion is a Netflix value and we strive to host a meaningful interview experience for all candidates. If you want an accommodation/adjustment for a disability or any other reason during the hiring process, please send a request to your recruiting partner.

We are an equal-opportunity employer and celebrate diversity, recognizing that diversity builds stronger teams. We approach diversity and inclusion seriously and thoughtfully. We do not discriminate on the basis of race, religion, color, ancestry, national origin, caste, sex, sexual orientation, gender, gender identity or expression, age, disability, medical condition, pregnancy, genetic makeup, marital status, or military service.

Job is open for no less than 7 days and will be removed when the position is filled.",6489,https://netflix.wd108.myworkdayjobs.com/Netflix/job/USA---Remote/Software-Engineer-5---TV-Client-Foundations_JR42179,,https://www.linkedin.com/jobs/view/4452863233,2026-09-09,200,Over 200 applicants,8,matched,title,2026-09-17,2026-09-17T12:51:59,2026-09-17,,16,startDate,true,0,,,,Regular,Engineering,2026-09-01,,true,,,,,,
JR42274,Software Engineer 5 - TV Product UI,Netflix,"Netflix, Inc.",Full time,Posted 16 Days Ago,2026-09-01,16,USA - Remote,1,USA - Remote,true,,United States of America,4b15c3bdb7e910020025cb25a5d60000,5,"At Netflix, our mission is to entertain the world. Together, we are writing the next episode - pushing the boundaries of storytelling, global fandom and making the unimaginable a reality. We are a dream team obsessed with the uncomfortable excitement of discovering what happens when you merge creativity, intuition and cutting-edge technology. Come be a part of what’s next.

TV Product engineers deliver novel product features on Netflix’s flagship TV application to help members discover and connect with stories they'll love. We partner with designers and product managers to define and refine concepts that will shape the future of entertainment on TV-connected devices. Our work delights millions of customers worldwide on hundreds of different devices, from streaming sticks to smart TVs to cable boxes.

We have a distributed team with teammates across the US. The team is committed to ensuring remote work is a collaborative and productive experience for everyone, regardless of where you commit code from.

Every day:

• Build state-of-the-art UI features on the leading TV app that pushes the boundaries of what’s possible on performance and memory constrained devices.

• Collaborate cross-functionally with product, design, algo, and other engineering partners to scope projects and build delightful user experiences. We validate our judgment by A/B testing product variants with real customers, instead of assuming we know what is best.

• Work on a code base that is TypeScript/JavaScript based, built with React Frameworks & Redux architecture fine-tuned for TV platforms, and tested with proprietary Jest-based automation frameworks.

• Own the quality of your features by writing testable code and crafting automation to validate functionality, in partnership with test engineers.

• Your work will have a direct and measurable impact on the business. Really.

What sets you apart:

• You have at least 6 years of experience working on consumer-facing products/apps.

• You have acted as a tech/project lead for large cross-functional projects

• You have built strong partnerships with Product and Design teams

• You are expert in JavaScript/TypeScript and UI architecture, and can navigate different languages and technology stacks (eg. Node.js, GraphQL, etc).

• You have a track record of carving a path when one does not exist

• You are curious about how members use our application and eager to build product features that entertain the world.

• Colleagues appreciate the unique perspectives and balanced views you bring to collaborations.

• You value the perspective of others when identifying solutions.

• You know there is rarely one ‘right’ solution, and you make thoughtful trade-offs.

• You have a strong sense of independence, bias towards action, and an inclination for collaboration.

Generally, our compensation structure consists solely of an annual salary; we do not have bonuses. You choose each year how much of your compensation you want in salary versus stock options. To determine your personal top of market compensation, we rely on market indicators and consider your specific job family, background, skills, and experience to determine your compensation in the market range. The range for this role is $320,000.00 - $500,000.00. This compensation range will vary based on location.

Netflix provides comprehensive benefits including Health Plans, Mental Health support, a 401(k) Retirement Plan with employer match, Stock Option Program, Disability Programs, Health Savings and Flexible Spending Accounts, Family-forming benefits, and Life and Serious Injury Benefits. We also offer paid leave of absence programs. Full-time hourly employees accrue 35 days annually for paid time off to be used for vacation, holidays, and sick paid time off. Full-time salaried employees are immediately entitled to flexible time off. See more details about our Benefits here.

Netflix is a unique culture and environment. Learn more here.

Inclusion is a Netflix value and we strive to host a meaningful interview experience for all candidates. If you want an accommodation/adjustment for a disability or any other reason during the hiring process, please send a request to your recruiting partner.

We are an equal-opportunity employer and celebrate diversity, recognizing that diversity builds stronger teams. We approach diversity and inclusion seriously and thoughtfully. We do not discriminate on the basis of race, religion, color, ancestry, national origin, caste, sex, sexual orientation, gender, gender identity or expression, age, disability, medical condition, pregnancy, genetic makeup, marital status, or military service.

Job is open for no less than 7 days and will be removed when the position is filled.",4756,https://netflix.wd108.myworkdayjobs.com/Netflix/job/USA---Remote/Software-Engineer-5---TV-Product-UI_JR42274,,https://www.linkedin.com/jobs/view/4459547557,2026-09-01,200,Over 200 applicants,0,matched,title,2026-09-17,2026-09-17T12:51:53,2026-09-17,,16,startDate,true,0,,,,Regular,Engineering,2026-09-01,,true,,,,,,
JR42334,"Visual Design Lead, Emerging Creative Live",Netflix,"Netflix, Inc.",Full time,Posted 17 Days Ago,2026-08-31,17,USA - Remote,1,USA - Remote,true,,United States of America,4b15c3bdb7e910020025cb25a5d60000,1,"At Netflix, our mission is to entertain the world. Together, we are writing the next episode - pushing the boundaries of storytelling, global fandom and making the unimaginable a reality. We are a dream team obsessed with the uncomfortable excitement of discovering what happens when you merge creativity, intuition and cutting-edge technology. Come be a part of what’s next.

About The Opportunity

Come join the Emerging Creative (ECXD) Live creative team at Netflix as we invent what live events look and feel like for a global audience. In this role, you will be a key contributor in building out our design language for live event graphics, directly impacting how millions of fans experience our live moments.

About the Team

We are a team that prioritizes culture just as much as the final product. You’re stepping into an environment where we lean on listening and learning equally, ensuring that every teammate feels supported both in the work and beyond it.

Culture Requirements:

•
Radical Selflessness: We carry ourselves with a dedication to making the work experience as good as possible for everyone involved.

•
Curiosity: We value leaders and teammates who showcase constant curiosity and a ""helpful yet independent"" point of view.

•
Nimble Collaboration: We expect our team to be nimble and helpful as our properties evolve, riding the line between high-pressure asks and sustainable solutions.

•
Mentorship and Growth: Our highest priority is helping one another grow and expand our influence, acting as consistent educators to those around us.

•
A ""We"" over ""Me"" Mentality: We are thoughtful teammates who working tirelessly to set each other up for success

About the Role

We are seeking a Visual Design Lead who is both hands-on and directorial: someone who can get into the work and lead it at the same time. This is a role for a world-builder. Someone who can take our brand DNA and shape it into a fully realized environment that feels immersive and unmistakably Netflix. It isn't only about mastering software, it's about setting a direction sharp enough that everyone building around it lands in the same world, whether you're executing the work yourself or directing it on a sketchpad before a single pixel exists. Build design systems sustainable enough to endure past the moment they were made for, and adaptable enough to flex as new sports, formats, and genres join the Netflix Live slate.

This role also carries the push forward: finding where the technology can go further, not just where it sits today. The work is bigger than any single premium event. It's about helping define how Netflix pushes content within our own platform, not just how it looks in the moment someone's watching.

What You’ll Do

•
Build immersive worlds that expand our brand DNA, whether you make it or direct it.

•
Build design systems that endure and flex as new sports, formats, and genres join the slate.

•
Turn a creative vision into fully realized work, from first sketch to final output.

•
Push where the technology can go further, using new tools to raise the bar.

•
Finish polished work for delivery while building systems the team can build on next.

•
Leverage AI advancements and emerging technologies to speed up workflows and improve the visual quality of our renders.

•
Extrapolate design visions into fully functional 3D assets, ensuring technical excellence from modeling to final render.

About You

•
You move fluidly between doing the work yourself and directing someone else to get there, and you always know which mode the moment calls for.

•
You think in systems, not just deliverables. What you build today still has to hold up as new sports, formats, and genres join the slate.

•
You're pulled toward where the technology is headed, not just where it's comfortable, and you bring the rest of the team with you.

•
Your voice carries in a room: sharp, refined, and decisive enough that senior leadership trusts the direction you set.

•
You lead cross-functional partners toward one vision and can write the brief that captures it, all while running more than one production at a time.

The Must-Haves

•
Proven track record building original creative worlds from a blank page.

•
Real experience leading cross-functional partners toward one shared vision.

•
Presentation chops to sell and defend that vision to senior leadership.

•
Track record managing multiple productions at once without losing your voice.

•
Comfortable writing creative briefs from scratch, capturing brand essence.

•
10+ years of experience, with a focus on high-end broadcast or cinematic deliverables.

•
Direct partnership with cross-functional leadership, extending a world beyond broadcast into out-of-home, social, or experiential space.

Even Better

•
Familiarity with evolving enterprise design systems at scale.

•
An eye for how work travels across platforms, formats, and time, long after launch.

•
A track record leading other creative directors and designers as a program scales.

Why This Role Matters

Leadership and execution are what this job runs on, because they're what keep our domestic and global slate meeting the world-class bar Netflix members expect. The voice behind that work carries real influence, so it has to be sharp, refined, and decisive. This is a chance to stand at the front of Netflix Live as it takes shape.

Generally, our compensation structure consists solely of an annual salary; we do not have bonuses. You choose each year how much of your compensation you want in salary versus stock options. To determine your personal top of market compensation, we rely on market indicators and consider your specific job family, background, skills, and experience to determine your compensation in the market range. The range for this role is $310,000.00 - $430,000.00. This compensation range will vary based on location.

Netflix provides comprehensive benefits including Health Plans, Mental Health support, a 401(k) Retirement Plan with employer match, Stock Option Program, Disability Programs, Health Savings and Flexible Spending Accounts, Family-forming benefits, and Life and Serious Injury Benefits. We also offer paid leave of absence programs. Full-time hourly employees accrue 35 days annually for paid time off to be used for vacation, holidays, and sick paid time off. Full-time salaried employees are immediately entitled to flexible time off. See more details about our Benefits here.

Netflix is a unique culture and environment. Learn more here.

Inclusion is a Netflix value and we strive to host a meaningful interview experience for all candidates. If you want an accommodation/adjustment for a disability or any other reason during the hiring process, please send a request to your recruiting partner.

We are an equal-opportunity employer and celebrate diversity, recognizing that diversity builds stronger teams. We approach diversity and inclusion seriously and thoughtfully. We do not discriminate on the basis of race, religion, color, ancestry, national origin, caste, sex, sexual orientation, gender, gender identity or expression, age, disability, medical condition, pregnancy, genetic makeup, marital status, or military service.

Job is open for no less than 7 days and will be removed when the position is filled.",7308,https://netflix.wd108.myworkdayjobs.com/Netflix/job/USA---Remote/Vision-Design-Lead--Emerging-Creative-Live_JR42334-1,,https://www.linkedin.com/jobs/view/4459277407,2026-09-01,200,Over 200 applicants,1,matched,title,2026-09-17,2026-09-17T12:53:25,2026-09-17,,17,startDate,true,1,,,,Regular,Product,2026-08-31,,true,,,,,,
JR41927,Analytics Engineer 5 - Promotional Media,Netflix,"Netflix, Inc.",Full time,Posted 17 Days Ago,2026-08-31,17,USA - Remote,1,USA - Remote,true,,United States of America,4b15c3bdb7e910020025cb25a5d60000,5,"At Netflix, our mission is to entertain the world. Together, we are writing the next episode - pushing the boundaries of storytelling, global fandom and making the unimaginable a reality. We are a dream team obsessed with the uncomfortable excitement of discovering what happens when you merge creativity, intuition and cutting-edge technology. Come be a part of what’s next.

When a Netflix member opens our app, we have a few precious moments to help them choose a story or a game that is right for them at that instance. Presenting them with evidence – Artwork, Trailers, Synopses – that authentically represent each title and resonate with the member is essential to this effort.

Beyond connecting global stories with existing audiences, we also aim to reach new subscribers and increase engagement through innovative marketing campaigns. By crafting compelling and targeted marketing strategies, we strive to capture the attention of potential members and convert their interest into subscriptions. Additionally, we focus on increasing conversation and excitement about Netflix and our content, creating buzz and anticipation that encourages both current and prospective members to explore and engage with our diverse offerings.

The Promotional Media AI for Member Systems team is at the forefront of designing and advancing state-of-the-art ML recommendation algorithms related to the ""life of an asset"" — spanning on-service promotional assets like artwork, synopses, and clips, as well as off-service marketing campaigns. We are responsible for empowering our business partners across Promotional Media and Marketing to understand, generate, and optimize these assets to provide a stellar member experience and drive subscriber growth.

We are looking for an experienced Analytics Engineer to join our growing team. In this role, you will design and develop analytic tools and systems to monitor the adoption and accountability of our algos across both Promotional Media and Marketing workflows. You will partner with a talented cross-functional team of ML engineers, data scientists, product managers, and domain experts to shape the future of promotional asset recommendation and generation, as well as marketing campaign performance, at Netflix.

Responsibilities

•
Act as a strategic partner for stakeholders and cross-functional collaborators to identify analytic opportunities and enhance business strategies with automated data solutions

•
Drive the direction and execution of your work, which spans from developing scrappy code to designing high-visibility dashboards and analyses

•
Translate ambiguous creative and quality requirements into measurable objectives and evaluation frameworks

•
Build and maintain observability for our automated pipelines, tracking SLA adherence, performance drift, and other key health signals to confirm our systems are performing as intended

•
Partner closely with machine learning engineers and scientists to improve our asset creation and recommendation models, and accelerate the productization of data insights

•
Share your innovation and collaborate with the broader analytics community to strengthen analytics enablement

•
Become a knowledgeable practitioner/expert in our space, both as the go-to person regarding tooling and methodologies, and as a liaison with the stakeholders, understanding their business needs and how to fulfill them

About you

•
Proven track record of designing and developing scalable analytic tools and systems

•
High proficiency in standard tech stack (e.g., Python, SQL, Spark) and common data visualization tools (e.g., Plotly Dash, Tableau)

•
Familiar with the fundamentals of Statistical Inference and Data Analysis, as well as data engineering best practices

•
5+ years of relevant experience in building data products powered by big data

•
Experienced in orchestrating cross-functional stakeholders without direct authority, and leveraging analytics to steer business decisions

•
Exceptional communication and collaboration skills coupled with strong business acumen

•
Comfortable with ambiguity; able to take ownership, and thrive with minimal oversight and process

•
Netflix culture resonates with you

•
Bonus points if experienced with pipelines and visualizations involving media files (images and video)

Generally, our compensation structure consists solely of an annual salary; we do not have bonuses. You choose each year how much of your compensation you want in salary versus stock options. To determine your personal top of market compensation, we rely on market indicators and consider your specific job family, background, skills, and experience to determine your compensation in the market range. The range for this role is $330,000.00 - $566,000.00. This compensation range will vary based on location.

Netflix provides comprehensive benefits including Health Plans, Mental Health support, a 401(k) Retirement Plan with employer match, Stock Option Program, Disability Programs, Health Savings and Flexible Spending Accounts, Family-forming benefits, and Life and Serious Injury Benefits. We also offer paid leave of absence programs. Full-time hourly employees accrue 35 days annually for paid time off to be used for vacation, holidays, and sick paid time off. Full-time salaried employees are immediately entitled to flexible time off. See more details about our Benefits here.

Netflix is a unique culture and environment. Learn more here.

Inclusion is a Netflix value and we strive to host a meaningful interview experience for all candidates. If you want an accommodation/adjustment for a disability or any other reason during the hiring process, please send a request to your recruiting partner.

We are an equal-opportunity employer and celebrate diversity, recognizing that diversity builds stronger teams. We approach diversity and inclusion seriously and thoughtfully. We do not discriminate on the basis of race, religion, color, ancestry, national origin, caste, sex, sexual orientation, gender, gender identity or expression, age, disability, medical condition, pregnancy, genetic makeup, marital status, or military service.

Job is open for no less than 7 days and will be removed when the position is filled.",6250,https://netflix.wd108.myworkdayjobs.com/Netflix/job/USA---Remote/Analytics-Engineer-5---Promotional-Media_JR41927,,,,,,,no_match,,2026-09-17,,2026-09-17,,17,startDate,true,0,,,,Regular,Data Science & Analytics,2026-08-31,,false,,,,,,
JR42362,Engineering Manager - Asset Personalization Platform,Netflix,"Netflix, Inc.",Full time,Posted 17 Days Ago,2026-08-31,17,USA - Remote,1,USA - Remote,true,,United States of America,4b15c3bdb7e910020025cb25a5d60000,5,"At Netflix, our mission is to entertain the world. Together, we are writing the next episode - pushing the boundaries of storytelling, global fandom and making the unimaginable a reality. We are a dream team obsessed with the uncomfortable excitement of discovering what happens when you merge creativity, intuition and cutting-edge technology. Come be a part of what’s next.

The Netflix user interface is enriched by a variety of assets, including artwork, trailers, synopses, and other metadata, which are crucial to enhancing the member experience. These assets provide essential context for recommended content, enabling members to make informed viewing choices. To optimize this experience, we personalize these assets, ensuring that the most suitable artwork, trailers, and more are displayed to align with each member's unique interests. A comprehensive overview is available here.

As Netflix expands its diverse catalog of movies, TV shows, games, and live content, we are committed to building a scalable platform that meets the asset requirements of these varied content types. The Asset Personalization Platform team is dedicated to developing high-throughput, low-latency systems that deliver personalized assets in real-time to Netflix UI clients. Our vision is to create a product platform that offers flexibility and customization of assets, empowering product engineering and machine learning teams to innovate and experiment with new member experiences at an accelerated pace while driving business impact. This team of distributed systems engineers collaborates with a wide array of cross-functional teams, including Content Creative teams, Machine Learning researchers, Product Management, Product Design, Data Engineering, and various product and client engineering teams.

To realize our vision, we are seeking an engineering leader to guide our team in developing a product platform that enables the rapid creation of innovative and personalized member experiences. This leader will be instrumental in advancing our asset personalization systems and driving Netflix's success. We are looking for someone who is technically proficient and can cultivate a collaborative and inclusive environment, mentoring a diverse team of engineers, including experienced engineers and newcomers. The ideal candidate should be a strategic thinker focused on enhancing our architecture to unlock new product capabilities and drive business impact. Above all, this leader should embody Netflix's core values, promoting creativity, curiosity, and excellence.

What we are looking for in you:

• An engineering leader with 4+ years of experience leading backend distributed systems teams.

• Strong technical acumen and ability to act as a technical advisor to the team.

• Experience building and operating distributed systems with a direct impact on the customer experience. Experience building product platforms is a bonus!

• A passion for improving consumer experiences through strong partnerships with product leaders, ability to influence product direction and roadmaps.

• A track record of hiring diverse, highly talented engineers and growing successful, highly impactful teams.

• Excellence in communicating context with the team, stakeholders, partners, and leadership. Ability to drive the team’s roadmap by connecting the dots between your team’s work and business needs, managing expectations, and navigating competing priorities.

• Domain experience with personalization, AB testing, machine learning, cloud computing, and Java.

• A leadership style that prioritizes giving and receiving feedback, fostering new ideas, and empowering others without micromanagement.

• A BS in Computer Science/Engineering or a related discipline.

Generally, our compensation structure consists solely of an annual salary; we do not have bonuses. You choose each year how much of your compensation you want in salary versus stock options. To determine your personal top of market compensation, we rely on market indicators and consider your specific job family, background, skills, and experience to determine your compensation in the market range. The range for this role is $436,000.00 - $791,000.00. This compensation range will vary based on location.

Netflix provides comprehensive benefits including Health Plans, Mental Health support, a 401(k) Retirement Plan with employer match, Stock Option Program, Disability Programs, Health Savings and Flexible Spending Accounts, Family-forming benefits, and Life and Serious Injury Benefits. We also offer paid leave of absence programs. Full-time hourly employees accrue 35 days annually for paid time off to be used for vacation, holidays, and sick paid time off. Full-time salaried employees are immediately entitled to flexible time off. See more details about our Benefits here.

Netflix is a unique culture and environment. Learn more here.

Inclusion is a Netflix value and we strive to host a meaningful interview experience for all candidates. If you want an accommodation/adjustment for a disability or any other reason during the hiring process, please send a request to your recruiting partner.

We are an equal-opportunity employer and celebrate diversity, recognizing that diversity builds stronger teams. We approach diversity and inclusion seriously and thoughtfully. We do not discriminate on the basis of race, religion, color, ancestry, national origin, caste, sex, sexual orientation, gender, gender identity or expression, age, disability, medical condition, pregnancy, genetic makeup, marital status, or military service.

Job is open for no less than 7 days and will be removed when the position is filled.",5687,https://netflix.wd108.myworkdayjobs.com/Netflix/job/USA---Remote/Engineering-Manager---Asset-Personalization-Platform_JR42362,,https://www.linkedin.com/jobs/view/4459264224,2026-08-31,200,Over 200 applicants,0,matched,title,2026-09-17,2026-09-17T12:58:07,2026-09-17,,17,startDate,true,0,,,,Regular,Engineering,2026-08-31,,true,,,,,,
JR39785,Machine Learning Engineer 5 - Ads Signals & Targeting,Netflix,"Netflix, Inc.",Full time,Posted 20 Days Ago,2026-08-28,20,USA - Remote,1,USA - Remote,true,,United States of America,9a7a8705901e1001f30e535431110000,5,"At Netflix, our mission is to entertain the world. Together, we are writing the next episode - pushing the boundaries of storytelling, global fandom and making the unimaginable a reality. We are a dream team obsessed with the uncomfortable excitement of discovering what happens when you merge creativity, intuition and cutting-edge technology. Come be a part of what’s next.

We launched a new ad-supported tier in November 2022 to offer our members more choice in how they consume their content. Our new tier allows us to attract new members at a lower price point, while also creating a compelling path for advertisers to reach audiences that are deeply engaged.

Our Team

The Ads Platform Engineering teams build advertising systems and integrations that powers the delivery of ads using our world class content delivery ecosystem. We use a number of Netflix investments and innovations to power our ads - unique mix of client and server side ad insertions, state of the art content delivery system, ad encoding recipes, content understanding and metadata etc. We deliver ads in a manner that’s thoughtful of our member’s viewing experience and drive great outcomes for advertisers. We also ensure that advertiser brand safety is ensured during serving, members only see the most appropriate ads for them.

Our team is growing to meet ambitious goals: building highly performant advertising systems to effectively monetize our incredible slate of content and deliver real impact for the business. As one of the newest entrants in the Connected TV advertising space that’s rapidly growing, we seek to build unique value propositions that help us differentiate from the competition and become a market leader in record time.

The Ads Signals & Targeting team is revolutionizing ad experiences by utilizing advanced machine learning models for identity resolution and optimal behavioral and contextual audience targeting. We create foundational systems that deliver relevant and engaging ads to Netflix members, all while upholding their privacy. Our continuous refinement of models generates a flywheel effect, enhancing member experiences and driving optimal advertiser outcomes at scale.

We are looking for highly motivated engineers working in the advertising space who are excited to join us on this journey.

Skills & experience we’re seeking:

•
Experience in building end-to-end ML model deployment and inference infra for low-latency real-time ad systems.

•
Experience building machine learning models for ads targeting and lookalike expansion.

•
Professional experience in designing and building user and contextual signals and audience targeting features for ad platforms.

•
Proficiency in Java, C++, Python, or Scala with a solid understanding of multi-threading and memory management.

•
Experience in handling data at extremely large volumes with big data tools like Spark.

•
Collaborate with cross-functional stakeholders from the science team, product, engineering, operations, design, consumer research, etc., to productionize and deploy models at scale

Nice to haves:

•
Strong understanding of data privacy, governance, and security concepts, including Privacy by Design principles.

•
Experience with ads targeting using machine learning models.

•
Experience working in the CTV space and knowledge of its unique constraints.

Generally, our compensation structure consists solely of an annual salary; we do not have bonuses. You choose each year how much of your compensation you want in salary versus stock options. To determine your personal top of market compensation, we rely on market indicators and consider your specific job family, background, skills, and experience to determine your compensation in the market range. The range for this role is $466,000.00 - $750,000.00. This compensation range will vary based on location.

Netflix provides comprehensive benefits including Health Plans, Mental Health support, a 401(k) Retirement Plan with employer match, Stock Option Program, Disability Programs, Health Savings and Flexible Spending Accounts, Family-forming benefits, and Life and Serious Injury Benefits. We also offer paid leave of absence programs. Full-time hourly employees accrue 35 days annually for paid time off to be used for vacation, holidays, and sick paid time off. Full-time salaried employees are immediately entitled to flexible time off. See more details about our Benefits here.

Netflix is a unique culture and environment. Learn more here.

Inclusion is a Netflix value and we strive to host a meaningful interview experience for all candidates. If you want an accommodation/adjustment for a disability or any other reason during the hiring process, please send a request to your recruiting partner.

We are an equal-opportunity employer and celebrate diversity, recognizing that diversity builds stronger teams. We approach diversity and inclusion seriously and thoughtfully. We do not discriminate on the basis of race, religion, color, ancestry, national origin, caste, sex, sexual orientation, gender, gender identity or expression, age, disability, medical condition, pregnancy, genetic makeup, marital status, or military service.

Job is open for no less than 7 days and will be removed when the position is filled.",5287,https://netflix.wd108.myworkdayjobs.com/Netflix/job/USA---Remote/Machine-Learning-Engineer-5---Ads-Identity---Audiences_JR39785,,,,,,,no_match,,2026-09-17,,2026-09-17,,20,startDate,true,0,,,,Regular,Data Science & Analytics,2026-08-28,,false,,,,,,
JR42344,Product Manager - Localization Innovation,Netflix,"Netflix, Inc.",Full time,Posted 21 Days Ago,2026-08-27,21,USA - Remote,1,USA - Remote,true,,United States of America,4b15c3bdb7e910020025cb25a5d60000,5,"At Netflix, our mission is to entertain the world. Together, we are writing the next episode - pushing the boundaries of storytelling, global fandom and making the unimaginable a reality. We are a dream team obsessed with the uncomfortable excitement of discovering what happens when you merge creativity, intuition and cutting-edge technology. Come be a part of what’s next.

Netflix members watch more content localized than they do in the original language they speak. As Netflix continues to expand its global reach and invest in new content formats like Live and Games, localization is critical to ensuring our content travels and resonates with members. As we enter a new phase of Netflix’s growth, we are looking for a Product Manager who will lead new AI-driven strategic initiatives in how we localize the Netflix product and beyond.

We are seeking a Product Manager with strong understanding of machine learning and passion for AI innovation and technology to lead strategic initiatives that will transform our internal tools and content operations.

In this role, you will:

•
Drive the integration of state-of-the-art AI and machine learning models into our localization products enabling contextually relevant experiences for global audiences.

•
Collaborate with cross-functional teams to develop intelligent systems that automate and optimize the creation of high-quality language assets.

•
Identify and implement novel AI-driven solutions to complex challenges in language asset creation, ensuring our platform remains at the cutting edge of entertainment technology.

•
Partner with researchers, engineers, and stakeholders to translate the latest advancements in AI into scalable, user-centric products that empower both Netflix members and our creative partners.

If you thrive at the intersection of AI technology and entertainment, and are excited to shape the future of content operations through innovation, we’d love to hear from you!

Responsibilities include:

•
Build strategic roadmaps, taking product concepts from idea through validation, shipping, measurement, and iteration. You will author strategy memos and presentations to represent your team's work to senior executives.

•
Lead the incubation and system design of new Machine Learning or AI capabilities, from idea to production in partnership with applied researchers, data scientists, and engineers, and integrating these capabilities into our suite of tools.

•
Discover new needs that artists, creators and content executives have, distilling their needs into product roadmaps and delivering solutions that drive real business impact.

•
Communicate your vision and strategy broadly throughout the organization, presenting technical and complex information to non-technical audiences.

•
Use exceptional analytical and ML/AI evaluation skills and a rigorous, hypothesis-driven approach to inform priorities, build business cases, and measure impact.

What We’re Looking For

While no candidate will check every box, we are looking for a senior Product Manager with a proven track record of success.

•
5+ years of product management experience with a proven record of prioritizing and successfully launching impactful products or platforms.

•
Intermediate or advanced knowledge of Machine Learning techniques and evaluation best practices

•
Ability to mobilize an entire organization toward a common goal and build strong relationships across functions and geographies.

•
Previous experience in leading end-to-end products that incorporate Machine Learning and AI focused solutions, including experience launching AI-enabled products and perfecting/customizing underlying models.

•
Previous experience with the ML lifecycle (data collection and labeling, model evaluation, etc.).

•
Applied experience using data to inform priorities and evaluate impact.

•
Excellent written and verbal communication skills.

•
Experience building products for creative teams, internal partners, or B2B enterprise clients.

•
Experience with media supply chains, localization, or translation is a plus.

Generally, our compensation structure consists solely of an annual salary; we do not have bonuses. You choose each year how much of your compensation you want in salary versus stock options. To determine your personal top of market compensation, we rely on market indicators and consider your specific job family, background, skills, and experience to determine your compensation in the market range. The range for this role is $310,000.00 - $545,000.00. This compensation range will vary based on location.

Netflix provides comprehensive benefits including Health Plans, Mental Health support, a 401(k) Retirement Plan with employer match, Stock Option Program, Disability Programs, Health Savings and Flexible Spending Accounts, Family-forming benefits, and Life and Serious Injury Benefits. We also offer paid leave of absence programs. Full-time hourly employees accrue 35 days annually for paid time off to be used for vacation, holidays, and sick paid time off. Full-time salaried employees are immediately entitled to flexible time off. See more details about our Benefits here.

Netflix is a unique culture and environment. Learn more here.

Inclusion is a Netflix value and we strive to host a meaningful interview experience for all candidates. If you want an accommodation/adjustment for a disability or any other reason during the hiring process, please send a request to your recruiting partner.

We are an equal-opportunity employer and celebrate diversity, recognizing that diversity builds stronger teams. We approach diversity and inclusion seriously and thoughtfully. We do not discriminate on the basis of race, religion, color, ancestry, national origin, caste, sex, sexual orientation, gender, gender identity or expression, age, disability, medical condition, pregnancy, genetic makeup, marital status, or military service.

Job is open for no less than 7 days and will be removed when the position is filled.",6018,https://netflix.wd108.myworkdayjobs.com/Netflix/job/USA---Remote/Product-Manager---Localization-Innovation_JR42344,,https://www.linkedin.com/jobs/view/4458039173,2026-08-27,200,Over 200 applicants,0,matched,title,2026-09-17,2026-09-17T12:58:08,2026-09-17,,21,startDate,true,0,,,,Regular,Product,2026-08-27,,true,,,,,,
JR41638,Data Scientist 6 - Experimentation Platform,Netflix,"Netflix, Inc.",Full time,Posted 22 Days Ago,2026-08-26,22,USA - Remote,1,USA - Remote,true,,United States of America,4b15c3bdb7e910020025cb25a5d60000,5,"At Netflix, our mission is to entertain the world. Together, we are writing the next episode - pushing the boundaries of storytelling, global fandom and making the unimaginable a reality. We are a dream team obsessed with the uncomfortable excitement of discovering what happens when you merge creativity, intuition and cutting-edge technology. Come be a part of what’s next.

A culture of experimentation enables Netflix to continuously evolve and improve our products, delivering more joy to existing members and attracting new members from around the globe. Because experimentation is so pervasive at Netflix, we continually enable new capabilities and onboard new initiatives to the platform with close cross-functional collaboration with our Data Science partners.

At the nerve center of experimentation at Netflix is our internal, Netflix-wide Experimentation Platform (XP), responsible for all experiments across the company. We are looking for a Staff Data Scientist to help set the strategic direction for XP, elevate the rigor of causal inference across the company, and lead the consolidation of a decade of organically-grown, bespoke experimentation practices into a unified, modern platform - all with close cross-functional collaboration with our Data Science and Engineering partners.

This is a high-leverage role: rather than supporting a single team's experiments, you will set the standards, tooling, and product direction that every data scientist running an experiment at Netflix depends on.

Responsibilities

•
XP Strategy & Influence: Help set the strategy for the Experimentation Platform, including UI design, and user flows. Define how data scientists contribute metrics, reports, and templates to the platform so they have high leverage when setting standards for experiments in their own space.

•
Trust & Methodology: Verify that XP allocates, logs, and processes data using valid, trustworthy causal inference methods, and demonstrate that trustworthiness to partner teams - turning verification into automated, recurring, monitored practice rather than one-off checks.

•
Cross-Functional Collaboration: Act as a strategic thought partner for data science and engineering stakeholders across Netflix. Bridge the gap between data science requirements and platform engineering implementation, representing the DS organization's needs directly to engineering leadership.

•
Platform Leadership: Influence and evolve how Netflix performs experimentation at scale - setting standards for inference practices (e.g. peeking, covariate adjustment, any-time valid methods, metric definitions, allocation mechanisms) and driving adoption of those practices across data science teams that range from long-tenured streaming teams to newer verticals like Ads.

•
Lead the consolidation of fragmented, bespoke experimentation systems into a coherent, maintainable platform by building the tools and processes that make best practice the path of least resistance.

•
Mentor and raise the bar for other team members working on or with the platform, and represent XP's point of view in company-wide discussions on experimentation methodology.

Qualifications

•
Advanced degree (PhD or Masters) in Computer Science, Statistics, Economics, Applied Mathematics, or a related quantitative field.

•
8+ years of experience with statistics / causal inference in an experimentation context, including designing experiments at scale and diagnosing them when they break.

•
Demonstrated track record of setting standards or building tools that were adopted across multiple teams or an entire organization - not just applying judgment project by project.

•
Deep, practical knowledge of experimentation pitfalls and how to guard against them at a program level: sample ratio mismatches, winner's curse and regression to the mean, false discovery rate across a portfolio of tests, peeking, covariate adjustment, and allocation-vs-analysis-unit mismatches.

•
Experience translating ambiguous data science pain points into a sequenced product roadmap, including judgment on what a platform should build in, expose as a self-serve primitive, or explicitly not support.

•
5+ years experience with data science languages, ideally including Python and SQL; comfort partnering closely with engineers on API/schema/system design.

•
Excellent cross-functional communication skills, with a demonstrated ability to influence skeptical stakeholders - both highly technical (data scientists, engineers) and non-technical business partners to adopt new methods or standards.

•
Curiosity to learn new statistics, methods, and optimization techniques, and the judgment to know when established methods are the better choice.

Curious to learn more about our experimentation culture at Netflix? Read up on experimentation culture at Netflix and browse the Netflix Research page.

Generally, our compensation structure consists solely of an annual salary; we do not have bonuses. You choose each year how much of your compensation you want in salary versus stock options. To determine your personal top of market compensation, we rely on market indicators and consider your specific job family, background, skills, and experience to determine your compensation in the market range. The range for this role is $491,000.00 - $775,000.00. This compensation range will vary based on location.

Netflix provides comprehensive benefits including Health Plans, Mental Health support, a 401(k) Retirement Plan with employer match, Stock Option Program, Disability Programs, Health Savings and Flexible Spending Accounts, Family-forming benefits, and Life and Serious Injury Benefits. We also offer paid leave of absence programs. Full-time hourly employees accrue 35 days annually for paid time off to be used for vacation, holidays, and sick paid time off. Full-time salaried employees are immediately entitled to flexible time off. See more details about our Benefits here.

Netflix is a unique culture and environment. Learn more here.

Inclusion is a Netflix value and we strive to host a meaningful interview experience for all candidates. If you want an accommodation/adjustment for a disability or any other reason during the hiring process, please send a request to your recruiting partner.

We are an equal-opportunity employer and celebrate diversity, recognizing that diversity builds stronger teams. We approach diversity and inclusion seriously and thoughtfully. We do not discriminate on the basis of race, religion, color, ancestry, national origin, caste, sex, sexual orientation, gender, gender identity or expression, age, disability, medical condition, pregnancy, genetic makeup, marital status, or military service.

Job is open for no less than 7 days and will be removed when the position is filled.",6805,https://netflix.wd108.myworkdayjobs.com/Netflix/job/USA---Remote/Data-Scientist-6---Experimentation-Platform_JR41638,,,,,,,no_match,,2026-09-17,,2026-09-17,,22,startDate,true,0,,,,Regular,Data Science & Analytics,2026-08-26,,false,,,,,,
JR41673,"Director, Cloud Gaming Infrastructure",Netflix,"Netflix, Inc.",Full time,Posted 22 Days Ago,2026-08-26,22,USA - Remote,1,USA - Remote,true,,United States of America,4b15c3bdb7e910020025cb25a5d60000,1,"At Netflix, our mission is to entertain the world. Together, we are writing the next episode - pushing the boundaries of storytelling, global fandom and making the unimaginable a reality. We are a dream team obsessed with the uncomfortable excitement of discovering what happens when you merge creativity, intuition and cutting-edge technology. Come be a part of what’s next.

Netflix is building a cloud gaming platform - a feat achieved by only a handful of industry leaders. This is a foundational, high-visibility role at the center of that effort. The Director, Cloud Gaming Infrastructure will lead the team responsible for the operating system software, hardware, control plane, and transport that power Netflix's cloud games experience, delivering engaging, low-latency gameplay to members at scale while driving toward sustainable unit economics.

This role oversees a significant hardware investment supporting massive concurrent user scale, and is directly accountable for the technical and operational success of one of Netflix's key growth bets.

Responsibilities

•
Own the strategy, architecture, and roadmap for cloud gaming infrastructure, spanning the Game OS, cloud gaming software stack, telemetry, control plane, and transport.

•
Lead and grow the engineering organization responsible for building and operating this infrastructure, including hiring into open technical leadership and IC roles.

•
Partner closely with hardware, OS, encoding, capacity planning, and SRE/Ops functions to deliver an end-to-end, reliable platform.

•
Drive the technical and economic innovation required to make cloud gaming viable at scale — this role is expected to find approaches that others have not.

•
Serve as the primary technical bridge between Infrastructure, Games Platform, and Games Studio, representing infrastructure capabilities and constraints in product and studio planning conversations.

•
Collaborate with peer leaders across Infrastructure and Games Platform teams to ensure coherent, well-integrated systems.

•
Set technical direction and quality bar for a domain with no established industry playbook, making judgment calls in the absence of proven patterns.

•
Report on infrastructure health, cost, and scaling risk to senior leadership, and translate business goals (member growth, engagement, unit economics) into infrastructure priorities.

Minimum Qualifications

•
Proven track record leading large-scale distributed systems engineering teams, ideally spanning software, hardware, and network/transport layers.

•
Deep technical expertise in one or more of: cloud infrastructure at scale, real-time/low-latency media delivery, game development, control planes.

•
Experience owning infrastructure with significant capital investment (hardware fleets, data center capacity) and being accountable for its economics, not just its uptime.

•
Demonstrated ability to operate in ambiguous, emerging domains without established best practices, and to make sound technical bets under uncertainty.

•
Strong track record of cross-functional partnership with Product, Data Science, and adjacent Engineering orgs, including influencing without direct authority across dotted-line and peer relationships.

•
Experience managing and developing engineering managers and senior ICs, with the judgment to grow a team while augmenting individual skills with AI tooling.

•
Excellent communication skills, with the ability to represent complex infrastructure tradeoffs clearly to both technical peers and senior/executive stakeholders.

Preferred / Desired Experience

•
Prior experience in console gaming, cloud gaming, game streaming, or interactive real-time media (e.g., WebRTC, game streaming protocols, encoding/transport optimization).

•
Background at a company that has built a large-scale gaming or media-streaming platform (e.g., console manufacturers, cloud gaming providers, video/live-streaming infrastructure teams).

•
Experience standing up or significantly scaling a new platform or product line from an early or emerging stage.

•
Familiarity with CDN or edge infrastructure economics, capacity planning, and fleet-level cost optimization.

•
Experience working within a company where infrastructure investment decisions are closely tied to a broader strategic ""growth bet,"" requiring comfort with high visibility and high stakes.

Desired Qualities

•
Bias toward innovative, economically-disciplined solutions over ""brute force"" scale — this role is expected to help crack a problem the industry has not yet solved.

•
Comfortable operating as both a builder and a bridge: equally effective setting deep technical direction and representing the team in cross-org strategic conversations.

•
High ownership mentality; treats the platform's success (and the underlying business bet) as personally accountable outcomes.

•
Strong people-leadership instincts, especially the ability to develop a team that is growing quickly and still filling out its leadership bench.

•
Calm, structured decision-making in a fast-moving, still-forming domain.

Generally, our compensation structure consists solely of an annual salary; we do not have bonuses. You choose each year how much of your compensation you want in salary versus stock options. To determine your personal top of market compensation, we rely on market indicators and consider your specific job family, background, skills, and experience to determine your compensation in the market range. The range for this role is $695,000.00 - $1,760,000.00. This compensation range will vary based on location.

Netflix provides comprehensive benefits including Health Plans, Mental Health support, a 401(k) Retirement Plan with employer match, Stock Option Program, Disability Programs, Health Savings and Flexible Spending Accounts, Family-forming benefits, and Life and Serious Injury Benefits. We also offer paid leave of absence programs. Full-time hourly employees accrue 35 days annually for paid time off to be used for vacation, holidays, and sick paid time off. Full-time salaried employees are immediately entitled to flexible time off. See more details about our Benefits here.

Netflix is a unique culture and environment. Learn more here.

Inclusion is a Netflix value and we strive to host a meaningful interview experience for all candidates. If you want an accommodation/adjustment for a disability or any other reason during the hiring process, please send a request to your recruiting partner.

We are an equal-opportunity employer and celebrate diversity, recognizing that diversity builds stronger teams. We approach diversity and inclusion seriously and thoughtfully. We do not discriminate on the basis of race, religion, color, ancestry, national origin, caste, sex, sexual orientation, gender, gender identity or expression, age, disability, medical condition, pregnancy, genetic makeup, marital status, or military service.

Job is open for no less than 7 days and will be removed when the position is filled.",7015,https://netflix.wd108.myworkdayjobs.com/Netflix/job/USA---Remote/Director--Cloud-Gaming-Infrastructure_JR41673,,https://www.linkedin.com/jobs/view/4438785737,2026-08-28,200,Over 200 applicants,2,matched,title,2026-09-17,2026-09-17T12:58:09,2026-09-17,,22,startDate,true,0,,,,Regular,Engineering,2026-08-26,,true,,,,,,
JR40898,"Software Engineer 4/5 – Model Development and Management, AI Platform",Netflix,"Netflix, Inc.",Full time,Posted 22 Days Ago,2026-08-26,22,USA - Remote,1,USA - Remote,true,,United States of America,4b15c3bdb7e910020025cb25a5d60000,5,"At Netflix, our mission is to entertain the world. Together, we are writing the next episode - pushing the boundaries of storytelling, global fandom and making the unimaginable a reality. We are a dream team obsessed with the uncomfortable excitement of discovering what happens when you merge creativity, intuition and cutting-edge technology. Come be a part of what’s next.

Netflix is the world's leading streaming entertainment service with 300M+ paid memberships in over 190 countries enjoying TV series, documentaries and feature films across a wide variety of genres and languages. Machine Learning drives innovation across all product functions and decision support needs. Building highly scalable and differentiated ML infrastructure is key to accelerating this innovation.

We are seeking an ambitious software engineer to join the Model Development and Management team, that is building the user interface layer for Netflix’s AI Platform in order to accelerate the core loop of model creation, evaluation, experimentation, and deployment. In this role, you'll help shape the future of ML infrastructure at Netflix, with opportunities to contribute to open-source projects and you’ll develop expertise across the full ML lifecycle while working with cutting-edge technologies.

AI Platform and Model Development and Management team are working with various teams at Netflix. You’ll gather requirements, design, and implement products that help accelerate model development for different ML use cases. You’ll have the opportunity to work alongside our applied researchers and data scientists on the cutting edge of machine learning. You will have a strong customer focus and consistently engage with our ML community to source feedback, identify pain points, and opportunities to evolve our platform.

To be successful in this role, you must have a strong software engineering background, a keen sense of software design, have proven experience with distributed applications and ML systems, be a good communicator, and work well in large cross-functional teams.

What we are looking for:

•
Experience developing platform solutions - SDKs, developer frameworks, or internal tooling used by ML Researchers, ML Engineers, and Data Scientists, emphasizing a user-first approach and demonstrating strong user empathy.

•
Excellent software design and development skills in Python along with one of Scala, Java, C++.

•
Experience working on or alongside modern, large-scale ML services. You understand the full lifecycle from data and features to training, experiment tracking, and production deployment, and can build tooling that makes that lifecycle faster and more reliable.

•
Familiarity with ML workflow orchestration, experiment tracking, or feature/data infrastructure — ideally with tools like Metaflow, Airflow, Kubeflow, MLflow, or similar.

•
Broad understanding of core machine learning concepts and their application in large-scale, real-world machine-learning systems.

•
5+ years of full time software engineering or machine learning experience with a bachelor’s and master’s degree; or PhD degree.

Preferred, but not required additional areas of experience:

•
Experience building machine learning models or LLMs

•
Experience designing or building agentic systems.

•
Experience working with public clouds, especially AWS.

•
Significant contributions to open source projects.

More information

To learn more about the work we do to check if it aligns with your interests, check the following articles:

•
Supporting Diverse ML Systems at Netflix

•
Metaflow

Generally, our compensation structure consists solely of an annual salary; we do not have bonuses. You choose each year how much of your compensation you want in salary versus stock options. To determine your personal top of market compensation, we rely on market indicators and consider your specific job family, background, skills, and experience to determine your compensation in the market range. The range for this role is $466,000.00 - $750,000.00. This compensation range will vary based on location.

Netflix provides comprehensive benefits including Health Plans, Mental Health support, a 401(k) Retirement Plan with employer match, Stock Option Program, Disability Programs, Health Savings and Flexible Spending Accounts, Family-forming benefits, and Life and Serious Injury Benefits. We also offer paid leave of absence programs. Full-time hourly employees accrue 35 days annually for paid time off to be used for vacation, holidays, and sick paid time off. Full-time salaried employees are immediately entitled to flexible time off. See more details about our Benefits here.

Netflix is a unique culture and environment. Learn more here.

Inclusion is a Netflix value and we strive to host a meaningful interview experience for all candidates. If you want an accommodation/adjustment for a disability or any other reason during the hiring process, please send a request to your recruiting partner.

We are an equal-opportunity employer and celebrate diversity, recognizing that diversity builds stronger teams. We approach diversity and inclusion seriously and thoughtfully. We do not discriminate on the basis of race, religion, color, ancestry, national origin, caste, sex, sexual orientation, gender, gender identity or expression, age, disability, medical condition, pregnancy, genetic makeup, marital status, or military service.

Job is open for no less than 7 days and will be removed when the position is filled.",5518,https://netflix.wd108.myworkdayjobs.com/Netflix/job/USA---Remote/Software-Engineer-5---Model-Development-and-Management--AI-Platform_JR40898,,https://www.linkedin.com/jobs/view/4424834288,2026-09-04,200,Over 200 applicants,9,matched,title,2026-09-17,2026-09-17T12:52:04,2026-09-17,,22,startDate,true,0,,,,Regular,Data Science & Analytics,2026-08-26,,true,,,,,,
JR42010,"Support Solutions Engineer (L5) - Security, Privacy and Assurance",Netflix,"Netflix, Inc.",Full time,Posted 28 Days Ago,2026-08-20,28,USA - Remote,1,USA - Remote,true,,United States of America,4b15c3bdb7e910020025cb25a5d60000,5,"At Netflix, our mission is to entertain the world. Together, we are writing the next episode - pushing the boundaries of storytelling, global fandom and making the unimaginable a reality. We are a dream team obsessed with the uncomfortable excitement of discovering what happens when you merge creativity, intuition and cutting-edge technology. Come be a part of what’s next.

About the Engineering Support Organization

The aim of the Engineering Support Organization is to enable Infrastructure Engineering to scale our support strategy effectively and sustainably. The team is the frontline resource for the engineering support needs of our customers (i.e., our workforce) - handling, troubleshooting, and resolving customer requests and issues. In addition, the team will focus on ways of working, customer advocacy, support tooling, platform product offerings, documentation, and developer education.

Our Mission

Deliver an excellent support experience to Netflix’s developer community. To advocate for our customers, follow through on issues and resolve them in a reasonable time. If blockers prevent immediate resolution, we communicate the status and ensure visibility into the delay.

Provide insights, feedback, and champion customer sentiment about the tools we support to our partners across Infrastructure Engineering. Partner with Product Management, Developer Education, and Engineering to track and maintain visibility into ongoing issues and communicate customer needs to ensure that improving in these areas is prioritized.

Drive collaboration efforts to reduce product friction and increase usability so that Infrastructure Engineering can build, deploy, and deliver highly functional solutions for the Developer Community.

The Role

We are looking for a Support Solutions Engineer with a passion for security infrastructure and tooling, customer service, and automation. You will be responsible for monitoring and handling our customers’ requests, troubleshooting and resolving issues, automating support processes, developing support documentation and runbooks, improving and maintaining support tools and automation, understanding our product offerings, and continuously seeking ways to improve the engineering support experience. You will use Generative AI tools thoughtfully — for example, to speed up triage, summarize complex issues, draft runbooks and knowledge base content, and explore automation opportunities — while exercising strong judgment, verification, and care for privacy.

Our ideal team member has first-hand experience working in customer-facing and engineering support roles, writing and building a comprehensive self-service knowledge base, and knowledge of infrastructure, internal tooling, platforms, and cloud computing. You are excellent at understanding and solving complex, ambiguous problems, and you constantly seek improvement. As an Engineer in this role, we need a candidate who can understand our complex offerings at a technical level, be hands-on in developing our support automation tooling, and recommend product and operational improvements based on customer interactions. You are comfortable incorporating Generative AI into your workflows to remove toil, experiment with new support models, and share best practices with the broader team.

What you’ll need to be successful:

•
Proven ability to deliver superior customer support and advocate for customer needs across complex organizations, ideally within a central team.

•
Highly adaptable, thriving in fast-paced, ambiguous environments, and comfortable managing end-to-end investigations with creative problem-solving.

•
Data-driven decision-maker with strong written and verbal communication skills, including experience enhancing documentation and explaining technical concepts to diverse audiences.

•
Extensive experience supporting and troubleshooting enterprise identity and authentication systems (e.g., Okta, SCIM, OIDC/OAuth2, SAML 2.0, FIDO2/WebAuthn), with knowledge of passwordless authentication, phishing-resistant MFA, and device posture validation in large-scale environments.

•
Skilled in supporting distributed cloud applications and securing cloud infrastructure, as well as working with security platforms and tools (e.g., SIEM, SOAR, EDR, vulnerability management, IAM, secrets management).

•
Proficient in at least one modern programming language (e.g., Java, Python, Go), with hands-on experience in log analysis, incident response, and investigations related to authentication and access management.

•
Deep understanding of authentication, authorization, access management best practices, and security monitoring, with the ability to interpret security logs for investigation and remediation.

•
Eager to continuously learn and improve operational efficiency through automation and visualization, with a strong desire to understand how security products and platforms work together.

•
Fluency with modern Generative AI tools and techniques (e.g., prompt design, iterative refinement, critical review of AI-assisted output), and experience using them to accelerate support engineering workflows such as troubleshooting, documentation, and analysis, while adhering to security, privacy, and confidentiality requirements.

•
Hands-on use of AI coding assistants / agentic tools (Claude Code, Cursor, MCP) to troubleshoot, automate, and accelerate support work, plus judgment for where GenAI speeds resolution vs. where it doesn’t.

Generally, our compensation structure consists solely of an annual salary; we do not have bonuses. You choose each year how much of your compensation you want in salary versus stock options. To determine your personal top of market compensation, we rely on market indicators and consider your specific job family, background, skills, and experience to determine your compensation in the market range. The range for this role is $270,000.00 - $410,000.00. This compensation range will vary based on location.

Netflix provides comprehensive benefits including Health Plans, Mental Health support, a 401(k) Retirement Plan with employer match, Stock Option Program, Disability Programs, Health Savings and Flexible Spending Accounts, Family-forming benefits, and Life and Serious Injury Benefits. We also offer paid leave of absence programs. Full-time hourly employees accrue 35 days annually for paid time off to be used for vacation, holidays, and sick paid time off. Full-time salaried employees are immediately entitled to flexible time off. See more details about our Benefits here.

Netflix is a unique culture and environment. Learn more here.

Inclusion is a Netflix value and we strive to host a meaningful interview experience for all candidates. If you want an accommodation/adjustment for a disability or any other reason during the hiring process, please send a request to your recruiting partner.

We are an equal-opportunity employer and celebrate diversity, recognizing that diversity builds stronger teams. We approach diversity and inclusion seriously and thoughtfully. We do not discriminate on the basis of race, religion, color, ancestry, national origin, caste, sex, sexual orientation, gender, gender identity or expression, age, disability, medical condition, pregnancy, genetic makeup, marital status, or military service.

Job is open for no less than 7 days and will be removed when the position is filled.",7412,https://netflix.wd108.myworkdayjobs.com/Netflix/job/USA---Remote/Support-Solutions-Engineer--L5----Security--Privacy-and-Assurance_JR42010,,,,,,,no_match,,2026-09-17,,2026-09-17,,28,startDate,true,0,,,,Regular,Engineering,2026-08-20,,false,,,,,,
JR40989,Research Scientist 6 - Ad Marketplace,Netflix,"Netflix, Inc.",Full time,Posted 30 Days Ago,2026-08-18,30,USA - Remote,1,USA - Remote,true,,United States of America,4b15c3bdb7e910020025cb25a5d60000,5,"At Netflix, our mission is to entertain the world. Together, we are writing the next episode - pushing the boundaries of storytelling, global fandom and making the unimaginable a reality. We are a dream team obsessed with the uncomfortable excitement of discovering what happens when you merge creativity, intuition and cutting-edge technology. Come be a part of what’s next.

We launched a new ad-supported tier in November 2022 and are building an in-house world-class ad tech ecosystem to offer our members more choices in consuming their content. Our new tier allows us to attract new members at a lower price point while also creating a compelling path for advertisers to reach deeply engaged audiences.

Our Team:

The Ad Marketplace team within Ads Data Science and Engineering plays a crucial role in the growth of Netflix's ad business. The mission for this team is to build a healthy, competitive, and innovative ad marketplace that balances long-term Netflix revenue, member experience, and advertiser outcomes. The team will be responsible for ad auction design, dynamic pricing, member ad experience, and inventory / yield optimization. Our goal is to create innovative, data-driven solutions that deliver highly relevant ad experiences for our members and achieve impactful results for advertisers, all while upholding the exceptional quality and personalization characteristic of the Netflix experience.

Responsibilities:

•
Design and implement machine learning and optimization algorithms to improve ad quality and performance.

•
Build, train, and evaluate models on large-scale production data.

•
Develop online and offline evaluation frameworks to rigorously measure the impact of improvements to models and algorithms.

•
Partner closely with the product team to define optimization objectives, constraints, and trade-offs that align with product and business goals.

•
Communicate technical decisions, trade-offs, and experiment results to both technical and non-technical stakeholders, driving understanding and adoption of ML-driven solutions.

•
Provide technical guidance and direction to the team

Qualifications:

•
Advanced degree (PhD or Master’s) in Computer Science, Statistics, Mathematics, or related quantitative field.

•
Proficiency in Python, Scala or Java.

•
Deep knowledge of machine learning, optimization, Auction design, pricing, and data analysis techniques.

•
Experience with prototyping and deploying algorithms using large-scale production data.

•
Strong business acumen and ability to translate technical results into business impact.

•
Experience in ad optimization stack, e.g. targeting, ranking, bidding..

•
Excellent communication and collaboration skills.

Generally, our compensation structure consists solely of an annual salary; we do not have bonuses. You choose each year how much of your compensation you want in salary versus stock options. To determine your personal top of market compensation, we rely on market indicators and consider your specific job family, background, skills, and experience to determine your compensation in the market range. The range for this role is $600,000.00 - $1,066,000.00. This compensation range will vary based on location.

Netflix provides comprehensive benefits including Health Plans, Mental Health support, a 401(k) Retirement Plan with employer match, Stock Option Program, Disability Programs, Health Savings and Flexible Spending Accounts, Family-forming benefits, and Life and Serious Injury Benefits. We also offer paid leave of absence programs. Full-time hourly employees accrue 35 days annually for paid time off to be used for vacation, holidays, and sick paid time off. Full-time salaried employees are immediately entitled to flexible time off. See more details about our Benefits here.

Netflix is a unique culture and environment. Learn more here.

Inclusion is a Netflix value and we strive to host a meaningful interview experience for all candidates. If you want an accommodation/adjustment for a disability or any other reason during the hiring process, please send a request to your recruiting partner.

We are an equal-opportunity employer and celebrate diversity, recognizing that diversity builds stronger teams. We approach diversity and inclusion seriously and thoughtfully. We do not discriminate on the basis of race, religion, color, ancestry, national origin, caste, sex, sexual orientation, gender, gender identity or expression, age, disability, medical condition, pregnancy, genetic makeup, marital status, or military service.

Job is open for no less than 7 days and will be removed when the position is filled.",4651,https://netflix.wd108.myworkdayjobs.com/Netflix/job/USA---Remote/Research-Scientist-6---Ad-Marketplace_JR40989,,https://www.linkedin.com/jobs/view/4453409848,2026-09-09,185,185 applicants,22,matched,title,2026-09-17,2026-09-17T12:58:11,2026-09-17,,30,startDate,true,0,,,,Regular,Data Science & Analytics,2026-08-18,,false,,,,,,
JR42197,Software Engineer - Customer Service Platform,Netflix,"Netflix, Inc.",Full time,Posted 30 Days Ago,2026-08-18,30,USA - Remote,1,USA - Remote,true,,United States of America,4b15c3bdb7e910020025cb25a5d60000,5,"At Netflix, our mission is to entertain the world. Together, we are writing the next episode - pushing the boundaries of storytelling, global fandom and making the unimaginable a reality. We are a dream team obsessed with the uncomfortable excitement of discovering what happens when you merge creativity, intuition and cutting-edge technology. Come be a part of what’s next.

About the Team

The Customer Service Platform team empowers Netflix Customer Service to help out customers 24x7. We do this by creating a maintainable, scalable, and resilient technology ecosystem that blends in-house and vendor solutions.

On a grand schema, the CSP team responsibilities include not only the Help Center experience, but connecting customers with agents too, building an agent-facing member management system (CRM), and maintaining other metadata management & operations tools.  We focus on operational efficiency, on both agent and customer experience, and enabling rapid iterations in how Netflix does Customer Service, especially with Generative AI (GenAI) adoptions.

We are transforming our technology ecosystem from one composed of mostly legacy home-grown applications to a modern hybrid architecture that strategically integrates vendor solutions while preserving Netflix-specific values. This platform powers support experiences across Streaming, Games, and Netflix House, complemented by significant investment in GenAI initiatives that will define the future of customer service.

About the job

We are looking for seasoned full stack engineers to join our help center sub team. We are focusing on building next-gen consumer facing help center experience that serves tens of millions of visitors a year.

Ideal candidates are fluent in both frontend and backend, and may have some speciality to bring to the table, e.g. experience building large scale consumer grade in-app webView experience, GenAI applications etc. Prior experience in the support domain will be a big plus but not required. The role includes participation in an on-call rotation supporting production services.

As a member in the Help Center sub team, You will be responsible for ideating, building, testing, and deploying robust features that meet both technical and business objectives. While being independent, it may require close collaboration with many Netflix engineering sister teams, product stakeholders and external vendors, to deliver the comprehensive end-to-end solutions.

The role calls for a platform mindset, as the system is built with layers of abstractions and orchestrations to handle massive end-user traffic and integrate with different vendor solutions at scale and flexibility. We are not only building for today, but also for tomorrow & beyond.

Qualifications:

•
Solid experience with TypeScript or JavaScript

•
Solid experience with modern UI framework such as React

•
Experience with AB test experiments and events instrumentations

•
Experience with API technologies such as GraphQL, gRPC, and RES

•
Experience with cloud computing platforms like Amazon Web Services

•
Solid knowledge of data structures, DB schema design and modern design patterns

Nice to have

•
Experience serving high volume consumer facing traffic

•
Experience building WebView based web applications

•
Experience with Generative AI / ML at application level

•
Experience in customer support / account management domain

•
Experience with distributed systems / cloud deployment / AWS multi region

•
An advocate for reliability and operational excellence

•
A good grasp of UX fundamentals

Generally, our compensation structure consists solely of an annual salary; we do not have bonuses. You choose each year how much of your compensation you want in salary versus stock options. To determine your personal top of market compensation, we rely on market indicators and consider your specific job family, background, skills, and experience to determine your compensation in the market range. The range for this role is $388,000.00 - $558,000.00. This compensation range will vary based on location.

Netflix provides comprehensive benefits including Health Plans, Mental Health support, a 401(k) Retirement Plan with employer match, Stock Option Program, Disability Programs, Health Savings and Flexible Spending Accounts, Family-forming benefits, and Life and Serious Injury Benefits. We also offer paid leave of absence programs. Full-time hourly employees accrue 35 days annually for paid time off to be used for vacation, holidays, and sick paid time off. Full-time salaried employees are immediately entitled to flexible time off. See more details about our Benefits here.

Netflix is a unique culture and environment. Learn more here.

Inclusion is a Netflix value and we strive to host a meaningful interview experience for all candidates. If you want an accommodation/adjustment for a disability or any other reason during the hiring process, please send a request to your recruiting partner.

We are an equal-opportunity employer and celebrate diversity, recognizing that diversity builds stronger teams. We approach diversity and inclusion seriously and thoughtfully. We do not discriminate on the basis of race, religion, color, ancestry, national origin, caste, sex, sexual orientation, gender, gender identity or expression, age, disability, medical condition, pregnancy, genetic makeup, marital status, or military service.

Job is open for no less than 7 days and will be removed when the position is filled.",5512,https://netflix.wd108.myworkdayjobs.com/Netflix/job/USA---Remote/Software-Engineer---Customer-Service-Platform_JR42197,,https://www.linkedin.com/jobs/view/4452898884,2026-09-09,200,Over 200 applicants,22,matched,title,2026-09-17,2026-09-17T12:51:51,2026-09-17,,30,startDate,true,0,,,,Regular,Engineering,2026-08-18,,true,,,,,,
JR42070,"Senior Design Program Manager, On Air",Netflix,"Netflix, Inc.",Full time,Posted 30 Days Ago,2026-08-18,30,USA - Remote,1,USA - Remote,true,,United States of America,4b15c3bdb7e910020025cb25a5d60000,5,"At Netflix, our mission is to entertain the world. Together, we are writing the next episode - pushing the boundaries of storytelling, global fandom and making the unimaginable a reality. We are a dream team obsessed with the uncomfortable excitement of discovering what happens when you merge creativity, intuition and cutting-edge technology. Come be a part of what’s next.

About The Role

The Netflix XD Operations team is seeking a Design Program Manager to join our XD Team within our Live On Air Creative division. You will establish and optimize the projects, processes, and pipelines for all visual touchpoints across our premium live broadcasts. This is a role for a heavy hitter who can drive complex projects from early concept to on-site execution under the high-pressure demands of live events.

You will partner with creative leads, tech teams, cross functional partners, and external production vendors to ensure our live presentation sets the gold standard for sports and entertainment.

Travel Requirement: Monthly travel required both US national and international including holiday travel due to live + events that occur year round.

•
Orchestrate Live Operations: Drive the organization, resourcing, and prioritization for premium live event graphics packages and studio design systems.

•
Master the Timeline: Map out and manage complex, concurrent production schedules for multiple major events without breaking a sweat.

•
Manage the Books: Handle line-item project producing, tracking creative deliverables at the artist level while managing technology and production budgets.

•
Bridge Design and Tech: Establish clear workflows for technical playout requirements, ensuring assets function flawlessly in real-time broadcast environments.

•
Own the Truck Environment: Lead on-site graphics integration from remote production trucks, managing real-time changes and troubleshooting under live-to-air pressure.

•
Build Trusted Partnerships: Act as the primary operational liaison for internal cross-functional teams, external vendors, and executive stakeholders.

•
Protect the Creative: Safeguard the design process by giving artists the time, space, and clear parameters needed to build elite visual packages.

Description of Background

The biggest live stages do not rattle you, and the most ambitious deliveries are just another Tuesday. You have deep technical knowledge of how broadcast graphics sit, breathe, and play out in real-time, remote environments. You can speak fluent artist, fluent engineer, and fluent executive all in the same meeting.

•
Scale and Presence: You have spent a decade guiding high-end productions and know how to keep a steady hand when millions of eyes are watching.

•
Broadcast Fluent: You are deeply familiar with the unique constraints, terminology, and workflows of live remote trucks and studio control rooms.

•
Fiscal and Operational Muscle: You have a proven track record of managing complex creative budgets, vendor contracts, and resource allocations.

•
On-Site Agility: You are comfortable traveling to events, managing on-site production personnel, and communicating clearly across all levels of a live crew.

Industry Experience & Must-Haves

•
10+ years of experience overseeing creative production teams and partnering with design leadership in high-profile live sports or entertainment environments.

•
Deep operational knowledge of traditional sports broadcasting, studio environments, and real-time graphics playout platforms.

•
Proven track record managing tech pipelines, budgets, and contractual relationships with premium external partners.

•
Global perspective with experience executing major live events both domestically and internationally.

•
Expert communication skills with the ability to navigate matrixed corporate structures and deliver crisp updates to premium stakeholders.

•
An ego-free approach to leadership, meaning you welcome candid feedback, learn quickly from misses, and focus entirely on the success of the team.

Generally, our compensation structure consists solely of an annual salary; we do not have bonuses. You choose each year how much of your compensation you want in salary versus stock options. To determine your personal top of market compensation, we rely on market indicators and consider your specific job family, background, skills, and experience to determine your compensation in the market range. The range for this role is $260,000.00 - $370,000.00. This compensation range will vary based on location.

Netflix provides comprehensive benefits including Health Plans, Mental Health support, a 401(k) Retirement Plan with employer match, Stock Option Program, Disability Programs, Health Savings and Flexible Spending Accounts, Family-forming benefits, and Life and Serious Injury Benefits. We also offer paid leave of absence programs. Full-time hourly employees accrue 35 days annually for paid time off to be used for vacation, holidays, and sick paid time off. Full-time salaried employees are immediately entitled to flexible time off. See more details about our Benefits here.

Netflix is a unique culture and environment. Learn more here.

Inclusion is a Netflix value and we strive to host a meaningful interview experience for all candidates. If you want an accommodation/adjustment for a disability or any other reason during the hiring process, please send a request to your recruiting partner.

We are an equal-opportunity employer and celebrate diversity, recognizing that diversity builds stronger teams. We approach diversity and inclusion seriously and thoughtfully. We do not discriminate on the basis of race, religion, color, ancestry, national origin, caste, sex, sexual orientation, gender, gender identity or expression, age, disability, medical condition, pregnancy, genetic makeup, marital status, or military service.

Job is open for no less than 7 days and will be removed when the position is filled.",5956,https://netflix.wd108.myworkdayjobs.com/Netflix/job/USA---Remote/Senior-Design-Program-Manager--On-Air_JR42070,,https://www.linkedin.com/jobs/view/4452839992,2026-09-09,200,Over 200 applicants,22,matched,title,2026-09-17,2026-09-17T12:58:12,2026-09-17,,30,startDate,true,0,,,,Regular,Program Management,2026-08-18,,true,,,,,,
JR41881,Security Analytics Engineer L5,Netflix,"Netflix, Inc.",Full time,Posted 30+ Days Ago,2026-08-17,31,USA - Remote,1,USA - Remote,true,,United States of America,4b15c3bdb7e910020025cb25a5d60000,5,"At Netflix, our mission is to entertain the world. Together, we are writing the next episode - pushing the boundaries of storytelling, global fandom and making the unimaginable a reality. We are a dream team obsessed with the uncomfortable excitement of discovering what happens when you merge creativity, intuition and cutting-edge technology. Come be a part of what’s next.

The team you will join:

Consumer Security Foundations (CSF) is a team within the Consumer Product Security and Trust organization which secures Netflix for our customers. CSF builds the shared data, tools, and infrastructure that Netflix's consumer security teams rely on to protect our members and products. Instead of owning one specific security domain, we build the common foundation, the shared pipelines, a central source of truth, and a unified view of risk, which makes consumer security teams faster and more effective.

Our Analytics Engineers build the piece of that foundation that turns raw security data into a story people can act on: the pipelines, metrics, and dashboards that give every security team, and Netflix leadership, a clear, shared view of risk.

What you will work on:

As a Security Analytics Engineer on CSF, you will do the hands-on analytics that gets to the root of consumer risk, and build the data foundation, metrics, and dashboards that turn those findings into a single, trusted narrative that leadership, product partners, and other security teams can act on.

•
Drive the analytics behind device and authentication risk, digging into signals like device trust, login/auth protocols, and access patterns to surface where and how risk shows up for our members

•
Be a thought partner in shaping the strategy behind our consumer security risk metrics, deciding what the organization should measure and why, analyzing the underlying data to validate what's meaningful, and translating that into a dashboard that gives every security team a shared, current view of top risks

•
Define and evolve our consumer product risk portfolio, using data to quantify and prioritize the ground-truth inventory of risk areas across our security organization, driving alignment across teams and with the broader company risk registry

•
Influence how our organization's risk story is told at the leadership level, shaping the analysis and narrative behind quarterly risk reviews, monthly metrics reviews, and leadership-level cost-of-fraud reporting

•
Partner strategically with security PMs and product teams to define what a comprehensive security metrics and controls story looks like for each product vertical, and drive its adoption

•
Collaborate closely with threat-modeling partners to get ahead of emerging risks, using data to shape how they get measured and reported rather than reacting after the fact

•
Build and maintain the data pipelines and metrics that power our analytics and dashboards, and design solutions other consumer security teams can build on, driving down one-off tooling across the organization

Desired skills and background:

•
Domain expertise in consumer product security, such as fraud, account security, abuse/trust & safety, authentication, or privacy, and fluency in how security risk gets measured and reported

•
Strong engineering fundamentals, including well written, tested, maintainable code, sound data modeling, and data pipelines built to scale

•
Expert in analytics (SQL, Presto, Spark SQL, Python), with strong critical thinking and a demonstrated ability to turn raw data into clear, compelling narratives

•
Quick to pick up new tools and techniques, including using AI/LLM-based tools to work faster and smarter across analysis, engineering, and reporting

•
Comfort operating in ambiguity, building a data model, portfolio, or dashboard from a 0-to-1 state and iterating with cross-functional input

•
A strong bias for action, comfortable moving fast, making decisions with incomplete information, and driving ideas to production rather than waiting for perfect conditions

We are looking for thoughtful professionals who enable our mission and support our culture of freedom and responsibility. You can learn more about life at Netflix by watching our security talks or exploring our open source work.

The Netflix culture permeates our work environment. It determines who we hire, how we work together, and how we make decisions. It encourages us to bring our best every day while valuing collaboration over individual achievement.

Generally, our compensation structure consists solely of an annual salary; we do not have bonuses. You choose each year how much of your compensation you want in salary versus stock options. To determine your personal top of market compensation, we rely on market indicators and consider your specific job family, background, skills, and experience to determine your compensation in the market range. The range for this role is $400,000.00 - $680,000.00. This compensation range will vary based on location.

Netflix provides comprehensive benefits including Health Plans, Mental Health support, a 401(k) Retirement Plan with employer match, Stock Option Program, Disability Programs, Health Savings and Flexible Spending Accounts, Family-forming benefits, and Life and Serious Injury Benefits. We also offer paid leave of absence programs. Full-time hourly employees accrue 35 days annually for paid time off to be used for vacation, holidays, and sick paid time off. Full-time salaried employees are immediately entitled to flexible time off. See more details about our Benefits here.

Netflix is a unique culture and environment. Learn more here.

Inclusion is a Netflix value and we strive to host a meaningful interview experience for all candidates. If you want an accommodation/adjustment for a disability or any other reason during the hiring process, please send a request to your recruiting partner.

We are an equal-opportunity employer and celebrate diversity, recognizing that diversity builds stronger teams. We approach diversity and inclusion seriously and thoughtfully. We do not discriminate on the basis of race, religion, color, ancestry, national origin, caste, sex, sexual orientation, gender, gender identity or expression, age, disability, medical condition, pregnancy, genetic makeup, marital status, or military service.

Job is open for no less than 7 days and will be removed when the position is filled.",6424,https://netflix.wd108.myworkdayjobs.com/Netflix/job/USA---Remote/Security-Analytics-Engineer-L5_JR41881,,https://www.linkedin.com/jobs/view/4452294291,2026-09-08,200,Over 200 applicants,22,matched,title,2026-09-17,2026-09-17T12:58:14,2026-09-17,,31,startDate,true,0,,,,Regular,Engineering,2026-08-17,,true,,,,,,
JR42119,Integration Engineer - Talent Technology Engineering,Netflix,"Netflix, Inc.",Full time,Posted 30+ Days Ago,2026-08-13,35,USA - Remote,1,USA - Remote,true,,United States of America,4b15c3bdb7e910020025cb25a5d60000,1,"At Netflix, our mission is to entertain the world. Together, we are writing the next episode - pushing the boundaries of storytelling, global fandom and making the unimaginable a reality. We are a dream team obsessed with the uncomfortable excitement of discovering what happens when you merge creativity, intuition and cutting-edge technology. Come be a part of what’s next.

We’re looking for an Integration Engineer who can own the Talent (HR) integrations ecosystem end-to-end. The person will own how Workday and our Talent platforms connect – architecture, reliability, observability, and vendor delivery. You’ll lead design and implementation, and decide how the whole system should work and keep raising the bar.

What You’ll Own

1. Integration architecture & ecosystem

•
Own the end‑to‑end integration architecture between Workday and our Talent ecosystem (Comp, Recruiting, Enterprise etc.).

•
Define and enforce patterns and standards: when we use Workday-native tools vs. middleware, custom platforms, how we handle errors, how we design data contracts, how we secure and version interfaces.

•
Actively modernize the landscape: reduce fragile point-to-points, simplify flows, and remove legacy cruft.

2. Design & implementation

•
Lead the design and implementation of integrations

•
Own the full lifecycle: requirements → design → build → test → deploy → iterate.

•
Write and review transformation logic (XSLT, MVEL, etc.) and supporting code

3. Observability & reliability

•
Treat observability as part of the spec: metrics, logs, traces, and alerts are designed up front

•
Define and monitor SLIs/SLOs for key integrations (latency, error rates, data freshness, etc.).

•
Lead incident response and postmortems for integration failures; drive structural fixes.

4. Vendor and partner delivery

•
Be the technical lead with vendors: challenge designs, reject weak patterns, and insist on solutions that fit our architecture and standards.

•
Hold vendors accountable for quality, performance, and operability

•
Work directly with HR, Finance, and other partners to translate business flows into integration designs

5. Documentation & knowledge sharing

•
Maintain clear, current documentation: data contracts, mappings, runbooks, and architecture overviews.

•
Raise the integration literacy of the team: coach engineers and partners on how our ecosystem works and how to use it well.

About You

•
You’re a systems owner with strong technical skills and opinionated about design and patterns.

•
Deep, hands-on experience building and running Workday integrations in production, including:

•
Studio, EIB, Web Services; ideally also Extend and Prism

•
Strong experience with at least one middleware platform

•
Solid understanding of REST/SOAP APIs, XML, XSLT, JSON, and authentication (OAuth, SAML, etc.).

•
Proficiency in at least one general-purpose language (Java, Python, or JavaScript) and comfort digging into code when needed.

•
Proven track record of owning complex integrations or data flows end-to-end – you can point to systems that work because you designed and led them, not because you followed someone else’s spec.

•
Strong grasp of HR/Talent business processes and HRIS data workflows (recruiting, offers, onboarding, comp, performance)

•
You design for operability and scale: you’ve put real observability and resilience into production systems.

Generally, our compensation structure consists solely of an annual salary; we do not have bonuses. You choose each year how much of your compensation you want in salary versus stock options. To determine your personal top of market compensation, we rely on market indicators and consider your specific job family, background, skills, and experience to determine your compensation in the market range. The range for this role is $270,000.00 - $410,000.00. This compensation range will vary based on location.

Netflix provides comprehensive benefits including Health Plans, Mental Health support, a 401(k) Retirement Plan with employer match, Stock Option Program, Disability Programs, Health Savings and Flexible Spending Accounts, Family-forming benefits, and Life and Serious Injury Benefits. We also offer paid leave of absence programs. Full-time hourly employees accrue 35 days annually for paid time off to be used for vacation, holidays, and sick paid time off. Full-time salaried employees are immediately entitled to flexible time off. See more details about our Benefits here.

Netflix is a unique culture and environment. Learn more here.

Inclusion is a Netflix value and we strive to host a meaningful interview experience for all candidates. If you want an accommodation/adjustment for a disability or any other reason during the hiring process, please send a request to your recruiting partner.

We are an equal-opportunity employer and celebrate diversity, recognizing that diversity builds stronger teams. We approach diversity and inclusion seriously and thoughtfully. We do not discriminate on the basis of race, religion, color, ancestry, national origin, caste, sex, sexual orientation, gender, gender identity or expression, age, disability, medical condition, pregnancy, genetic makeup, marital status, or military service.

Job is open for no less than 7 days and will be removed when the position is filled.",5329,https://netflix.wd108.myworkdayjobs.com/Netflix/job/USA---Remote/Integration-Engineer---Talent-Technology-Engineering_JR42119,,https://www.linkedin.com/jobs/view/4450890249,2026-09-04,200,Over 200 applicants,22,matched,title,2026-09-17,2026-09-17T12:58:15,2026-09-17,,35,startDate,true,0,,,,Regular,Engineering,2026-08-13,,true,,,,,,
JR41144,"Staff ML Software Engineer (L6) — Platform Systems, AIMS Engineering",Netflix,"Netflix, Inc.",Full time,Posted 30+ Days Ago,2026-08-12,36,USA - Remote,1,USA - Remote,true,,United States of America,4b15c3bdb7e910020025cb25a5d60000,5,"At Netflix, our mission is to entertain the world. Together, we are writing the next episode - pushing the boundaries of storytelling, global fandom and making the unimaginable a reality. We are a dream team obsessed with the uncomfortable excitement of discovering what happens when you merge creativity, intuition and cutting-edge technology. Come be a part of what’s next.

About the Role

AI for Member Systems (AIMS) runs the AI systems behind every recommendation, search result, and personalized experience for 300M+ members. The stack powering it is large and battle tested, built to meet the demands of its time, and remarkably effective at doing so. But AI/ML is moving fast, and the infrastructure that got us here needs to evolve to meet what's next: new model paradigms, tighter cost and efficiency expectations, and the operational maturity that comes with running AI at this scale.

Platform Systems is the engineering foundation of AIMS, owning reliability, scalability, cost efficiency, and developer experience across the org. We are looking for a Staff ML Software Engineer to own the observability, cost, and platform subsystems that support next generation AI workflows and keep the AIMS AI/ML stack trustworthy and ready for what's next, and to contribute to modernizing it. This is a high leverage role that cuts across the org. The work you do here will define how AIMS builds and operates AI/ML systems for the next decade.

Responsibilities

•
Design, build, and operate subsystems for observability, evaluation, and tooling that Netflix's next generation ML architecture depends on.

•
Prove the subsystems on AIMS's current operations first, including anomaly detection, root cause analysis, and operational automation.

•
Design and build observability systems, including observability primitives built for next generation ML systems rather than just classical ML, that give AIMS ML practitioners deep visibility into model behavior, training pipeline health, serving latency, and data quality, making issues detectable and diagnosable before they become incidents.

•
Identify and drive cost optimization across AIMS training and serving infrastructure, developing frameworks and tooling, increasingly automated, that make compute efficiency a first class concern rather than an afterthought.

•
Architect reliability improvements across the AIMS AI/ML stack, reducing toil, improving on-call ergonomics, and setting the standard for operational excellence across the org.

•
Contribute to the target architecture and migration path for the modernized AIMS AI/ML stack, coordinating with the teams driving that effort.

•
Continuously evaluate emerging infrastructure patterns, model paradigms, and platform capabilities, and translate them into a forward looking roadmap before they become urgent migrations.

What We're Looking For

•
Significant experience designing, building, and operating production AI/ML systems at scale, including training pipelines and familiarity with model serving and online inference under high traffic.

•
Hands-on experience building subsystems that support advanced agentic architectures, such as memory, trace, eval, and replay pipelines, or orchestration and routing layers for complex model systems. This means you've built the orchestration or control logic itself, not just called an API from a script.

•
Strong software engineering fundamentals with deep Python expertise and working proficiency in at least one JVM language (Scala or Java).

•
Proven track record of improving AI/ML system reliability, reducing infrastructure costs, and improving operational scalability.

•
Experience building observability and monitoring systems for AI/ML workloads; you understand what good visibility looks like across training, serving, and data pipelines.

•
Strong distributed systems background, including batch processing at scale and real time serving infrastructure.

•
Collaboration with partner teams to drive technical programs across functions, setting direction, managing dependencies, and building consensus without formal authority.

•
High technical judgment: able to identify common patterns, build reusable frameworks, and make pragmatic calls on what to invest in, what to defer, and what to leave alone.

•
Comfortable operating without full information; you can scope a problem, define an approach, and adjust course as you learn more.

Preferred Qualifications

•
Familiarity with LLM evaluation, trace, or replay tooling, such as LLM observability platforms or debugging frameworks for complex model systems.

•
Familiarity with modern AI/ML infrastructure patterns including feature stores, model serving platforms, and experiment frameworks.

•
Hands on experience migrating production AI/ML systems across technology generations.

•
Applied experience in personalization domains such as recommendation systems, search, or discovery.

Generally, our compensation structure consists solely of an annual salary; we do not have bonuses. You choose each year how much of your compensation you want in salary versus stock options. To determine your personal top of market compensation, we rely on market indicators and consider your specific job family, background, skills, and experience to determine your compensation in the market range. The range for this role is $600,000.00 - $1,066,000.00. This compensation range will vary based on location.

Netflix provides comprehensive benefits including Health Plans, Mental Health support, a 401(k) Retirement Plan with employer match, Stock Option Program, Disability Programs, Health Savings and Flexible Spending Accounts, Family-forming benefits, and Life and Serious Injury Benefits. We also offer paid leave of absence programs. Full-time hourly employees accrue 35 days annually for paid time off to be used for vacation, holidays, and sick paid time off. Full-time salaried employees are immediately entitled to flexible time off. See more details about our Benefits here.

Netflix is a unique culture and environment. Learn more here.

Inclusion is a Netflix value and we strive to host a meaningful interview experience for all candidates. If you want an accommodation/adjustment for a disability or any other reason during the hiring process, please send a request to your recruiting partner.

We are an equal-opportunity employer and celebrate diversity, recognizing that diversity builds stronger teams. We approach diversity and inclusion seriously and thoughtfully. We do not discriminate on the basis of race, religion, color, ancestry, national origin, caste, sex, sexual orientation, gender, gender identity or expression, age, disability, medical condition, pregnancy, genetic makeup, marital status, or military service.

Job is open for no less than 7 days and will be removed when the position is filled.",6854,https://netflix.wd108.myworkdayjobs.com/Netflix/job/USA---Remote/Staff-ML-Software-Engineer--L6----Platform-Systems--AIMS-Engineering_JR41144,,https://www.linkedin.com/jobs/view/4432748486,2026-09-05,150,150 applicants,24,matched,title,2026-09-17,2026-09-17T12:52:15,2026-09-17,,36,startDate,true,0,,,,Regular,Data Science & Analytics,2026-08-12,,false,,,,,,
JR38538,"Engineering Manager, Platform Systems — AIMS Engineering",Netflix,"Netflix, Inc.",Full time,Posted 30+ Days Ago,2026-08-12,36,USA - Remote,1,USA - Remote,true,,United States of America,9a7a8705901e1001f30e535431110000,5,"At Netflix, our mission is to entertain the world. Together, we are writing the next episode - pushing the boundaries of storytelling, global fandom and making the unimaginable a reality. We are a dream team obsessed with the uncomfortable excitement of discovering what happens when you merge creativity, intuition and cutting-edge technology. Come be a part of what’s next.

About the Team

AI for Member Systems (AIMS) runs the AI systems behind every recommendation, search result, and personalized experience for 300M+ members. The stack powering it is large and battle tested, built to meet the demands of its time, and remarkably effective at doing so. But AI/ML is moving fast, and the infrastructure that got us here needs to evolve to meet what's next: new model paradigms, tighter cost and efficiency expectations, and the operational maturity that comes with running AI at this scale.

The Role

This is a role for a senior engineering leader who can operate at the intersection of technical strategy and organizational execution. You will own the engineering roadmap for Platform Systems, build and scale a high performing team, and set the engineering culture standard for AIMS as a whole. This is not a role for someone who manages from a distance. The problems are technically deep, the dependencies are broad, and the org needs a leader who can credibly engage on distributed systems architecture, steer the design of subsystems that both Netflix's classic and next generation ML systems depend on, and raise the bar on developer productivity across the org at the same time.

What You'll Do

•
Define and own the long term technical strategy for Platform Systems, covering reliability, scalability, capacity management, cost efficiency, the subsystems that support next generation AI workflows, and AI stack modernization, and translate it into a roadmap the team and org can execute against.

•
Set the engineering excellence standard for AIMS by owning observability, reliability practices, on call hygiene, and engineering norms that raise the bar across the org.

•
Own the subsystems for observability, evaluation, and tooling that Netflix's next generation ML architecture depends on. Extend the subsystems into everyday engineering workflows, measurably reducing friction in the development lifecycle.

•
Hire, develop, and retain a team of engineers across a range of seniority levels; create an environment where strong technical contributors grow into senior leaders.

•
Partner at the director level across AIMS and infrastructure teams, representing Platform Systems in strategic planning and advocating for investments with compounding impact across the org.

•
Guide the AI stack modernization effort, establishing the migration path and alignment with partner teams across functions, as one part of the broader technical roadmap.

•
Navigate ambiguity at the intersection of platform engineering, ML infrastructure, and organizational change.

What We're Looking For

•
Significant experience leading platform or infrastructure engineering organizations operating distributed systems at scale.

•
Strong technical depth in distributed systems. You can engage credibly on architecture, tradeoffs, and design decisions with your most senior engineers.

•
Hands-on experience building subsystems that support advanced agentic architectures, such as memory, trace, eval, and replay pipelines, or orchestration and routing layers for complex model systems. This should go beyond wiring up an LLM API call.

•
Experience with ML infrastructure at scale. You understand the operational complexity of online and offline model training pipelines and the platform demands they place on data, compute, and serving infrastructure.

•
Track record of building high performing engineering teams and developing senior technical talent.

•
Track record of improving system reliability, reducing infrastructure costs, and accelerating engineering velocity at scale.

•
Developer productivity as a foundational instinct. You default to removing friction, automating toil, and investing in the tools and systems that make engineers faster.

•
Operates effectively at the intersection of engineering strategy and organizational leadership; comfortable influencing without direct authority across a large org.

•
High tolerance for ambiguity and competing priorities in a fast moving environment.

Preferred Qualifications

•
Demonstrated experience driving large, cross functional technical programs, such as infrastructure modernization or platform migrations, from strategy through execution, without disrupting product delivery.

•
Familiarity with modern AI/ML infrastructure patterns including feature stores, model serving platforms, and experiment frameworks.

•
Familiarity with personalization systems or recommendation platforms.

Generally, our compensation structure consists solely of an annual salary; we do not have bonuses. You choose each year how much of your compensation you want in salary versus stock options. To determine your personal top of market compensation, we rely on market indicators and consider your specific job family, background, skills, and experience to determine your compensation in the market range. The range for this role is $523,000.00 - $920,000.00. This compensation range will vary based on location.

Netflix provides comprehensive benefits including Health Plans, Mental Health support, a 401(k) Retirement Plan with employer match, Stock Option Program, Disability Programs, Health Savings and Flexible Spending Accounts, Family-forming benefits, and Life and Serious Injury Benefits. We also offer paid leave of absence programs. Full-time hourly employees accrue 35 days annually for paid time off to be used for vacation, holidays, and sick paid time off. Full-time salaried employees are immediately entitled to flexible time off. See more details about our Benefits here.

Netflix is a unique culture and environment. Learn more here.

Inclusion is a Netflix value and we strive to host a meaningful interview experience for all candidates. If you want an accommodation/adjustment for a disability or any other reason during the hiring process, please send a request to your recruiting partner.

We are an equal-opportunity employer and celebrate diversity, recognizing that diversity builds stronger teams. We approach diversity and inclusion seriously and thoughtfully. We do not discriminate on the basis of race, religion, color, ancestry, national origin, caste, sex, sexual orientation, gender, gender identity or expression, age, disability, medical condition, pregnancy, genetic makeup, marital status, or military service.

Job is open for no less than 7 days and will be removed when the position is filled.",6786,https://netflix.wd108.myworkdayjobs.com/Netflix/job/USA---Remote/Tech-Lead-Manager--GenAI-Sandbox---Tooling--AI-Foundations-_JR38538,,,,,,,no_match,,2026-09-17,,2026-09-17,,36,startDate,true,0,,,,Regular,Data Science & Analytics,2026-08-12,,false,,,,,,
JR41797,"Manager, Bidding & Pacing - Ads DSE",Netflix,"Netflix, Inc.",Full time,Posted 30+ Days Ago,2026-08-12,36,USA - Remote,1,USA - Remote,true,,United States of America,4b15c3bdb7e910020025cb25a5d60000,1,"At Netflix, our mission is to entertain the world. Together, we are writing the next episode - pushing the boundaries of storytelling, global fandom and making the unimaginable a reality. We are a dream team obsessed with the uncomfortable excitement of discovering what happens when you merge creativity, intuition and cutting-edge technology. Come be a part of what’s next.

In April 2022, we introduced a new, more affordable, ad-supported tier for our customers, marking a significant milestone for Netflix. Our focus is now on expanding choices for consumers and providing advertisers with a premium TV brand experience that surpasses traditional linear formats. The challenge ahead involves scaling our ad tech to maximize its impact on our business.

The Bidding & Pacing team within Ads Data Science and Engineering owns the algorithms and systems that determine how advertiser budgets are converted into delivered impressions across Netflix's ad inventory. The team builds and evolves bidding and pacing strategies across different demand buy types and inventory types, with the goal of maximizing advertiser value. As a leader in this domain, you will collaborate closely with Product and Engineering partner teams to think expansively about our business goals and define the blueprint for achieving them through models and algorithms. Your team will apply rigorous analytical methods to evaluate concepts, dissect challenges, build models and workflows, provide recommendations, and drive success on end-to-end initiatives in this nascent (0-1) space.

Responsibilities

•
Hire, inspire, and grow high-performing Machine Learning Scientists, Data Scientists, and Analytics Engineers.

•
Lead strong partnerships with stakeholders from across the business - from product management, engineering, consumer insights, content, and strategy.

•
Instill an inclusive culture that is innovative and collaborative, both within your team and in the broader organization.

•
Develop a team charter and roadmap that optimizes the impact of the team and reflects evolving business needs.

•
Act as an ambassador between the Product, Engineering, Strategy, and DSE teams by having a deep knowledge of how the Netflix Ads product works.

•
Ensure that your team is producing consistently trustworthy and high-quality technical outputs that influence & impact the business.

The Ideal Candidate:

•
Demonstrated tenacity, resilience, and leadership experience that enables you to organize and drive cross-functional projects, overcome challenges, and propose solutions.

•
Be both quantitative and qualitative. You should be able to quickly assess and understand complex systems, but also have high EQ, so that you can be a product ambassador to the rest of the organization.

•
You are a player-coach. You can develop roadmaps and strategy, but also execute on technical work and ensure that your team produces consistent high quality outputs.

•
Superb communication skills - You must be able to cultivate strong working relationships, communicate effectively, write meticulously, and give outstanding presentations to both technical and creative audiences.

•
Experience building and leading hybrid Data Science and ML teams in the Ads space, ideally with exposure to real-time bidding, auction mechanics, or budget pacing / delivery optimization.

•
Capacity and passion to translate business objectives into actionable analyses, and use analytics to guide product and business with quantitative recommendations.

•
A passion for TV and movies and defining the future of entertainment.

Generally, our compensation structure consists solely of an annual salary; we do not have bonuses. You choose each year how much of your compensation you want in salary versus stock options. To determine your personal top of market compensation, we rely on market indicators and consider your specific job family, background, skills, and experience to determine your compensation in the market range. The range for this role is $523,000.00 - $920,000.00. This compensation range will vary based on location.

Netflix provides comprehensive benefits including Health Plans, Mental Health support, a 401(k) Retirement Plan with employer match, Stock Option Program, Disability Programs, Health Savings and Flexible Spending Accounts, Family-forming benefits, and Life and Serious Injury Benefits. We also offer paid leave of absence programs. Full-time hourly employees accrue 35 days annually for paid time off to be used for vacation, holidays, and sick paid time off. Full-time salaried employees are immediately entitled to flexible time off. See more details about our Benefits here.

Netflix is a unique culture and environment. Learn more here.

Inclusion is a Netflix value and we strive to host a meaningful interview experience for all candidates. If you want an accommodation/adjustment for a disability or any other reason during the hiring process, please send a request to your recruiting partner.

We are an equal-opportunity employer and celebrate diversity, recognizing that diversity builds stronger teams. We approach diversity and inclusion seriously and thoughtfully. We do not discriminate on the basis of race, religion, color, ancestry, national origin, caste, sex, sexual orientation, gender, gender identity or expression, age, disability, medical condition, pregnancy, genetic makeup, marital status, or military service.

Job is open for no less than 7 days and will be removed when the position is filled.",5519,https://netflix.wd108.myworkdayjobs.com/Netflix/job/USA---Remote/Manager--Bidding---Pacing---Ads-DSE_JR41797,,,,,,,no_match,,2026-09-17,,2026-09-17,,36,startDate,true,0,,,,Regular,Data Science & Analytics,2026-08-12,,false,,,,,,
JR42075,Research Engineer 4/5 - Member Lifecycle and Monetization,Netflix,"Netflix, Inc.",Full time,Posted 30+ Days Ago,2026-08-12,36,USA - Remote,1,USA - Remote,true,,United States of America,4b15c3bdb7e910020025cb25a5d60000,5,"At Netflix, our mission is to entertain the world. Together, we are writing the next episode - pushing the boundaries of storytelling, global fandom and making the unimaginable a reality. We are a dream team obsessed with the uncomfortable excitement of discovering what happens when you merge creativity, intuition and cutting-edge technology. Come be a part of what’s next.

The Member Lifecycle and Monetization Data Science & Engineering team plays a critical role for Netflix in driving and accelerating sustainable growth of members and revenue globally, by leveraging data, experimentation & machine learning to develop compelling and persuasive conversion and monetization experiences post-signup to optimize revenue per member. Machine Learning in these areas is a relatively greenfield area, and comes with the potential for 0-1 applications that can drive millions of dollars of impact at Netflix’s scale.

We are looking for a research engineer to join the team to contribute to operating, as well as innovating on growth and commerce algorithms in production, validating through running offline experiments, and building online A/B tests to run in production systems. You’ll partner with other ML engineers, scientists and product managers on cross-functional ML initiatives.

To excel in this role, you should have experience with large-scale applications involving machine learning, a good sense of software engineering principles and design, possess strong communication skills, and the ability to work well in large cross-functional teams.

In this role, you will:

•
Design, implement and operate high impact machine learning models

•
Partner closely with cross-functional teams, including researchers, engineers, data scientists, and product managers, to identify high value applications of machine learning, translating business intuition into data-driven solutions

•
Work closely with scientists and engineers to create scalable, production-ready ML solutions, taking algorithms from initial concept through to deployment in Netflix's large-scale, real-time systems.

•
Contribute to the development of better infrastructure for developing and deploying ML models

•
Advocate for and apply best practices when it comes to availability, scalability, operational excellence, and cost management

What you’ll bring:

•
A degree in Computer Science or a related field

•
4+ years of full time engineering experience

•
Curious, self-motivated, and excited about solving open-ended challenges at Netflix.

•
Excellent software design and development skills in multi-language settings with Scala, Java, and Python and software engineering best practices (e.g. version control, testing, code review, etc.)

•
Exceptional communication skills, able to explain complex technical concepts clearly to cross-functional partners

•
Broad understanding of core machine learning concepts and their application in large-scale, real-world machine-learning systems

•
Familiarity end-to-end machine learning pipelines (e.g. training or production deployment) and common challenges like explainability.

Generally, our compensation structure consists solely of an annual salary; we do not have bonuses. You choose each year how much of your compensation you want in salary versus stock options. To determine your personal top of market compensation, we rely on market indicators and consider your specific job family, background, skills, and experience to determine your compensation in the market range. The range for this role is $466,000.00 - $750,000.00. This compensation range will vary based on location.

Netflix provides comprehensive benefits including Health Plans, Mental Health support, a 401(k) Retirement Plan with employer match, Stock Option Program, Disability Programs, Health Savings and Flexible Spending Accounts, Family-forming benefits, and Life and Serious Injury Benefits. We also offer paid leave of absence programs. Full-time hourly employees accrue 35 days annually for paid time off to be used for vacation, holidays, and sick paid time off. Full-time salaried employees are immediately entitled to flexible time off. See more details about our Benefits here.

Netflix is a unique culture and environment. Learn more here.

Inclusion is a Netflix value and we strive to host a meaningful interview experience for all candidates. If you want an accommodation/adjustment for a disability or any other reason during the hiring process, please send a request to your recruiting partner.

We are an equal-opportunity employer and celebrate diversity, recognizing that diversity builds stronger teams. We approach diversity and inclusion seriously and thoughtfully. We do not discriminate on the basis of race, religion, color, ancestry, national origin, caste, sex, sexual orientation, gender, gender identity or expression, age, disability, medical condition, pregnancy, genetic makeup, marital status, or military service.

Job is open for no less than 7 days and will be removed when the position is filled.",5040,https://netflix.wd108.myworkdayjobs.com/Netflix/job/USA---Remote/Research-Engineer-4-5---Member-Lifecycle-and-Monetization_JR42075,,,,,,,no_match,,2026-09-17,,2026-09-17,,36,startDate,true,0,,,,Regular,Data Science & Analytics,2026-08-12,,false,,,,,,
JR42062,Analytics Engineer 5 - Infrastructure Efficiency & Productivity,Netflix,"Netflix, Inc.",Full time,Posted 30+ Days Ago,2026-08-11,37,USA - Remote,1,USA - Remote,true,,United States of America,4b15c3bdb7e910020025cb25a5d60000,5,"At Netflix, our mission is to entertain the world. Together, we are writing the next episode - pushing the boundaries of storytelling, global fandom and making the unimaginable a reality. We are a dream team obsessed with the uncomfortable excitement of discovering what happens when you merge creativity, intuition and cutting-edge technology. Come be a part of what’s next.

Everything that we build to delight our members relies on our extensive technical infrastructure, which spans from services we rent from AWS to our custom-built content delivery network, Open Connect. As that infrastructure grows, so does investment in AI tooling, and understanding how efficiently we use both is central to Netflix's investment decisions.

As a Senior Analytics Engineer on Platform Data Science & Engineering, you will own how Netflix understands the efficiency of its cloud and AI infrastructure. You will join a data org of Analytics Engineers, Data Engineers, Visualization Engineers, and Data Scientists who partner with engineering teams and leadership to define the metrics, build the datasets, and deliver the insights that the company relies on to spend wisely. Your work will be the trusted source of truth that engineers and executives use to make decisions about a multi-billion-dollar infrastructure footprint.

This is a broad, high-visibility role with a lot of white space. You'll have the opportunity to develop metrics from scratch, build the logic and pipelines behind them, tell the story through dashboards and analyses, and turn all of it into recommendations that change how teams invest. You'll also help pioneer one of the most salient problems in the industry: quantifying the productivity impact of an increasingly AI- and agent-augmented workforce, where there is no textbook answer and real room to set the standard.

The ideal candidate will excel in metric research and development, self-sufficient analytics engineering, and data storytelling, and will share a passion for continuously improving how we use data to enhance Netflix's infrastructure.

To learn more about our team, read here.

In this role, you will:

•
Define and own the core metrics for how Netflix understands infrastructure cost, usage, and efficiency across its compute, storage, streaming, and machine learning platforms, and expand that coverage as the footprint grows.

•
Help pioneer new ways to measure the productivity impact of AI tooling and autonomous agents, shaping frameworks that leadership across the company will use to guide investment.

•
Increase the speed and quality with which the company understands and acts on its efficiency, turning what is often slow, manual analysis into trusted, reusable insight.

•
Surface and size new efficiency opportunities, translating patterns in cost and usage data into recommendations that lead directly to meaningful savings.

•
Tell the story with data: build the dashboards, reports, and narratives that make efficiency legible to audiences from individual engineers to senior executives, partnering with our visualization engineers on the surfaces that serve them.

•
Partner with Data Engineers on the pipelines upstream of your metrics, and with Data Scientists on the forecasting and reliability work that connects to yours.

You are:

•
Experienced in metric research and development in a technical domain: you build metric frameworks (not just one-off metrics) at multiple granularities that ladder up to a coherent whole, and you set targets people trust.

•
Self-sufficient across the full analytics loop: data exploration, cleaning, light pipeline building, business logic, and dashboards. Fluent in Python and SQL.

•
At home in messy, changing data, with the judgment to know when a number is right and when it needs a second look.

•
An exceptional communicator with both technical and non-technical audiences, experienced at telling stories with data and influencing decisions at all levels of the business.

•
A strong product thinker with good product sense: you get at what your partners actually need and build solutions that satisfy it.

•
Comfortable with ambiguity, and you thrive with minimal oversight and process.

•
Thoughtful about using AI in your own craft, using coding and analytics agents well, and evaluating what they produce rather than taking it on faith.

•
Experienced in measuring cost, efficiency, or system performance in a cloud or streaming context (a plus), or motivated to go deep in that domain.

Generally, our compensation structure consists solely of an annual salary; we do not have bonuses. You choose each year how much of your compensation you want in salary versus stock options. To determine your personal top of market compensation, we rely on market indicators and consider your specific job family, background, skills, and experience to determine your compensation in the market range. The range for this role is $330,000.00 - $566,000.00. This compensation range will vary based on location.

Netflix provides comprehensive benefits including Health Plans, Mental Health support, a 401(k) Retirement Plan with employer match, Stock Option Program, Disability Programs, Health Savings and Flexible Spending Accounts, Family-forming benefits, and Life and Serious Injury Benefits. We also offer paid leave of absence programs. Full-time hourly employees accrue 35 days annually for paid time off to be used for vacation, holidays, and sick paid time off. Full-time salaried employees are immediately entitled to flexible time off. See more details about our Benefits here.

Netflix is a unique culture and environment. Learn more here.

Inclusion is a Netflix value and we strive to host a meaningful interview experience for all candidates. If you want an accommodation/adjustment for a disability or any other reason during the hiring process, please send a request to your recruiting partner.

We are an equal-opportunity employer and celebrate diversity, recognizing that diversity builds stronger teams. We approach diversity and inclusion seriously and thoughtfully. We do not discriminate on the basis of race, religion, color, ancestry, national origin, caste, sex, sexual orientation, gender, gender identity or expression, age, disability, medical condition, pregnancy, genetic makeup, marital status, or military service.

Job is open for no less than 7 days and will be removed when the position is filled.",6430,https://netflix.wd108.myworkdayjobs.com/Netflix/job/USA---Remote/Analytics-Engineer-5---Infrastructure-Efficiency---Productivity_JR42062,,https://www.linkedin.com/jobs/view/4453014356,2026-09-02,200,Over 200 applicants,22,matched,title,2026-09-17,2026-09-17T12:58:17,2026-09-17,,37,startDate,true,0,,,,Regular,Data Science & Analytics,2026-08-11,,true,,,,,,
JR41877,Software Engineer 5 - Platform Data Products,Netflix,"Netflix, Inc.",Full time,Posted 30+ Days Ago,2026-08-11,37,USA - Remote,1,USA - Remote,true,,United States of America,4b15c3bdb7e910020025cb25a5d60000,5,"At Netflix, our mission is to entertain the world. Together, we are writing the next episode - pushing the boundaries of storytelling, global fandom and making the unimaginable a reality. We are a dream team obsessed with the uncomfortable excitement of discovering what happens when you merge creativity, intuition and cutting-edge technology. Come be a part of what’s next.

The Role

Netflix operates one of the largest cloud infrastructure footprints in the world, and an increasing footprint of GenAI tools and agents. Platform Data Science & Engineering (Platform DSE) is an internal-facing team that helps Netflix's Technology org understand and optimize its cloud and AI infrastructure.

We're looking for a full stack engineer to join our diverse team of analytics, data, and software engineers. In this role, you will focus on building products that enable Netflix to improve the efficiency of our Cloud and AI infrastructure.

You'll partner directly with engineering stakeholders to design and implement interactive web applications, backend services and APIs, agents and agent-facing tooling, analytics datasets, and integrations to microservices across Netflix. You'll become a domain expert in areas ranging from cloud infrastructure efficiency and coding agent ""tokenomics,"" to GPU efficiency and enterprise-scale AI platform concerns.

You should have a background in relational data modeling, API design, and data-rich application development. You should have a strong sense of product ownership, and experience taking products from scoping, to design, to implementation.

What You'll Do

•
Build and ship full stack features for our infrastructure cost and usage tooling, from the React and TypeScript frontend through the GraphQL services behind it.

•
Help build and launch our product for analyzing AI productivity, cost and usage including designing the architecture, help shaping the data model, and build the tooling

•
Contribute into other internal tooling surfaces (e.g. developer platform, ML/AI platform tooling) by contributing pertinent data produced from our team

•
Build reusable components and shared infrastructure to enable our visualization and analytics engineers

•
Partner with analytics engineers and data engineers on the data models behind these products. You won't build the pipelines, but you need to reason about them.

What We're Looking For

Must have:

•
You've designed, built, and shipped full stack applications

•
Experience contributing to internal systems and tools you don't own, including autonomously onboarding to new application stacks, strong design and architecture judgment, and proactive collaboration and communication

•
Strong TypeScript and React, plus enough backend (Node.js, GraphQL, or similar) to own a data feature end to end

•
Enough data fluency (SQL, and comfort reasoning about a data model) that a data-heavy product isn't a cold start. You don't need to be a data engineer, but you do need to be at home in messy, changing data.

•
A track record of owning work on your own. You'd be our first software engineer, so you'll set direction and see it through without a big engineering org behind you.

Nice to have:

•
GraphQL API design, or work with Druid, Iceberg, or similar analytics data stores.

•
An interest in survey design or product analytics instrumentation, which is where AIPI may go next.

•
You've worked closely with data scientists, analytics engineers, or data engineers on a small team.

Team and Culture

Platform Data Science & Engineering owns a wide slice of Netflix: infrastructure spend, developer productivity, traffic forecasting and experimentation, and availability. We value diversity of experience and background, direct ownership, and building durable products over one-off analyses. You'd work day to day with visualization engineers, analytics engineers, and data scientists, so you should be comfortable being the engineering voice in a room of data practitioners.

Netflix runs on people over process. We keep rules, approvals, and management layers light, and we trust well-informed people to make good calls (our ""freedom and responsibility"" model). For you that means real latitude and real accountability: you'll set technical direction and own how it turns out, not work a backlog someone else prioritized.

Generally, our compensation structure consists solely of an annual salary; we do not have bonuses. You choose each year how much of your compensation you want in salary versus stock options. To determine your personal top of market compensation, we rely on market indicators and consider your specific job family, background, skills, and experience to determine your compensation in the market range. The range for this role is $388,000.00 - $558,000.00. This compensation range will vary based on location.

Netflix provides comprehensive benefits including Health Plans, Mental Health support, a 401(k) Retirement Plan with employer match, Stock Option Program, Disability Programs, Health Savings and Flexible Spending Accounts, Family-forming benefits, and Life and Serious Injury Benefits. We also offer paid leave of absence programs. Full-time hourly employees accrue 35 days annually for paid time off to be used for vacation, holidays, and sick paid time off. Full-time salaried employees are immediately entitled to flexible time off. See more details about our Benefits here.

Netflix is a unique culture and environment. Learn more here.

Inclusion is a Netflix value and we strive to host a meaningful interview experience for all candidates. If you want an accommodation/adjustment for a disability or any other reason during the hiring process, please send a request to your recruiting partner.

We are an equal-opportunity employer and celebrate diversity, recognizing that diversity builds stronger teams. We approach diversity and inclusion seriously and thoughtfully. We do not discriminate on the basis of race, religion, color, ancestry, national origin, caste, sex, sexual orientation, gender, gender identity or expression, age, disability, medical condition, pregnancy, genetic makeup, marital status, or military service.

Job is open for no less than 7 days and will be removed when the position is filled.",6263,https://netflix.wd108.myworkdayjobs.com/Netflix/job/USA---Remote/Software-Engineer-5---Platform-Data-Products_JR41877,,https://www.linkedin.com/jobs/view/4445033492,2026-09-12,200,Over 200 applicants,32,matched,title,2026-09-17,2026-09-17T12:51:50,2026-09-17,,37,startDate,true,0,,,,Regular,Engineering,2026-08-11,,true,,,,,,
JR42055,Full Stack Software Engineer 4 - Content Promotion and Distribution,Netflix,"Netflix, Inc.",Full time,Posted 30+ Days Ago,2026-08-11,37,USA - Remote,1,USA - Remote,true,,United States of America,4b15c3bdb7e910020025cb25a5d60000,5,"At Netflix, our mission is to entertain the world. Together, we are writing the next episode - pushing the boundaries of storytelling, global fandom and making the unimaginable a reality. We are a dream team obsessed with the uncomfortable excitement of discovering what happens when you merge creativity, intuition and cutting-edge technology. Come be a part of what’s next.

The Content Promotion and Distribution (CPD) Engineering Organization creates technology to set up, promote, and launch content on the Netflix service and off service on social channels.  We build products and services that manage a global entertainment catalog and enable our members to discover, choose and talk about the content they can watch or play.

Spotlight on Content and Catalog Understanding Engineering Team:

Within the CPD organization, the Content and Catalog Understanding Engineering Team is responsible for building technology that enables both human and machine learning-based review of our entertainment catalog to enable classification and categorization. This powers the fundamental building blocks for how member discovery experience is constructed, how we target the right advertisements against the right content, and much more. In this role, you will build workflows that enable:

•
Tagging content with genres, characters, storylines, and other key dimensions.

•
Designing, launching, and promoting immersive experiences that captivate global fans.

•
Creating editorial content that invites fans to connect deeper with their favorite titles.

Qualifications

•
Comfortable working across the full software stack: designing and consuming GraphQL and/or RESTful APIs to power rich client experiences, and building resilient, high-scale, low-latency services in production.

•
Have recent, hands-on backend experience in Java, C#, or a similar OO language, along with solid OO design principles.

•
Experience with microservices, data modeling, and API design, and translating business requirements into technical designs and data models.

•
Understand distributed systems concepts like multithreading, parallelism, and software observability.

•
Have recent, hands-on experience building complex, high-quality user interfaces with HTML, JavaScript/TypeScript, and CSS, with exposure to React and modern frontend architecture (component design, state management, performance optimization). A strong eye for UI/UX craft.

•
Able to describe complex technical concepts to cross-functional peers, driving conversations and decisions through written and verbal communication.

•
Work cross-functionally with design, product, and engineering partners to build, test, deploy, and launch features end to end.

•
Participate in on-call rotation and lead incident reviews.

What Sets You Apart

•
Curious about a broad range of new or unfamiliar technologies, the consumer base, and product vision.

•
Seek different perspectives, feedback, and relevant information to continuously grow and improve.

•
Maintain strong relationships with cross-functional teams through clear communication.

•
Take a thoughtful, practical approach to problem-solving that considers tradeoffs and avoids over-engineering.

•
Comfortable asking questions and seeking knowledge in unfamiliar or ambiguous situations.

•
Endeavor to elevate the knowledge, skills, and abilities of yourself and others that are conducive to fostering an inclusive, collaborative environment.

A few more things about us:

As a team, we come from many different countries and our fields of education range from the humanities to engineering to computer science. Our team includes product managers, program managers, designers, full-stack developers, distributed systems engineers, and data scientists. Folks have the opportunity to wear different hats, should they choose to. We strongly believe this diversity has helped us build an inclusive and empathetic environment and look forward to adding your perspective to the mix!

Generally, our compensation structure consists solely of an annual salary; we do not have bonuses. You choose each year how much of your compensation you want in salary versus stock options. To determine your personal top of market compensation, we rely on market indicators and consider your specific job family, background, skills, and experience to determine your compensation in the market range. The range for this role is $250,000.00 - $413,000.00. This compensation range will vary based on location.

Netflix provides comprehensive benefits including Health Plans, Mental Health support, a 401(k) Retirement Plan with employer match, Stock Option Program, Disability Programs, Health Savings and Flexible Spending Accounts, Family-forming benefits, and Life and Serious Injury Benefits. We also offer paid leave of absence programs. Full-time hourly employees accrue 35 days annually for paid time off to be used for vacation, holidays, and sick paid time off. Full-time salaried employees are immediately entitled to flexible time off. See more details about our Benefits here.

Netflix is a unique culture and environment. Learn more here.

Inclusion is a Netflix value and we strive to host a meaningful interview experience for all candidates. If you want an accommodation/adjustment for a disability or any other reason during the hiring process, please send a request to your recruiting partner.

We are an equal-opportunity employer and celebrate diversity, recognizing that diversity builds stronger teams. We approach diversity and inclusion seriously and thoughtfully. We do not discriminate on the basis of race, religion, color, ancestry, national origin, caste, sex, sexual orientation, gender, gender identity or expression, age, disability, medical condition, pregnancy, genetic makeup, marital status, or military service.

Job is open for no less than 7 days and will be removed when the position is filled.",5915,https://netflix.wd108.myworkdayjobs.com/Netflix/job/USA---Remote/Full-Stack-Software-Engineer-4---Content-Promotion-and-Distribution_JR42055,,https://www.linkedin.com/jobs/view/4449871690,2026-09-02,200,Over 200 applicants,22,matched,title,2026-09-17,2026-09-17T12:51:58,2026-09-17,,37,startDate,true,0,,,,Regular,Engineering,2026-08-11,,true,,,,,,
JR41854,"Security Software Engineer (L6), Security Protocols & Foundations",Netflix,"Netflix, Inc.",Full time,Posted 30+ Days Ago,2026-08-11,37,USA - Remote,1,USA - Remote,true,,United States of America,4b15c3bdb7e910020025cb25a5d60000,5,"At Netflix, our mission is to entertain the world. Together, we are writing the next episode - pushing the boundaries of storytelling, global fandom and making the unimaginable a reality. We are a dream team obsessed with the uncomfortable excitement of discovering what happens when you merge creativity, intuition and cutting-edge technology. Come be a part of what’s next.

Open Connect (OC) is a critical group within Netflix that builds and manages a content delivery network (CDN) that delivers all of Netflix’s streaming video. In addition to streaming video, we work on projects within Netflix that leverage physical infrastructure, such as our Cloud Games and Live initiatives. According to a 2023 Sandvine report, data delivered by OC accounts for approximately 15% of all downstream traffic volume across the entire internet. Most of this traffic is delivered by our edge cache servers.

A small team of talented software engineers develops and maintains the software that runs on OC edge appliances. Because of the critical role of these appliances for Netflix and the Internet, they have to be both efficient and secure. As we scale Live and Cloud Games, the protocols and appliances that deliver our content across the open internet need security designed and built in as foundational primitives, without compromising our industry-leading efficiency and economics.

We are looking for a Security Software Engineer to own protocol and foundational security for the OC edge appliances, with the opportunity to directly impact a critical area of the business.

In this role, you will:

•
Design and build security primitives that are necessary for existing and innovative new streaming protocols for large scale content delivery.

•
Partner with business and product stakeholders to translate their goals into security requirements and technical design and implementation.

•
Develop and own a consolidated set of application security primitives used across our delivery paths, built once rather than separately per application, extending and going beyond what libraries like OpenSSL provide.

•
Optimize the crypto and transport security layers on OC appliances for performance and resource efficiency.

•
Develop primitives and mitigations for host-side DoS resilience, including kernel integration to throttle abusive traffic, partnering with adjacent teams for end-to-end protection of our infrastructure.

•
Conduct vulnerability research and mitigation for application and protocol-level vulnerabilities across the OC platform.

•
Serve as the security owner for OC's protocols and cryptographic foundations and as a liaison with partner organizations, staying ahead of the industry through engagement with key cryptography and security communities.

•
Demonstrate versatility by learning and adapting to new architectures and features as they evolve.

Qualifications:

•
Proven track record of architecting and implementing security features that meaningfully improve system security.

•
Deep, hands-on expertise in applied cryptography and security protocols and techniques (TLS, DTLS, QUIC, signatures, key management, AEAD).

•
Experience with design, development, and deployment of end-to-end security controls, from architecture through production.

•
Success at partnering with others to improve the security posture through cross-functional changes.

You will be successful in this role if you:

•
Have the ability to define and self-manage cross-functional projects fueled by ambiguous questions.

•
Able to collaborate with business and product stakeholders to translate their goals into security requirements and technical design and implementation.

•
Are a self-starter, curious and not afraid to ask when in doubt.

•
Are a quick learner and excited about learning new technologies.

•
Advocate thoughtful collaboration, take pride in your work and enjoy taking full ownership of projects from conception to production.

Nice to have:

•
Experience designing DoS / resource-exhaustion mitigations for high-scale services.

•
Contributions to OpenSSL or similar crypto libraries, or to security protocol standards.

•
Active participation in IETF, Crypto Forum Research Group (CFRG), or Real World Crypto.

•
Experience securing live streaming or media delivery protocols.

•
Experience working on highly distributed systems and fuzzing complex systems.

•
Experience securing FreeBSD and Linux.

•
Experience with C, Golang, Python.

Be sure to review our culture page to learn more about the unique Netflix culture and the opportunity to be part of our team.

Generally, our compensation structure consists solely of an annual salary; we do not have bonuses. You choose each year how much of your compensation you want in salary versus stock options. To determine your personal top of market compensation, we rely on market indicators and consider your specific job family, background, skills, and experience to determine your compensation in the market range. The range for this role is $499,000.00 - $900,000.00. This compensation range will vary based on location.

Netflix provides comprehensive benefits including Health Plans, Mental Health support, a 401(k) Retirement Plan with employer match, Stock Option Program, Disability Programs, Health Savings and Flexible Spending Accounts, Family-forming benefits, and Life and Serious Injury Benefits. We also offer paid leave of absence programs. Full-time hourly employees accrue 35 days annually for paid time off to be used for vacation, holidays, and sick paid time off. Full-time salaried employees are immediately entitled to flexible time off. See more details about our Benefits here.

Netflix is a unique culture and environment. Learn more here.

Inclusion is a Netflix value and we strive to host a meaningful interview experience for all candidates. If you want an accommodation/adjustment for a disability or any other reason during the hiring process, please send a request to your recruiting partner.

We are an equal-opportunity employer and celebrate diversity, recognizing that diversity builds stronger teams. We approach diversity and inclusion seriously and thoughtfully. We do not discriminate on the basis of race, religion, color, ancestry, national origin, caste, sex, sexual orientation, gender, gender identity or expression, age, disability, medical condition, pregnancy, genetic makeup, marital status, or military service.

Job is open for no less than 7 days and will be removed when the position is filled.",6524,https://netflix.wd108.myworkdayjobs.com/Netflix/job/USA---Remote/Security-Software-Engineer--L6---Security-Protocols---Foundations_JR41854,,,,,,,no_match,,2026-09-17,,2026-09-17,,37,startDate,true,0,,,,Regular,Engineering,2026-08-11,,false,,,,,,
JR41332,Machine Learning Scientist (L6) - Live Ads,Netflix,"Netflix, Inc.",Full time,Posted 30+ Days Ago,2026-08-10,38,USA - Remote,1,USA - Remote,true,,United States of America,4b15c3bdb7e910020025cb25a5d60000,5,"At Netflix, our mission is to entertain the world. Together, we are writing the next episode - pushing the boundaries of storytelling, global fandom and making the unimaginable a reality. We are a dream team obsessed with the uncomfortable excitement of discovering what happens when you merge creativity, intuition and cutting-edge technology. Come be a part of what’s next.

We launched a new ad-supported tier in November 2022 and are building an in-house world-class ad tech ecosystem to offer our members more choices in consuming their content. Our new tier allows us to attract new members at a lower price point while also creating a compelling path for advertisers to reach deeply engaged audiences.

Our Team

The Ad Supply & Decisioning team within the Ads Data Science and Engineering (DSE) organization drives ads growth by expanding ad inventory, optimizing member-ad matching, and maximizing long-term yield. The team spans three pillars, Ad Forecasting, Ad Ranking, and Ad Marketplace, and supports all ad surfaces, including live events such as sports, award shows, and cultural moments watched simultaneously by tens of millions of members around the world. Live advertising introduces a distinct class of problems: massive, unpredictable traffic spikes, global simultaneous delivery, hard real-time latency constraints, and the need to balance yield across direct and programmatic demand channels.

We are looking for a Machine Learning Scientist 6 to serve as a vertical technical lead across our core Live Ads ML problem areas - forecasting, targeting and personalization, bidding and pacing, auction, and yield optimization. In this role, you will partner directly with the Live Ads product team to define the ML technical roadmap and collaborate across horizontal pods within Ad Supply & Decisioning to drive solutions.

Responsibilities

•
Define and drive the ML technical roadmap in close partnership with the Live Ads product team, aligning technical investments with business priorities and product direction.

•
Collaborate across horizontal pods to architect and deliver ML solutions spanning forecasting, targeting and personalization, bidding and pacing, auction, and yield optimization.

•
Design and implement machine learning and optimization algorithms to improve ad quality and performance.

•
Build, train, and evaluate models on large-scale production data.

•
Develop online and offline evaluation frameworks to rigorously measure the impact of model and algorithm improvements.

•
Partner closely with the product team to define optimization objectives, constraints, and trade-offs that align with product and business goals.

•
Communicate technical decisions, trade-offs, and experiment results to both technical and non-technical stakeholders, including senior leadership.

Qualifications

•
Advanced degree (PhD or Master's) in Computer Science, Statistics, Mathematics, or a related quantitative field.

•
7+ years of industry experience building and shipping production ML systems at scale, with demonstrated staff/senior staff-level scope and impact.

•
Deep knowledge of machine learning, optimization, and data analysis techniques.

•
Experience in ad optimization stack, e.g. targeting, ranking, bidding. Experience in Live ads is a huge plus.

•
Proven ability to set technical direction and influence roadmap across teams; experience serving as a vertical or staff-level technical lead is a strong plus.

•
Experience with prototyping and deploying algorithms using large-scale production data.

•
Proficiency in Python, Scala, or Java.

•
Strong business acumen and ability to translate technical results into business impact.

•
Excellent communication and collaboration skills.

Generally, our compensation structure consists solely of an annual salary; we do not have bonuses. You choose each year how much of your compensation you want in salary versus stock options. To determine your personal top of market compensation, we rely on market indicators and consider your specific job family, background, skills, and experience to determine your compensation in the market range. The range for this role is $600,000.00 - $1,066,000.00. This compensation range will vary based on location.

Netflix provides comprehensive benefits including Health Plans, Mental Health support, a 401(k) Retirement Plan with employer match, Stock Option Program, Disability Programs, Health Savings and Flexible Spending Accounts, Family-forming benefits, and Life and Serious Injury Benefits. We also offer paid leave of absence programs. Full-time hourly employees accrue 35 days annually for paid time off to be used for vacation, holidays, and sick paid time off. Full-time salaried employees are immediately entitled to flexible time off. See more details about our Benefits here.

Netflix is a unique culture and environment. Learn more here.

Inclusion is a Netflix value and we strive to host a meaningful interview experience for all candidates. If you want an accommodation/adjustment for a disability or any other reason during the hiring process, please send a request to your recruiting partner.

We are an equal-opportunity employer and celebrate diversity, recognizing that diversity builds stronger teams. We approach diversity and inclusion seriously and thoughtfully. We do not discriminate on the basis of race, religion, color, ancestry, national origin, caste, sex, sexual orientation, gender, gender identity or expression, age, disability, medical condition, pregnancy, genetic makeup, marital status, or military service.

Job is open for no less than 7 days and will be removed when the position is filled.",5669,https://netflix.wd108.myworkdayjobs.com/Netflix/job/USA---Remote/Machine-Learning-Scientist--L6----Live-Ads_JR41332,,,,,,,no_match,,2026-09-17,,2026-09-17,,38,startDate,true,0,,,,Regular,Data Science & Analytics,2026-08-10,,false,,,,,,
JR40563,"Manager, Member Experience - Ads DSE",Netflix,"Netflix, Inc.",Full time,Posted 30+ Days Ago,2026-08-10,38,USA - Remote,1,USA - Remote,true,,United States of America,9a7a8705901e1001f30e535431110000,4,"At Netflix, our mission is to entertain the world. Together, we are writing the next episode - pushing the boundaries of storytelling, global fandom and making the unimaginable a reality. We are a dream team obsessed with the uncomfortable excitement of discovering what happens when you merge creativity, intuition and cutting-edge technology. Come be a part of what’s next.

In April 2022, we introduced a new, more affordable, ad-supported tier for our customers, marking a significant milestone for Netflix. Our focus is now on expanding choices for consumers and providing advertisers with a premium TV brand experience that surpasses traditional linear formats. The challenge ahead involves scaling our ad tech to maximize its impact on our business.

The Ad Marketplace team in Ads Data Science and Engineering plays a crucial role in Netflix's ad business growth. The mission for this team is to build a healthy, competitive, and innovative ad marketplace that balances long term Netflix revenue, member experience, and advertiser outcomes. As an important part of the Ad Marketplace team, the Member Ad Experience team is responsible for understanding the impact of delivery policy and decisioning to member experience, including ad load, ad frequency cap, ad insertion, and podding optimization. The team builds causal inference and predictive models to quantify such impact to members, and use them in ad delivery optimization. Our goal is to create a best-in-class member ad experience through responsible monetization that prioritizes long-term growth. As a leader in this domain, you will collaborate closely with Product and Engineering partner teams to think expansively about our business goals and define the blueprint for achieving them through models and algorithms. Your team will apply rigorous analytical methods to evaluate concepts, dissect challenges, build models and workflows, provide recommendations, and drive success on end-to-end initiatives in this nascent (0 - 1) space.

Responsibilities

•
Hire, inspire, and grow high-performing Machine Learning Scientists, Data Scientists, and Analytics Engineers.

•
Lead strong partnerships with stakeholders from across the business - from product management, engineering, consumer insights, content, and strategy.

•
Instill an inclusive culture that is innovative and collaborative, both within your team and in the broader organization.

•
Develop a team charter and roadmap that optimizes the impact of the team and reflects evolving business needs.

•
Act as an ambassador between the Product, Engineering, Strategy, and DSE teams by having a deep knowledge of how the Netflix Ads product works.

•
Ensure that your team is producing consistently trustworthy and high-quality technical outputs that influence & impact the business.

The Ideal Candidate:

•
Demonstrated tenacity, resilience, and leadership experience that enables you to organize and drive cross-functional projects, overcome challenges, and propose solutions.

•
Be both quantitative and qualitative. You should be able to quickly assess and understand complex systems, but also have high EQ, so that you can be a product ambassador to the rest of the organization.

•
You are a player-coach. You can develop roadmaps and strategy, but also execute on technical work and ensure that your team produces consistent high quality outputs.

•
Superb communication skills - You must be able to cultivate strong working relationships, communicate effectively, write meticulously, and give outstanding presentations to both technical and creative audiences.

•
Experience building and leading hybrid Data Science and ML teams in the Ads space.

•
Capacity and passion to translate business objectives into actionable analyses, and use analytics to guide product and business with quantitative recommendations.

•
A passion for TV and movies and defining the future of entertainment.

Generally, our compensation structure consists solely of an annual salary; we do not have bonuses. You choose each year how much of your compensation you want in salary versus stock options. To determine your personal top of market compensation, we rely on market indicators and consider your specific job family, background, skills, and experience to determine your compensation in the market range. The range for this role is $523,000.00 - $920,000.00. This compensation range will vary based on location.

Netflix provides comprehensive benefits including Health Plans, Mental Health support, a 401(k) Retirement Plan with employer match, Stock Option Program, Disability Programs, Health Savings and Flexible Spending Accounts, Family-forming benefits, and Life and Serious Injury Benefits. We also offer paid leave of absence programs. Full-time hourly employees accrue 35 days annually for paid time off to be used for vacation, holidays, and sick paid time off. Full-time salaried employees are immediately entitled to flexible time off. See more details about our Benefits here.

Netflix is a unique culture and environment. Learn more here.

Inclusion is a Netflix value and we strive to host a meaningful interview experience for all candidates. If you want an accommodation/adjustment for a disability or any other reason during the hiring process, please send a request to your recruiting partner.

We are an equal-opportunity employer and celebrate diversity, recognizing that diversity builds stronger teams. We approach diversity and inclusion seriously and thoughtfully. We do not discriminate on the basis of race, religion, color, ancestry, national origin, caste, sex, sexual orientation, gender, gender identity or expression, age, disability, medical condition, pregnancy, genetic makeup, marital status, or military service.

Job is open for no less than 7 days and will be removed when the position is filled.",5857,https://netflix.wd108.myworkdayjobs.com/Netflix/job/USA---Remote/Manager--Member-Experience---Ads-DSE_JR40563-1,,,,,,,no_match,,2026-09-17,,2026-09-17,,38,startDate,true,1,,,,Regular,Data Science & Analytics,2026-08-10,,false,,,,,,
JR41947,"Research Scientist 5 - Ads, Identity Matching",Netflix,"Netflix, Inc.",Full time,Posted 30+ Days Ago,2026-08-10,38,USA - Remote,1,USA - Remote,true,,United States of America,4b15c3bdb7e910020025cb25a5d60000,5,"At Netflix, our mission is to entertain the world. Together, we are writing the next episode - pushing the boundaries of storytelling, global fandom and making the unimaginable a reality. We are a dream team obsessed with the uncomfortable excitement of discovering what happens when you merge creativity, intuition and cutting-edge technology. Come be a part of what’s next.

In April 2022, we announced that we are creating a new lower-priced, ad-supported tier for our customers. We are now working toward our goal of providing more choice for consumers and a premium, better-than-linear TV brand experience for advertisers. We are now hiring for the founding data scientists in this new business area for Netflix!

Our goal in the Ided Science team is to deepen our understanding of our ad-tier members, in order to improve advertiser performance and ensure a great member experience. We continually improve ad targeting capabilities through machine learning, analytics, data exploration, and optimization. Our work includes feature engineering,  modeling, lookalike algorithms, and optimization. We also provide modeling and analytics support for Netflix live content and integrations with third-party partners, with a high priority on privacy and data security. We focus on repeatable, scalable modeling for a variety of current and future applications.

This role is for a Research Scientist to focus on identity modeling for our ads audience, including identity modeling, probabilistic matching, differential privacy, and anonymization.

Responsibilities

•
​​Apply modeling and machine learning techniques to business problems at the intersection of product and data science

•
Autonomously identify and pursue research with significant business impact, and make compelling cases for prioritization and resource allocation

•
Diagnose data and model assumptions, curating and testing appropriate models for each dataset and business objective

•
Identify, compute and validate the appropriate metrics to measure success

•
Deliver well-documented datasets, tools, and reports to key technical and business partners

•
Serve as a strategic thought partner to product managers and business stakeholders, directly influencing product direction and improving user experience.

•
Cultivate strong partnerships with cross-functional stakeholders from product, engineering, operations, design, consumer research, etc.

•
Effectively communicate findings and insights to both technical and non-technical audiences, driving adoption and understanding of ML-driven solutions.

Qualifications

•
Advanced degree (PhD or Master’s) in Computer Science, Statistics, Economics, Applied Mathematics, or related quantitative field

•
5+ years of experience and high proficiency in SQL, Python

•
5+ years of experience with large scale data

•
Deep knowledge of machine learning, statistical modeling, and data analysis techniques

•
Experience with prototyping and deploying models using large-scale production data

•
Strong business acumen and ability to translate technical results into business impact

•
Excellent communication and collaboration skills

•
Experience in privacy, differential privacy, anonymization and identity-related concepts

Generally, our compensation structure consists solely of an annual salary; we do not have bonuses. You choose each year how much of your compensation you want in salary versus stock options. To determine your personal top of market compensation, we rely on market indicators and consider your specific job family, background, skills, and experience to determine your compensation in the market range. The range for this role is $466,000.00 - $750,000.00. This compensation range will vary based on location.

Netflix provides comprehensive benefits including Health Plans, Mental Health support, a 401(k) Retirement Plan with employer match, Stock Option Program, Disability Programs, Health Savings and Flexible Spending Accounts, Family-forming benefits, and Life and Serious Injury Benefits. We also offer paid leave of absence programs. Full-time hourly employees accrue 35 days annually for paid time off to be used for vacation, holidays, and sick paid time off. Full-time salaried employees are immediately entitled to flexible time off. See more details about our Benefits here.

Netflix is a unique culture and environment. Learn more here.

Inclusion is a Netflix value and we strive to host a meaningful interview experience for all candidates. If you want an accommodation/adjustment for a disability or any other reason during the hiring process, please send a request to your recruiting partner.

We are an equal-opportunity employer and celebrate diversity, recognizing that diversity builds stronger teams. We approach diversity and inclusion seriously and thoughtfully. We do not discriminate on the basis of race, religion, color, ancestry, national origin, caste, sex, sexual orientation, gender, gender identity or expression, age, disability, medical condition, pregnancy, genetic makeup, marital status, or military service.

Job is open for no less than 7 days and will be removed when the position is filled.",5176,https://netflix.wd108.myworkdayjobs.com/Netflix/job/USA---Remote/Research-Scientist-5---Ads--Identity-Matching_JR41947,,https://www.linkedin.com/jobs/view/4449817151,2026-09-01,200,Over 200 applicants,22,matched,title,2026-09-17,2026-09-17T12:58:18,2026-09-17,,38,startDate,true,0,,,,Regular,Data Science & Analytics,2026-08-10,,true,,,,,,
JR42023,Technical Program Manager 5 – Engagement Intelligence (AIMS),Netflix,"Netflix, Inc.",Full time,Posted 30+ Days Ago,2026-08-08,40,USA - Remote,1,USA - Remote,true,,United States of America,4b15c3bdb7e910020025cb25a5d60000,5,"At Netflix, our mission is to entertain the world. Together, we are writing the next episode - pushing the boundaries of storytelling, global fandom and making the unimaginable a reality. We are a dream team obsessed with the uncomfortable excitement of discovering what happens when you merge creativity, intuition and cutting-edge technology. Come be a part of what’s next.

Netflix entertains the world by connecting members with stories they'll love. The AI for Member Systems (AIMS) organization builds the AI systems behind that promise: the models and infrastructure that power recommendations, personalization, search, discovery, and messaging for hundreds of millions of members.

Within AIMS, Engagement Intelligence is where Netflix's next generation of AI product experiences gets built: new generative AI experiences, new interaction modalities, and new ways for members to discover content beyond the traditional grid. The area also includes mature products such as Search, Messaging, and Evidence, with systems already operating at Member scale. The technology, the surface area, and the partnership models are still being defined — which means the Technical Program Manager in this role will shape how AIMS builds emerging AI products for years to come.

You'll operate across a genuinely diverse stakeholder map: engineering and applied science teams, product and partnerships, and external device and platform partners. Your job is to turn emerging AI capability into experiences members actually use.

What You'll Do

•
Drive early-stage, high-ambiguity programs spanning generative AI product experiences, new interaction modalities, and new discovery surfaces, from first concept through path to production — alongside mature, highly cross-functional initiatives within Engagement Intelligence.

•
Own planning and execution: set milestones, manage dependencies, and align engineering, applied science, product, and partnerships teams around a shared plan.

•
Bring structure to 0-to-1 work, operating in problem spaces where the architecture, requirements, and partnership models are still taking shape, without over-engineering the process.

•
Coordinate with external device, platform, and distribution partners on integration timelines, technical requirements, and joint delivery milestones.

•
Support content expansion into new formats and modalities as Netflix's catalog grows beyond traditional video.

•
Weigh technology, cost, and business priorities against each other, and help teams make the right tradeoff for the moment.

•
Apply working knowledge of the ML project lifecycle, online and offline, to help teams plan realistic paths from prototype to production.

•
Build the lightweight program rituals — roadmaps, status updates, risk reviews, launch readiness — that keep fast-moving programs visible and on track.

•
Turn complexity into clarity: write the status updates, decision docs, and alignment artifacts that keep everyone from engineers to senior leadership on the same page.

What We're Looking For

•
8-10+ years in technical program management or equivalent roles, with a track record driving multi-team, ambiguous programs at senior scope.

•
A track record building alignment and driving decisions across a broad stakeholder map, internal and external, without relying on formal authority.

•
Comfort operating in high ambiguity, bringing structure to 0-to-1 efforts where the architecture, requirements, and partnership models are still being defined.

•
The judgment to weigh technical, business, and cost tradeoffs and know which one should win.

•
Working knowledge of the ML project lifecycle, including online and offline stages, and what it takes to move a capability toward production.

•
Excellent written and verbal communication, with a track record of producing clear, decision-ready documents for audiences from engineers to senior leadership.

Preferred Qualifications

•
Experience with generative AI product development.

•
Experience with search, discovery, or conversational/voice product programs, including coordination with external partners on path-to-production and joint delivery.

•
Experience supporting content or catalog expansion into new formats and modalities.

•
Background at a consumer-scale company with AI-driven products: streaming, social media, marketplaces, search, or voice/conversational products.

Generally, our compensation structure consists solely of an annual salary; we do not have bonuses. You choose each year how much of your compensation you want in salary versus stock options. To determine your personal top of market compensation, we rely on market indicators and consider your specific job family, background, skills, and experience to determine your compensation in the market range. The range for this role is $290,000.00 - $460,000.00. This compensation range will vary based on location.

Netflix provides comprehensive benefits including Health Plans, Mental Health support, a 401(k) Retirement Plan with employer match, Stock Option Program, Disability Programs, Health Savings and Flexible Spending Accounts, Family-forming benefits, and Life and Serious Injury Benefits. We also offer paid leave of absence programs. Full-time hourly employees accrue 35 days annually for paid time off to be used for vacation, holidays, and sick paid time off. Full-time salaried employees are immediately entitled to flexible time off. See more details about our Benefits here.

Netflix is a unique culture and environment. Learn more here.

Inclusion is a Netflix value and we strive to host a meaningful interview experience for all candidates. If you want an accommodation/adjustment for a disability or any other reason during the hiring process, please send a request to your recruiting partner.

We are an equal-opportunity employer and celebrate diversity, recognizing that diversity builds stronger teams. We approach diversity and inclusion seriously and thoughtfully. We do not discriminate on the basis of race, religion, color, ancestry, national origin, caste, sex, sexual orientation, gender, gender identity or expression, age, disability, medical condition, pregnancy, genetic makeup, marital status, or military service.

Job is open for no less than 7 days and will be removed when the position is filled.",6326,https://netflix.wd108.myworkdayjobs.com/Netflix/job/USA---Remote/Technical-Program-Manager-5---Engagement-Intelligence--AIMS-_JR42023-1,,,,,,,no_match,,2026-09-17,,2026-09-17,,40,startDate,true,1,,,,Regular,Engineering Operations,2026-08-08,,false,,,,,,
JR42022,"AI Research Engineer 6 - TL, Algo Core - AI for Member Systems",Netflix,"Netflix, Inc.",Full time,Posted 30+ Days Ago,2026-08-08,40,USA - Remote,1,USA - Remote,true,,United States of America,4b15c3bdb7e910020025cb25a5d60000,5,"At Netflix, our mission is to entertain the world. Together, we are writing the next episode - pushing the boundaries of storytelling, global fandom and making the unimaginable a reality. We are a dream team obsessed with the uncomfortable excitement of discovering what happens when you merge creativity, intuition and cutting-edge technology. Come be a part of what’s next.

Algo Core is a horizontal team within AI for Member Systems (AIMS) that owns reward modeling, utility estimation, and multi-objective optimization as shared capabilities used across Netflix’s recommendation, personalization, and promotion systems. We’re looking for a Research Engineer to serve as technical lead for this surface area — driving the roadmap for how Netflix combines member value and business value into a single, tunable framework (using auction-based and constrained-optimization techniques) for deciding what gets promoted where across the member experience.

Key Responsibilities:

•
Drive the team’s technical vision and roadmap for reward modeling, utility estimation, and multi-objective optimization — including auction-based and constrained-optimization approaches to allocating promotional real estate.

•
Drive cross-functional partnerships with Merchandising, Ads, MECS, Product, and Data Science & Engineering to align AI/ML capabilities with business priorities.

•
Partner with the Personalization Foundations team to integrate and leverage the utility layer, reward signals, and multi-objective optimization across all member-facing AI models.

•
Design and run rigorous offline experiments and A/B tests to validate the impact of new reward, utility, and multi-objective optimization systems on key business and member-experience metrics.

•
Contribute to the team’s technical culture through mentorship, code review, and raising the bar on engineering practices.

What we are looking for:

•
6+ years of experience applying machine learning in an industry setting, with a track record of delivering impactful production systems.

•
Experience driving successful partnerships with both technical and nontechnical stakeholders.

•
Master’s or PhD in a computational field such as computer science, statistics, math, operations research, or physics.

•
Deep expertise in ML and optimization algorithms and frameworks, with hands-on experience training, tuning, and deploying models in production.

•
Experience with reward modeling, utility estimation, or constrained-optimization and auction-based allocation systems.

•
Strong software engineering skills in Python, plus experience with Scala or Java.

•
Strong 80/20 mindset: ability to scope the right problem, ship pragmatically, and maintain rigorous standards without over-engineering.

NOTE: This role sits within Algo Core, the horizontal team inside AI for Member Systems (AIMS) that owns reward modeling, utility estimation, and multi-objective optimization.

Generally, our compensation structure consists solely of an annual salary; we do not have bonuses. You choose each year how much of your compensation you want in salary versus stock options. To determine your personal top of market compensation, we rely on market indicators and consider your specific job family, background, skills, and experience to determine your compensation in the market range. The range for this role is $600,000.00 - $1,066,000.00. This compensation range will vary based on location.

Netflix provides comprehensive benefits including Health Plans, Mental Health support, a 401(k) Retirement Plan with employer match, Stock Option Program, Disability Programs, Health Savings and Flexible Spending Accounts, Family-forming benefits, and Life and Serious Injury Benefits. We also offer paid leave of absence programs. Full-time hourly employees accrue 35 days annually for paid time off to be used for vacation, holidays, and sick paid time off. Full-time salaried employees are immediately entitled to flexible time off. See more details about our Benefits here.

Netflix is a unique culture and environment. Learn more here.

Inclusion is a Netflix value and we strive to host a meaningful interview experience for all candidates. If you want an accommodation/adjustment for a disability or any other reason during the hiring process, please send a request to your recruiting partner.

We are an equal-opportunity employer and celebrate diversity, recognizing that diversity builds stronger teams. We approach diversity and inclusion seriously and thoughtfully. We do not discriminate on the basis of race, religion, color, ancestry, national origin, caste, sex, sexual orientation, gender, gender identity or expression, age, disability, medical condition, pregnancy, genetic makeup, marital status, or military service.

Job is open for no less than 7 days and will be removed when the position is filled.",4862,https://netflix.wd108.myworkdayjobs.com/Netflix/job/USA---Remote/AI-Research-Engineer-6---TL--Algo-Core---AI-for-Member-Systems_JR42022,,,,,,,no_match,,2026-09-17,,2026-09-17,,40,startDate,true,0,,,,Regular,Data Science & Analytics,2026-08-08,,false,,,,,,
JR41919,Solutions Support Engineer (L5) - Eng Productivity,Netflix,"Netflix, Inc.",Full time,Posted 30+ Days Ago,2026-08-07,41,USA - Remote,1,USA - Remote,true,,United States of America,4b15c3bdb7e910020025cb25a5d60000,5,"At Netflix, our mission is to entertain the world. Together, we are writing the next episode - pushing the boundaries of storytelling, global fandom and making the unimaginable a reality. We are a dream team obsessed with the uncomfortable excitement of discovering what happens when you merge creativity, intuition and cutting-edge technology. Come be a part of what’s next.

About the Engineering Support Organization

The primary goal of the Engineering Support Organization is to empower Productivity Engineering to scale customer support sustainably and effectively. Serving as the frontline resource for our engineering workforce, the team handles, troubleshoots, and resolves customer requests and issues. Moreover, the team focuses on improving work methods, advocating for customers, enhancing support tools, expanding platform product offerings, and advancing documentation and developer education.

Our Mission

Deliver an excellent support experience to Netflix’s developer community. To advocate for our customers, to follow through on issues, and resolve them in a reasonable time. If blockers prevent immediate resolution, we communicate the status and ensure visibility into the delay.

Provide insights, feedback, and champion customer sentiment about the tools we support to our partners across Productivity Engineering. Partner with PM and Engineering to track and maintain visibility into ongoing issues and communicate customer needs to ensure that improvements in these areas are prioritized.

Drive collaboration to reduce product friction and improve usability, enabling Productivity Engineering to build, deploy, and deliver highly functional solutions for the Developer Community.

To learn more about Productivity Engineering, feel free to listen to this podcast.

The Role

We are looking for a Solutions Support Engineer with a passion for productivity infrastructure and tooling, customer service, and automation. You will be responsible for monitoring and handling our customers’ requests, troubleshooting, resolving issues, automating support processes, developing runbooks, improving and maintaining support tools, understanding our product offerings, and continuously seeking ways to enhance the engineering support experience.

In this role, you will gain a deep understanding of how developers at Netflix utilize JS Platform products to craft effective solutions and abstractions tailored to their specific use cases. Leveraging this insight, you will play a key role in shaping and advancing best practices, ensuring that our support solutions are perfectly aligned with the evolving needs of our developer community.

Our ideal team member has first-hand experience working in customer-facing engineering support roles, writing and building comprehensive self-service knowledge bases, and possesses knowledge of infrastructure, internal tooling, platforms, and cloud computing. You are excellent at understanding and solving complex, ambiguous problems and constantly seek improvement. As an Engineer in this role, we need a candidate who can understand our complex offerings at a technical level, be hands-on in developing our support automation tooling, and recommend product and operational improvements based on customer interactions.

What you’ll need to be successful:

•
Professional Experience: A minimum of 5 years of professional support or engineering experience, particularly with JavaScript technologies and platforms

•
Strong proficiency in JavaScript and Node.js: ability to work with JavaScript across the stack from front-end UI, to tooling, to http servers

•
GenAI fluency: Hands-on use of AI coding assistants / agentic tools (Claude Code, Cursor, MCP) to troubleshoot, automate, and accelerate work

•
GraphQL: Working knowledge of GraphQL and federated-graph architecture (schema design, resolvers, query troubleshooting)

•
Experience with Modern Web Technologies: including HTML5, CSS3, and Web APIs

•
Front End Build Tools: Familiarity with frontend build tools and package managers (e.g., Webpack, Babel, npm, Yarn)

•
Understanding of responsive design principles and cross-browser compatibility issues.

•
UI design principles and tools: Experience with common design tools such as Figma, Sketch, and Adobe XD

•
Front-End Frameworks: Proficiency in front-end frameworks such as React, Angular, or Vue.js.

•
Familiarity with RESTful APIs, GraphQL, and microservices architecture

•
Experience with server-side templating languages and frameworks

•
Authentication Mechanisms: Understanding of authentication and authorization mechanisms (e.g., OAuth, JWT)

•
Automation and Scripting: Experience in developing tools and scripts to automate processes and improve efficiency, with a strong focus on continuous improvement

•
Git: Strong understanding and practical knowledge of version control tools, particularly GitHub, including branching, merging, pull requests, review processes, and resolving conflicts

•
Customer Support: Demonstrated ability to provide superior customer support across a complex organization, with a focus on enhancing the customer experience

•
Communication Skills: Excellent written and verbal communication skills, with an appreciation for the importance of comprehensive documentation

•
Collaboration Skills: Strong collaboration skills and experience working with cross-functional teams

•
Technical Documentation: Passion for creating technical documentation and tutorials, with a deep understanding of what makes an effective knowledge base

•
Problem-Solving Skills: Strong problem-solving skills and the ability to troubleshoot complex issues in a dynamic environment

•
Adaptability: Ability to adapt to new tools and technologies quickly, and a willingness to continuously learn and grow in the field of observability and monitoring

Other attributes that will excite us:

•
GRPC Knowledge: Familiarity with Node GRPC, handling service-to-service IPC calls, GRPC statuses, interceptors, and Protobuf protocol

•
Support Infrastructure Design: Experience building and maintaining mature support infrastructure

•
Cross-Timezone Experience: Experience in effectively collaborating and communicating with teams across different time zones, ensuring seamless support and coordination

Generally, our compensation structure consists solely of an annual salary; we do not have bonuses. You choose each year how much of your compensation you want in salary versus stock options. To determine your personal top of market compensation, we rely on market indicators and consider your specific job family, background, skills, and experience to determine your compensation in the market range. The range for this role is $270,000.00 - $410,000.00. This compensation range will vary based on location.

Netflix provides comprehensive benefits including Health Plans, Mental Health support, a 401(k) Retirement Plan with employer match, Stock Option Program, Disability Programs, Health Savings and Flexible Spending Accounts, Family-forming benefits, and Life and Serious Injury Benefits. We also offer paid leave of absence programs. Full-time hourly employees accrue 35 days annually for paid time off to be used for vacation, holidays, and sick paid time off. Full-time salaried employees are immediately entitled to flexible time off. See more details about our Benefits here.

Netflix is a unique culture and environment. Learn more here.

Inclusion is a Netflix value and we strive to host a meaningful interview experience for all candidates. If you want an accommodation/adjustment for a disability or any other reason during the hiring process, please send a request to your recruiting partner.

We are an equal-opportunity employer and celebrate diversity, recognizing that diversity builds stronger teams. We approach diversity and inclusion seriously and thoughtfully. We do not discriminate on the basis of race, religion, color, ancestry, national origin, caste, sex, sexual orientation, gender, gender identity or expression, age, disability, medical condition, pregnancy, genetic makeup, marital status, or military service.

Job is open for no less than 7 days and will be removed when the position is filled.",8219,https://netflix.wd108.myworkdayjobs.com/Netflix/job/USA---Remote/Technical-Support-Engineer--L5----Productivity_JR41919,,,,,,,no_match,,2026-09-17,,2026-09-17,,41,startDate,true,0,,,,Regular,Engineering,2026-08-07,,false,,,,,,
JR42004,Senior Software Engineer (L5) - Personalization Data,Netflix,"Netflix, Inc.",Full time,Posted 30+ Days Ago,2026-08-06,42,USA - Remote,1,USA - Remote,true,,United States of America,4b15c3bdb7e910020025cb25a5d60000,5,"At Netflix, our mission is to entertain the world. Together, we are writing the next episode - pushing the boundaries of storytelling, global fandom and making the unimaginable a reality. We are a dream team obsessed with the uncomfortable excitement of discovering what happens when you merge creativity, intuition and cutting-edge technology. Come be a part of what’s next.

The personalization data engineering team is responsible for building large, web-scale datasets used for enabling and improving member experience. These datasets are integral inputs to our machine learning algorithms, which drive the exceptional experiences our members enjoy.

About the role
Given the size, complexity and criticality of our datasets, we are looking for a Software Engineer with a deep analytical mindset and experience with modern distributed systems. As a member of this team, you will drive innovation in big data processing by contributing and adding to the team’s suite of data products and frameworks. You will also have the unique opportunity to partner with our world-class algorithm teams to drive continuous improvement and innovation to Netflix personalization.

Skills required for this role:

•
Expertise in building production data systems (using Spark, Flink, etc.) on web-scale datasets.

•
Proficiency in at least one major programming language (e.g. Java, Scala) and ability to pick up new tech skills independently.

•
Hands on experience with schema design and data modeling, with an unmistakable passion for elegant and intuitive dataset design.

Qualities we value:

•
You have a passion for engineering excellence and tolerance for ambiguity in a fast-paced setting.

•
You are independent and can allocate your time judiciously. You employ organizational context to resolve competing priorities.

•
You are able to strategically partner with diverse stakeholders to drive innovation.

•
You seek to drive change and influence others through clear and effective communication.

•
You are both a leader and a learner and can smoothly inter-operate between the two personas with humility and maturity

Generally, our compensation structure consists solely of an annual salary; we do not have bonuses. You choose each year how much of your compensation you want in salary versus stock options. To determine your personal top of market compensation, we rely on market indicators and consider your specific job family, background, skills, and experience to determine your compensation in the market range. The range for this role is $388,000.00 - $619,000.00. This compensation range will vary based on location.

Netflix provides comprehensive benefits including Health Plans, Mental Health support, a 401(k) Retirement Plan with employer match, Stock Option Program, Disability Programs, Health Savings and Flexible Spending Accounts, Family-forming benefits, and Life and Serious Injury Benefits. We also offer paid leave of absence programs. Full-time hourly employees accrue 35 days annually for paid time off to be used for vacation, holidays, and sick paid time off. Full-time salaried employees are immediately entitled to flexible time off. See more details about our Benefits here.

Netflix is a unique culture and environment. Learn more here.

Inclusion is a Netflix value and we strive to host a meaningful interview experience for all candidates. If you want an accommodation/adjustment for a disability or any other reason during the hiring process, please send a request to your recruiting partner.

We are an equal-opportunity employer and celebrate diversity, recognizing that diversity builds stronger teams. We approach diversity and inclusion seriously and thoughtfully. We do not discriminate on the basis of race, religion, color, ancestry, national origin, caste, sex, sexual orientation, gender, gender identity or expression, age, disability, medical condition, pregnancy, genetic makeup, marital status, or military service.

Job is open for no less than 7 days and will be removed when the position is filled.",4050,https://netflix.wd108.myworkdayjobs.com/Netflix/job/USA---Remote/Senior-Software-Engineer--L5----Personalization-Data_JR42004-1,,https://www.linkedin.com/jobs/view/4448717621,2026-08-28,200,Over 200 applicants,22,matched,title,2026-09-17,2026-09-17T12:53:05,2026-09-17,,42,startDate,true,1,,,,Regular,Engineering,2026-08-06,,true,,,,,,
JR41995,"Software Engineer (L6), Platform Security",Netflix,"Netflix, Inc.",Full time,Posted 30+ Days Ago,2026-08-06,42,USA - Remote,1,USA - Remote,true,,United States of America,4b15c3bdb7e910020025cb25a5d60000,5,"At Netflix, our mission is to entertain the world. Together, we are writing the next episode - pushing the boundaries of storytelling, global fandom and making the unimaginable a reality. We are a dream team obsessed with the uncomfortable excitement of discovering what happens when you merge creativity, intuition and cutting-edge technology. Come be a part of what’s next.

At Netflix, we want to entertain the world and are constantly innovating on how entertainment is imagined, created and delivered to a global audience. We currently stream content in more than 30 languages in 190 countries, topping over 250 million paid subscribers and are expanding into new forms of entertainment such as gaming.

Open Connect (OC) is a critical group within Netflix that builds and manages a content delivery network (CDN) that delivers all of Netflix’s streaming video. In addition to streaming video, we work on projects within Netflix that leverage physical infrastructure, such as our Cloud Games and Live initiatives. According to a 2023 Sandvine report, data delivered by OC accounts for approximately 15% of all downstream traffic volume across the entire internet. Most of this traffic is delivered by our edge cache servers.

A small team of talented software engineers develops and maintains the operating system and platform that run the content caches. These appliances run a heterogeneous, deeply integrated stack, including Linux, FreeBSD, firmware, BMC, FPGAs, BIOS/UEFI, and containers. Because of the important role these caches serve, it is critical that they be both efficient and secure from the hardware up.

We are looking for a Security Software Engineer to architect and implement system-level security for the OC edge and gaming appliances, serving as the in-house home for hardware and low-level OS security assurance, with the opportunity to directly impact a critical area of the business.

In this role, you will:

•
Define and evolve the security architecture of the full compute stack, from hardware interfaces (FPGA, BIOS/UEFI, BMC) through dual operating systems (FreeBSD and Linux).

•
Implement security enhancements using a variety of methods such as kernel and user-space development, configuration changes, or leveraging hardware-based security features such as TPMs and hardware offload.

•
Drive platform integrity work including measured/secure boot for appliances and improved BMC access controls and auditability.

•
Analyze and triage new system-level security bugs,  including hardware/GPU and OS isolation issues and provide appliance security expertise during incident response.

•
Partner with stakeholders in different organizations to build secure architecture for binary ingestion and execution..

•
Develop automated systems and low-level tooling to perform vulnerability research and reduce manual security overhead in build, test, and release workflows.

•
Act as a security liaison between OC and other organizations, and stay plugged into the right external groups (silicon/firmware vendors, OS communities, disclosure partners).

•
Demonstrate versatility by learning and adapting to new architectures and features as they evolve.

Qualifications:

•
Proven track record of architecting and implementing security features that meaningfully improve system security.

•
Deep expertise in low-level systems and hardware security across a heterogeneous stack (kernels, firmware, BMC, BIOS/UEFI, FPGA).

•
Experience using operating system execution environments such as containers or virtual machines to enhance security.

•
Success at partnering with others to improve the security posture through cross-functional changes.

•
Experience using AI agents to automate security research.

You will be successful in this role if you:

•
Have the ability to define and self-manage cross-functional projects fueled by ambiguous questions.

•
Able to partner with business and product stakeholders to translate their goals into security requirements and technical design and implementation.

•
Are a self-starter, curious and not afraid to ask when in doubt.

•
Are a quick learner and excited about learning new technologies.

•
Advocate thoughtful collaboration, take pride in your work and enjoy taking full ownership of projects from conception to production.

Nice to have:

•
Experience conducting security research, with published materials to show for it.

•
Experience conducting penetration tests which found meaningful opportunities for improvement and identified security gaps.

•
Kernel development experience.

•
Experience successfully using TPMs/HSMs, trusted execution environments, and other hardware features.

•
Experience with measured/secure boot and hardware roots of trust.

•
Experience working on highly distributed systems and fuzzing complex systems.

•
Experience securing FreeBSD, Linux; familiarity with GPU/virtualization isolation.

•
Experience with C, Golang, Python.

Generally, our compensation structure consists solely of an annual salary; we do not have bonuses. You choose each year how much of your compensation you want in salary versus stock options. To determine your personal top of market compensation, we rely on market indicators and consider your specific job family, background, skills, and experience to determine your compensation in the market range. The range for this role is $499,000.00 - $900,000.00. This compensation range will vary based on location.

Netflix provides comprehensive benefits including Health Plans, Mental Health support, a 401(k) Retirement Plan with employer match, Stock Option Program, Disability Programs, Health Savings and Flexible Spending Accounts, Family-forming benefits, and Life and Serious Injury Benefits. We also offer paid leave of absence programs. Full-time hourly employees accrue 35 days annually for paid time off to be used for vacation, holidays, and sick paid time off. Full-time salaried employees are immediately entitled to flexible time off. See more details about our Benefits here.

Netflix is a unique culture and environment. Learn more here.

Inclusion is a Netflix value and we strive to host a meaningful interview experience for all candidates. If you want an accommodation/adjustment for a disability or any other reason during the hiring process, please send a request to your recruiting partner.

We are an equal-opportunity employer and celebrate diversity, recognizing that diversity builds stronger teams. We approach diversity and inclusion seriously and thoughtfully. We do not discriminate on the basis of race, religion, color, ancestry, national origin, caste, sex, sexual orientation, gender, gender identity or expression, age, disability, medical condition, pregnancy, genetic makeup, marital status, or military service.

Job is open for no less than 7 days and will be removed when the position is filled.",6879,https://netflix.wd108.myworkdayjobs.com/Netflix/job/USA---Remote/Software-Engineer--L6---Platform-Security_JR41995,,,,,,,no_match,,2026-09-17,,2026-09-17,,42,startDate,true,0,,,,Regular,Engineering,2026-08-06,,false,,,,,,
JR41744,"Distributed Systems Engineer 5 - Pricing, Catalog and Offers",Netflix,"Netflix, Inc.",Full time,Posted 30+ Days Ago,2026-08-05,43,USA - Remote,1,USA - Remote,true,,United States of America,4b15c3bdb7e910020025cb25a5d60000,5,"At Netflix, our mission is to entertain the world. Together, we are writing the next episode - pushing the boundaries of storytelling, global fandom and making the unimaginable a reality. We are a dream team obsessed with the uncomfortable excitement of discovering what happens when you merge creativity, intuition and cutting-edge technology. Come be a part of what’s next.

Who We Are

Every Netflix membership, from the moment someone signs up to every plan change, renewal, and cancellation flows through our platform. As a foundational part of the Membership & Monetization Platform (MMP), the Pricing, Catalog and Offers (PCO) team architects and operates the Tier-0 services that serve as Netflix's commercial source of truth. We manage the global product and pricing catalog, run the promotional targeting infrastructure and operate the backend supporting member subscription transactions for ~330 million members across 190+ countries, with our high-fanout services handling over 5 million requests per second.

We’re a team of engineers who care deeply about both product innovation and engineering excellence. We build platforms that enable teams to move quickly on new commerce experiences while maintaining the technical rigor required for systems where correctness at scale is paramount and failures can directly affect global revenue.

What You Will Work On

You'll work across the full spectrum, from product-facing features that directly impact acquisition and retention, to the platform infrastructure that makes them possible at Netflix scale.

You'll partner with product managers, designers, and data scientists to build commerce experiences that drive growth. Recent examples: our systems enabled the password-sharing crackdown, helped launch the Ads-supported plan, and enabled new features for premium members.

On the platform side, you'll tackle distributed systems challenges: race conditions, consistency guarantees and throughput optimization. You’ll evolve our infrastructure to keep pace with Netflix's expanding commerce surface (Ads, Games, Live Streaming). You'll also be part of the on-call rotation for these Tier 0 services, owning production reliability end-to-end.

We're Eager to Talk to You If:

•
You have 10+ years of experience building resilient, high-scale, low-latency distributed systems in production.

•
You thrive in ambiguity, possessing a platform mindset that allows you to easily translate vague business directives into clear, scalable, and maintainable technical solutions.

•
You are dedicated to operational excellence and have dealt with hard correctness problems: race conditions, eventual consistency, and distributed transactions.

•
You exhibit extreme ownership of your domain and have successfully led complex engineering projects from inception to delivery, proactively improving critical systems along the way.

•
You excel in cross-functional environments and communicate complex technical trade-offs clearly to non-engineering partners.

Some nice to haves:

•
Working experience with {Java || Kotlin || C# || Scala}, ElasticSearch, Kafka, Hive or AWS.

•
Experience with Presto and/or Spark SQL, Apache Flink

•
Proficient with gRPC, GraphQL, or RESTful API design and implementation.

•
Experience with SQL & NoSQL multi-region data stores such as Cassandra, Amazon Aurora, Memcached.

•
Comfortable with production on-call responsibilities and incident response for Tier 0 services.

•
Bachelor's degree (or higher) in Computer Science or a related field.

Does this sound like something you'd like to do? Awesome! We'd love to hear from you.

Netflix is an equal-opportunity employer and strives to build diverse teams from all walks of life. We offer a unique culture of freedom and responsibility with a clear long-term view. We recommend reading through these to understand what working at Netflix and on this team is like.

Generally, our compensation structure consists solely of an annual salary; we do not have bonuses. You choose each year how much of your compensation you want in salary versus stock options. To determine your personal top of market compensation, we rely on market indicators and consider your specific job family, background, skills, and experience to determine your compensation in the market range. The range for this role is $388,000.00 - $619,000.00. This compensation range will vary based on location.

Netflix provides comprehensive benefits including Health Plans, Mental Health support, a 401(k) Retirement Plan with employer match, Stock Option Program, Disability Programs, Health Savings and Flexible Spending Accounts, Family-forming benefits, and Life and Serious Injury Benefits. We also offer paid leave of absence programs. Full-time hourly employees accrue 35 days annually for paid time off to be used for vacation, holidays, and sick paid time off. Full-time salaried employees are immediately entitled to flexible time off. See more details about our Benefits here.

Netflix is a unique culture and environment. Learn more here.

Inclusion is a Netflix value and we strive to host a meaningful interview experience for all candidates. If you want an accommodation/adjustment for a disability or any other reason during the hiring process, please send a request to your recruiting partner.

We are an equal-opportunity employer and celebrate diversity, recognizing that diversity builds stronger teams. We approach diversity and inclusion seriously and thoughtfully. We do not discriminate on the basis of race, religion, color, ancestry, national origin, caste, sex, sexual orientation, gender, gender identity or expression, age, disability, medical condition, pregnancy, genetic makeup, marital status, or military service.

Job is open for no less than 7 days and will be removed when the position is filled.",5835,https://netflix.wd108.myworkdayjobs.com/Netflix/job/USA---Remote/Distributed-Systems-Engineer-5---Pricing--Catalog-and-Offers_JR41744,,https://www.linkedin.com/jobs/view/4443737817,2026-09-03,200,Over 200 applicants,29,matched,title,2026-09-17,2026-09-17T12:53:01,2026-09-17,,43,startDate,true,0,,,,Regular,Engineering,2026-08-05,,true,,,,,,
JR41952,Machine Learning Scientist 5- Forecasting Aggregation,Netflix,"Netflix, Inc.",Full time,Posted 30+ Days Ago,2026-08-04,44,USA - Remote,1,USA - Remote,true,,United States of America,4b15c3bdb7e910020025cb25a5d60000,5,"At Netflix, our mission is to entertain the world. Together, we are writing the next episode - pushing the boundaries of storytelling, global fandom and making the unimaginable a reality. We are a dream team obsessed with the uncomfortable excitement of discovering what happens when you merge creativity, intuition and cutting-edge technology. Come be a part of what’s next.

In 2022 we launched a new lower-priced, ad-supported tier, and we are building an in-house, world-class ad-tech ecosystem to give our members more choice and to offer advertisers a premium, better-than-linear-TV experience. We are looking for the founding members of this new business area for Netflix.

The Ads Forecasting team builds the predictive foundation of the Netflix ads business — the models that tell us, before a campaign ever runs, how much inventory is available and how a campaign will deliver. We forecast supply and demand across audiences, ad products, and formats, and we predict campaign outcomes such as maximum availability, delivery confidence, reach, and frequency, accounting for the ad-serving optimizations that shape delivery. Our forecasts power media planning, underwriting, budget planning, yield, and the public API.

This is a brand-new, foundational role. You will build the machine learning models that augment our simulation-based engine for predicting campaign delivery — turning a slow, rules-based simulation into fast, accurate, learnable models of how campaigns deliver against real inventory. You'll own the modeling and prototyping end-to-end and partner closely with our ML engineering team to take models to production.

In this role, you will:

•
Build, prototype, and iterate on supervised machine learning models that predict campaign delivery outcomes — delivery risk, reach, frequency, and contention — to replace the current simulation engine.

•
Model demand-side campaign outcomes while incorporating supply-side signals, so the models reason about how well available inventory matches what advertisers are trying to achieve (targeting, frequency caps, contention, pacing).

•
Design rigorous offline and online evaluation frameworks to measure model accuracy, robustness to seasonality and distribution shift, and lift over the simulation baseline.

•
Own feature engineering and contribute to the team's feature store — turning ad-serving logs, campaign attributes, and supply signals into reusable, well-documented features.

•
Prioritize explainability and interpretability: your models' outputs must be defensible to sales and media-planning stakeholders making real booking and underwriting decisions.

•
Partner with ML engineers to deploy models at scale and to monitor production model health and drift, feeding monitoring insights back into the next modeling iteration.

•
Collaborate with cross-functional partners across product, engineering, and sales to define objectives, constraints, and trade-offs, and to drive adoption of ML-driven forecasts.

•
Communicate technical decisions, trade-offs, and results clearly to both technical and non-technical audiences at all levels of the company.

We are looking for:

•
Advanced degree (PhD or Master's) in Statistics, Mathematics, Computer Science, or a related quantitative field.

•
5+ years of relevant experience building machine learning models on large-scale data.

•
Deep expertise in supervised learning (e.g. gradient-boosted trees, regression, and related methods) with a strong bias toward interpretable, explainable models.

•
Strong feature engineering skills and familiarity with feature stores and standard ML lifecycle practice (versioning, evaluation, monitoring, retraining).

•
Proven ability to prototype algorithms and validate them rigorously against production data.

•
Strong programming skills in Python and strong SQL.

•
Working knowledge of ad-serving and campaign concepts — how campaigns are delivered and what creates delivery risk: targeting, frequency caps, contention, bidding, pacing, budget planning, and the core campaign objects/attributes; and the metrics that matter (reach, frequency, impressions, clicks, outcomes). You should understand both the supply side (ad-serving rules and inventory behavior) and the demand side (campaign attributes and advertiser goals). Ads experience is strongly preferred.

•
Ability to work independently, drive your own projects, and make compelling cases for prioritization.

•
Ability to communicate technical and statistical concepts clearly to audiences at many levels.

•
Embodies the Netflix values while bringing a new perspective to continue improving our culture.

Nice to have:

•
Experience at a DSP, SSP, or publisher-side ad platform where predicting campaign outcomes at scale is a core science problem.

•
Familiarity with our ML stack (Metaflow) or comparable large-scale ML tooling.

•
Experience partnering with ML engineers to ship and monitor production ML systems.

•
Experience creating data products, dashboards, or explainability tooling for non-technical stakeholders.

•
Experience applying GenAI to boost developer/research productivity.

Generally, our compensation structure consists solely of an annual salary; we do not have bonuses. You choose each year how much of your compensation you want in salary versus stock options. To determine your personal top of market compensation, we rely on market indicators and consider your specific job family, background, skills, and experience to determine your compensation in the market range. The range for this role is $466,000.00 - $750,000.00. This compensation range will vary based on location.

Netflix provides comprehensive benefits including Health Plans, Mental Health support, a 401(k) Retirement Plan with employer match, Stock Option Program, Disability Programs, Health Savings and Flexible Spending Accounts, Family-forming benefits, and Life and Serious Injury Benefits. We also offer paid leave of absence programs. Full-time hourly employees accrue 35 days annually for paid time off to be used for vacation, holidays, and sick paid time off. Full-time salaried employees are immediately entitled to flexible time off. See more details about our Benefits here.

Netflix is a unique culture and environment. Learn more here.

Inclusion is a Netflix value and we strive to host a meaningful interview experience for all candidates. If you want an accommodation/adjustment for a disability or any other reason during the hiring process, please send a request to your recruiting partner.

We are an equal-opportunity employer and celebrate diversity, recognizing that diversity builds stronger teams. We approach diversity and inclusion seriously and thoughtfully. We do not discriminate on the basis of race, religion, color, ancestry, national origin, caste, sex, sexual orientation, gender, gender identity or expression, age, disability, medical condition, pregnancy, genetic makeup, marital status, or military service.

Job is open for no less than 7 days and will be removed when the position is filled.",7064,https://netflix.wd108.myworkdayjobs.com/Netflix/job/USA---Remote/Machine-Learning-Scientist-5--Forecasting-Aggregation_JR41952,,,,,,,no_match,,2026-09-17,,2026-09-17,,44,startDate,true,0,,,,Regular,Data Science & Analytics,2026-08-04,,false,,,,,,
JR41934,"Senior Design Program Manager, Enterprise XD",Netflix,"Netflix, Inc.",Full time,Posted 30+ Days Ago,2026-08-03,45,USA - Remote,1,USA - Remote,true,,United States of America,4b15c3bdb7e910020025cb25a5d60000,5,"At Netflix, our mission is to entertain the world. Together, we are writing the next episode - pushing the boundaries of storytelling, global fandom and making the unimaginable a reality. We are a dream team obsessed with the uncomfortable excitement of discovering what happens when you merge creativity, intuition and cutting-edge technology. Come be a part of what’s next.

About The Role

The Netflix XD Operations team is seeking a Senior Design Program Manager to join our XD Operations team!  In this role, you will work within the Enterprise XD organization to translate strategy into reality, taking concepts from initial vision to final pixels while establishing and optimizing best practices for how our team works. You will help shape the processes, partnerships, and ways of working that enable Enterprise XD to deliver high-quality design at scale.

The Enterprise XD team designs the internal tools and experiences that power how Netflix creates, plans, produces, and promotes the best content for our members around the world. Your work will directly influence the technology and systems that support the entire content lifecycle at Netflix.

•
Optimize Enterprise XD operations and workflows, so the creative team can focus on innovating on our product effectively and ensure that our partner teams bring innovation to life

•
Own and drive initiatives and programs for Enterprise XD. This includes driving programs, adding clarity to initiatives, teams, and strategies to ensure that XD is deeply connected to the context & highly aligned

•
Own strategic artifacts that drive clarity for the business outcomes at a program level partnering with XFN partners.

•
Partnering with design leadership & XFN  teams to establish roadmaps and maintain them through understanding business priorities and cultivating strong relationships across XD

•
Develop & deploy solutions and see them  through to achieve the necessary business outcomes

•
Drive complex creative pipeline from end to end, including prioritization and planning, resource management, and program tracking.

•
Establish engagement models and cross-functional collaboration channels with key design partners and stakeholders, balancing multiple priorities and business demands

•
Support & inform team health & resourcing alongside design leadership

•
Successfully collaborate with design leaders, designers, product managers, researchers, and engineers

•
Advocate for design by ensuring the design team has time and space to apply rigorous design practices in the product development lifecycle

The Must-Haves

•
7+ years of applicable program management experience in a technology and creative environment, preferably enterprise companies, organizations or ecosystems

•
Demonstrated delivery of large-scale design programs and projects, preferably working in collaboration with product and engineering

•
Domain experience in partnering with advertising or ad tech product teams

•
Passion for user experience and design with an understanding of the product development process

•
The ability to thrive in ambiguous environments with demonstrated  examples of proactive cross-functional partnership on large-scale initiatives that required clarity, direction, and influence amidst complexity and evolving business objectives

•
Experience working across complex problem spaces with the ability to ask the right questions to arrive at better solutions with broader business priorities in mind.

•
Experience managing both up and across large design teams of 30+ team members

•
Strong instincts around people and organizations with proven experience working directly and or influencing Design Directors and Design VP’s

•
Relationship and trust building – candidates are expected to develop strong, trusting partnerships to guide, inform, or support efforts; you must have and demonstrate deep collaboration, curiosity, optimism and positivity

•
Strong conflict resolution and negotiation skills and the ability to collaborate and execute alongside a diverse range of partners.

•
Written and verbal communication skills to clearly articulate your concepts and evangelize them

•
Experience working in continuous delivery environments where the pace is fast

•
A willingness to fail fast and learn

•
Earnest, mature, and ego-free. You welcome candid feedback and can constructively give it as well

Generally, our compensation structure consists solely of an annual salary; we do not have bonuses. You choose each year how much of your compensation you want in salary versus stock options. To determine your personal top of market compensation, we rely on market indicators and consider your specific job family, background, skills, and experience to determine your compensation in the market range. The range for this role is $260,000.00 - $370,000.00. This compensation range will vary based on location.

Netflix provides comprehensive benefits including Health Plans, Mental Health support, a 401(k) Retirement Plan with employer match, Stock Option Program, Disability Programs, Health Savings and Flexible Spending Accounts, Family-forming benefits, and Life and Serious Injury Benefits. We also offer paid leave of absence programs. Full-time hourly employees accrue 35 days annually for paid time off to be used for vacation, holidays, and sick paid time off. Full-time salaried employees are immediately entitled to flexible time off. See more details about our Benefits here.

Netflix is a unique culture and environment. Learn more here.

Inclusion is a Netflix value and we strive to host a meaningful interview experience for all candidates. If you want an accommodation/adjustment for a disability or any other reason during the hiring process, please send a request to your recruiting partner.

We are an equal-opportunity employer and celebrate diversity, recognizing that diversity builds stronger teams. We approach diversity and inclusion seriously and thoughtfully. We do not discriminate on the basis of race, religion, color, ancestry, national origin, caste, sex, sexual orientation, gender, gender identity or expression, age, disability, medical condition, pregnancy, genetic makeup, marital status, or military service.

Job is open for no less than 7 days and will be removed when the position is filled.",6315,https://netflix.wd108.myworkdayjobs.com/Netflix/job/USA---Remote/Senior-Design-Program-Manager--Enterprise-XD_JR41934,,https://www.linkedin.com/jobs/view/4446275109,2026-09-16,200,Over 200 applicants,44,matched,title,2026-09-17,2026-09-17T12:58:19,2026-09-17,,45,startDate,true,0,,,,Regular,Program Management,2026-08-03,,true,,,,,,
JR41909,"Staff Software Engineer (L6) - Developer Productivity — Platform Systems, AIMS Engineering",Netflix,"Netflix, Inc.",Full time,Posted 30+ Days Ago,2026-07-31,48,USA - Remote,1,USA - Remote,true,,United States of America,4b15c3bdb7e910020025cb25a5d60000,5,"At Netflix, our mission is to entertain the world. Together, we are writing the next episode - pushing the boundaries of storytelling, global fandom and making the unimaginable a reality. We are a dream team obsessed with the uncomfortable excitement of discovering what happens when you merge creativity, intuition and cutting-edge technology. Come be a part of what’s next.

AI for Member Systems (AIMS) runs the AI systems behind every recommendation, search result, and personalized experience for 300M+ members. Hundreds of researchers and engineers across AIMS depend on a shared inner loop — build and test infrastructure, CI/CD, local and remote dev environments, and the tooling that takes an idea from a notebook to a production experiment — to get their work done every day. As the AIMS AI/ML stack scales and modernizes, that inner loop has to scale with it, or it becomes the bottleneck on everything else.

Platform Systems is the engineering foundation of AIMS, owning reliability, scalability, cost efficiency, and developer experience across the org. We're looking for a Senior/Staff AI Software Engineer to own developer productivity for AIMS: the build, test, and iteration loop that our ML researchers and engineers rely on daily. This is a cross-cutting, high-leverage role — improvements here compound across every team in the org, not just one.

Responsibilities

•
Own the end-to-end developer experience for AIMS ML practitioners: local and remote dev environments, build and test infrastructure, CI/CD pipelines, and the tools researchers use to move from idea to production experiment.

•
Identify friction in day-to-day engineering and research workflows firsthand, and design tooling and abstractions that remove it at the root rather than patching around it.

•
Design, build, and operate large-scale build and CI/CD systems that keep build, test, and iteration times fast as the codebase, model count, and headcount grow.

•
Partner directly with ML researchers and engineers embedded across AIMS teams to understand real workflows, prioritize the highest-leverage productivity investments, and ship tools people actually adopt.

•
Build and maintain internal developer platforms and self-service tooling that reduce the operational burden on individual teams, so they can focus on ML work instead of infrastructure upkeep.

•
Instrument developer workflows to measure productivity — build times, iteration speed, time-to-first-experiment — and use that data to prioritize where to invest next.

•
Drive adoption of new tooling through documentation, migration support, and hands-on partnership with teams; treat launch as the start of the work, not the end.

•
Set technical standards for developer tooling across AIMS and raise the engineering bar through design reviews and architectural guidance.

•
Evaluate, integrate, and productionize GenAI-powered developer tooling — intelligent build/test selection, automated code review, triage automation — where it measurably improves velocity, and build the guardrails that make it safe to rely on.

What We're Looking For

•
Significant experience building and operating developer productivity infrastructure — build systems, CI/CD, developer environments, or internal platforms — at scale.

•
Strong software engineering fundamentals, with deep proficiency in Python and working proficiency in at least one JVM language (Scala, Java, or similar).

•
Hands-on experience with distributed build systems (e.g., Bazel, Buck, Pants) and large-scale distributed data/compute frameworks (e.g., Spark, Beam).

•
Working understanding of GenAI-powered developer tooling — AI coding assistants, automated code review, agentic coding workflows — and hands-on experience using these tools effectively in your own engineering practice, including judgment about where they help, where they don't, and how to validate their output.

•
Comfort with parallel and distributed computing, and experience operating systems at a scale where naive approaches stop working.

•
A track record of diagnosing developer friction from direct observation of how engineers actually work, not just from ticket queues, and shipping tooling that measurably improves it.

•
Ability to drive cross-team technical programs and earn adoption without formal authority — this role builds trust with ML researchers directly, not just with other infra engineers.

•
Comfortable moving between low-level systems work (build graphs, compilers, runtime performance) and higher-level platform and API design.

Preferred Qualifications

•
Experience with ML-specific developer tooling: experiment tracking, training pipeline orchestration, feature stores, or notebook-to-production workflows.

•
Experience designing or shipping GenAI-powered developer tooling as a product for other engineers — not just using it, but building it (e.g., internal coding assistants, automated review bots, agentic CI workflows).

•
Contributions to open-source developer tooling, build systems, or distributed data processing projects.

•
Experience with compiler or language tooling, static analysis, or build graph/dependency optimization.

•
Experience operating high-performance computing environments or large-scale batch processing systems.

Generally, our compensation structure consists solely of an annual salary; we do not have bonuses. You choose each year how much of your compensation you want in salary versus stock options. To determine your personal top of market compensation, we rely on market indicators and consider your specific job family, background, skills, and experience to determine your compensation in the market range. The range for this role is $600,000.00 - $1,066,000.00. This compensation range will vary based on location.

Netflix provides comprehensive benefits including Health Plans, Mental Health support, a 401(k) Retirement Plan with employer match, Stock Option Program, Disability Programs, Health Savings and Flexible Spending Accounts, Family-forming benefits, and Life and Serious Injury Benefits. We also offer paid leave of absence programs. Full-time hourly employees accrue 35 days annually for paid time off to be used for vacation, holidays, and sick paid time off. Full-time salaried employees are immediately entitled to flexible time off. See more details about our Benefits here.

Netflix is a unique culture and environment. Learn more here.

Inclusion is a Netflix value and we strive to host a meaningful interview experience for all candidates. If you want an accommodation/adjustment for a disability or any other reason during the hiring process, please send a request to your recruiting partner.

We are an equal-opportunity employer and celebrate diversity, recognizing that diversity builds stronger teams. We approach diversity and inclusion seriously and thoughtfully. We do not discriminate on the basis of race, religion, color, ancestry, national origin, caste, sex, sexual orientation, gender, gender identity or expression, age, disability, medical condition, pregnancy, genetic makeup, marital status, or military service.

Job is open for no less than 7 days and will be removed when the position is filled.",7200,https://netflix.wd108.myworkdayjobs.com/Netflix/job/USA---Remote/Staff-Software-Engineer--L6----Developer-Productivity---Platform-Systems--AIMS-Engineering_JR41909,,https://www.linkedin.com/jobs/view/4445562299,2026-09-12,200,Over 200 applicants,43,matched,title,2026-09-17,2026-09-17T12:52:13,2026-09-17,,48,startDate,true,0,,,,Regular,Data Science & Analytics,2026-07-31,,true,,,,,,
JR41903,"Senior Engineering Manager - Agent Platform, AI Platform",Netflix,"Netflix, Inc.",Full time,Posted 30+ Days Ago,2026-07-31,48,USA - Remote,1,USA - Remote,true,,United States of America,4b15c3bdb7e910020025cb25a5d60000,5,"At Netflix, our mission is to entertain the world. Together, we are writing the next episode - pushing the boundaries of storytelling, global fandom and making the unimaginable a reality. We are a dream team obsessed with the uncomfortable excitement of discovering what happens when you merge creativity, intuition and cutting-edge technology. Come be a part of what’s next.

Machine Learning/Artificial Intelligence powers innovation in all areas of the business, from helping members choose the right entertainment for them through personalization, to better understanding our audience and our content slate, to optimizing our payment processing and other revenue-focused initiatives. Building highly scalable and differentiated ML infrastructure is key to accelerating this innovation.

The Opportunity

Agents are becoming a primary way software gets built and work gets done at Netflix — and the AI Platform is building the foundation they run on. The Agent Platform team owns the agent-specific layer that every agent at Netflix depends on: the runtime and execution environment, memory, identity and permissioning, discovery and registry, evaluation, and the tool/MCP interfaces agents use to act. We build the paved path agent developers across the company build on, and we operate the runtimes for the workloads the general platform can't reach — including at member scale.

We're looking for a Senior Engineering Manager to lead this team. This is a small, senior, high-leverage group working at the front edge of a domain that is still being invented — where frameworks turn over in months and the durable bets are not obvious. The hardest part of this job is not the code — it is choosing what to build, and what will still matter once today's tools are gone.

You will:

•
Own the charter and technical direction. Set the platform's technical strategy and roadmap — the agent-specific foundation every agent depends on, and the selective runtimes worth operating directly — and decide where to invest ahead of demand.

•
Lead and grow a high performing team. Hire, develop, and retain excellent engineers; set a high bar; and create the conditions for a small team to have outsized impact.

•
Make sharp build, adopt, or partner calls. Decide which capabilities the platform owns and which it draws from partner teams, define the interfaces between them, and keep a small team focused on the highest-leverage layer.

•
Turn the new hard problems into primitives. The most durable problems in this space are the ones that let agents get better from their own experience: capturing each run's full reasoning-and-tool-call trajectory as structured, replayable data; turning real-world outcomes into evaluation signal; memory that compounds across runs; and a feedback loop that turns that signal into improved behavior, promoted behind eval gates and safe rollout. Make these first-class platform capabilities with real contracts — so agents built on the platform measurably improve over time, not just scale.

•
Operate as part of the AI Platform leadership team. Set direction alongside peer leaders across the AI Platform and partner orgs, represent the team in senior technical forums, and build the cross-team alignment a foundational platform depends on.

If you've built platforms and you know that the defining work is judgment — what to own, what to hand off, what to bet on while the ground is still moving — this is the role.

Minimum Qualifications

•
Experience leading and growing engineering teams that build and operate platform or infrastructure at scale — managing senior individual contributors and/or managers, with a track record of developing strong engineers.

•
Hands-on experience designing, building, and operating agentic systems in production — agent runtimes and harnesses, tool use, memory, and evaluation — with genuine technical depth, not oversight from a distance.

•
Breadth across business applications: you've built or led agents spanning a range of use cases, enterprise and internal applications (developer tooling, operations, knowledge work) or consumer-facing applications at scale.

•
A strong engineering foundation in distributed systems, cloud, and ML/AI infrastructure — deep enough to lead a senior team's hardest architectural decisions and earn its trust.

•
A track record of owning a platform's charter — setting its direction and holding its scope against pressure to do everything — and making build-versus-partner decisions on a multi-year cost horizon.

•
Cross-organizational credibility: a record of building shared accountability with senior leaders across adjacent platform, infrastructure, and security teams, and navigating ambiguous ownership boundaries.

•
Strong written and verbal communication; comfort with ambiguity; able to lead both 0-to-1 and 1-to-100 work; effective across a distributed (US) team.

Preferred Qualifications

•
Experience with the emerging class of agent concerns: agent identity and permissioning, guardrails and safety, and cost governance for LLM and agent workloads.

•
Experience running a platform that other engineers consume as a product — paved paths, migrations, deprecations, and developer experience.

•
Credibility in a relevant open-source ecosystem (agent frameworks, runtimes, or developer tooling).

Generally, our compensation structure consists solely of an annual salary; we do not have bonuses. You choose each year how much of your compensation you want in salary versus stock options. To determine your personal top of market compensation, we rely on market indicators and consider your specific job family, background, skills, and experience to determine your compensation in the market range. The range for this role is $676,000.00 - $1,195,000.00. This compensation range will vary based on location.

Netflix provides comprehensive benefits including Health Plans, Mental Health support, a 401(k) Retirement Plan with employer match, Stock Option Program, Disability Programs, Health Savings and Flexible Spending Accounts, Family-forming benefits, and Life and Serious Injury Benefits. We also offer paid leave of absence programs. Full-time hourly employees accrue 35 days annually for paid time off to be used for vacation, holidays, and sick paid time off. Full-time salaried employees are immediately entitled to flexible time off. See more details about our Benefits here.

Netflix is a unique culture and environment. Learn more here.

Inclusion is a Netflix value and we strive to host a meaningful interview experience for all candidates. If you want an accommodation/adjustment for a disability or any other reason during the hiring process, please send a request to your recruiting partner.

We are an equal-opportunity employer and celebrate diversity, recognizing that diversity builds stronger teams. We approach diversity and inclusion seriously and thoughtfully. We do not discriminate on the basis of race, religion, color, ancestry, national origin, caste, sex, sexual orientation, gender, gender identity or expression, age, disability, medical condition, pregnancy, genetic makeup, marital status, or military service.

Job is open for no less than 7 days and will be removed when the position is filled.",7252,https://netflix.wd108.myworkdayjobs.com/Netflix/job/USA---Remote/Senior-Engineering-Manager---Agent-Platform--AI-Platform_JR41903,,,,,,,no_match,,2026-09-17,,2026-09-17,,48,startDate,true,0,,,,Regular,Data Science & Analytics,2026-07-31,,false,,,,,,
JR41896,Analytics Engineer 5 - New Content Experiences DSE,Netflix,"Netflix, Inc.",Full time,Posted 30+ Days Ago,2026-07-30,49,USA - Remote,1,USA - Remote,true,,United States of America,4b15c3bdb7e910020025cb25a5d60000,5,"At Netflix, our mission is to entertain the world. Together, we are writing the next episode - pushing the boundaries of storytelling, global fandom and making the unimaginable a reality. We are a dream team obsessed with the uncomfortable excitement of discovering what happens when you merge creativity, intuition and cutting-edge technology. Come be a part of what’s next.

Data Science and Engineering (‘DSE’) at Netflix is aimed at using data, analytics, and sciences to improve various aspects of our business. We are looking for a Senior Analytics Engineer to join our New Content Experiences DSE team.

The New Content Experiences team focuses on introducing new content types and innovative experiences to our product. We partner closely with Product, Design, Algorithms, Content, and Engineering to surface opportunities, influence the product strategy, and evaluate the success of different initiatives. The most recently launched example of a New Content Experience is our Live offering (including WWE and the NFL Christmas games among other great hits!).

As part of a team of Data Scientists and Analytics Engineers, you will lead end-to-end product analytics for the space, which is key to a successful New Content Experiences ecosystem.

This role will partner closely with our stakeholders from Product and Technology to do advanced analytics that will inform the product, design, and engineering strategies to support the development and performance of our New Content Experiences portfolio. As an early member of the team, you will also help shape our overall Data Strategy, monitoring, and decision frameworks.

In this role, you will:

•
Partner directly with our stakeholders (e.g., Data Scientists, Product Managers, Designers, Engineers) on data, metrics & analytics initiatives

•
Lead end-to-end development of analysis and tools used by your direct stakeholders and a diverse set of teams across the company

•
Responsible for analyzing and interpreting data to provide valuable insights and recommendations to enhance the member experience and improve product performance

•
Collaborate with the data engineering and data science teams to ensure data quality, integrity, and availability for analysis

•
Drive the direction and execution of your work, which spans from developing scrappy analysis and tools to designing scalable systems

We are looking for:

•
Exceptional communication and collaboration skills coupled with strong business curiosity and acumen

•
5+ years of industry experience in a data analytics or data science function

•
5+ years of experience in leveraging technical skills in manipulating large data sets with complex SQL and Python (or similar languages), big data technologies (e.g., Hadoop, Spark), and visualization tools

•
Comfort with ambiguity; able to take ownership, and thrive with minimal oversight and process

•
Experience managing stakeholders' asks, expectations, and relationships across a variety of stakeholders

Generally, our compensation structure consists solely of an annual salary; we do not have bonuses. You choose each year how much of your compensation you want in salary versus stock options. To determine your personal top of market compensation, we rely on market indicators and consider your specific job family, background, skills, and experience to determine your compensation in the market range. The range for this role is $330,000.00 - $566,000.00. This compensation range will vary based on location.

Netflix provides comprehensive benefits including Health Plans, Mental Health support, a 401(k) Retirement Plan with employer match, Stock Option Program, Disability Programs, Health Savings and Flexible Spending Accounts, Family-forming benefits, and Life and Serious Injury Benefits. We also offer paid leave of absence programs. Full-time hourly employees accrue 35 days annually for paid time off to be used for vacation, holidays, and sick paid time off. Full-time salaried employees are immediately entitled to flexible time off. See more details about our Benefits here.

Netflix is a unique culture and environment. Learn more here.

Inclusion is a Netflix value and we strive to host a meaningful interview experience for all candidates. If you want an accommodation/adjustment for a disability or any other reason during the hiring process, please send a request to your recruiting partner.

We are an equal-opportunity employer and celebrate diversity, recognizing that diversity builds stronger teams. We approach diversity and inclusion seriously and thoughtfully. We do not discriminate on the basis of race, religion, color, ancestry, national origin, caste, sex, sexual orientation, gender, gender identity or expression, age, disability, medical condition, pregnancy, genetic makeup, marital status, or military service.

Job is open for no less than 7 days and will be removed when the position is filled.",4918,https://netflix.wd108.myworkdayjobs.com/Netflix/job/USA---Remote/Analytics-Engineer-5---New-Content-Experiences-DSE_JR41896-1,,,,,,,no_match,,2026-09-17,,2026-09-17,,49,startDate,true,1,,,,Regular,Data Science & Analytics,2026-07-30,,false,,,,,,
JR41767,Capacity Planner (L6) - Studio Infrastructure,Netflix,"Netflix, Inc.",Full time,Posted 30+ Days Ago,2026-07-30,49,USA - Remote,1,USA - Remote,true,,United States of America,4b15c3bdb7e910020025cb25a5d60000,1,"At Netflix, our mission is to entertain the world. Together, we are writing the next episode - pushing the boundaries of storytelling, global fandom and making the unimaginable a reality. We are a dream team obsessed with the uncomfortable excitement of discovering what happens when you merge creativity, intuition and cutting-edge technology. Come be a part of what’s next.

The Open Connect Infrastructure Capacity Planning team plays a central role in ensuring that our members and internal customers consistently enjoy a seamless experience, achieved through the timely deployment and ongoing management of Netflix’s owned infrastructure capacity. Our team is dedicated to the development of long-range capacity forecasts that are forward-looking, adaptable to rapidly evolving product needs, and focused on efficiency. We collaborate closely with a diverse range of cross-functional stakeholders to understand their current and future infrastructure requirements and make strategic recommendations around product implementation and design. Some of our team’s core responsibilities include:

•
Development of Long-Range Infrastructure Capacity Strategies: Create forward-looking strategies that inform long-term financial planning, network design, and near-term deployment and implementation decisions.

•
Effective Infrastructure Allocation: Convert demand forecasts across multiple products into clear, actionable capacity plans and strategic recommendations to drive investment decisions. Balance infrastructure availability across product types.

•
Data-Driven Analyses for Platform Optimization and Scalability: Conduct ongoing, data-driven analyses focused on optimizing efficiency, spend, and architectural direction while ensuring long-term platform scalability and resiliency.

•
Risk Assessment & Management: Identification of potential risks related to capacity shortages or excesses and development of mitigation strategies.

•
Infrastructure Performance Monitoring: Continuous tracking of infrastructure performance and utilization to identify bottlenecks or inefficiencies.

What You'll Do

The Open Connect Capacity Planning team is a centralized group positioned at the intersection of business strategy and implementation. Our mission is to strategically recommend, build, and maintain the right type and quantity of capacity in the right locations and at the right times to ensure high-quality service, efficiency, scalability, and resilience for Netflix and our ISP partners. The primary objectives include developing and executing infra capacity plans, providing technical expertise to leaders, analyzing data to inform capacity decisions, and driving long-term capacity roadmap planning. You will be partnering with stunning colleagues within Product & Technology Engineering organization to assess strategic initiatives, develop actionable insights, and drive operational analytics to inform short term and long term infrastructure strategy for Open connect. This is an individual contributor role that is expected to work with limited supervision on strategic thinking, problem solving, and running cross-functional stakeholder relationships and initiatives.  Some of your primary responsibilities include:

•
Translate demand signals (including bandwidth, storage, and network capacity requirements) into actionable capacity forecasts, both short-term and long-term, to inform infrastructure investment and scaling strategies.

•
Conduct what-if analysis and hypothesis testing to assess capacity impacts and trade-offs driven by specific demand signals and product requirements; present outcomes, insights, risks, and potential mitigations, and define key metrics to support strategic investment and prioritization decisions for leadership, finance, and Engineering & Architecture teams.

•
Orchestrate the timely implementation and allocation of infrastructure augments in coordination with deployment and operational  teams.

•
Collaborate cross-functionally with product managers, Product, Finance & Strategy, TPMs, Engineers, and the Partnerships team to support scaling strategies for new product launches, especially those related to Studio Infrastructure.

•
Develop requirements for modeling and automation tools, continuously evaluating and enhancing workflows, processes, and tools to minimize time spent on modeling and maximize focus on delivering impactful insights, storytelling, and business outcomes.

•
Manage risks and help prioritize competing efforts among stakeholder and implementation teams by evaluating trade-offs, providing objective recommendations, and constructively pushing back when necessary, including asking whether the potential benefits justify the required effort and spend, to ensure informed decision-making that aligns with organizational goals and business priorities.

Who will be successful in this role?

•
A deeply analytical individual who leverages quantitative methods, statistical tools, and massive datasets to guide capacity choices, utilizing scenario-based and hypothesis-driven models while maintaining objective skepticism in ambiguous situations.

•
A forward-looking planner capable of modeling long-range requirements (5+ years) to ensure platform scalability and create proactive solutions for shared infrastructure across multiple products.

•
Someone who bridges a strong analytical background with sharp product intuition, clarity of thought, and strong communication skills to articulate and deliver on a long-term capacity vision.

•
An action-oriented professional who works effectively and independently in dynamic environments to coordinate cross-functional efforts and drive initiatives forward rapidly.

•
A cross-functional team player who thrives in collaborative settings, partnering smoothly with diverse specialists including engineers, data scientists, product managers, and business groups.

•
An excellent communicator who can distill complex concepts for varied audiences, switch contexts effortlessly, and align competing product initiatives to achieve optimal outcomes.

•
A mindset that prioritizes rapid, iterative delivery over delayed perfection while maintaining high accountability for the final quality of the output.

What you’ll bring to the role

•
At least 5 years of experience in infrastructure capacity planning for data centers or cloud platforms

•
10+ years of hands-on data analysis and visualization expertise with deep proficiency in SQL (knowledge of Python is a plus)

•
Strong familiarity with or active curiosity about the telecommunications, internet ecosystems, and studio infrastructure

•
Excellent communication skills, both written and verbal

•
Proficiency in AI tools

•
A degree in Management Information Systems, Management Consulting, Statistics, or a related quantitative field — or equivalent hands-on experience.

We know great candidates come from a range of backgrounds and paths, so if you don't check every box above but bring strong, relevant experience, we still encourage you to apply.

Why Join This Team

•
The opportunity to have impact. Consequently, we’re looking for someone with capacity planning experience who is strategic and also likes rolling up their sleeves.

•
Responsibility. Netflix offers true transparency and autonomy. Our culture is unique and is key to how we innovate.

•
Learning. You will be creating customer experiences and business models that have never been done before. You will have the opportunity to work with stunning colleagues who value collaboration and from whom you can learn.

•
A work environment where you can grow your career. Many of our top execs started out as individual contributors.

Generally, our compensation structure consists solely of an annual salary; we do not have bonuses. You choose each year how much of your compensation you want in salary versus stock options. To determine your personal top of market compensation, we rely on market indicators and consider your specific job family, background, skills, and experience to determine your compensation in the market range. The range for this role is $374,000.00 - $636,000.00. This compensation range will vary based on location.

Netflix provides comprehensive benefits including Health Plans, Mental Health support, a 401(k) Retirement Plan with employer match, Stock Option Program, Disability Programs, Health Savings and Flexible Spending Accounts, Family-forming benefits, and Life and Serious Injury Benefits. We also offer paid leave of absence programs. Full-time hourly employees accrue 35 days annually for paid time off to be used for vacation, holidays, and sick paid time off. Full-time salaried employees are immediately entitled to flexible time off. See more details about our Benefits here.

Netflix is a unique culture and environment. Learn more here.

Inclusion is a Netflix value and we strive to host a meaningful interview experience for all candidates. If you want an accommodation/adjustment for a disability or any other reason during the hiring process, please send a request to your recruiting partner.

We are an equal-opportunity employer and celebrate diversity, recognizing that diversity builds stronger teams. We approach diversity and inclusion seriously and thoughtfully. We do not discriminate on the basis of race, religion, color, ancestry, national origin, caste, sex, sexual orientation, gender, gender identity or expression, age, disability, medical condition, pregnancy, genetic makeup, marital status, or military service.

Job is open for no less than 7 days and will be removed when the position is filled.",9621,https://netflix.wd108.myworkdayjobs.com/Netflix/job/USA---Remote/Capacity-Planner--L6----Open-Connect_JR41767,,,,,,,no_match,,2026-09-17,,2026-09-17,,49,startDate,true,0,,,,Regular,Engineering Operations,2026-07-30,,false,,,,,,
JR41798,Capacity Analyst (L5) - Fleet Planner,Netflix,"Netflix, Inc.",Full time,Posted 30+ Days Ago,2026-07-30,49,USA - Remote,1,USA - Remote,true,,United States of America,4b15c3bdb7e910020025cb25a5d60000,1,"At Netflix, our mission is to entertain the world. Together, we are writing the next episode - pushing the boundaries of storytelling, global fandom and making the unimaginable a reality. We are a dream team obsessed with the uncomfortable excitement of discovering what happens when you merge creativity, intuition and cutting-edge technology. Come be a part of what’s next.

Netflix is looking for a planner to lead fleet planning and optimization for our global hardware infrastructure. In this role, you will own the end-to-end strategy for how Netflix acquires, deploys, and retires physical hardware assets — ensuring we have the right capacity, in the right place, at the right time, to power the world's leading streaming service.

You'll work at the intersection of engineering, finance, and supply chain, translating complex demand signals into actionable fleet strategies. This is a high-impact, high-visibility role that requires both deep analytical rigor and the ability to influence senior stakeholders across the organization.

About the Team

The Open Connect Infrastructure Capacity Planning team plays a central role in ensuring that our members and internal customers consistently enjoy a seamless experience, achieved through the timely deployment and ongoing management of Netflix’s owned infrastructure capacity. Our team is dedicated to the development of long-range capacity forecasts that are forward-looking, adaptable to rapidly evolving product needs, and focused on efficiency. We collaborate closely with a diverse range of cross-functional stakeholders to understand their current and future infrastructure requirements and make strategic recommendations around product implementation and design. Some of our team’s core responsibilities include:

•
Development of Long-Range Infrastructure Capacity Strategies: Create forward-looking strategies that inform long-term financial planning, network design, and near-term deployment and implementation decisions.

•
Effective Infrastructure Allocation: Convert demand forecasts across multiple products into clear, actionable capacity plans and strategic recommendations to drive investment decisions. Balance infrastructure availability across product types.

•
Data-Driven Analyses for Platform Optimization and Scalability: Conduct ongoing, data-driven analyses focused on optimizing efficiency, spend, and architectural direction while ensuring long-term platform scalability and resiliency.

•
Risk Assessment & Management: Identification of potential risks related to capacity shortages or excesses and development of mitigation strategies.

•
Infrastructure Performance Monitoring: Continuous tracking of infrastructure performance and utilization to identify bottlenecks or inefficiencies.

What You'll Do

•
Own the multi-year fleet refresh plan for Netflix's global hardware infrastructure, including servers, networking equipment, and storage systems, translating engineering roadmaps and business priorities into coherent long-term fleet plans.

•
Partner with Engineering, Finance, and Supply Chain teams to align fleet strategy with business priorities and budget constraints

•
Collaborate cross-functionally to define and track key fleet health metrics (utilization, age distribution, failure rates) to drive continuous optimization and life-cycle optimization

•
Lead hardware procurement planning in collaboration with Business Operations team, ensuring supply meets demand without over-provisioning

•
Identify opportunities to reduce total cost of ownership (TCO) through smarter fleet composition, lifecycle management, and decommissioning strategies, and build the business case for those changes.

•
Build and present fleet planning roadmaps and recommendations to senior leadership

•
Drive cross-functional alignment on fleet standards, refresh policies, and end-of-life decisions, ensuring consistency across engineering and infrastructure teams.

•
Act as a thought partner to engineering leads on how emerging hardware technologies and architectural changes should influence future fleet composition.

What you’ll bring to the role

•
5+ years of experience in capacity planning for data center or cloud platforms, or network planning.

•
5+ years of hands-on experience in data analysis and visualization, with proficiency in SQL, Python a plus.

•
Knowledge of — or strong curiosity about — the internet, or telecom ecosystem

•
Excellent verbal and written communication skills, with the ability to tailor messaging for both technical and executive audiences.

•
A track record of turning ambiguous, cross-functional problems into structured plans, even when the underlying data is incomplete.

•
Comfort operating independently while building consensus across teams that don't report to you.

•
Technical Program Management Experience is preferred

•
Proficiency in AI tools

Nice to Have

•
A degree in Management Information Systems, Management Consulting, Statistics, or a related quantitative field — or equivalent hands-on experience.

•
Technical Program Management experience, particularly in environments spanning engineering, finance, and operations.

•
Familiarity with hardware lifecycle management, procurement processes, or supply-chain planning.

•
Experience building financial or TCO models to support infrastructure investment decisions.

We know great candidates come from a range of backgrounds and paths, so if you don't check every box above but bring strong, relevant experience, we still encourage you to apply.

Why Join This Team

This is an opportunity to shape how Netflix plans and invests in the physical infrastructure that delivers streaming to hundreds of millions of members worldwide. You'll have visibility into decisions that carry real financial and operational weight, direct exposure to senior leadership, and the chance to build planning frameworks that will scale with Netflix's continued growth. If you enjoy working where data, strategy, and cross-functional influence meet, this role offers a rare amount of ownership over that intersection.

Generally, our compensation structure consists solely of an annual salary; we do not have bonuses. You choose each year how much of your compensation you want in salary versus stock options. To determine your personal top of market compensation, we rely on market indicators and consider your specific job family, background, skills, and experience to determine your compensation in the market range. The range for this role is $300,000.00 - $520,000.00. This compensation range will vary based on location.

Netflix provides comprehensive benefits including Health Plans, Mental Health support, a 401(k) Retirement Plan with employer match, Stock Option Program, Disability Programs, Health Savings and Flexible Spending Accounts, Family-forming benefits, and Life and Serious Injury Benefits. We also offer paid leave of absence programs. Full-time hourly employees accrue 35 days annually for paid time off to be used for vacation, holidays, and sick paid time off. Full-time salaried employees are immediately entitled to flexible time off. See more details about our Benefits here.

Netflix is a unique culture and environment. Learn more here.

Inclusion is a Netflix value and we strive to host a meaningful interview experience for all candidates. If you want an accommodation/adjustment for a disability or any other reason during the hiring process, please send a request to your recruiting partner.

We are an equal-opportunity employer and celebrate diversity, recognizing that diversity builds stronger teams. We approach diversity and inclusion seriously and thoughtfully. We do not discriminate on the basis of race, religion, color, ancestry, national origin, caste, sex, sexual orientation, gender, gender identity or expression, age, disability, medical condition, pregnancy, genetic makeup, marital status, or military service.

Job is open for no less than 7 days and will be removed when the position is filled.",8029,https://netflix.wd108.myworkdayjobs.com/Netflix/job/USA---Remote/Capacity-Analyst---Fleet-Planner_JR41798,,https://www.linkedin.com/jobs/view/4441852431,2026-09-06,200,Over 200 applicants,38,matched,title,2026-09-17,2026-09-17T12:53:20,2026-09-17,,49,startDate,true,0,,,,Regular,Engineering Operations,2026-07-30,,true,,,,,,
JR41240,Analytics Engineer 5 - Content & Studio,Netflix,"Netflix, Inc.",Full time,Posted 30+ Days Ago,2026-07-29,50,USA - Remote,1,USA - Remote,true,,United States of America,4b15c3bdb7e910020025cb25a5d60000,5,"At Netflix, our mission is to entertain the world. Together, we are writing the next episode - pushing the boundaries of storytelling, global fandom and making the unimaginable a reality. We are a dream team obsessed with the uncomfortable excitement of discovering what happens when you merge creativity, intuition and cutting-edge technology. Come be a part of what’s next.

Data and Insights at Netflix is aimed at using data, analytics, causal inference, machine learning (ML), and sciences to improve various aspects of our business. In Conversation Data and Insights, we focus on delivering data products and insights that support our Marketing business partners in their complex and nuanced decision-making processes. We are a highly collaborative team that partners across Netflix to drive impact. We are looking for a Senior Analytics Engineer to lead the design and implementation of robust data architectures and analytical toolings. This role will partner closely with Marketing, especially CP (Consumer Product) stakeholders and Data Engineers, Researchers, Data Scientists to transform raw data into high-quality, performant data models and insights that drive critical business understandings and decisions.

What You Will Do:

•
Data Foundations: Design, build, and maintain scalable data models that serve as the source of truth for the Consumer Product team.

•
Cross-Functional Partnership: Partner with Business Stakeholders, Product Engineering, and Data Scientists/Data Engineers to understand data needs and translate complex business requirements into technical data solutions.

•
Analytical Rigor and Visual Storytelling: Able to transform complex quantitative analysis into high-impact dashboards and custom data tools (e.g., Plotly Dash) that drive business decisions.

•
Engineering Excellence: Deliver scalable data solutions by merging advanced SQL and Python proficiency with data engineering workflows, ensuring reliability through engineering best practices like CI/CD, testing, version control and monitoring.

•
Business Strategy: Proactively bring data-driven perspectives to the table that challenge assumptions, uncover growth opportunities, and shape the future direction of Netflix Consumer Products.

•
Operational Balance: Manage high-impact, long-term infrastructure projects while remaining agile enough to handle ad hoc data requests.

Who You Are:

•
You have 5+ years of experience with an advanced degree in a quantitative field (e.g., Engineering, Mathematics, CS) or 8+ years of relevant professional experience.

•
You are an expert in SQL and possess deep experience with Python for data manipulation and automation.

•
You have a strong ability to translate ambiguous business requests into concrete data products.

•
You have a strong bias to action, favoring iteration and rapid results over perfect but delayed solutions.

•
You possess exceptional communication with technical and non-technical audiences; you can effectively influence senior stakeholders and explain complex technical concepts with clarity.

•
You are proactively learning and adopting AI capabilities to supercharge your workflow.

Generally, our compensation structure consists solely of an annual salary; we do not have bonuses. You choose each year how much of your compensation you want in salary versus stock options. To determine your personal top of market compensation, we rely on market indicators and consider your specific job family, background, skills, and experience to determine your compensation in the market range. The range for this role is $330,000.00 - $566,000.00. This compensation range will vary based on location.

Netflix provides comprehensive benefits including Health Plans, Mental Health support, a 401(k) Retirement Plan with employer match, Stock Option Program, Disability Programs, Health Savings and Flexible Spending Accounts, Family-forming benefits, and Life and Serious Injury Benefits. We also offer paid leave of absence programs. Full-time hourly employees accrue 35 days annually for paid time off to be used for vacation, holidays, and sick paid time off. Full-time salaried employees are immediately entitled to flexible time off. See more details about our Benefits here.

Netflix is a unique culture and environment. Learn more here.

Inclusion is a Netflix value and we strive to host a meaningful interview experience for all candidates. If you want an accommodation/adjustment for a disability or any other reason during the hiring process, please send a request to your recruiting partner.

We are an equal-opportunity employer and celebrate diversity, recognizing that diversity builds stronger teams. We approach diversity and inclusion seriously and thoughtfully. We do not discriminate on the basis of race, religion, color, ancestry, national origin, caste, sex, sexual orientation, gender, gender identity or expression, age, disability, medical condition, pregnancy, genetic makeup, marital status, or military service.

Job is open for no less than 7 days and will be removed when the position is filled.",5090,https://netflix.wd108.myworkdayjobs.com/Netflix/job/USA---Remote/Analytics-Engineer-5---Content---Studio_JR41240,,https://www.linkedin.com/jobs/view/4444148354,2026-09-10,200,Over 200 applicants,43,matched,title,2026-09-17,2026-09-17T12:58:21,2026-09-17,,50,startDate,true,0,,,,Regular,Data Science & Analytics,2026-07-29,,true,,,,,,
JR41811,Data Visualization Engineer 5 - Member Insights Engineering,Netflix,"Netflix, Inc.",Full time,Posted 30+ Days Ago,2026-07-28,51,USA - Remote,1,USA - Remote,true,,United States of America,4b15c3bdb7e910020025cb25a5d60000,5,"At Netflix, our mission is to entertain the world. Together, we are writing the next episode - pushing the boundaries of storytelling, global fandom and making the unimaginable a reality. We are a dream team obsessed with the uncomfortable excitement of discovering what happens when you merge creativity, intuition and cutting-edge technology. Come be a part of what’s next.

Member DSE is at the forefront of these innovations. Our mission is to use data to improve how subscribers experience streaming and to drive higher-quality viewing and discovery experiences, no matter where, how, or when global members are watching.

The Member Insights Engineering team combines capabilities across the analytical data and tooling/services/libraries layers with the goal of delivering insights through applications. The work on the Insights Engineering team has a strong technical lean and requires the ability to work effectively with engineering-centric tooling and systems.

As a Senior Data Visualization Engineer, you will be a key owner of our product suite, partnering with Analytics Engineers and Product Managers to build exceptional data experiences. This is a role for someone eager to learn, collaborate, and make an impact on a rapidly growing business.

In this role, you will:

•
Partner and Build. You will collaborate closely with our senior analytics engineers, data scientists, and product managers to build and iterate on our core data products.

•
Create and Design Intuitive Data Experiences. You will take on the challenge of transforming complex, messy data into engaging and informative visualizations that clearly explain key business trends to stakeholders and executives.

•
Showcase Your Engineering Craft. You will own, diagnose, and solve technical problems in our codebase and help improve our engineering velocity by adopting best practices in testing, component design, and AI-assisted development.

•
Learn the Business. You will support the team by addressing ad hoc business-critical questions, providing a valuable opportunity to learn about the member business and establish yourself as a trusted partner to our stakeholders.

•
Explore and Innovate. You will have the opportunity to explore new technologies and share your opinions on how we can leverage emerging trends, such as Generative AI, to enhance our products and workflows.

We are looking for:

•
Deep Curiosity and High Agency. You are eager to constantly learn across the stack and about the business problems we solve. You are a self-starter, capable of self-direction when given context, and are motivated to build great data products that impact business decisions.

•
Foundational Data Experience Design. You have a passion for making complex data easy to understand. You understand the core principles of data visualization, including the effective use of charts, color, and information hierarchy. You can apply these skills to create prototypes and iterate with users rapidly. Knowledgeable about trade-offs between different chart types and able to make good decisions on how to represent various types of data best.

•
Front-End Skills. You are passionate about building beautiful web apps that focus on data explanation and exploration. You have experience with Node.js and front-end JavaScript (TypeScript encouraged). You have experience working with a component framework, such as React or Vue.js. D3 or other visualization experience preferred.

•
A Collaborative Spirit. You thrive in a team environment, enjoy partnering closely with other engineers and cross-functional team members, and are open to giving and receiving feedback to achieve shared success.

•
Data-centric. You're familiar with working with data teams who craft metrics and know how to query data using skills like SQL or GraphQL. Basic statistical knowledge and intuition is preferred.

•
A Product Thinker. You are interested in the entire product lifecycle and are keen to learn how to build excellent products. You can participate in product development discussions and help turn user feedback into new features.

•
Interest in Generative AI. You have some experience with, or an intense curiosity about, building with Gen AI tooling and can contribute ideas on how to integrate these capabilities into our products.

•
Embodies the Netflix Values while bringing a new perspective to continue improving our culture

Generally, our compensation structure consists solely of an annual salary; we do not have bonuses. You choose each year how much of your compensation you want in salary versus stock options. To determine your personal top of market compensation, we rely on market indicators and consider your specific job family, background, skills, and experience to determine your compensation in the market range. The range for this role is $340,000.00 - $510,000.00. This compensation range will vary based on location.

Netflix provides comprehensive benefits including Health Plans, Mental Health support, a 401(k) Retirement Plan with employer match, Stock Option Program, Disability Programs, Health Savings and Flexible Spending Accounts, Family-forming benefits, and Life and Serious Injury Benefits. We also offer paid leave of absence programs. Full-time hourly employees accrue 35 days annually for paid time off to be used for vacation, holidays, and sick paid time off. Full-time salaried employees are immediately entitled to flexible time off. See more details about our Benefits here.

Netflix is a unique culture and environment. Learn more here.

Inclusion is a Netflix value and we strive to host a meaningful interview experience for all candidates. If you want an accommodation/adjustment for a disability or any other reason during the hiring process, please send a request to your recruiting partner.

We are an equal-opportunity employer and celebrate diversity, recognizing that diversity builds stronger teams. We approach diversity and inclusion seriously and thoughtfully. We do not discriminate on the basis of race, religion, color, ancestry, national origin, caste, sex, sexual orientation, gender, gender identity or expression, age, disability, medical condition, pregnancy, genetic makeup, marital status, or military service.

Job is open for no less than 7 days and will be removed when the position is filled.",6333,https://netflix.wd108.myworkdayjobs.com/Netflix/job/USA---Remote/Data-Visualization-Engineer-5---Member-Insights-Engineering_JR41811,,,,,,,no_match,,2026-09-17,,2026-09-17,,51,startDate,true,0,,,,Regular,Data Science & Analytics,2026-07-28,,false,,,,,,
JR40032,"Product Manager - Games, TV as a Platform (L5)",Netflix,"Netflix Global, LLC",Full time,Posted 30+ Days Ago,2026-07-27,52,USA - Remote,1,USA - Remote,true,,United States of America,9a7a8705901e1001f30e535431110000,5,"At Netflix, our mission is to entertain the world. Together, we are writing the next episode - pushing the boundaries of storytelling, global fandom and making the unimaginable a reality. We are a dream team obsessed with the uncomfortable excitement of discovering what happens when you merge creativity, intuition and cutting-edge technology. Come be a part of what’s next.

At Netflix, we have an insatiable desire to continually improve our products and deliver new experiences to delight and entertain our quickly growing membership. Now, we are making game night a whole lot easier by bringing Netflix Games to the biggest screen in the house. We are building a future where playing a game with friends and family requires no extra hardware. Just your TV, Netflix, and your phone.

As a Product Manager for TV as a Platform, you will drive the end-to-end cloud gaming experience on connected TVs. You will own the ambitious roadmap for our ""mobile-as-a-controller"" experience, ensuring that going from watching a hit show to playing a game feels as effortless as hitting ""Play."" You will sit at the intersection of streaming technology, 10-foot UI design, and interactive gameplay, ensuring our members experience seamless, high-quality entertainment.

What You Will Do:

•
Own the TV Games Product Strategy: Develop and execute the product roadmap for playing cloud-streamed games on connected TVs, focusing on creating frictionless, ""zero-setup"" experiences for our members.

•
Innovate the Mobile Controller Experience: Lead the development of the Netflix game controller app/feature. You will define how a user's mobile phone transforms into a dynamic, intuitive gamepad for living room play, supporting everything from solo adventures to 8-player party games like Boggle Party and Pictionary.

•
Bridge Viewing and Playing: Create seamless user flows that allow members to fluidly transition from watching Netflix content (e.g., Knives Out) to playing a related game (e.g., Dead Man’s Party) without ever leaving the Netflix ecosystem.

•
Champion Quality of Experience (QoE): Partner closely with cloud gaming engineering and streaming technology teams to optimize latency, input lag, and video fidelity. You will define the metrics for a successful, high-quality TV gaming session and relentlessly drive improvements.

•
Design for the Living Room: Collaborate with Product Designers to optimize the ""10-foot UI"" for game discovery, multiplayer onboarding, and in-game overlays on the TV.

•
Lead Cross-Functional Execution: Act as the central node between Game Studios, Platform Engineering, Mobile App teams, and Data Science to deliver complex, multi-device features on time and at scale.

Requirements:

•
5-8+ years of experience in product management, with a proven track record of shipping complex, consumer-facing software.

•
Direct experience with Connected TV (CTV) platforms (e.g., Roku, tvOS, Android TV, Smart TVs), cloud gaming platforms, or multi-device ecosystem products.

•
A deep understanding of mobile app product development (iOS/Android) and how to leverage native mobile capabilities (haptics, gyroscopes, touch interfaces) to drive user engagement.

•
Technical background or strong understanding of video streaming technologies, real-time networking, and cloud computing principles.

•
A history of achieving product outcomes through user testing, rapid prototyping, and data-driven decision-making.

•
Passion for the digital gaming space, particularly local multiplayer, social deduction, and ""party"" game genres that bring people together in the living room.

Does this sound uncomfortably exciting? Please don’t self-select out; let’s figure it out together. We’d love to talk to you!

Location: West Coast, with some travel to Los Angeles or Los Gatos, CA as needed

Generally, our compensation structure consists solely of an annual salary; we do not have bonuses. You choose each year how much of your compensation you want in salary versus stock options. To determine your personal top of market compensation, we rely on market indicators and consider your specific job family, background, skills, and experience to determine your compensation in the market range. The range for this role is $310,000.00 - $545,000.00. This compensation range will vary based on location.

Netflix provides comprehensive benefits including Health Plans, Mental Health support, a 401(k) Retirement Plan with employer match, Stock Option Program, Disability Programs, Health Savings and Flexible Spending Accounts, Family-forming benefits, and Life and Serious Injury Benefits. We also offer paid leave of absence programs. Full-time hourly employees accrue 35 days annually for paid time off to be used for vacation, holidays, and sick paid time off. Full-time salaried employees are immediately entitled to flexible time off. See more details about our Benefits here.

Netflix is a unique culture and environment. Learn more here.

Inclusion is a Netflix value and we strive to host a meaningful interview experience for all candidates. If you want an accommodation/adjustment for a disability or any other reason during the hiring process, please send a request to your recruiting partner.

We are an equal-opportunity employer and celebrate diversity, recognizing that diversity builds stronger teams. We approach diversity and inclusion seriously and thoughtfully. We do not discriminate on the basis of race, religion, color, ancestry, national origin, caste, sex, sexual orientation, gender, gender identity or expression, age, disability, medical condition, pregnancy, genetic makeup, marital status, or military service.

Job is open for no less than 7 days and will be removed when the position is filled.",5744,https://netflix.wd108.myworkdayjobs.com/Netflix/job/USA---Remote/Product-Manager---Games--TV-as-a-Platform_JR40032,,,,,,,no_match,,2026-09-17,,2026-09-17,,52,startDate,true,0,,,,Regular,Product,2026-07-27,,false,,,,,,
JR41825,"Product Manager - Games, Kids (L5)",Netflix,"Netflix Global, LLC",Full time,Posted 30+ Days Ago,2026-07-27,52,USA - Remote,1,USA - Remote,true,,United States of America,4b15c3bdb7e910020025cb25a5d60000,5,"At Netflix, our mission is to entertain the world. Together, we are writing the next episode - pushing the boundaries of storytelling, global fandom and making the unimaginable a reality. We are a dream team obsessed with the uncomfortable excitement of discovering what happens when you merge creativity, intuition and cutting-edge technology. Come be a part of what’s next.

At Netflix, we have an insatiable desire to continually improve our products and deliver new experiences to delight and entertain our quickly growing membership. Now is an exciting time to join the Kids Games product team as we transform our platform into a seamless destination for discovery, learning, and play. With the recent global expansion of Netflix Playground, we are building a world where kids can not only watch their favorite stories, from Trash Truck to Sesame Street, but step inside them and interact with their favorite characters.

The Product Manager for Kids will lead major new product initiatives and materially transform existing product areas within the Kids profile ecosystem. You will champion a curated space where kids are entertained and enriched, while giving parents confidence and peace of mind.

What you will do:

•
Drive near-term roadmaps: Set near-term product roadmaps, bringing along senior stakeholders to shape the kids' ecosystem on Netflix, spanning content discovery, interactive features, and Netflix Playground.

•
Execute end-to-end projects: Execute on large, end-to-end projects bridging viewing and interactive play, driving alignment with cross-functional stakeholders across Netflix’s Content, Games, and Product & Technology organizations.

•
Innovate on discovery: Apply strong knowledge of industry trends, data, and market dynamics to reimagine how kids navigate and discover content at their own developmental pace.

•
Utilize specialized research: Combine customer empathy and insights with solid product domain expertise to translate complex user testing into impactful new features.

Requirements:

•
5+ years of experience in product management or related business areas, with direct experience working on digital products, systems, or games designed for children and families.

•
A history of achieving product outcomes through specialized user testing (particularly with younger demographics) and data-driven decision making.

•
Proven ability to think strategically, work collaboratively, and lead complex, highly impactful cross-functional projects from concept to completion.

•
Strong understanding of trust and safety mechanics, including children's digital privacy standards, parental control frameworks, and kid-safe platform design.

•
Ambitious self-starter who deals well with ambiguity and a fast-paced, multiple-project environment.

•
Experience translating UX testing and feedback into intuitive, engaging, and accessible solutions.

•
A deep passion for early childhood development, family entertainment, and the digital gaming space.

Generally, our compensation structure consists solely of an annual salary; we do not have bonuses. You choose each year how much of your compensation you want in salary versus stock options. To determine your personal top of market compensation, we rely on market indicators and consider your specific job family, background, skills, and experience to determine your compensation in the market range. The range for this role is $310,000.00 - $545,000.00. This compensation range will vary based on location.

Netflix provides comprehensive benefits including Health Plans, Mental Health support, a 401(k) Retirement Plan with employer match, Stock Option Program, Disability Programs, Health Savings and Flexible Spending Accounts, Family-forming benefits, and Life and Serious Injury Benefits. We also offer paid leave of absence programs. Full-time hourly employees accrue 35 days annually for paid time off to be used for vacation, holidays, and sick paid time off. Full-time salaried employees are immediately entitled to flexible time off. See more details about our Benefits here.

Netflix is a unique culture and environment. Learn more here.

Inclusion is a Netflix value and we strive to host a meaningful interview experience for all candidates. If you want an accommodation/adjustment for a disability or any other reason during the hiring process, please send a request to your recruiting partner.

We are an equal-opportunity employer and celebrate diversity, recognizing that diversity builds stronger teams. We approach diversity and inclusion seriously and thoughtfully. We do not discriminate on the basis of race, religion, color, ancestry, national origin, caste, sex, sexual orientation, gender, gender identity or expression, age, disability, medical condition, pregnancy, genetic makeup, marital status, or military service.

Job is open for no less than 7 days and will be removed when the position is filled.",4923,https://netflix.wd108.myworkdayjobs.com/Netflix/job/USA---Remote/Product-Manager---Games--Kids--L5-_JR41825,,https://www.linkedin.com/jobs/view/4443223778,2026-09-08,200,Over 200 applicants,43,matched,title,2026-09-17,2026-09-17T12:58:22,2026-09-17,,52,startDate,true,0,,,,Regular,Product,2026-07-27,,true,,,,,,
JR41824,"Product Manager - Games, Cloud Infrastructure (L5)",Netflix,"Netflix Global, LLC",Full time,Posted 30+ Days Ago,2026-07-27,52,USA - Remote,1,USA - Remote,true,,United States of America,4b15c3bdb7e910020025cb25a5d60000,5,"At Netflix, our mission is to entertain the world. Together, we are writing the next episode - pushing the boundaries of storytelling, global fandom and making the unimaginable a reality. We are a dream team obsessed with the uncomfortable excitement of discovering what happens when you merge creativity, intuition and cutting-edge technology. Come be a part of what’s next.

At Netflix, we have an insatiable desire to continually improve our products and deliver new experiences to delight and entertain our quickly growing membership. Now is an exciting time to join the Cloud Gaming Infrastructure team as we transform our platform into a seamless destination for high-quality, frictionless game streaming. With the rapid expansion of our gaming catalog, we are building a world where members can instantly step inside complex, high-definition games on their TVs and devices, supported by robust, scalable backend technology.

The Product Manager for Cloud Infrastructure will lead major new product initiatives and materially transform existing product areas with high business impact. You will champion a highly performant, cost-efficient cloud environment where games are seamlessly delivered and developers are empowered, while giving our members the highest quality Cloud streaming interactive experiences.

What you will do:

•
Drive near-term roadmaps: Set near-term product roadmaps with some guidance, bringing along senior stakeholders to shape our cloud compute capabilities, infrastructure deployments, and developer environments.

•
Execute end-to-end projects: Execute with minimal guidance on large, end-to-end projects, breaking things down into achievable milestones to deliver real-time interactive experiences, cloud streaming capabilities, and complex storage solutions.

•
Innovate on infrastructure: Apply strong knowledge of industry trends, data, and market dynamics to shape product strategy around advancing our core cloud compute capabilities, optimizing infrastructure efficiency, and delivering highly scalable, performant solutions. Translate complex real-time performance data for quality of experience into impactful new features that maintain high-quality gameplay and resolve user issues rapidly.

•
Champion the Cloud member experience: Combine customer empathy and insights with solid product domain expertise to ensure our backend cloud technology directly translates into a seamless, high-quality gaming experience for our members.

•
Empower game developers: Effectively farm for dissent to inform decision-making, drawing out opposing opinions and leveraging context to deploy streamlined internal and external tools, improving developer workflows and feedback pipelines.

Requirements:

•
5+ years of experience in product management or related business areas, with direct experience working on cloud infrastructure, backend systems, or streaming technologies.

•
Proven ability to lead major new product initiatives or materially transform existing product areas with high business impact.

•
Demonstrated strength in experimentation methodology, iterative product development, and analysis best practices, particularly regarding cloud streaming performance, latency reduction, and hardware capacity planning.

•
Proven ability to think strategically, work collaboratively, and lead complex, highly impactful cross-functional projects from concept to completion.

•
Demonstrates considerable subject matter expertise in cloud architecture and streaming protocols, and actively contributes to building knowledge among peers.

•
Ambitious self-starter who deals well with ambiguity and a fast-paced, multiple-project environment.

•
Experience articulating project goals, product requirements, and results in clear, compelling, and actionable ways across diverse technical and non-technical stakeholders.

Generally, our compensation structure consists solely of an annual salary; we do not have bonuses. You choose each year how much of your compensation you want in salary versus stock options. To determine your personal top of market compensation, we rely on market indicators and consider your specific job family, background, skills, and experience to determine your compensation in the market range. The range for this role is $310,000.00 - $545,000.00. This compensation range will vary based on location.

Netflix provides comprehensive benefits including Health Plans, Mental Health support, a 401(k) Retirement Plan with employer match, Stock Option Program, Disability Programs, Health Savings and Flexible Spending Accounts, Family-forming benefits, and Life and Serious Injury Benefits. We also offer paid leave of absence programs. Full-time hourly employees accrue 35 days annually for paid time off to be used for vacation, holidays, and sick paid time off. Full-time salaried employees are immediately entitled to flexible time off. See more details about our Benefits here.

Netflix is a unique culture and environment. Learn more here.

Inclusion is a Netflix value and we strive to host a meaningful interview experience for all candidates. If you want an accommodation/adjustment for a disability or any other reason during the hiring process, please send a request to your recruiting partner.

We are an equal-opportunity employer and celebrate diversity, recognizing that diversity builds stronger teams. We approach diversity and inclusion seriously and thoughtfully. We do not discriminate on the basis of race, religion, color, ancestry, national origin, caste, sex, sexual orientation, gender, gender identity or expression, age, disability, medical condition, pregnancy, genetic makeup, marital status, or military service.

Job is open for no less than 7 days and will be removed when the position is filled.",5783,https://netflix.wd108.myworkdayjobs.com/Netflix/job/USA---Remote/Product-Manager---Games--Cloud-Infrastructure--L5-_JR41824-1,,https://www.linkedin.com/jobs/view/4443203997,2026-09-09,200,Over 200 applicants,44,matched,title,2026-09-17,2026-09-17T12:58:24,2026-09-17,,52,startDate,true,1,,,,Regular,Product,2026-07-27,,true,,,,,,
JR41822,"Product Manager - Games, Social Platform (L5)",Netflix,"Netflix Global, LLC",Full time,Posted 30+ Days Ago,2026-07-27,52,USA - Remote,1,USA - Remote,true,,United States of America,4b15c3bdb7e910020025cb25a5d60000,5,"At Netflix, our mission is to entertain the world. Together, we are writing the next episode - pushing the boundaries of storytelling, global fandom and making the unimaginable a reality. We are a dream team obsessed with the uncomfortable excitement of discovering what happens when you merge creativity, intuition and cutting-edge technology. Come be a part of what’s next.

At Netflix, we have an insatiable desire to continually improve our products and deliver new experiences to delight and entertain our quickly growing membership. The Product Manager - Games - Social Platform is a cross-functional leader who will apply their strategic, analytical, and relationship-building expertise to develop and execute our roadmap for bringing our members together to play games via social experiences like online and co-op multiplayer, sharing, chat, and more.

The Product Manager for Games - Social Platform will lead major new product initiatives and materially transform existing product areas with high business impact. You will champion a curated space where players can connect, collaborate, and share, while ensuring a high-quality, trusted environment.

What you will do:

•
Drive near-term roadmaps: Set near-term product roadmaps with some guidance, bringing along senior stakeholders to shape the games social platform strategy for our first and third-party game studio partners.

•
Execute end-to-end projects: Execute with minimal guidance on large, end-to-end projects developing back-end systems and tooling for game partners, breaking things down into achievable milestones.

•
Innovate on social experiences: Apply strong knowledge of industry trends, data, and market dynamics to shape product strategy and identify meaningful innovation opportunities for friends, presence, online multiplayer, sharing, and chat features.

•
Foster collaboration and alignment: Drive alignment with cross-functional stakeholders outside of your squad across Netflix’s Games and Product & Technology organizations to create a unified strategy for member-to-member relationships.

•
Drive effective decision-making: Effectively farm for dissent to inform decision-making, drawing out opposing opinions and leveraging context to manage risk assessments for social features in partnership with Trust and Safety, Legal, and Customer Support.

Requirements

•
5+ years of experience in product management or related business areas, ideally with direct experience working on social products or systems in video games.

•
Proven ability to lead major new product initiatives or materially transform existing product areas with high business impact.

•
Experience translating UX testing and feedback into impactful new features.

•
Demonstrates strength in experimentation methodology, iterative product development, and analysis best practices to enhance the customer experience.

•
Experience articulating project goals, product requirements, and results in clear, compelling, and actionable ways across diverse technical and non-technical stakeholders.

•
Technical background or strong understanding of technical systems and platforms.

•
Ambitious self-starter who deals well with ambiguity and a fast-paced, multiple-project environment.

Generally, our compensation structure consists solely of an annual salary; we do not have bonuses. You choose each year how much of your compensation you want in salary versus stock options. To determine your personal top of market compensation, we rely on market indicators and consider your specific job family, background, skills, and experience to determine your compensation in the market range. The range for this role is $310,000.00 - $545,000.00. This compensation range will vary based on location.

Netflix provides comprehensive benefits including Health Plans, Mental Health support, a 401(k) Retirement Plan with employer match, Stock Option Program, Disability Programs, Health Savings and Flexible Spending Accounts, Family-forming benefits, and Life and Serious Injury Benefits. We also offer paid leave of absence programs. Full-time hourly employees accrue 35 days annually for paid time off to be used for vacation, holidays, and sick paid time off. Full-time salaried employees are immediately entitled to flexible time off. See more details about our Benefits here.

Netflix is a unique culture and environment. Learn more here.

Inclusion is a Netflix value and we strive to host a meaningful interview experience for all candidates. If you want an accommodation/adjustment for a disability or any other reason during the hiring process, please send a request to your recruiting partner.

We are an equal-opportunity employer and celebrate diversity, recognizing that diversity builds stronger teams. We approach diversity and inclusion seriously and thoughtfully. We do not discriminate on the basis of race, religion, color, ancestry, national origin, caste, sex, sexual orientation, gender, gender identity or expression, age, disability, medical condition, pregnancy, genetic makeup, marital status, or military service.

Job is open for no less than 7 days and will be removed when the position is filled.",5170,https://netflix.wd108.myworkdayjobs.com/Netflix/job/USA---Remote/Product-Manager---Games--Social-Platform--L5-_JR41822,,https://www.linkedin.com/jobs/view/4443211872,2026-09-08,200,Over 200 applicants,43,matched,title,2026-09-17,2026-09-17T12:58:25,2026-09-17,,52,startDate,true,0,,,,Regular,Product,2026-07-27,,true,,,,,,
JR41216,"Senior Product Designer, Emerging Creative",Netflix,"Netflix, Inc.",Full time,Posted 30+ Days Ago,2026-07-24,55,USA - Remote,1,USA - Remote,true,,United States of America,4b15c3bdb7e910020025cb25a5d60000,5,"At Netflix, our mission is to entertain the world. Together, we are writing the next episode - pushing the boundaries of storytelling, global fandom and making the unimaginable a reality. We are a dream team obsessed with the uncomfortable excitement of discovering what happens when you merge creativity, intuition and cutting-edge technology. Come be a part of what’s next.

The Team

At ECXD (Emerging Creative Experience Design), our mission is to craft multimedia experiences that blend motion, audio, visuals, and storytelling to amplify Netflix’s brand, drive innovation, and inspire meaningful connections with global audiences and partners.

We specialize in interaction, animation, cinematic UX, and engaging content-forward interfaces, working horizontally across products and platforms to create performant, intuitive, and delightful user experiences that immerse users, effectively convey information, and foster connections between Netflix, members, soon-to-be members, and B2B partners.

We are looking for a Product / Visual Design hybrid to join the team! In this role you will be responsible for a range of creative execution that requires a flexible skillset, including content-forward creative to UI feature design, and brand assets that live within the Netflix UI. All this creativity will be brought to life in partnership with teammates who specialize in Audio, Motion, and Video in the context of compelling Product storytelling.

At times, you will craft immersive, story-driven experiences expressed through aspirational product prototypes; at others, you will design intuitive, scalable experiences that seamlessly align with and extend our design systems. Across all work, you’ll be expected to demonstrate exceptional visual craft while collaborating horizontally across teams and surfaces to envision and build product experiences that advance business goals while elevating the aesthetics and usability of the Netflix product experience.

Your Impact:

•
Visual design across TV, mobile, and web surfaces, spanning member and nonmember experiences.

•
Turn business goals into interfaces that delight, inform, and engage.

•
Partner with motion, AV, and audio teams to integrate storytelling into interactions.

•
Prototype and test high-fidelity concepts, from sketches and wireframes to vision videos and interactive prototypes.

•
Define scalable frameworks, style guides, and visual design systems that unify Netflix’s product experiences.

•
Collaborate with Product, Engineering, Design Systems, and Research to ensure holistic experience quality.

•
Deliver a variety of artifacts and storytelling mediums, including qual stimuli, mockups, videos, promotional concepts, and business storytelling presentations.

Must Have:

•
A combination of Product Design and entertainment and/or Brand expertise.

•
Ability to craft visionary UX concepts grounded in user needs with strategic thinking.

•
Exceptional craft and attention to detail, with a passion for maintaining high quality.

•
Experience working with multidisciplinary teams, including video, audio, and motion graphics on a variety of creative artifacts.

•
Experience to ship complex products by working within technical constraints, collaborating with cross-functional teams, and driving toward successful outcomes.

•
Strong cross-discipline partnership skills, able to see the big picture strategically, bring pieces together, and drive clarity through ambiguity.

•
Excellent communication and presentation skills, able to articulate design decisions and strategy with influence.

•
Proactive and self-starting, able to uncover and propose solutions independently.

•
Ability to participate in and influence impactful design solutions across all phases of the product lifecycle.

•
In depth knowledge of Figma.

•
Fluent with AI design tools—actively uses them to increase workflow efficiency and elevate design quality.

•
Passion for entertainment, content-rich product, storytelling, and elevating creative experiences.

Bonus:

•
Creative vision experience or strategic product roadmap.

•
Strong prototyping skills using Figma Motion, Principle, ProtoPie, After Effects, Rive, and Lottie.

•
Real-time tools (Unreal, Unity, WebGL).

•
Collaboration with design systems and design technology partners.

Why You’ll Love It Here

Netflix is a home for creative excellence. ECXD offers a space where art and technology intersect, giving you freedom to push creative boundaries while shaping the future of multimedia design across the Netflix ecosystem.

Generally, our compensation structure consists solely of an annual salary; we do not have bonuses. You choose each year how much of your compensation you want in salary versus stock options. To determine your personal top of market compensation, we rely on market indicators and consider your specific job family, background, skills, and experience to determine your compensation in the market range. The range for this role is $350,000.00 - $520,000.00. This compensation range will vary based on location.

Netflix provides comprehensive benefits including Health Plans, Mental Health support, a 401(k) Retirement Plan with employer match, Stock Option Program, Disability Programs, Health Savings and Flexible Spending Accounts, Family-forming benefits, and Life and Serious Injury Benefits. We also offer paid leave of absence programs. Full-time hourly employees accrue 35 days annually for paid time off to be used for vacation, holidays, and sick paid time off. Full-time salaried employees are immediately entitled to flexible time off. See more details about our Benefits here.

Netflix is a unique culture and environment. Learn more here.

Inclusion is a Netflix value and we strive to host a meaningful interview experience for all candidates. If you want an accommodation/adjustment for a disability or any other reason during the hiring process, please send a request to your recruiting partner.

We are an equal-opportunity employer and celebrate diversity, recognizing that diversity builds stronger teams. We approach diversity and inclusion seriously and thoughtfully. We do not discriminate on the basis of race, religion, color, ancestry, national origin, caste, sex, sexual orientation, gender, gender identity or expression, age, disability, medical condition, pregnancy, genetic makeup, marital status, or military service.

Job is open for no less than 7 days and will be removed when the position is filled.",6488,https://netflix.wd108.myworkdayjobs.com/Netflix/job/USA---Remote/Senior-Visual-Designer--Emerging-Creative_JR41216,,,,,,,no_match,,2026-09-17,,2026-09-17,,55,startDate,true,0,,,,Regular,Product,2026-07-24,,false,,,,,,
JR41713,"Staff Systems Designer, Language",Netflix,"Netflix, Inc.",Full time,Posted 30+ Days Ago,2026-07-24,55,USA - Remote,1,USA - Remote,true,,United States of America,4b15c3bdb7e910020025cb25a5d60000,2,"At Netflix, our mission is to entertain the world. Together, we are writing the next episode - pushing the boundaries of storytelling, global fandom and making the unimaginable a reality. We are a dream team obsessed with the uncomfortable excitement of discovering what happens when you merge creativity, intuition and cutting-edge technology. Come be a part of what’s next.

The Role

This role sits as a horizontal function within the Design Systems organization, a team dedicated to enabling product quality, consistency, and design velocity across all of Netflix.

As we shift toward an agent-first architecture, our design system is evolving. We're moving beyond buttons and static strings to build the underlying scaffolding that lets AI agents and product experiences communicate safely, naturally, and distinctively across every Netflix surface, in every language, for every audience.

We're looking for a Staff Systems Designer specializing in language to serve as Netflix's centralized authority for scaling language standards. Rather than creating Netflix's voice and tone guidelines, this role will own how those standards are structurally encoded into the design system. This role bridges the gap between editorial craft and technical frameworks, translating subjective brand guidelines into the objective, machine-readable rules and patterns that guide both human writers and dynamic generative agents.

Role Responsibilities

•
Serve as the centralized authority for language standards across Consumer, driving system-level alignment across a decentralized content design community.

•
Translate brand and editorial guidelines into objective, systematic rules that guide both human authors and AI agents.

•
Own taxonomy and terminology schemas to ensure semantic and naming consistency across components, localization pipelines, and dynamic content generators.

•
Establish the authoritative logic and rules for reusable content patterns, defining the variables that keep text on-brand.

•
Author and govern language specifications, variables, and constraints structurally embedded in Hawkins components across platforms.

•
Build the plug-and-play extension model that allows decentralized business domains to safely apply unique voice requirements within shared guardrails.

•
Partner with localization, legal, and accessibility to translate complex compliance and functional requirements into clear, system-level design constraints.

•
Coordinate the release lifecycle of encoded language schemas and rules to downstream product teams and intelligent agents.

Role Qualifications

At Netflix, all roles are expected to exemplify the values outlined in our culture. Below are some specific behaviors, experiences, and skills to be successful in this role.

•
10+ years of experience as a Content Systems leader, with a demonstrated track record of owning and scaling a content standards function, not just contributing to one.

•
You have built systems other teams depend on: experience creating programmatic style guides, evaluation frameworks, reusable UI patterns, or rule-based terminology systems that became the authoritative source of truth for an entire organization.

•
Proven track record of navigating competing organizational priorities across product, legal, brand, and localization, and successfully translating those disparate requirements into consensus-driven system guardrails.

•
Direct experience with LLM orchestration, prompt engineering, or AI-assisted writing workflows, with a pragmatic point of view on how to programmatically constrain generative models so outputs remain safe and on-brand.

•
Fluency at the intersection of editorial craft and technical system infrastructure: You know how to define clear communication guidelines, but you also understand how those rules map to a JSON schema, metadata pipeline, or platform component.

•
Deep understanding of localization and accessibility as structural constraints, with experience building core frameworks that naturally scale across languages, regions, and assistive technology contexts.

Generally, our compensation structure consists solely of an annual salary; we do not have bonuses. You choose each year how much of your compensation you want in salary versus stock options. To determine your personal top of market compensation, we rely on market indicators and consider your specific job family, background, skills, and experience to determine your compensation in the market range. The range for this role is $340,000.00 - $480,000.00. This compensation range will vary based on location.

Netflix provides comprehensive benefits including Health Plans, Mental Health support, a 401(k) Retirement Plan with employer match, Stock Option Program, Disability Programs, Health Savings and Flexible Spending Accounts, Family-forming benefits, and Life and Serious Injury Benefits. We also offer paid leave of absence programs. Full-time hourly employees accrue 35 days annually for paid time off to be used for vacation, holidays, and sick paid time off. Full-time salaried employees are immediately entitled to flexible time off. See more details about our Benefits here.

Netflix is a unique culture and environment. Learn more here.

Inclusion is a Netflix value and we strive to host a meaningful interview experience for all candidates. If you want an accommodation/adjustment for a disability or any other reason during the hiring process, please send a request to your recruiting partner.

We are an equal-opportunity employer and celebrate diversity, recognizing that diversity builds stronger teams. We approach diversity and inclusion seriously and thoughtfully. We do not discriminate on the basis of race, religion, color, ancestry, national origin, caste, sex, sexual orientation, gender, gender identity or expression, age, disability, medical condition, pregnancy, genetic makeup, marital status, or military service.

Job is open for no less than 7 days and will be removed when the position is filled.",6023,https://netflix.wd108.myworkdayjobs.com/Netflix/job/USA---Remote/Staff-Systems-Designer--Language_JR41713-1,,https://www.linkedin.com/jobs/view/4440417544,2026-09-02,200,Over 200 applicants,40,matched,title,2026-09-17,2026-09-17T12:58:27,2026-09-17,,55,startDate,true,1,,,,Regular,Product,2026-07-24,,true,,,,,,
JR41773,Engineering Manager - Consumer Authorization Systems,Netflix,"Netflix, Inc.",Full time,Posted 30+ Days Ago,2026-07-23,56,USA - Remote,1,USA - Remote,true,,United States of America,4b15c3bdb7e910020025cb25a5d60000,4,"At Netflix, our mission is to entertain the world. Together, we are writing the next episode - pushing the boundaries of storytelling, global fandom and making the unimaginable a reality. We are a dream team obsessed with the uncomfortable excitement of discovering what happens when you merge creativity, intuition and cutting-edge technology. Come be a part of what’s next.

As part of the Identity Engineering organization, the Consumer Authorization team builds platforms and services for access policies that enable experiences for our streaming, Ads and Games products at high scale. We are seeking a talented Engineering Manager to lead our dynamic team of local and remote engineers and drive the development and innovation of our highly resilient infrastructure, and contribute to the vision of the future.

About You

•
You are an inclusive leader with a proven track record of building and leading high-performing diverse teams.

•
You have an extensive background and strong technical expertise working in backend infrastructure and platforms, and understand how to build for scale and business impact.

•
You have a proven track record of scaling a platform from 1 to multiple. You are inherently curious and enjoy leading through challenges with building large-scale, low-latency applications.

•
You enjoy enabling your team to work on hard problems with new tech, but what rea,lly drives you is creating levers for making a big impact and delighting your stakeholders.

•
You have some domain experience in authorization technologies such as ABAC, RBAC, policy engines or adjacencies that can be applied to this space.

•
You are inherently curious and enjoy leading through challenges with building high scale, low latency applications.

•
You are a proactive, effective communicator with great judgment and a bias towards action.

•
You are a role model for integrity, transparency, and courage.

•
You have a high tolerance for ambiguity and fast-changing context.

Scope of the role

•
Provide technical vision and strategy for building platforms to scale to the next set of million members.

•
Build strong and productive relationships across product management, engineering, data science, and security partners.

•
Balance immediate stakeholder needs vs longer-term vision.

•
Lead a dream team of backend engineers to build and execute on a shared vision between security, engineering, and product partners.

•
Grow and mentor this team through a supportive mindset, thoughtful observation, and courageous, honest feedback.

Must-Have

•
Knowledge of distributed systems architectures and infrastructure.

•
An engineering mindset that stays technically curious and engaged in innovation and encourages learning in the team.

•
Thoughtful leadership with experience in hiring, coaching and retaining strong engineering talent with various needs for personal and professional growth.

•
Strong partner for product management and engineering leaders, equally passionate about working with engineering and non-engineering stakeholders.

Our team includes people of all genders, varied sexual orientations, parents, folks who are self-taught, and people of a wide variety of nationalities, ages, and socio-economic backgrounds. Diverse teams are strong teams, and we encourage those with varied identities and experiences to apply.

Generally, our compensation structure consists solely of an annual salary; we do not have bonuses. You choose each year how much of your compensation you want in salary versus stock options. To determine your personal top of market compensation, we rely on market indicators and consider your specific job family, background, skills, and experience to determine your compensation in the market range. The range for this role is $436,000.00 - $710,000.00. This compensation range will vary based on location.

Netflix provides comprehensive benefits including Health Plans, Mental Health support, a 401(k) Retirement Plan with employer match, Stock Option Program, Disability Programs, Health Savings and Flexible Spending Accounts, Family-forming benefits, and Life and Serious Injury Benefits. We also offer paid leave of absence programs. Full-time hourly employees accrue 35 days annually for paid time off to be used for vacation, holidays, and sick paid time off. Full-time salaried employees are immediately entitled to flexible time off. See more details about our Benefits here.

Netflix is a unique culture and environment. Learn more here.

Inclusion is a Netflix value and we strive to host a meaningful interview experience for all candidates. If you want an accommodation/adjustment for a disability or any other reason during the hiring process, please send a request to your recruiting partner.

We are an equal-opportunity employer and celebrate diversity, recognizing that diversity builds stronger teams. We approach diversity and inclusion seriously and thoughtfully. We do not discriminate on the basis of race, religion, color, ancestry, national origin, caste, sex, sexual orientation, gender, gender identity or expression, age, disability, medical condition, pregnancy, genetic makeup, marital status, or military service.

Job is open for no less than 7 days and will be removed when the position is filled.",5284,https://netflix.wd108.myworkdayjobs.com/Netflix/job/USA---Remote/Engineering-Manager---Consumer-Authorization-Systems_JR41773-1,,,,,,,no_match,,2026-09-17,,2026-09-17,,56,startDate,true,1,,,,Regular,Engineering,2026-07-23,,false,,,,,,
JR41763,Engineering Manager - User Data & Consent Management,Netflix,"Netflix, Inc.",Full time,Posted 30+ Days Ago,2026-07-22,57,USA - Remote,1,USA - Remote,true,,United States of America,4b15c3bdb7e910020025cb25a5d60000,5,"At Netflix, our mission is to entertain the world. Together, we are writing the next episode - pushing the boundaries of storytelling, global fandom and making the unimaginable a reality. We are a dream team obsessed with the uncomfortable excitement of discovering what happens when you merge creativity, intuition and cutting-edge technology. Come be a part of what’s next.

The Team

This role is responsible for the User Data & Consent subdomain within Identity Engineering, spanning two teams:

•
Consent Data & Privacy, which owns user consent management end-to-end from collection, policies and enforcement, storage and access policies.

•
User Data Management, which owns data collection experiences and practices, lineage, access control, and retention policy for Netflix's first-party user data.

The Role

We're looking for an experienced engineering leader to run these teams as a manager-of-managers, overseeing an Engineering Manager and partnering closely with 2 senior ICs who drive the architectural agenda across the group, while directly managing the Consent team.

You'll be accountable for near- and medium-term execution — keeping product consent experiences, the consent rules engine, consent/data storage, and data transport pipelines reliable and compliant — while also owning a multi-year technical vision for how Netflix manages first-party user data and consent responsibly at scale. A failure in consent signal propagation or a gap in data stewardship can create compliance exposure and slow roadmaps for partner teams, so this role carries risk and visibility well beyond a single team.

Standard playbooks won't fully apply. You'll need to be a strong partner, evaluate and adapt frameworks as legal requirements evolve, identify gaps in how consent is enforced downstream, and propose new approaches to data minimization — building platforms and systems that are both technically robust and compliant with regulations that weren't written with Netflix's scale in mind.

Desired Background and Skills

•
Proven experience managing, coaching, and developing high-performing managers,  leading EM-level and senior IC reports across multiple teams or a full department

•
Strategic and pragmatic thinker who can successfully drive teams and outcomes in a highly ambiguous and fast-changing regulatory and technical environment, without a fixed playbook to follow

•
Strong cross-functional partner with technical ownership, with a demonstrated ability to build trust and align priorities across Product, Data Engineering, and Legal/Privacy

•
Industry experience in building systems for user data collection and engineering from product UIs, platforms, data migration strategies, and data governance, as well as consent data.

•
System design and full-stack technical credibility, sufficient to earn trust with senior ICs and make sound architectural calls across product, policy, storage, and pipeline concerns

Generally, our compensation structure consists solely of an annual salary; we do not have bonuses. You choose each year how much of your compensation you want in salary versus stock options. To determine your personal top of market compensation, we rely on market indicators and consider your specific job family, background, skills, and experience to determine your compensation in the market range. The range for this role is $436,000.00 - $710,000.00. This compensation range will vary based on location.

Netflix provides comprehensive benefits including Health Plans, Mental Health support, a 401(k) Retirement Plan with employer match, Stock Option Program, Disability Programs, Health Savings and Flexible Spending Accounts, Family-forming benefits, and Life and Serious Injury Benefits. We also offer paid leave of absence programs. Full-time hourly employees accrue 35 days annually for paid time off to be used for vacation, holidays, and sick paid time off. Full-time salaried employees are immediately entitled to flexible time off. See more details about our Benefits here.

Netflix is a unique culture and environment. Learn more here.

Inclusion is a Netflix value and we strive to host a meaningful interview experience for all candidates. If you want an accommodation/adjustment for a disability or any other reason during the hiring process, please send a request to your recruiting partner.

We are an equal-opportunity employer and celebrate diversity, recognizing that diversity builds stronger teams. We approach diversity and inclusion seriously and thoughtfully. We do not discriminate on the basis of race, religion, color, ancestry, national origin, caste, sex, sexual orientation, gender, gender identity or expression, age, disability, medical condition, pregnancy, genetic makeup, marital status, or military service.

Job is open for no less than 7 days and will be removed when the position is filled.",4873,https://netflix.wd108.myworkdayjobs.com/Netflix/job/USA---Remote/Engineering-Manager---User-Data---Consent-Management_JR41763-1,,,,,,,no_match,,2026-09-17,,2026-09-17,,57,startDate,true,1,,,,Regular,Engineering,2026-07-22,,false,,,,,,
JR40554,"Research Engineer 6 - TL, Off-Platform and Evidence Personalization",Netflix,"Netflix, Inc.",Full time,Posted 30+ Days Ago,2026-07-16,63,USA - Remote,1,USA - Remote,true,,United States of America,9a7a8705901e1001f30e535431110000,5,"At Netflix, our mission is to entertain the world. Together, we are writing the next episode - pushing the boundaries of storytelling, global fandom and making the unimaginable a reality. We are a dream team obsessed with the uncomfortable excitement of discovering what happens when you merge creativity, intuition and cutting-edge technology. Come be a part of what’s next.

About the Team

The Off-Platform and Evidence Personalization org includes 3 teams: algorithmic notification personalization, asset personalization, and 0-1 GenAI bets. Notifications builds the ML systems that decide which messages to send, to whom, when, how often, and via which channel, while asset personalization leads multimodal generation, recommendation, and tagging to help members make informed viewing decisions. The teams partner closely with the broader ML organization (ML Platform, Recommendations, Foundation Models) and a diverse cross-functional organization (Engineering, Product, Data Science, CRM, Live, Games).

Messaging is the most mature and complex of the teams. It is further divided into three areas:

•
Candidate Generation: Scaling the message catalog via creator tooling integrations and GenAI message creation

•
Send Decision Optimization: Improving targeting decisions across the notification system

•
Emerging Applications: Expanding message personalization into new business areas and member states including Podcasts, FTAB, and Commerce applications.

About the Role

This position is a tech lead role across all teams. The tech lead will own the vision and strategy for the area, as well as drive execution for key initiatives within individual teams. You will own production ML systems at the intersection of product and platform, spanning GenAI-powered message and asset creation, Commerce, and new content experiences.

What makes this role unique:

•
Cross-functional leadership. You'll drive partnerships with Merchandising, Product Management, Data Science & Engineering to develop scalable, well-integrated designs.

•
High-leverage, high-visibility scope. Messaging and Assets touch every Netflix member, and 0-1 bets have the potential to reshape who interacts with Netflix and how. The systems you build will directly drive engagement, retention, and revenue across some of Netflix's fastest-growing business areas.

•
GenAI meets product. Personalized message and asset creation is a natural application of multimodal AI. You'll be at the forefront of bringing GenAI capabilities into a production messaging system at global scale.

•
0 → 1 and optimization. The role spans building entirely new systems from scratch (Rejoin message personalization, GenAI message creation) and applying advanced methods to further optimize existing levers.

Responsibilities

•
Drive the team’s technical vision and roadmap for candidate generation and emerging applications

•
Drive cross-functional partnerships with Merchandising, Product, Engineering, and Data Science & Engineering to align ML capabilities with business priorities

•
Design, build, and ship production ML systems that scale across Netflix's ecosystem

•
Partner with the AIMS AI Foundations team to integrate and leverage foundation model capabilities for member-facing use cases

•
Design and run rigorous offline experiments and A/B tests to validate the impact of new systems on key business metrics

•
Contribute to the team's technical culture through mentorship, code review, and raising the bar on engineering practices

What We're Looking For

•
6+ years of experience applying machine learning in an industry setting, with a track record of delivering impactful production systems

•
Experience driving successful partnerships with both technical and nontechnical stakeholders

•
Masters or PhD in a computational field such as physics, computer science, statistics, or math

•
Deep expertise in ML algorithms and frameworks, with hands-on experience training, tuning, and deploying models in production

•
Experience with personalization, recommendations, or search algorithms

•
Experience with GenAI, LLMs, or multimodal AI in production systems

•
Strong software engineering skills in Python, plus experience with Scala or Java

•
Strong 80/20 mindset: ability to scope the right problem, ship pragmatically, and maintain rigorous standards without over-engineering

Generally, our compensation structure consists solely of an annual salary; we do not have bonuses. You choose each year how much of your compensation you want in salary versus stock options. To determine your personal top of market compensation, we rely on market indicators and consider your specific job family, background, skills, and experience to determine your compensation in the market range. The range for this role is $600,000.00 - $1,066,000.00. This compensation range will vary based on location.

Netflix provides comprehensive benefits including Health Plans, Mental Health support, a 401(k) Retirement Plan with employer match, Stock Option Program, Disability Programs, Health Savings and Flexible Spending Accounts, Family-forming benefits, and Life and Serious Injury Benefits. We also offer paid leave of absence programs. Full-time hourly employees accrue 35 days annually for paid time off to be used for vacation, holidays, and sick paid time off. Full-time salaried employees are immediately entitled to flexible time off. See more details about our Benefits here.

Netflix is a unique culture and environment. Learn more here.

Inclusion is a Netflix value and we strive to host a meaningful interview experience for all candidates. If you want an accommodation/adjustment for a disability or any other reason during the hiring process, please send a request to your recruiting partner.

We are an equal-opportunity employer and celebrate diversity, recognizing that diversity builds stronger teams. We approach diversity and inclusion seriously and thoughtfully. We do not discriminate on the basis of race, religion, color, ancestry, national origin, caste, sex, sexual orientation, gender, gender identity or expression, age, disability, medical condition, pregnancy, genetic makeup, marital status, or military service.

Job is open for no less than 7 days and will be removed when the position is filled.",6299,https://netflix.wd108.myworkdayjobs.com/Netflix/job/USA---Remote/Research-Engineer-6---TL--Off-Platform-and-Evidence-Personalization_JR40554,,,,,,,no_match,,2026-09-17,,2026-09-17,,63,startDate,true,0,,,,Regular,Data Science & Analytics,2026-07-16,,false,,,,,,
JR41626,"Staff Product Designer, New Content Experiences",Netflix,"Netflix, Inc.",Full time,Posted 30+ Days Ago,2026-07-15,64,USA - Remote,1,USA - Remote,true,,United States of America,4b15c3bdb7e910020025cb25a5d60000,1,"At Netflix, our mission is to entertain the world. Together, we are writing the next episode - pushing the boundaries of storytelling, global fandom and making the unimaginable a reality. We are a dream team obsessed with the uncomfortable excitement of discovering what happens when you merge creativity, intuition and cutting-edge technology. Come be a part of what’s next.

Netflix continues to push the boundaries on ways to entertain the world. Join the team that is building the future of these new offerings, including Livestreams, Podcasts, and casual entertainment experiences. We want our members to enjoy Netflix and meet whatever entertainment needs they have regardless of time of day, mood, time available, or topic. If you are a big picture thinker, and understand how people love to engage with content around the world, then we want you on our team!

Key Responsibilities

•
Act as a connector across NCXD, helping teams align, share learnings, and elevate the influence and effectiveness of design.

•
Translate ambiguity into clear experience visions, frameworks, and actionable plans by rapidly building context, synthesizing insights, and driving impact.

•
Partner with leaders and cross-functional teams to identify opportunities, shape product strategy, and bring member-centered experiences to life.

•
Untangle a complex problem and simplify into an easy-to-understand, user-centered design approach

•
Create scalable systems, patterns, and reusable approaches that extend beyond individual projects.

•
Innovate to meet new business and member needs while designing for scale.

•
Articulate the experience vision through strong visual storytelling to drive alignment.

•
Facilitate collaborative work sessions with all levels of company stakeholders.

•
Be a fierce advocate for our members from around the world.

Skills, Characteristics & Qualifications:

•
10+ years of experience designing user experiences for consumer-facing products

•
Exceptional communication skills, in writing and verbally, whether in small group discussions, large-scale presentations, or with executives

•
Known for high-quality craft and detailed execution of designing patterns for discovery and engagement across multiple UI platforms.

•
Experience collaborating with merchandising, marketing and content teams on promotion strategies and campaigns

•
Demonstrated success in driving 0-1 initiatives forward

•
Strategic thinker who can articulate a compelling product vision

•
Demonstrated ability to create organizational leverage through systems, frameworks, reusable patterns, and cross-team influence.

•
Demonstrated ability to operate effectively across multiple initiatives and business domains, balancing depth, breadth, and impact.

•
Actively explores and adopts new tools, workflows, and AI technologies to increase individual and organizational effectiveness.

•
Ability to dive into a space, gather context, synthesize, and make impact quickly

•
Demonstrates great judgement on asking the right questions and determining the work that needs to be done to push the business forward.

•
Is a fierce advocate for the user, and has the courage to speak up and influence

•
Skilled at connecting the dots across related initiatives and fostering cross-functional collaboration

•
Comfortable navigating ambiguity and distilling complex, unstructured opportunities into actionable roadmaps that integrate user, technology, and business needs

•
Proven ability to deal with requirements from various teams, while not losing sight of long-term experience goals

•
Known for high-quality craft and detailed execution of designing patterns for discovery and engagement across multiple UI platforms.

•
Great at receiving and giving feedback

This role is based in UCAN, ideally on the west or east coasts. Expect to travel monthly to meet with your teams, stakeholders, and partners.

Generally, our compensation structure consists solely of an annual salary; we do not have bonuses. You choose each year how much of your compensation you want in salary versus stock options. To determine your personal top of market compensation, we rely on market indicators and consider your specific job family, background, skills, and experience to determine your compensation in the market range. The range for this role is $460,000.00 - $710,000.00. This compensation range will vary based on location.

Netflix provides comprehensive benefits including Health Plans, Mental Health support, a 401(k) Retirement Plan with employer match, Stock Option Program, Disability Programs, Health Savings and Flexible Spending Accounts, Family-forming benefits, and Life and Serious Injury Benefits. We also offer paid leave of absence programs. Full-time hourly employees accrue 35 days annually for paid time off to be used for vacation, holidays, and sick paid time off. Full-time salaried employees are immediately entitled to flexible time off. See more details about our Benefits here.

Netflix is a unique culture and environment. Learn more here.

Inclusion is a Netflix value and we strive to host a meaningful interview experience for all candidates. If you want an accommodation/adjustment for a disability or any other reason during the hiring process, please send a request to your recruiting partner.

We are an equal-opportunity employer and celebrate diversity, recognizing that diversity builds stronger teams. We approach diversity and inclusion seriously and thoughtfully. We do not discriminate on the basis of race, religion, color, ancestry, national origin, caste, sex, sexual orientation, gender, gender identity or expression, age, disability, medical condition, pregnancy, genetic makeup, marital status, or military service.

Job is open for no less than 7 days and will be removed when the position is filled.",5836,https://netflix.wd108.myworkdayjobs.com/Netflix/job/USA---Remote/Staff-Product-Designer--New-Content-Experiences_JR41626,,,,,,,no_match,,2026-09-17,,2026-09-17,,64,startDate,true,0,,,,Regular,Product,2026-07-15,,false,,,,,,
JR41100,"Software Engineer 5 – Agent Platform, AI Platform",Netflix,"Netflix, Inc.",Full time,Posted 30+ Days Ago,2026-07-15,64,USA - Remote,1,USA - Remote,true,,United States of America,4b15c3bdb7e910020025cb25a5d60000,5,"At Netflix, our mission is to entertain the world. Together, we are writing the next episode - pushing the boundaries of storytelling, global fandom and making the unimaginable a reality. We are a dream team obsessed with the uncomfortable excitement of discovering what happens when you merge creativity, intuition and cutting-edge technology. Come be a part of what’s next.

At Netflix, we want to entertain the world, and we're constantly innovating on how entertainment is imagined, created, and delivered to a global audience. Increasingly, that innovation is powered by AI — and Netflix is making a deliberate bet to become AI Native, with AI woven into how we build products, create content, and run the company.

The Opportunity

The Agent Platform team gives Netflix engineers the infrastructure to go from zero to a production-grade AI agent without reinventing the wheel. We own the foundational building blocks the whole company builds on: the Model Gateway (unified access to external LLMs like Claude, GPT, and Gemini), the Assistance API for conversational use cases, the MCP Gateway that connects agents to Netflix's internal systems and knowledge, our Agent SDK, and an end-to-end evaluation stack.

The work has moved well beyond chat completions. Teams across Netflix are now building agents — systems that plan, call tools, observe results, and iterate — and they depend on us for the infrastructure to do that reliably and to know whether their agents are actually any good. We're a small team with outsized leverage: what we ship becomes the foundation for AI across all of Netflix.

What you will do:

•
Design, build, and operate the Agent SDK and MCP Gateway that Netflix engineers use to build, deploy, and run AI agents in production.

•
Build agents and agent infrastructure across the full lifecycle — plan/act/observe loops, tool and MCP integrations, deployment, and day-2 operations.

•
Make evaluation a first-class part of the platform: build the tracing, eval suites, and quality signals that let teams measure agents, catch regressions, and iterate to make them better.

•
Own reliability, observability, and guardrails for non-deterministic systems running at very high scale

•
Lead cross-functional initiatives with ML scientists, data scientists, product managers, and other AI Platform teams.

•
Rapidly iterate with users to improve the developer experience while establishing durable foundational capabilities.

Desired Background:

•
8+ years of software engineering experience with a track record of delivering quality results.

•
Hands-on experience building, deploying, operating, AND evaluating LLM agents in production — not just chat-completion apps or prototypes.

•
Experience with one or more agent frameworks/SDKs (Strands, OpenAI Agents SDK, Anthropic Claude Agent SDK, LangGraph, pydantic-ai, CrewAI, Google ADK) and with tool/function calling and MCP.

•
Experience with LLM/agent evaluation and observability — building eval suites, tracing, and quality measurement, then iterating on results (Braintrust, LangSmith, W&B, or equivalent).

•
Strong experience building SDKs and APIs for internal or external developers.

•
Strong fundamentals in building and operating scalable, observable, fault-tolerant distributed systems.

•
Proficiency in Python (and Python packaging tooling) plus one of Java, Go, C/C++, Rust, or Zig. Familiarity with our stack — Temporal, FastAPI, PostgreSQL, Kubernetes — is a plus.

•
Experience with large-scale build, release, CI/CD, and observability methods.

Generally, our compensation structure consists solely of an annual salary; we do not have bonuses. You choose each year how much of your compensation you want in salary versus stock options. To determine your personal top of market compensation, we rely on market indicators and consider your specific job family, background, skills, and experience to determine your compensation in the market range. The range for this role is $466,000.00 - $750,000.00. This compensation range will vary based on location.

Netflix provides comprehensive benefits including Health Plans, Mental Health support, a 401(k) Retirement Plan with employer match, Stock Option Program, Disability Programs, Health Savings and Flexible Spending Accounts, Family-forming benefits, and Life and Serious Injury Benefits. We also offer paid leave of absence programs. Full-time hourly employees accrue 35 days annually for paid time off to be used for vacation, holidays, and sick paid time off. Full-time salaried employees are immediately entitled to flexible time off. See more details about our Benefits here.

Netflix is a unique culture and environment. Learn more here.

Inclusion is a Netflix value and we strive to host a meaningful interview experience for all candidates. If you want an accommodation/adjustment for a disability or any other reason during the hiring process, please send a request to your recruiting partner.

We are an equal-opportunity employer and celebrate diversity, recognizing that diversity builds stronger teams. We approach diversity and inclusion seriously and thoughtfully. We do not discriminate on the basis of race, religion, color, ancestry, national origin, caste, sex, sexual orientation, gender, gender identity or expression, age, disability, medical condition, pregnancy, genetic makeup, marital status, or military service.

Job is open for no less than 7 days and will be removed when the position is filled.",5481,https://netflix.wd108.myworkdayjobs.com/Netflix/job/USA---Remote/Software-Engineer-5---Agent-Platform--AI-Platform_JR41100,,https://www.linkedin.com/jobs/view/4423102206,2026-09-03,200,Over 200 applicants,50,matched,title,2026-09-17,2026-09-17T12:52:10,2026-09-17,,64,startDate,true,0,,,,Regular,Data Science & Analytics,2026-07-15,,true,,,,,,
JR41643,"Strategy Lead, Evidence - CUE XD",Netflix,"Netflix, Inc.",Full time,Posted 30+ Days Ago,2026-07-15,64,USA - Remote,1,USA - Remote,true,,United States of America,4b15c3bdb7e910020025cb25a5d60000,1,"At Netflix, our mission is to entertain the world. Together, we are writing the next episode - pushing the boundaries of storytelling, global fandom and making the unimaginable a reality. We are a dream team obsessed with the uncomfortable excitement of discovering what happens when you merge creativity, intuition and cutting-edge technology. Come be a part of what’s next.

About the CUE XD Team

The CUE XD team (Context, Understanding & Evidence) is vital to how members make informed, confident choices. We focus on the visual cues, systems, and frameworks that help global audiences quickly understand what a title is about — building trust and confidence in their choices. Our work supports innovation across all member platforms, canvases and content types.

About the Role

As Strategy Lead, you'll define the strategies and principles that shape how visual and contextual cues guide member decision-making. You'll work at the intersection of research, creative production, and product design translating member experience principles into asset and evidence strategies.

What you’ll do

•
Developing asset and evidence strategies — synthesizing research, audits and insights into clear frameworks and principles that guide product and creative decisions

•
Defining quality standards — defining the quality standards and expectations for assets and evidence that are grounded in the production constraints and realities

•
Driving cross-functional influence — bridging the gap between experimental thinking and global production at scale by aligning product, operations, and merchandising stakeholders around core strategic principles

•
Creative translation — partnering with creative teams to translate strategies into prototypes, concepts and design systems

Required Skills & Experience

Systems-Level Thinking: Ability to ""connect the dots"" and identify broader implications of strategic choices and decisions across the member experience.

Strategic Frameworks:

Track record of translating experience principles into evidence and  asset strategies for complex, multi-platform product experiences — from new content types to emerging member experiences.

Visual Communication:

Ability to visualize complex ideas (e.g., creating schematics in Figma or creating prototypes) to facilitate clarity and drive impact rather than relying on text or memos.

Creative Point of View:

A strong, well-developed aesthetic sensibility and understanding of what makes visual and multimedia assets effective. Able to articulate creative direction, evaluate creative quality, and partner credibly with creative teams.

Cross-Functional Collaboration & Influence:

Strong collaboration skills across design, product, merchandising, and operations. Influences without authority by aligning diverse stakeholders and using a strong, articulate voice to challenge assumptions across all levels of
seniority.

AI Fluency:

Active practitioner who integrates a broad set of AI tools into their strategic and creative workflow.

How you work:

You operate with a high degree of autonomy and are comfortable navigating ambiguity. You can proactively calibrate your own priorities, identify what needs to move, and act without waiting to be directed. You don’t need a manager to tell you where the gaps are; you see them and fill them.

You hold and defend a point of view. You’re willing to challenge assumptions — including those held by more senior stakeholders — but you do it with conviction and evidence, not friction. People leave conversations with you feeling sharper, not defensive.

You know the difference between influence and control, and you’ve made peace with it. In this role, you won’t always own the final call. What you will own is the quality of the thinking, the clarity of the documentation, and the strength of the recommendation — and you understand that’s where durable impact lives.

Professional Themes:

We are seeking individuals with a proven ability to lead through systems thinking, visual storytelling, and cross-functional influence. While typically gained over 10+ years in strategy, content, or research roles, we prioritize candidates who demonstrate the ability to challenge assumptions and drive outcomes at scale.

Portfolio / Work Examples:

Demonstrated examples of strategic frameworks, research synthesis, and cross-functional influence — ideally in a product or creative context at scale.

Our Culture & What You’ll Bring

In this role, you will be part of the evidence strategy team within CUE XD, reporting to the Evidence Strategy Manager. You will help shift evidence strategy from a reactive, downstream function to a proactive upstream voice within Member XD — shaping how Netflix designs for discovery across an increasingly complex and global content catalog. You will contribute to a culture of rigor, experimentation, and tight cross-functional collaboration.

Generally, our compensation structure consists solely of an annual salary; we do not have bonuses. You choose each year how much of your compensation you want in salary versus stock options. To determine your personal top of market compensation, we rely on market indicators and consider your specific job family, background, skills, and experience to determine your compensation in the market range. The range for this role is $290,000.00 - $450,000.00. This compensation range will vary based on location.

Netflix provides comprehensive benefits including Health Plans, Mental Health support, a 401(k) Retirement Plan with employer match, Stock Option Program, Disability Programs, Health Savings and Flexible Spending Accounts, Family-forming benefits, and Life and Serious Injury Benefits. We also offer paid leave of absence programs. Full-time hourly employees accrue 35 days annually for paid time off to be used for vacation, holidays, and sick paid time off. Full-time salaried employees are immediately entitled to flexible time off. See more details about our Benefits here.

Netflix is a unique culture and environment. Learn more here.

Inclusion is a Netflix value and we strive to host a meaningful interview experience for all candidates. If you want an accommodation/adjustment for a disability or any other reason during the hiring process, please send a request to your recruiting partner.

We are an equal-opportunity employer and celebrate diversity, recognizing that diversity builds stronger teams. We approach diversity and inclusion seriously and thoughtfully. We do not discriminate on the basis of race, religion, color, ancestry, national origin, caste, sex, sexual orientation, gender, gender identity or expression, age, disability, medical condition, pregnancy, genetic makeup, marital status, or military service.

Job is open for no less than 7 days and will be removed when the position is filled.",6840,https://netflix.wd108.myworkdayjobs.com/Netflix/job/USA---Remote/Strategy-Lead--Evidence---CUE-XD_JR41643,,,,,,,no_match,,2026-09-17,,2026-09-17,,64,startDate,true,0,,,,Regular,Promotional Content,2026-07-15,,false,,,,,,
JR41124,Technical Program Manager - Hawkins Design System,Netflix,"Netflix, Inc.",Full time,Posted 30+ Days Ago,2026-07-14,65,USA - Remote,1,USA - Remote,true,,United States of America,4b15c3bdb7e910020025cb25a5d60000,5,"At Netflix, our mission is to entertain the world. Together, we are writing the next episode - pushing the boundaries of storytelling, global fandom and making the unimaginable a reality. We are a dream team obsessed with the uncomfortable excitement of discovering what happens when you merge creativity, intuition and cutting-edge technology. Come be a part of what’s next.

Hawkins is Netflix's design system and the foundation of the consumer experience across every surface: TV, mobile, and web. It is the shared language between design and engineering that ensures what designers create is delivered consistently across every engineering platform. It's also the foundation for future automation and agentic design-to-code workflows.

We are looking for a Technical Program Manager to drive large, cross-team programs across Hawkins engineering and cross-platform UI foundations. This high impact role will be a force multiplier across the XD Platform team, client and server engineers, and design owning planning, execution, and cross-functional alignment for high-impact initiatives that shape how Netflix builds consumer-facing UI at scale.

What You’ll Do

•
Drive large, cross-team programs across Hawkins ecosystem end-to-end: define scope, milestones, and sequencing; keep us honest on commitments; and adjust quickly as we learn.

•
Navigate technical and organizational complexity across design, client, and server engineering, ensuring the right people are in the room and decisions are pragmatic, not perfect.

•
Coordinate platform adoption across multiple client surfaces (TV, mobile, web).

•
Bring clarity to ambiguity: create lightweight structure, clear communication, and simple mechanisms without over-engineering process or slowing teams down.

•
Build alignment and strong relationships with partners across Design Platform,  Engineering, Experience Design, and Product Management.

•
Establish and manage the intake process from XFN partners?

•
Surface and manage dependencies and risks so issues are addressed early and delivery stays on track.

What Sets You Apart

•
6-8+ years of technical program leadership, driving multi-team programs in large, complex engineering organizations, including significant experience on platform, framework, or client/UI engineering programs.

•
Able to engage on technical trade-offs without writing code, and communicate naturally across audiences from ICs to senior leadership in Engineering, Design and Product.

•
Experience with client/UI engineering, design systems, or platform/framework development, and a strong feel for developer and designer experience;

•
Equally comfortable getting into technical details and setting direction within your area; clear-eyed about what the moment calls for, and skilled at driving accountability through clarity and relationships rather than process or reporting structure.

•
Takes full ownership of outcomes and relentlessly drives execution, even when faced with ambiguity or cross-functional friction.

•
Experience leveraging GenAI tools to scale your impact, and a genuine curiosity about how these tools are reshaping the way technical programs run.

•
Familiarity with cross-platform delivery (TV, mobile, web) and design-to-code workflows is a plus.

Generally, our compensation structure consists solely of an annual salary; we do not have bonuses. You choose each year how much of your compensation you want in salary versus stock options. To determine your personal top of market compensation, we rely on market indicators and consider your specific job family, background, skills, and experience to determine your compensation in the market range. The range for this role is $290,000.00 - $460,000.00. This compensation range will vary based on location.

Netflix provides comprehensive benefits including Health Plans, Mental Health support, a 401(k) Retirement Plan with employer match, Stock Option Program, Disability Programs, Health Savings and Flexible Spending Accounts, Family-forming benefits, and Life and Serious Injury Benefits. We also offer paid leave of absence programs. Full-time hourly employees accrue 35 days annually for paid time off to be used for vacation, holidays, and sick paid time off. Full-time salaried employees are immediately entitled to flexible time off. See more details about our Benefits here.

Netflix is a unique culture and environment. Learn more here.

Inclusion is a Netflix value and we strive to host a meaningful interview experience for all candidates. If you want an accommodation/adjustment for a disability or any other reason during the hiring process, please send a request to your recruiting partner.

We are an equal-opportunity employer and celebrate diversity, recognizing that diversity builds stronger teams. We approach diversity and inclusion seriously and thoughtfully. We do not discriminate on the basis of race, religion, color, ancestry, national origin, caste, sex, sexual orientation, gender, gender identity or expression, age, disability, medical condition, pregnancy, genetic makeup, marital status, or military service.

Job is open for no less than 7 days and will be removed when the position is filled.",5202,https://netflix.wd108.myworkdayjobs.com/Netflix/job/USA---Remote/Technical-Program-Manager---Hawkins-Design-System_JR41124,,https://www.linkedin.com/jobs/view/4429448256,2026-08-27,200,Over 200 applicants,44,matched,title,2026-09-17,2026-09-17T12:58:28,2026-09-17,,65,startDate,true,0,,,,Regular,Engineering Operations,2026-07-14,,true,,,,,,
JR41564,"Creative Director, Creative Publishing",Netflix,"Netflix Global, LLC",Full time,Posted 30+ Days Ago,2026-07-10,69,USA - Remote,1,USA - Remote,true,,United States of America,4b15c3bdb7e910020025cb25a5d60000,4,"At Netflix, our mission is to entertain the world. Together, we are writing the next episode - pushing the boundaries of storytelling, global fandom and making the unimaginable a reality. We are a dream team obsessed with the uncomfortable excitement of discovering what happens when you merge creativity, intuition and cutting-edge technology. Come be a part of what’s next.

As the world’s foremost entertainment company, Netflix is looking for thoughtful, collaborative, courageous, and skillful creatives to join our gaming division in order to revolutionize entertainment.

We connect people globally with movies and shows by delivering outstanding content and technological innovation through the world's leading streaming entertainment app, with more than 240 million memberships in over 190 countries. Members can watch as much as they want, anytime, anywhere, and now they can enjoy an expanding collection of Netflix curated and produced Games.

At Netflix, we have an insatiable need to continually improve our product experience and the creative elements that support it, providing great value to our members, and this team sits at the forefront of the effort.

About the Job

Creative Publishing is Netflix’s creative leadership for games, maintaining a consistently high bar across our portfolio. We are seeking a highly-skilled Creative Director to help us align vision and player experience across a key portfolio vertical within Netflix Games.

You will guide and support titles from initial concept through production, launch, and live operations. You will foster a culture of bold experimentation and craft excellence, ensuring our games leave players with memorable experiences that stand the test of time. We’re looking for new teammates who care deeply about the experiences they create and the people they make them with. Those who bias towards action and are energized by the learning that comes with bold experimentation at an agile pace. As a part of Netflix, we strive to hire the best and value integrity, excellence, respect, inclusion, and collaboration.

Responsibilities:

•
Deeply understanding, and then synthesizing the unique advantages and opportunities provided by the Netflix Games platform into a cohesive vision for massively successful games

•
Collaborating closely with teams to develop concepts into prototypes that build conviction in direction and vision

•
Helping scale creative efforts into full production then supporting them through launch

•
Establishing clear creative goals, providing and soliciting actionable creative / team feedback, and using that feedback to improve others’ creative contributions

Qualifications:

•
At least 10 years of game design experience, including experience as a Creative Director, Game Director, or comparable design leadership role

•
Experience working with distributed or external teams

•
Ability to articulate critical and meaningful feedback to influence direction without relying on positional authority

•
Excellent knowledge of game lifecycle from concept through live service and an understanding of how to tailor creative input to each game’s unique requirements

•
A record of leading complex cross-functional projects with successful delivery of quality in design, art, audio, narrative, and additional creative fields

•
Experience with Live Service and retention-oriented design

•
Development and execution of internal creative tools and processes

•
Experience with sports and team-play titles a plus

•
Licensed IP game experience a plus

About you:

•
A proven track record of guiding teams to executional excellence both creatively and strategically

•
A history of strong relationships with recognition as a valued partner in meeting company objectives

•
An advocate for players, translating their needs, behavioral insights, and innovation into excellent entertainment

•
Comfortable working with frequent context switching and bringing clarity to ambiguity

•
Excel in a fast-paced, high-volume, high-agency environment

•
Entrepreneurial, self-motivated, and committed to embodying Netflix's culture of high performance, curiosity, freedom, and responsibility

Generally, our compensation structure consists solely of an annual salary; we do not have bonuses. You choose each year how much of your compensation you want in salary versus stock options. To determine your personal top of market compensation, we rely on market indicators and consider your specific job family, background, skills, and experience to determine your compensation in the market range. The range for this role is $260,000.00 - $480,000.00. This compensation range will vary based on location.

Netflix provides comprehensive benefits including Health Plans, Mental Health support, a 401(k) Retirement Plan with employer match, Stock Option Program, Disability Programs, Health Savings and Flexible Spending Accounts, Family-forming benefits, and Life and Serious Injury Benefits. We also offer paid leave of absence programs. Full-time hourly employees accrue 35 days annually for paid time off to be used for vacation, holidays, and sick paid time off. Full-time salaried employees are immediately entitled to flexible time off. See more details about our Benefits here.

Netflix is a unique culture and environment. Learn more here.

Inclusion is a Netflix value and we strive to host a meaningful interview experience for all candidates. If you want an accommodation/adjustment for a disability or any other reason during the hiring process, please send a request to your recruiting partner.

We are an equal-opportunity employer and celebrate diversity, recognizing that diversity builds stronger teams. We approach diversity and inclusion seriously and thoughtfully. We do not discriminate on the basis of race, religion, color, ancestry, national origin, caste, sex, sexual orientation, gender, gender identity or expression, age, disability, medical condition, pregnancy, genetic makeup, marital status, or military service.

Job is open for no less than 7 days and will be removed when the position is filled.",6106,https://netflix.wd108.myworkdayjobs.com/Netflix/job/USA---Remote/Creative-Director--Creative-Publishing_JR41564,,,,,,,no_match,,2026-09-17,,2026-09-17,,69,startDate,true,0,,,,Regular,Games,2026-07-10,,false,,,,,,
JR41535,Software Engineer 5 - Open Connect Control Plane,Netflix,"Netflix, Inc.",Full time,Posted 30+ Days Ago,2026-07-08,71,USA - Remote,1,USA - Remote,true,,United States of America,4b15c3bdb7e910020025cb25a5d60000,5,"At Netflix, our mission is to entertain the world. Together, we are writing the next episode - pushing the boundaries of storytelling, global fandom and making the unimaginable a reality. We are a dream team obsessed with the uncomfortable excitement of discovering what happens when you merge creativity, intuition and cutting-edge technology. Come be a part of what’s next.

The Open Connect organization is a critical group within Netflix that builds and manages a global Content Delivery Network that delivers all of Netflix’s streaming video, including Live content, Cloud Gaming, and Advertising. The Open Connect Control Plane team is seeking talented Distributed Systems Software Engineers to craft scalable, reliable, and cost-efficient systems, informed by analytics, needed to build and scale all our offerings, ensuring the best possible Quality-of-Experience for our members globally.

We are committed to building a diverse and inclusive team that brings new perspectives as we solve the next set of challenges at internet scale.

Engineers on our teams apply their software engineering and analytical problem-solving skills to build a robust, scalable, and highly available distributed infrastructure. This involves answering complex questions and building core systems, such as:

•
Building high-scale and resilient services: Cloud services that customers directly hit when they press ‘Play’, as well as algorithms for steering customers to Open Connect appliances for optimal Quality-of-Experience, considering network topology, resource availability, and system load.

•
Operational Excellence: Building the necessary tools, visibility, and alerting mechanisms to effectively diagnose, operate, and maintain complex, business-critical systems in real-time.

•
Data Analysis: Large-scale distributed software systems and data pipelines for organizing, analyzing, and moving data within large data lakes.

We spend our time trying to answer questions like these:

•
How do we design models and systems to adapt appropriately to heterogeneous resource availability, and changing demand, including in real-time?

•
How do we build scalable solutions that automate deploying content to servers in our CDN globally as fast as possible, while not impacting performance metrics?

•
What algorithms or models do we need to build to understand and optimize hardware utilization, cost efficiency, and resource availability, adapting appropriately to demand, including in real-time?

•
How do we make our optimization approaches easy to operate and understand?

•
What’s the best way to share system capacity between on-demand Live and pre-positioned VOD content traffic?

•
How do we make our systems easy to operate?

•
How do we design our systems to react to failure, traffic shifts, and other changes in real-time?

We are looking for someone who identifies with the following:

•
You build robust, responsive, and scalable distributed systems.

•
You are comfortable with ambiguity.

•
You can iterate quickly on ideas and incorporate feedback.

•
You care about building quality software that your teammates can support.

•
You use a data-driven approach when helpful to inform your design decisions.

•
You have a passion for operational excellence.

•
You believe that fostering an inclusive environment helps everyone do their best work.

Required Qualifications:

•
5+ years of software development with strong experience in Java.

•
Experience building and operating business-critical, real-time systems at scale.

•
Distributed Systems experience (e.g., building stateful & stateless systems, experience with Casandra, Kafka, etc).

•
Experience querying, analyzing, and presenting data from large-scale data lakes (e.g., experience with Python, SQL, Notebooks, Spark SQL).

Preferred Qualifications:

•
Basic background in networking and ISP interconnection concepts.

•
Experience with Live streaming.

•
Experience with ML, optimization algorithms, or behavioral modeling (e.g., experience with PyTorch, Tensorflow, etc.)

Generally, our compensation structure consists solely of an annual salary; we do not have bonuses. You choose each year how much of your compensation you want in salary versus stock options. To determine your personal top of market compensation, we rely on market indicators and consider your specific job family, background, skills, and experience to determine your compensation in the market range. The range for this role is $388,000.00 - $619,000.00. This compensation range will vary based on location.

Netflix provides comprehensive benefits including Health Plans, Mental Health support, a 401(k) Retirement Plan with employer match, Stock Option Program, Disability Programs, Health Savings and Flexible Spending Accounts, Family-forming benefits, and Life and Serious Injury Benefits. We also offer paid leave of absence programs. Full-time hourly employees accrue 35 days annually for paid time off to be used for vacation, holidays, and sick paid time off. Full-time salaried employees are immediately entitled to flexible time off. See more details about our Benefits here.

Netflix is a unique culture and environment. Learn more here.

Inclusion is a Netflix value and we strive to host a meaningful interview experience for all candidates. If you want an accommodation/adjustment for a disability or any other reason during the hiring process, please send a request to your recruiting partner.

We are an equal-opportunity employer and celebrate diversity, recognizing that diversity builds stronger teams. We approach diversity and inclusion seriously and thoughtfully. We do not discriminate on the basis of race, religion, color, ancestry, national origin, caste, sex, sexual orientation, gender, gender identity or expression, age, disability, medical condition, pregnancy, genetic makeup, marital status, or military service.

Job is open for no less than 7 days and will be removed when the position is filled.",5977,https://netflix.wd108.myworkdayjobs.com/Netflix/job/USA---Remote/Software-Engineer-5---Open-Connect-Control-Plane_JR41535,,https://www.linkedin.com/jobs/view/4435606325,2026-09-10,200,Over 200 applicants,64,matched,title,2026-09-17,2026-09-17T12:53:04,2026-09-17,,71,startDate,true,0,,,,Regular,Engineering,2026-07-08,,true,,,,,,
JR41034,Senior Software Engineer - Design Systems,Netflix,"Netflix, Inc.",Full time,Posted 30+ Days Ago,2026-07-08,71,USA - Remote,1,USA - Remote,true,,United States of America,4b15c3bdb7e910020025cb25a5d60000,5,"At Netflix, our mission is to entertain the world. Together, we are writing the next episode - pushing the boundaries of storytelling, global fandom and making the unimaginable a reality. We are a dream team obsessed with the uncomfortable excitement of discovering what happens when you merge creativity, intuition and cutting-edge technology. Come be a part of what’s next.

The Team

XD Design Engineering is a small team of engineers with a big mandate: to develop, maintain, and innovate the Design Platform central to Netflix’s product development lifecycle.  Our goal is to improve product development velocity without compromising on fidelity and to increase efficiency of the design/engineering handoff.  Our portfolio includes API services, web apps, and Figma Plugins, serving a diverse range of cross-functional partners, from product designers and project managers to software engineers.

The Role

In this high-impact role, you’ll work on a portfolio of productivity tools and automations designed to accelerate the product design lifecycle at Netflix.  You’ll collaborate closely with system designers and engineers, to drive innovation around the distribution and adoption of the Design System.  You'll lead and champion projects and effectively communicate their impact to partner teams.  You will also gather input from stakeholders, identifying opportunities to help set a long-term technical strategy that continuously evolves the design tooling portfolio to ensure it remains best-in-class.

Responsibilities

•
Contributing, maintaining, and expanding critical design component libraries and capabilities supporting hundreds of internal users (React)

•
Implementing AI solutions, when appropriate, that measurably accelerate product design workflows

•
Be the engineering lead on projects, working from ideation to implementation to rollout

•
Conducting internal user-research to gather insights to inform prioritization and feature development

•
Completing medium to large features independently without guidance

•
Be the primary point of contact for support requests related to the Design System portfolio

•
Work with designers and engineers across other teams to maintain the integrity and reliability of the Design System portfolio.

•
Participate in on-call rotation to continue to meet our critical SLAs

•
Conducting design and code reviews

What We Are Looking For

•
7+ years of professional experience designing, building, and shipping software

•
Experience with single page applications architecture, patterns, and design

•
Experience fetching data from GraphQL and REST APIs

•
Experience with client-side instrumentation and observability

•
Proven ability to lead projects and clearly and effectively communicate with partners

•
Strong project scoping and project management skills

•
Able to design, architect, debug, test, and create well-documented code

•
Proficient in JavaScript/TypeScript, React, and Node.js

What Sets You Apart...

•
You’re known for your excellent communication skills (written and verbal)

•
You have an ownership mentality in all the things you build and are comfortable with identifying opportunities and driving forward-looking technical roadmaps

•
You take a thoughtful, practical approach to problem-solving that considers tradeoffs and avoids over-engineering

•
You’re motivated by the scope and impact to influence decisions that shape the future of design workflows

•
You’re data driven and lean on both qualitative and quantitative data to drive your decision making

•
You have a strong intuition for user experience flows

•
Expert at managing web applications with complex state management

•
Current/former professional experience working with Figma Plugin

•
Bonus if you’ve contributed to open-source projects

Generally, our compensation structure consists solely of an annual salary; we do not have bonuses. You choose each year how much of your compensation you want in salary versus stock options. To determine your personal top of market compensation, we rely on market indicators and consider your specific job family, background, skills, and experience to determine your compensation in the market range. The range for this role is $388,000.00 - $558,000.00. This compensation range will vary based on location.

Netflix provides comprehensive benefits including Health Plans, Mental Health support, a 401(k) Retirement Plan with employer match, Stock Option Program, Disability Programs, Health Savings and Flexible Spending Accounts, Family-forming benefits, and Life and Serious Injury Benefits. We also offer paid leave of absence programs. Full-time hourly employees accrue 35 days annually for paid time off to be used for vacation, holidays, and sick paid time off. Full-time salaried employees are immediately entitled to flexible time off. See more details about our Benefits here.

Netflix is a unique culture and environment. Learn more here.

Inclusion is a Netflix value and we strive to host a meaningful interview experience for all candidates. If you want an accommodation/adjustment for a disability or any other reason during the hiring process, please send a request to your recruiting partner.

We are an equal-opportunity employer and celebrate diversity, recognizing that diversity builds stronger teams. We approach diversity and inclusion seriously and thoughtfully. We do not discriminate on the basis of race, religion, color, ancestry, national origin, caste, sex, sexual orientation, gender, gender identity or expression, age, disability, medical condition, pregnancy, genetic makeup, marital status, or military service.

Job is open for no less than 7 days and will be removed when the position is filled.",5733,https://netflix.wd108.myworkdayjobs.com/Netflix/job/USA---Remote/Senior-Software-Engineer---Design-Systems_JR41034,,https://www.linkedin.com/jobs/view/4434897576,2026-09-11,200,Over 200 applicants,65,matched,title,2026-09-17,2026-09-17T12:52:09,2026-09-17,,71,startDate,true,0,,,,Regular,Engineering,2026-07-08,,true,,,,,,
JR41365,"Senior Creative Designer, Creative Publishing",Netflix,"Netflix Global, LLC",Full time,Posted 30+ Days Ago,2026-06-29,80,USA - Remote,1,USA - Remote,true,,United States of America,4b15c3bdb7e910020025cb25a5d60000,4,"At Netflix, our mission is to entertain the world. Together, we are writing the next episode - pushing the boundaries of storytelling, global fandom and making the unimaginable a reality. We are a dream team obsessed with the uncomfortable excitement of discovering what happens when you merge creativity, intuition and cutting-edge technology. Come be a part of what’s next.

As the world’s foremost entertainment company, Netflix is looking for thoughtful, collaborative, courageous, and skillful creatives to join our gaming division in order to revolutionize entertainment.

We connect people globally with movies and shows by delivering outstanding content and technological innovation through the world's leading streaming entertainment app, with more than 240 million memberships in over 190 countries. Members can watch as much as they want, anytime, anywhere, and now they can enjoy an expanding collection of Netflix curated and produced Games.

At Netflix, we have an insatiable need to continually improve our product experience and the creative elements that support it, providing great value to our members, and this team sits at the forefront of the effort.

About the Job

Creative Publishing is Netflix’s creative leadership for games, maintaining a consistently high bar across our portfolio. As a Senior Creative Designer, you will work across disciplines to support our developers in building the highest quality games. You will be a point of contact for creative guidance and feedback throughout each game’s development cycle, validating a cohesive experience for players and advocating for the essence of IP expression.

Responsibilities:

•
Provide actionable feedback for design, art, audio, and narrative teams to ensure we are held to the highest standard of gamemaking

•
Capture, communicate, and align creative priorities, and balance risks with opportunities to help guide our games to creative excellence

•
Help define and champion player identity for a wide variety of genres and audiences

•
Work with developers to ensure that Netflix and external IP is represented correctly within game adaptations, including tone and creative considerationsof

Qualifications:

•
7+ years experience developing games in a design or creative leadership role

•
Experience working with distributed or external teams

•
Ability to articulate critical and meaningful feedback to influence direction without relying on positional authority

•
Excellent knowledge of game lifecycle from concept through live service and an understanding of how to tailor creative input to each game’s unique requirements

•
A record of leading complex cross-functional projects with successful delivery of quality in design, art, audio, narrative, and additional creative fields

•
Experience with Live Service and retention-oriented design

•
Development and execution of internal creative tools and processes

•
Licensed IP game experience a plus

•
Experience with social, F2P, mobile, web, console, handheld a plus

About you:

•
A proven track record of guiding teams to excellence both creatively and strategically

•
A history of strong relationships with recognition as a valued partner in meeting company objectives

•
An advocate for players, translating their needs, behavioral insights, and innovation into excellent entertainment

•
Comfortable working with frequent context switching and bringing clarity to ambiguity

•
Excel in a fast-paced, high-volume, high-agency environment

•
Entrepreneurial, self-motivated, and committed to embodying Netflix's culture of high performance, curiosity, freedom, and responsibility

Generally, our compensation structure consists solely of an annual salary; we do not have bonuses. You choose each year how much of your compensation you want in salary versus stock options. To determine your personal top of market compensation, we rely on market indicators and consider your specific job family, background, skills, and experience to determine your compensation in the market range. The range for this role is $210,000.00 - $300,000.00. This compensation range will vary based on location.

Netflix provides comprehensive benefits including Health Plans, Mental Health support, a 401(k) Retirement Plan with employer match, Stock Option Program, Disability Programs, Health Savings and Flexible Spending Accounts, Family-forming benefits, and Life and Serious Injury Benefits. We also offer paid leave of absence programs. Full-time hourly employees accrue 35 days annually for paid time off to be used for vacation, holidays, and sick paid time off. Full-time salaried employees are immediately entitled to flexible time off. See more details about our Benefits here.

Netflix is a unique culture and environment. Learn more here.

Inclusion is a Netflix value and we strive to host a meaningful interview experience for all candidates. If you want an accommodation/adjustment for a disability or any other reason during the hiring process, please send a request to your recruiting partner.

We are an equal-opportunity employer and celebrate diversity, recognizing that diversity builds stronger teams. We approach diversity and inclusion seriously and thoughtfully. We do not discriminate on the basis of race, religion, color, ancestry, national origin, caste, sex, sexual orientation, gender, gender identity or expression, age, disability, medical condition, pregnancy, genetic makeup, marital status, or military service.

Job is open for no less than 7 days and will be removed when the position is filled.",5567,https://netflix.wd108.myworkdayjobs.com/Netflix/job/USA---Remote/Senior-Creative-Designer--Creative-Publishing_JR41365,,,,,,,no_match,,2026-09-17,,2026-09-17,,80,startDate,true,0,,,,Regular,Games,2026-06-29,,false,,,,,,
JR40424,Senior Manager - Reliability Engineering (Member Experience),Netflix,"Netflix, Inc.",Full time,Posted 30+ Days Ago,2026-06-16,93,USA - Remote,1,USA - Remote,true,,United States of America,9a7a8705901e1001f30e535431110000,1,"At Netflix, our mission is to entertain the world. Together, we are writing the next episode - pushing the boundaries of storytelling, global fandom and making the unimaginable a reality. We are a dream team obsessed with the uncomfortable excitement of discovering what happens when you merge creativity, intuition and cutting-edge technology. Come be a part of what’s next.

Role Overview:

We are looking for a Senior Manager of Site Reliability Engineering to lead one of the most consequential infrastructure organizations at Netflix. This role owns two intersecting mandates: setting the reliability standards that the entire engineering organization builds to, and leading the SRE team supporting our streaming architecture.

Netflix’s infrastructure is undergoing a fundamental shift. Infrastructure is quickly evolving towards a millions-of-agents ecosystem, with AI agents increasingly embedded in how we detect, diagnose, and remediate incidents; how we plan capacity; and how we evolve our reliability posture over time.

Core Responsibilities

•
Strategic Leadership: Build and scale a world-class SRE function, defining the operating model for how SREs partner with product and infrastructure teams.

•
Reliability Governance: Establish and socialize company-wide standards (SLIs/SLOs, Error Budgets) and publish transparent reliability scorecards to drive engineering accountability.

•
Cross-Functional Partnership: Collaborate with CDN, Playback, and Ads teams to eliminate systemic failures and translate technical reliability data into actionable business risk for executives.

Qualifications

•
Experience: 12+ years in software/infrastructure, with 5+ years in senior SRE leadership.

•
Technical Mastery: Deep fluency in cloud-native scale (AWS/GCP, Containers, Service Mesh) and modern observability (Metrics, Tracing, Logging). Experience with streaming media infrastructure would be a plus.

•
Organizational Influence: Proven ability to drive technical adoption across complex, decentralized organizations through influence rather than mandate.

•
Communication: Ability to navigate the ""human-machine"" boundary of automation and clearly articulate technical trade-offs to non-technical stakeholders.

Preferred (Nice to Have)

•
Experience in streaming media, ad-tech, or high-scale gaming backends.

•
Hands-on design of LLM-based autonomous agents in production.

•
Familiarity with Netflix’s OSS ecosystem (Spinnaker, Atlas, Mantis) or Chaos Monkey.

•
Demonstrated experience improving SRE AI fluency.

Generally, our compensation structure consists solely of an annual salary; we do not have bonuses. You choose each year how much of your compensation you want in salary versus stock options. To determine your personal top of market compensation, we rely on market indicators and consider your specific job family, background, skills, and experience to determine your compensation in the market range. The range for this role is $548,000.00 - $899,000.00. This compensation range will vary based on location.

Netflix provides comprehensive benefits including Health Plans, Mental Health support, a 401(k) Retirement Plan with employer match, Stock Option Program, Disability Programs, Health Savings and Flexible Spending Accounts, Family-forming benefits, and Life and Serious Injury Benefits. We also offer paid leave of absence programs. Full-time hourly employees accrue 35 days annually for paid time off to be used for vacation, holidays, and sick paid time off. Full-time salaried employees are immediately entitled to flexible time off. See more details about our Benefits here.

Netflix is a unique culture and environment. Learn more here.

Inclusion is a Netflix value and we strive to host a meaningful interview experience for all candidates. If you want an accommodation/adjustment for a disability or any other reason during the hiring process, please send a request to your recruiting partner.

We are an equal-opportunity employer and celebrate diversity, recognizing that diversity builds stronger teams. We approach diversity and inclusion seriously and thoughtfully. We do not discriminate on the basis of race, religion, color, ancestry, national origin, caste, sex, sexual orientation, gender, gender identity or expression, age, disability, medical condition, pregnancy, genetic makeup, marital status, or military service.

Job is open for no less than 7 days and will be removed when the position is filled.",4466,https://netflix.wd108.myworkdayjobs.com/Netflix/job/USA---Remote/Senior-Manager--Critical-Operations---Reliability-Engineering_JR40424,,,,,,,no_match,,2026-09-17,,2026-09-17,,93,startDate,true,0,,,,Regular,Engineering,2026-06-16,,false,,,,,,
JR40381,"Technical Director, Unannounced Cloud Game",Netflix,"Netflix Global, LLC",Full time,Posted 30+ Days Ago,2026-05-01,139,USA - Remote,1,USA - Remote,true,,United States of America,9a7a8705901e1001f30e535431110000,4,"At Netflix, our mission is to entertain the world. Together, we are writing the next episode - pushing the boundaries of storytelling, global fandom and making the unimaginable a reality. We are a dream team obsessed with the uncomfortable excitement of discovering what happens when you merge creativity, intuition and cutting-edge technology. Come be a part of what’s next.

We’re looking for a versatile and engaged Tech Director to join our Internal Game Development team and contribute to our goal of bringing best-in-class games to our members. The Tech Director will partner with cross-disciplinary teams to define and execute high-quality tech direction across a range of projects. This role requires a balance of technical leadership and hands-on implementation, with the ability to manage external partners, support multiple teams simultaneously, and establish scalable engineering practices that elevate the player experience across our games.

The ideal candidate is a hands-on technical leader with deep expertise in Unreal Engine 5 or Unity, game systems, architecture, and cloud technologies, paired with a passion for innovation and player experience. You’ll operate as a key member of our studio leads group, partnering closely with the Game Director, Creative Director, Art Director, and Executive Producer to ensure seamless alignment between product, technology, and creative goals. You’ll set the bar for engineering excellence, drive integration with Netflix’s platform technologies, and champion a culture of experimentation, learning, and collaboration.

You’ll be joining an internal studio with big ambitions, and an obsession to create memorable game moments that leave players telling their own stories for years to come. We’re looking for new teammates who care deeply about the experiences they create and the people they make them with. Those who bias towards action and are energized by the learning that comes with bold experimentation at an agile pace. As a part of Netflix, we strive to hire the best and value integrity, excellence, respect, inclusion, and collaboration.

RESPONSIBILITIES

•
Technology Visionary: Own all technical aspects of the project, from architecture and system design to development processes and technical documentation. Ensure the project’s technical direction is scalable, sustainable, and aligned with our creative vision.

•
Team Builder: Hire, mentor, and lead a world-class engineering team, cultivating an environment focused on innovation, growth, and exceptional development standards.

•
Execution Leader: Oversee technical execution across prototype, production, and live ops. Set and uphold the bar for code quality, performance, and reliability, and optimization.

•
Strategic Partner: Collaborate with studio leads to keep the project aligned with product strategy, and proactively drive course corrections when needed.

•
Platform Integrator: Champion the integration of Netflix’s cloud-gaming platform technologies, ensuring our team is a front-runner for innovation within Netflix.

•
Co-Dev Arbiter: Identify and evaluate potential external co-development partners, ensuring technical compatibility and smooth cooperation.

•
Engineering Backstop: Serve as the final escalation point for all engineering-related challenges, troubleshooting and resolving issues to keep the team moving forward, including deep engine-layer debugging and performance profiling.

•
Process Architect: Continuously refine development processes, tools, and pipelines for optimal efficiency and scalability with a “build and play often” mentality.

•
Cultural Leader: Lead by example, fostering a collaborative, inclusive, and high-performance culture within the engineering team and across the studio.

THE IDEAL CANDIDATE

•
Brings 10+ years of experience developing and launching high-fidelity games, with recent, deep hands-on expertise in Unreal Engine 5 or Unity and C++.

•
Skilled at profiling and debugging at the engine layer, including diagnosing frame time and memory issues using Unreal’s tools.

•
Expert in building and maintaining modular, scalable frameworks, with hands-on experience managing world partition, level streaming pipelines, asset virtualization, shader compilation, and build/cook systems.

•
Proven track record optimizing CPU, GPU, and memory footprints for constrained environments, as well as evaluating bandwidth and latency constraints to ensure performance and gameplay targets are met.

•
Deep technical expertise across game architecture, gameplay systems, content pipelines, artist workflows, rendering, backend services, and cross-platform development (including Linux).

•
Collaborates closely with art and design teams to balance visual fidelity and performance, and supports live service games through development, launch, and post-launch operations.

•
Familiar with contemporary web technologies (JavaScript, React, etc.) and cloud environments (AWS, GCP, etc.).

•
Demonstrated ability to build, lead, and scale multidisciplinary engineering teams, collaborating effectively with both technical and non-technical leaders.

•
Exceptional communicator, skilled at building trust and alignment across teams and stakeholders.

•
Is self-motivated, curious, and eager to pitch in wherever needed, even outside their core responsibilities.

•
Thrives in fast-paced, evolving environments, navigating change with maturity, empathy, and a bias for action.

LOCATION

•
Los Angeles preferred

•
Will consider remote applicants who are willing to travel for work-related events and work a PST-oriented dev team schedule.

Generally, our compensation structure consists solely of an annual salary; we do not have bonuses. You choose each year how much of your compensation you want in salary versus stock options. To determine your personal top of market compensation, we rely on market indicators and consider your specific job family, background, skills, and experience to determine your compensation in the market range. The range for this role is $360,000.00 - $550,000.00. This compensation range will vary based on location.

Netflix provides comprehensive benefits including Health Plans, Mental Health support, a 401(k) Retirement Plan with employer match, Stock Option Program, Disability Programs, Health Savings and Flexible Spending Accounts, Family-forming benefits, and Life and Serious Injury Benefits. We also offer paid leave of absence programs. Full-time hourly employees accrue 35 days annually for paid time off to be used for vacation, holidays, and sick paid time off. Full-time salaried employees are immediately entitled to flexible time off. See more details about our Benefits here.

Netflix is a unique culture and environment. Learn more here.

Inclusion is a Netflix value and we strive to host a meaningful interview experience for all candidates. If you want an accommodation/adjustment for a disability or any other reason during the hiring process, please send a request to your recruiting partner.

We are an equal-opportunity employer and celebrate diversity, recognizing that diversity builds stronger teams. We approach diversity and inclusion seriously and thoughtfully. We do not discriminate on the basis of race, religion, color, ancestry, national origin, caste, sex, sexual orientation, gender, gender identity or expression, age, disability, medical condition, pregnancy, genetic makeup, marital status, or military service.

Job is open for no less than 7 days and will be removed when the position is filled.",7549,https://netflix.wd108.myworkdayjobs.com/Netflix/job/USA---Remote/Technical-Director--Unannounced-Cloud-Game_JR40381,,https://www.linkedin.com/jobs/view/4407217987,2026-09-07,200,Over 200 applicants,129,matched,title,2026-09-17,2026-09-17T12:58:29,2026-09-17,,139,startDate,true,0,,,,Regular,Games,2026-05-01,,true,,,,,,
JR31862,Data Engineer (L4) - Security,Netflix,"Netflix, Inc.",Full time,Posted 30+ Days Ago,2025-02-13,581,USA - Remote,1,USA - Remote,true,,United States of America,9a7a8705901e1001f30e535431110000,0,"Netflix is one of the world's leading entertainment services, with 283 million paid memberships in over 190 countries enjoying TV series, films and games across a wide variety of genres and languages. Members can play, pause and resume watching as much as they want, anytime, anywhere, and can change their plans at any time.

Securing our members’ data appropriately is key to maintaining a high level of trust with our customers. In addition, securing our technology infrastructure and understanding inherent risks are essential to enable us to scale our business effectively while maintaining a healthy security posture.

The Security Data Engineering team builds data products which provide visibility into security, fraud and technology risks across customer accounts as well as internal systems and data. This role is specifically focused on enabling our security teams in detecting and mitigating various types of security risks affecting our expansive cloud technology footprint. This requires a holistic understanding of our infrastructure topology, access controls, security policies and usage patterns. Centralizing various data points which help us understand these dimensions is key to success in this role.

We are looking for a Data Engineer to build reliable data pipelines and easy-to-use data products that allow our stakeholders to easily leverage data in an effective manner. As part of this team, you will work on diverse data technologies such as Spark, Presto, Flink, Kafka and others to build insightful, scalable and robust data pipelines; write ETL jobs to collect and aggregate data; and build high quality data models that describe the entities, interactions and usage patterns of our technology footprint.

The ideal candidate will bring a strong track record of having built data systems and frameworks to strengthen the security posture at large consumer businesses. They will have a deep background in distributed data processing and share our passion for continuously improving Netflix's security posture.

This role is based in the contiguous US and our teams work in a hybrid-working model.

Who you are:

•
Passionate about building intuitive data products to understand and mitigate security risks

•
Highly proficient in at least one of Java, Python or Scala (Scala preferred) with at least 2 years of data engineering experience

•
Advanced level SQL skills in a complex data environment

•
Experienced in engineering data pipelines using big data technologies (Spark, Presto, Flink etc.) on medium to large scale data sets

•
Comfortable working cross functionally with multiple types of stakeholders groups

•
Able to successfully lead large, complex systems design and implementation challenges independently

•
Prior experience in the security space is strongly preferred

What you will do:

•
Engineer efficient, adaptable and scalable data pipelines to process structured and unstructured data

•
Develop a deep understanding of the security ecosystem at Netflix

•
Partner with the security engineering teams to understand product goals and provide data which empowers teams to improve our security posture

•
Maintain and rethink existing datasets and pipelines

•
Enable smart analytics by building robust, reliable, and useful data sets that can power various analytic techniques like regression, classification, clustering etc

•
Join a stunning team of data engineers with diverse skill sets, partnering closely with analytics engineering and data science counterparts

At Netflix, we carefully consider a wide range of compensation factors to determine your personal top of market. We rely on market indicators to determine compensation and consider your specific job, skills, and experience to get it right. These considerations can cause your compensation to vary and will also be dependent on your location.

The overall market range for roles in this area of Netflix is typically $170,000 - $720,000.

This market range is based on total compensation (vs. only base salary), which is in line with our compensation philosophy. Netflix is a unique culture and environment. Learn more here.

Inclusion is a Netflix value and we strive to host a meaningful interview experience for all candidates. If you want an accommodation/adjustment for a disability or any other reason during the hiring process, please send a request to your recruiting partner.

We are an equal-opportunity employer and celebrate diversity, recognizing that diversity builds stronger teams. We approach diversity and inclusion seriously and thoughtfully. We do not discriminate on the basis of race, religion, color, ancestry, national origin, caste, sex, sexual orientation, gender, gender identity or expression, age, disability, medical condition, pregnancy, genetic makeup, marital status, or military service.

Job is open for no less than 7 days and will be removed when the position is filled.",4926,https://netflix.wd108.myworkdayjobs.com/Netflix/job/USA---Remote/Data-Engineer--L4----Security_JR31862,,,,,,,no_match,,2026-09-17,,2026-09-17,,581,startDate,true,0,,,,Regular,Data Science & Analytics,2025-02-13,,false,,,,,,
JR29293,Data Engineer (L5) - Security,Netflix,"Netflix, Inc.",Full time,Posted 30+ Days Ago,2024-12-12,644,USA - Remote,1,USA - Remote,true,,United States of America,9a7a8705901e1001f30e535431110000,0,"Netflix is one of the world's leading entertainment services, with 283 million paid memberships in over 190 countries enjoying TV series, films and games across a wide variety of genres and languages. Members can play, pause and resume watching as much as they want, anytime, anywhere, and can change their plans at any time.

Netflix is enjoyed by more than 200 million members globally, entertaining new audiences every day.  Securing our members data and accounts appropriately is key to maintaining a high level of trust with our customers. In addition, securing our service and guarding against fraudulent behavior is essential to enable us to scale our business effectively.

The Security Data Engineering team builds data products which provide visibility into security and fraud risks across customer accounts as well as internal systems and data. This role is specifically focused on enabling our security teams in detecting and mitigating various types of fraud like account takeovers, unauthorized third party apps, account sharing fraud etc. This requires a holistic understanding of members' activity patterns across various dimensions like geography, device types, content types and more. Centralizing various data points which help us understand these dimensions is key to success in this role.

We are looking for a Data Engineer to build reliable data pipelines and intuitive data products that allow our stakeholders to easily leverage data in an effective manner. As part of this team, you will work on diverse data technologies such as Spark, Presto, Flink, Kafka and others to build insightful, scalable and robust data pipelines; write ETL jobs to collect and aggregate data; and build high quality data models that describe the entities, interactions and usage patterns of the Netflix product.

The ideal candidate will bring a strong track record of having built data systems and frameworks to strengthen the security posture at large consumer businesses. They will have a deep background in distributed data processing and share our passion for continuously improving Netflix's security posture.

Who you are:

•
Passionate about building intuitive data products to mitigate security and fraud risks

•
Highly proficient in at least one of Java, Python or Scala with at least 7 years of software/data engineering experience

•
Advanced level SQL skills in a complex data environment

•
At least 5 years of experience in engineering data pipelines using big data technologies (Hive, Presto, Spark, Flink) on medium to large scale data sets

•
Comfortable working cross functionally with multiple types of stakeholders groups

•
Able to successfully lead large, complex systems design and implementation challenges independently

•
Prior experience in the security and fraud space is strongly preferre

​What you will do:

•
Engineer efficient, adaptable and scalable data pipelines to process structured and unstructured data

•
Develop a deep understanding of the security ecosystem at Netflix

•
Partner with the security engineering teams to understand product goals and provide data which empowers teams to improve our fraud and security posture

•
Maintain and rethink existing datasets and pipelines

•
Enable smart analytics by building robust, reliable, and useful data sets that can power various analytic techniques like regression, classification, clustering etc

•
Join a stunning team of data engineers with diverse skill sets, partnering closely with analytics engineering and data science counterparts

A few more things to know:

Our culture is unique and we live by our values, so it's worth learning more about Netflix at jobs.netflix.com/culture. We regularly share examples of our work on our tech blog. You will need to be comfortable working in the most agile of environments. Requirements will be vague. Iterations will be rapid. You will need to be nimble and take smart risks.

Our compensation structure consists solely of an annual salary; we do not have bonuses. You choose each year how much of your compensation you want in salary versus stock options. To determine your personal top of market compensation, we rely on market indicators and consider your specific job family, background, skills, and experience to determine your compensation in the market range. The range for this role is $100,000 - $720,000. Netflix provides comprehensive benefits including Health Plans, Mental Health support, a 401(k) Retirement Plan with employer match, Stock Option Program, Disability Programs, Health Savings and Flexible Spending Accounts, Family-forming benefits, and Life and Serious Injury Benefits. We also offer paid leave of absence programs.  Full-time hourly employees accrue 35 days annually for paid time off to be used for vacation, holidays, and sick paid time off. Full-time salaried employees are immediately entitled to flexible time off.

Inclusion is a Netflix value and we strive to host a meaningful interview experience for all candidates. If you want an accommodation/adjustment for a disability or any other reason during the hiring process, please send a request to your recruiting partner.

We are an equal-opportunity employer and celebrate diversity, recognizing that diversity builds stronger teams. We approach diversity and inclusion seriously and thoughtfully. We do not discriminate on the basis of race, religion, color, ancestry, national origin, caste, sex, sexual orientation, gender, gender identity or expression, age, disability, medical condition, pregnancy, genetic makeup, marital status, or military service.

Job is open for no less than 7 days and will be removed when the position is filled.",5684,https://netflix.wd108.myworkdayjobs.com/Netflix/job/USA---Remote/Data-Engineer--L5----Security_JR29293,,,,,,,no_match,,2026-09-17,,2026-09-17,,644,startDate,true,0,,,,Regular,Data Science & Analytics,2024-12-12,,false,,,,,,
JR29144,Data Scientist (L5) - Ads (Measurement),Netflix,"Netflix, Inc.",Full time,Posted 30+ Days Ago,2024-12-12,644,USA - Remote,1,USA - Remote,true,,United States of America,9a7a8705901e1001f30e535431110000,0,"Netflix is one of the world's leading entertainment services, with 283 million paid memberships in over 190 countries enjoying TV series, films and games across a wide variety of genres and languages. Members can play, pause and resume watching as much as they want, anytime, anywhere, and can change their plans at any time.

In Nov 2022, we launched a new lower-priced, ad-supported tier for our customers. We are now continuing to build on our goal of providing more choice for consumers and a premium, better-than-linear TV brand experience for advertisers. That said, we are looking for the founding members of this new business area for Netflix!

The Ads Data Science and Engineering (DSE) team at Netflix’s mission is to help build the foundation of the ads business at Netflix. We conduct analyses and develop analytic tools, build predictive models and algorithms using machine learning, all with the goal of creating more choices and joy for our members. You’ll work closely with partner teams to build workflows, provide recommendations and drive success on end-to-end analytics initiatives in this 0 -1 space.

The Ads DSE Measurement Team is responsible for building audience insights and measurement solutions from the ground up. We partner closely with the campaign performance and effectiveness teams, as well as consumer insights, product, and sales teams, to understand core advertiser needs. Our goal is to develop both foundational and innovative solutions that address these needs effectively.

We are seeking a Data Scientist to tackle foundational challenges in the ads space, such as lift solutions, conversion, and attribution modeling within the ads measurement domain. This role offers the opportunity to collaborate with a diverse range of cross-functional business partners to identify new opportunities, design, execute, and analyze experiments, and deliver impactful solutions for our advertiser partners. Strong measurement techniques are essential for the long-term success of our ads business, and you will play a key leadership role in driving this area for Netflix.

In this role, you will:

•
Lead the research and experimentation efforts to measure ad campaign performance and effectiveness for the Ads Platform. Autonomously identify and pursue research initiatives with significant business impact, and make compelling cases for prioritization and resource allocation.

•
Disambiguate complex problems to propose clear evaluation frameworks and success criteria.

•
Cultivate strong partnerships with cross-functional stakeholders, including product, engineering, operations, design, and consumer research teams.

•
Execute and present robust research and insights, disseminate knowledge, and rally support for innovative ideas.

•
Foster a collaborative, innovative, and intellectually stimulating environment.

•
Deliver technically excellent solutions using modeling and ML, data exploration and strong documentation with an eye toward impact and contribution to the larger DSE community.

•
Be a thought leader for Product, Strategy and Engineering teams in the areas of measurement for Ads.

We are looking for:

•
Advanced degree in Statistics, Mathematics, Physics, Economics or related quantitative field.

•
Leadership experience with large-scale data with proven ability to lead cross-functionally, work independently and galvanize others .

•
Strong statistical knowledge and intuition - having been utilized in experimentation or other product analytics settings.

•
Strong product knowledge and intuition - having utilized in consumer/user interface settings or internally serving technical audiences such as engineers.

•
Demonstrated ability to communicate and drive product change across a variety of stakeholders.

•
Strong SQL skills and Quantitative Programming skills in Python or R

•
Ability to communicate technical and statistical concepts clearly and concisely among audiences at many different levels.

•
Mentors, brainstorms with, and enables others, especially within your functional area

•
Actively builds and fosters technical communities internally (e.g., horizontal forums, seminars, and summits) and externally (e.g., conference participation).

Exemplary stewardship of Netflix’s culture and values, particularly in terms of selflessness and ensuring open debate of ideas and encouraging inclusion of a variety of perspectives regardless of seniority.

Our compensation structure consists solely of an annual salary; we do not have bonuses. You choose each year how much of your compensation you want in salary versus stock options. To determine your personal top of market compensation, we rely on market indicators and consider your specific job family, background, skills, and experience to determine your compensation in the market range. The range for this role is $100,000 - $720,000.

Netflix provides comprehensive benefits including Health Plans, Mental Health support, a 401(k) Retirement Plan with employer match, Stock Option Program, Disability Programs, Health Savings and Flexible Spending Accounts, Family-forming benefits, and Life and Serious Injury Benefits. We also offer paid leave of absence programs.  Full-time hourly employees accrue 35 days annually for paid time off to be used for vacation, holidays, and sick paid time off. Full-time salaried employees are immediately entitled to flexible time off.

Inclusion is a Netflix value and we strive to host a meaningful interview experience for all candidates. If you want an accommodation/adjustment for a disability or any other reason during the hiring process, please send a request to your recruiting partner.

We are an equal-opportunity employer and celebrate diversity, recognizing that diversity builds stronger teams. We approach diversity and inclusion seriously and thoughtfully. We do not discriminate on the basis of race, religion, color, ancestry, national origin, caste, sex, sexual orientation, gender, gender identity or expression, age, disability, medical condition, pregnancy, genetic makeup, marital status, or military service.

Job is open for no less than 7 days and will be removed when the position is filled.",6186,https://netflix.wd108.myworkdayjobs.com/Netflix/job/USA---Remote/Data-Scientist--L5----Ads--Measurement-_JR29144,,,,,,,no_match,,2026-09-17,,2026-09-17,,644,startDate,true,0,,,,Regular,Data Science & Analytics,2024-12-12,,false,,,,,,
AJRT44119,Product Machine Learning Research Leader,Netflix,"Netflix, Inc.",Full time,Posted 30+ Days Ago,2024-12-12,644,USA - Remote,1,USA - Remote,true,,United States of America,9a7a8705901e1001f30e535431110000,0,"Netflix is one of the world's leading entertainment services, with 283 million paid memberships in over 190 countries enjoying TV series, films and games across a wide variety of genres and languages. Members can play, pause and resume watching as much as they want, anytime, anywhere, and can change their plans at any time.

With over a quarter billion members in over 190 countries and a billion hours of streaming each month, Netflix is the world’s leading online entertainment company. Netflix continues to shape the future of entertainment by developing personalized ways for members to discover and enjoy a rapidly expanding catalog of content.

The Machine Learning & Inference Research (MLIR) team works on core methodological development in areas of strategic importance to Netflix and translates this research into actionable impact by partnering with other teams (e.g. data science, engineering, design, product). MLIR engages with the external research community spanning ML/AI, statistics, economics, and operations research through conferences, academic collaborations, and publications. At the same time, it engages with the internal Netflix community by disseminating research learnings, advising on the incorporation and practical implementation/scalability of new methods and technologies and partnering on translational applied research with direct impact to Netflix product and content priorities. In success, the MLIR team’s expertise and foundational research influences and steers a growing number of projects and roadmaps and cultivates and advances in-house world-class expertise.

What you'll do

We are seeking an experienced leader to define and execute a strategy that brings cutting-edge methods and holistic thinking to Netflix. The leader must balance a portfolio of foundational/methodological developments spearheaded by the team and collaborative projects with stakeholder teams that directly benefit from these developments. Such collaborations span applied research (such as exploring innovations to the member experience or analyzing Netflix data for actionable insights), devising ambitious yet technically feasible innovation roadmaps, and helping craft technical approaches to advance these roadmaps. To be successful, the leader must be deeply familiar with the business needs, adept at translating these needs into a long-term research agenda, galvanize other teams around this agenda, and committed to fostering an open environment of collaboration, innovation, and intellectual excitement.

Specifically, you will:

•
Inspire and lead a senior team of research scientists to shape machine learning and causal inference excellence at Netflix.

•
Work closely with a wide range of partners (scientists, engineers, designers, product managers, finance/strategy, etc.) to maintain a strong portfolio of projects that impact our members and our business, often in collaboration with business-domain data science and engineering teams.

•
Uplevel our research best practices and our organizational expertise in machine learning and causal inference and the latest developments therein.

•
Help prioritize and balance competing priorities for the long term benefit of Netflix

•
Be a leader and role model within the Data & Insights team, including enriching Netflix’s broader machine learning & experimentation community.

•
Build a successful and highly productive research program that includes research scientists, external academic collaborations, and research interns.

•
Boost the visibility of Netflix research through research products such as external presentations and publications aligned with Netflix’s interests in top tier venues and by forming connections with academic labs and researchers.

We're looking for

•
You have made meaningful impacts and brought clarity to complex or ambiguous technical problem spaces. You exhibit excellent judgment in developing a portfolio of high-risk/high-reward, long-term projects and leading a team to execute them.

•
You possess outstanding oral and written communication skills that resonate within and beyond your team. You have a proven track record as a trusted partner to both technical and business stakeholders.

•
You have successfully operated in a company where collaboration and integration with other teams across multiple disciplines are essential to your team’s success.

•
You are pragmatic and maximize impact through careful consideration of the trade-offs that business-domain teams must make.

•
You have experience and demonstrated success in building and leading a research program, in retaining high-caliber applied research teams, and in fostering an inclusive team culture.

•
You have proven experience moving the business forward, uplifting the broader team and orchestrating thought leadership that raises the bar for the organization.

•
You have a Ph.D. in a quantitative field such as Mathematics, Computer Science, Statistics, Physics, Operations Research, Economics, etc.

Our compensation structure consists solely of an annual salary; we do not have bonuses. You choose each year how much of your compensation you want in salary versus stock options. To determine your personal top of market compensation, we rely on market indicators and consider your specific job family, background, skills, and experience to determine your compensation in the market range. The range for this role is $610,000 - $1,870,000.

Netflix provides comprehensive benefits including Health Plans, Mental Health support, a 401(k) Retirement Plan with employer match, Stock Option Program, Disability Programs, Health Savings and Flexible Spending Accounts, Family-forming benefits, and Life and Serious Injury Benefits. We also offer paid leave of absence programs.  Full-time hourly employees accrue 35 days annually for paid time off to be used for vacation, holidays, and sick paid time off. Full-time salaried employees are immediately entitled to flexible time off.

Inclusion is a Netflix value and we strive to host a meaningful interview experience for all candidates. If you want an accommodation/adjustment for a disability or any other reason during the hiring process, please send a request to your recruiting partner.

We are an equal-opportunity employer and celebrate diversity, recognizing that diversity builds stronger teams. We approach diversity and inclusion seriously and thoughtfully. We do not discriminate on the basis of race, religion, color, ancestry, national origin, caste, sex, sexual orientation, gender, gender identity or expression, age, disability, medical condition, pregnancy, genetic makeup, marital status, or military service.

Job is open for no less than 7 days and will be removed when the position is filled.",6761,https://netflix.wd108.myworkdayjobs.com/Netflix/job/USA---Remote/Product-Machine-Learning-Research-Leader_AJRT44119,,,,,,,no_match,,2026-09-17,,2026-09-17,,644,startDate,true,0,,,,Regular,Data Science & Analytics,2024-12-12,,false,,,,,,
AJRT44126,Site Reliability Engineer L4/L5 - Live Cloud Platform SRE,Netflix,"Netflix, Inc.",Full time,Posted 30+ Days Ago,2024-12-12,644,USA - Remote,1,USA - Remote,true,,United States of America,9a7a8705901e1001f30e535431110000,0,"Netflix is one of the world's leading entertainment services, with 283 million paid memberships in over 190 countries enjoying TV series, films and games across a wide variety of genres and languages. Members can play, pause and resume watching as much as they want, anytime, anywhere, and can change their plans at any time.

Netflix has been changing how people watch shows and movies, enabling on-demand access to thousands of movies and TV shows. Recently, Netflix has expanded its entertainment offering to include Live content, like Chris Rock Comedy Special, the SAG Awards ceremony or The Netflix Slam tennis match. Bringing stories in real-time to 260+ million viewers around the world is a hard challenge, demanding exceptional levels of stability and reliability from dozens of services and systems between camera and device screens.

In this role, you will support our live streaming events by focusing on cloud traffic and capacity planning (API Gateway, IPC between microservices). You will prepare and execute various load tests to ensure both individual critical applications and overall cloud infrastructure can handle sudden increases in API traffic, especially at the start of events. You will also implement end-to-end observability and visualize the data to achieve the desired availability at scale. You will impact multiple areas of the live event lifecycle, from the planning phase through testing and event launch days.

Responsibilities

•
Drive continual improvement in observability, monitoring, and scalability with the primary goal to solve the thundering herd problem with cloud traffic (API gateway, IPC between microservices) for live streaming.

•
Implement, automate, execute, and analyze the results from a broad range of live streaming delivery focused functional, performance, resilience, and fault injection testing.

•
Write and review code, develop documentation and capacity plans, and debug the hardest problems on some of the largest and most complex systems in the world

•
Coordination, collaboration, and partnership across multiple stakeholders for the smooth execution of live-streaming events

•
Participate in an on-call rotation and be able to work with flexible hours based on the live events schedule

Qualifications

•
5+ years of service reliability/operational experience running large-scale, high-performance systems & internet services with a focus on traffic at scale.

•
Knowledge of and proven experience with L4 Load Balancer,  HTTP cache, and reverse proxy technologies.

•
Expert-level knowledge of Unix or Linux systems and TCP/IP network fundamentals.

•
Proficient understanding of networking principles, transport, and application protocols, especially DNS, TLS, and HTTP(s) etc.

•
Proficient in a programming language such as Go, Python, Rust etc.

•
Experience with using real-time and Big Data analytic processing technologies (Kafka, time series database and Presto/Trino, Spark SQL, etc)

•
Ability to work in a highly collaborative environment and to communicate effectively with internal and external partners

•
Preferred - B.S. in Computer Science, Electrical or Computer Engineering (or equivalent professional experience)

Our compensation structure consists solely of an annual salary; we do not have bonuses. You choose each year how much of your compensation you want in salary versus stock options. To determine your personal top-of-market compensation, we rely on market indicators and consider your specific job family, background, skills, and experience to determine your compensation in the market range. The range for this role is $100,000 - $720,000. Netflix provides comprehensive benefits including Health Plans, Mental Health support, a 401(k) Retirement Plan with employer match, Stock Option Program, Disability Programs, Health Savings and Flexible Spending Accounts, Family-forming benefits, and Life and Serious Injury Benefits. We also offer paid leave of absence programs.  Full-time hourly employees accrue 35 days annually for paid time off to be used for vacation, holidays, and sick paid time off. Full-time salaried employees are immediately entitled to flexible time off. See more detail about our Benefits here. Netflix is a unique culture and environment. Learn more here.

Inclusion is a Netflix value and we strive to host a meaningful interview experience for all candidates. If you want an accommodation/adjustment for a disability or any other reason during the hiring process, please send a request to your recruiting partner.

We are an equal-opportunity employer and celebrate diversity, recognizing that diversity builds stronger teams. We approach diversity and inclusion seriously and thoughtfully. We do not discriminate on the basis of race, religion, color, ancestry, national origin, caste, sex, sexual orientation, gender, gender identity or expression, age, disability, medical condition, pregnancy, genetic makeup, marital status, or military service.

Job is open for no less than 7 days and will be removed when the position is filled.",5064,https://netflix.wd108.myworkdayjobs.com/Netflix/job/USA---Remote/Site-Reliability-Engineer-L4-L5---Live-Cloud-Platform-SRE_AJRT44126,,,,,,,no_match,,2026-09-17,,2026-09-17,,644,startDate,true,0,,,,Regular,Engineering,2024-12-12,,false,,,,,,
JR30403,Data Science Manager - Consumer Engineering,Netflix,"Netflix, Inc.",Full time,Posted 30+ Days Ago,2024-12-12,644,USA - Remote,1,USA - Remote,true,,United States of America,9a7a8705901e1001f30e535431110000,0,"Netflix is one of the world's leading entertainment services, with 283 million paid memberships in over 190 countries enjoying TV series, films and games across a wide variety of genres and languages. Members can play, pause and resume watching as much as they want, anytime, anywhere, and can change their plans at any time.

Netflix is a technical powerhouse, with infrastructure that powers a high performance, high reliability and high scale entertainment service. Our members want a seamless, immersive Netflix experience, and we deliver it with an intricate set of systems working together behind the scenes. Video and audio must be encoded into different formats and resolutions, distributed across our internally build content delivery network, then adaptively streamed by the wide range of devices our members use to watch the content they love. Our data team takes a holistic approach to measuring and improving these systems. As we add new business areas like games, live content, and ads into the Netflix product, we’re asking new questions about how our technology should work and how to best serve our members.

What you'll do

We’re looking for an accomplished data science and analytics leader to lead a diverse team of talented, senior individual contributors who are experts in the fields of analytics and experimentation. You'll primarily partner with software engineering leaders to optimize the Netflix streaming product with an eye toward scaling access to insights, innovating on metrics and experimentation methodologies, and finding new opportunities to apply high-impact science and analytics to Netflix challenges.

You have

•
Experience hiring and leading high-caliber, data-focused teams with varying technical strengths across analytics engineering and experimentation

•
Experience creating and fostering an inclusive team culture

•
Experience partnering with engineering teams or technically-leaning product teams

•
Demonstrated strength for applying statistics and experimentation to solve problems

•
Strength in independently finding opportunities and executing on science and analytics challenges for maximum business impact

Our compensation structure consists solely of an annual salary; we do not have bonuses. You choose each year how much of your compensation you want in salary versus stock options. To determine your personal top of market compensation, we rely on market indicators and consider your specific job family, background, skills, and experience to determine your compensation in the market range. The range for this role is $360,000 - $920,000.

Netflix provides comprehensive benefits including Health Plans, Mental Health support, a 401(k) Retirement Plan with employer match, Stock Option Program, Disability Programs, Health Savings and Flexible Spending Accounts, Family-forming benefits, and Life and Serious Injury Benefits. We also offer paid leave of absence programs.  Full-time hourly employees accrue 35 days annually for paid time off to be used for vacation, holidays, and sick paid time off. Full-time salaried employees are immediately entitled to flexible time off.

Inclusion is a Netflix value and we strive to host a meaningful interview experience for all candidates. If you want an accommodation/adjustment for a disability or any other reason during the hiring process, please send a request to your recruiting partner.

We are an equal-opportunity employer and celebrate diversity, recognizing that diversity builds stronger teams. We approach diversity and inclusion seriously and thoughtfully. We do not discriminate on the basis of race, religion, color, ancestry, national origin, caste, sex, sexual orientation, gender, gender identity or expression, age, disability, medical condition, pregnancy, genetic makeup, marital status, or military service.

Job is open for no less than 7 days and will be removed when the position is filled.",3923,https://netflix.wd108.myworkdayjobs.com/Netflix/job/USA---Remote/Data-Science-Manager---Consumer-Engineering_JR30403,,,,,,,no_match,,2026-09-17,,2026-09-17,,644,startDate,true,0,,,,Regular,Data Science & Analytics,2024-12-12,,false,,,,,,
JR30101,Senior Content Designer - Acquisition,Netflix,"Netflix, Inc.",Full time,Posted 30+ Days Ago,2024-12-12,644,USA - Remote,1,USA - Remote,true,,United States of America,9a7a8705901e1001f30e535431110000,0,"Netflix is one of the world's leading entertainment services, with 283 million paid memberships in over 190 countries enjoying TV series, films and games across a wide variety of genres and languages. Members can play, pause and resume watching as much as they want, anytime, anywhere, and can change their plans at any time.

Netflix is looking for a Senior Content Designer our Acquisition team. The successful candidate will combine creative leadership and superior communication skills with a passion for user experience design and entertainment.

The Role

You’ll use language and design to inspire people all over the world to sign up for Netflix, working across our Mobile, Web and TV platforms. As part of a cross-functional team, you’ll test new ideas and approaches to content design that inform, educate, guide, and delight while creating business value.

The Team

You’ll join a collaborative group of Content Designers who partner with Product Designers, Product Managers, Engineers, Data Scientists and Consumer Researchers. You’ll also work closely with Globalization to make sure our product is amazing around the world.

Your Skills

•
You’re able to write copy that converts, and you know when to flex your writing style between creative and tactical to communicate the value of a Netflix membership to a global audience.

•
You use words and tone of voice to bring products to life and align with our brand personality.

•
You’re comfortable with experiment design, and working closely with Designers, Product Marketing and Product Managers to develop hypotheses and test plans.

•
You’re a storyteller at heart who can craft and orchestrate cohesive narratives across channels.

•
You’re a systems thinker who excels at developing scalable language frameworks.

•
You communicate productively with visual thinkers and will be comfortable advocating for your point of view in our candid, feedback-driven culture.

Key Responsibilities

•
You’ll work on several projects at once, providing concepting, content strategy, and writing from early ideation through final execution.

•
You’ll initiate your own innovation projects and identify opportunities to join existing projects to elevate the quality of their communications.

Qualifications

•
5 years relevant writing experience (Content Strategy, Marketing, UX Writing)

•
Experience with a/b testing preferred

•
Ability to work autonomously and make strategic decisions independently

•
Outstanding communication, presentation, and people skills

•
Mastery of AP style, with the confidence to know when to break the rules

The Role: This is a full-time position. It reports to the Content Design Manager on the Growth XD team.

Generally, our compensation structure consists solely of an annual salary; we do not have bonuses. You choose each year how much of your compensation you want in salary versus stock options. To determine your personal top of market compensation, we rely on market indicators and consider your specific job family, background, skills, and experience to determine your compensation in the market range. The range for this role is $120,000-$515,000

Netflix provides comprehensive benefits including Health Plans, Mental Health support, a 401(k) Retirement Plan with employer match, Stock Option Program, Disability Programs, Health Savings and Flexible Spending Accounts, Family-forming benefits, and Life and Serious Injury Benefits. We also offer paid leave of absence programs.  Full-time hourly employees accrue 35 days annually for paid time off to be used for vacation, holidays, and sick paid time off. Full-time salaried employees are immediately entitled to flexible time off. See more detail about our Benefits here.

Netflix is a unique culture and environment.  Learn more here.

Inclusion is a Netflix value and we strive to host a meaningful interview experience for all candidates. If you want an accommodation/adjustment for a disability or any other reason during the hiring process, please send a request to your recruiting partner.

We are an equal-opportunity employer and celebrate diversity, recognizing that diversity builds stronger teams. We approach diversity and inclusion seriously and thoughtfully. We do not discriminate on the basis of race, religion, color, ancestry, national origin, caste, sex, sexual orientation, gender, gender identity or expression, age, disability, medical condition, pregnancy, genetic makeup, marital status, or military service.

Job is open for no less than 7 days and will be removed when the position is filled.",4572,https://netflix.wd108.myworkdayjobs.com/Netflix/job/USA---Remote/Senior-Content-Designer---Acquisition_JR30101,,,,,,,no_match,,2026-09-17,,2026-09-17,,644,startDate,true,0,,,,Regular,Product,2024-12-12,,false,,,,,,
JR30426,"Machine Learning Software Engineer L4/L5, Algorithms",Netflix,"Netflix, Inc.",Full time,Posted 30+ Days Ago,2024-10-25,692,USA - Remote,1,USA - Remote,true,,United States of America,9a7a8705901e1001f30e535431110000,0,"Netflix is one of the world’s leading entertainment services with 278 million paid memberships in over 190 countries enjoying TV series, films and games across a wide variety of genres and languages. Members can play, pause and resume watching as much as they want, anytime, anywhere, and can change their plans at any time.

The Role

As Netflix continues to grow, so do the opportunities to enhance our personalization systems and algorithms. We're looking for a passionate and talented Software Engineer for Machine Learning to join our Algorithms team. In this role, you will apply your expertise in software engineering to design, develop, and scale solutions for the machine learning algorithms that power the Netflix experience. You will work closely with our machine learning researchers, product managers, and other engineers to come up with new systems, improve existing ones, and enable offline experiments and A/B tests. For more details about software engineering for personalization at Netflix, see these links:

•
Consolidating ML models

•
InTune: Reinforcement Learning-based Data Pipeline Optimization for Deep Recommendation Models

•
Evidence Personalization

•
Page Simulation for Better Offline Metrics at Netflix

•
RecSysOps

As a software engineer in the team, you will contribute to the next generation of algorithms used to generate the Netflix experience by driving the vision, requirements, design, implementation, testing, and ownership of software components essential for our algorithmic innovation. You will collaborate with our applied researchers and data scientists to implement scalable, flexible, production-ready solutions for our algorithms. You will also guide the team towards better software engineering practices and systems by identifying areas for improvement and mentorship. You will collaborate with other engineers to create solutions that are used beyond our team. To excel in this role, you should have a robust software engineering background, a keen sense of software engineering principles and design, a proven experience with large-scale applications involving machine learning, a love of learning, possess strong communication skills, and the ability to work well in large cross-functional teams.

What we are looking for:

•
A degree in Computer Science or a related field

•
4+ years of full time software engineering experience with a bachelor’s degree; or 2+ years of experience with a graduate degree

•
Excellent software design and development skills in Python along with Scala, Java, C++, or C#

•
Solid understanding of various software engineering best practices and their appropriate application

•
Experience building web-scale parallel and distributed computing systems

•
Experience with large-scale data frameworks such as Spark or Flink

•
Excellent collaboration skills

•
Broad understanding of core machine learning concepts and their application in large-scale, real-world machine-learning systems

Preferred, but not required:

•
Experience building or enhancing personalization systems, machine learning platforms, search engines, or similar large-scale machine learning applications.

•
Experience building machine learning models or LLMs

•
Experience scaling and optimizing the training and serving of machine learning models

•
Experience with machine learning libraries TensorFlow, PyTorch, JAX or Keras

•
Experience with cloud computing platforms like AWS

•
Background in math, statistics, or numerical computation

•
Significant contributions to open-source projects

Note: Level and compensation are determined based on your demonstrated experience, skills, and interview performance. We have several open positions within the personalization, search,  and recommendations space. The specific role will be determined based on the candidate's skills and fit, which will be evaluated after the initial round.

What do we offer:

Our compensation structure consists solely of an annual salary; we do not have bonuses. You choose each year how much of your compensation you want in salary versus stock options. To determine your personal top of market compensation, we rely on market indicators and consider your specific job family, background, skills, and experience to determine your compensation in the market range. The range for this role is $100,000 - $720,000.

Netflix provides comprehensive benefits including Health Plans, Mental Health support, a 401(k) Retirement Plan with employer match, Stock Option Program, Disability Programs, Health Savings and Flexible Spending Accounts, Family-forming benefits, and Life and Serious Injury Benefits. We also offer paid leave of absence programs.  Full-time hourly employees accrue 35 days annually for paid time off to be used for vacation, holidays, and sick paid time off. Full-time salaried employees are immediately entitled to flexible time off. See more detail about our Benefits here.

Netflix is a unique culture and environment.  Learn more here.

We are an equal-opportunity employer and celebrate diversity, recognizing that diversity of thought and background builds stronger teams. We approach diversity and inclusion seriously and thoughtfully. We do not discriminate on the basis of race, religion, color, ancestry, national origin, caste, sex, sexual orientation, gender, gender identity or expression, age, disability, medical condition, pregnancy, genetic makeup, marital status, or military service.

Job is open for no less than 7 days and will be removed when the position is filled.",5544,https://netflix.wd108.myworkdayjobs.com/Netflix/job/USA---Remote/Machine-Learning-Software-Engineer-L4-L5--Algorithms_JR30426,,,,,,,no_match,,2026-09-17,,2026-09-17,,692,startDate,true,0,,,,Regular,Data Science & Analytics,2024-10-25,,false,,,,,,
JR30286,Data Science Manager - Acquisition and Partnerships,Netflix,"Netflix, Inc.",Full time,Posted 30+ Days Ago,2024-10-21,696,USA - Remote,1,USA - Remote,true,,United States of America,9a7a8705901e1001f30e535431110000,0,"Netflix is one of the world’s leading entertainment services with 278 million paid memberships in over 190 countries enjoying TV series, films and games across a wide variety of genres and languages. Members can play, pause and resume watching as much as they want, anytime, anywhere, and can change their plans at any time.

The Role

Netflix is one of the world’s leading entertainment services with 278 million paid memberships in over 190 countries enjoying TV series, films and games across a wide variety of genres and languages. Members can play, pause and resume watching as much as they want, anytime, anywhere, and can change their plans at any time

The Role

Netflix’s Growth and Commerce Organization is responsible for the business relationship that consumers have with Netflix- including what plans we offer and at what price, how consumers pay for Netflix, and the flows that allow them to sign up, change plans, or cancel Netflix.  This role focuses on our consumer acquisition strategy and how consumers experience Netflix before they enter the app. This includes our signup flow where we sell Netflix to consumers, how consumers log-in to Netflix, and how we partner and bundle with other companies. Our Data Science team helps scale data driven decision making in these areas. We deep dive to identify opportunity areas and inform Netflix’s strategy, run AB tests or utilize other causal inference techniques to understand the impact of new experiences and build machine learning to scale rapid innovation in these areas.

What you'll do

We’re looking for an accomplished data science and analytics leader to lead a diverse team of talented, individual contributors who are experts in the fields of analytics, experimentation, and machine learning. You will lead, mentor, and inspire a team of data scientists and analytics engineers to consistently deliver business impact. You'll partner with teams that define consumer experiences before someone is logged in to set business strategy, support long-term technical vision, and drive influence.  You'll keep an eye toward scaling analytics, access to insights, innovating on methodologies, and finding new opportunities to apply high-impact science and analytics to Netflix challenges.

About you

•
Demonstrated success in designing and delivering data science and analytics projects within highly ambiguous and complex business environments

•
Master’s or PhD degree in Statistics, Machine Learning, Computer Science, Economics, Engineering or other relevant fields

•
Experience hiring and leading high-caliber, data-focused teams with varying technical strengths across analytics, experimentation, and machine learning

•
Tenacious and flexible and can effectively organize and lead cross-functional projects, overcome challenges, and propose new solutions

•
Strength in independently finding opportunities and executing on science and analytics challenges for maximum business impact

•
Exceptional verbal and written communication skills with a wide variety of technical and business stakeholders

Our compensation structure consists solely of an annual salary; we do not have bonuses. You choose each year how much of your compensation you want in salary versus stock options. To determine your personal top of market compensation, we rely on market indicators and consider your specific job family, background, skills, and experience to determine your compensation in the market range. The range for this role is $360,000 - $920,000.

Netflix provides comprehensive benefits including Health Plans, Mental Health support, a 401(k) Retirement Plan with employer match, Stock Option Program, Disability Programs, Health Savings and Flexible Spending Accounts, Family-forming benefits, and Life and Serious Injury Benefits. We also offer paid leave of absence programs.  Full-time hourly employees accrue 35 days annually for paid time off to be used for vacation, holidays, and sick paid time off. Full-time salaried employees are immediately entitled to flexible time off. See more detail about our Benefits here.

Netflix is a unique culture and environment.  Learn more here.

We are an equal-opportunity employer and celebrate diversity, recognizing that diversity of thought and background builds stronger teams. We approach diversity and inclusion seriously and thoughtfully. We do not discriminate on the basis of race, religion, color, ancestry, national origin, caste, sex, sexual orientation, gender, gender identity or expression, age, disability, medical condition, pregnancy, genetic makeup, marital status, or military service.

Job is open for no less than 7 days and will be removed when the position is filled.

We are an equal-opportunity employer and celebrate diversity, recognizing that diversity of thought and background builds stronger teams. We approach diversity and inclusion seriously and thoughtfully. We do not discriminate on the basis of race, religion, color, ancestry, national origin, caste, sex, sexual orientation, gender, gender identity or expression, age, disability, medical condition, pregnancy, genetic makeup, marital status, or military service.

Job is open for no less than 7 days and will be removed when the position is filled.",5254,https://netflix.wd108.myworkdayjobs.com/Netflix/job/USA---Remote/Data-Science-Manager---Acquisition-and-Partnerships_JR30286,,,,,,,no_match,,2026-09-17,,2026-09-17,,696,startDate,true,0,,,,Regular,Data Science & Analytics,2024-10-21,,false,,,,,,
JR28201,"Distributed Systems Engineer, L5",Netflix,"Netflix, Inc.",Full time,Posted 30+ Days Ago,2024-09-20,727,USA - Remote,1,USA - Remote,true,,United States of America,9a7a8705901e1001f30e535431110000,0,"Netflix is one of the world’s leading entertainment services with 278 million paid memberships in over 190 countries enjoying TV series, films and games across a wide variety of genres and languages. Members can play, pause and resume watching as much as they want, anytime, anywhere, and can change their plans at any time.

The Role

The data platform teams at Netflix enable us to leverage data to bring joy to our members in many different ways. We provide centralized data platforms and tools for various business functions at Netflix, so they can utilize our data to make critical data-driven decisions. We do all the heavy lifting to make it easy for our business partners to work with data efficiently, securely, and responsibly. We aspire to lead the industry standard in building a world-class data infrastructure, as Netflix leads the way to be the most popular and pervasive destination for global internet entertainment.

We are looking for Distributed Systems Engineers to help evolve and innovate our infrastructure. We are committed to building a diverse and inclusive team to bring new perspectives as we solve the next set of challenges. In addition, we are open to remote candidates. We value what you can do, from anywhere in the U.S.

Spotlight on Data Platform Teams:

Data Platform Infrastructure |Learn More

The Data Platform Infrastructure team acts as a platform for our own data platforms. Our shared infrastructure and tooling enable Netflix to innovate quickly in providing state-of-the-art data and analytics systems to the rest of the company without building bespoke scaffolding for each new system. To do this, we create high-leverage infrastructure, control, and deployment systems that are fine-tuned for running our data systems at scale.

The team plays an essential role in making it easy and efficient to use the Netflix platform and security products for building the data platform; uniquely, many of our tools and systems are written in Python, so this is a great team to consider if you enjoy working in a variety of languages.

This would be your dream job if you enjoy:

•
Solving real business needs at a large scale by applying your software engineering and analytical problem-solving skills.

•
Architecting and building a robust, scalable, and highly available distributed infrastructure.

•
Leading cross-functional initiatives and collaborating with engineers, product managers, and TPM across teams.

•
Sharing our experiences with the open source communities and contributing to Netflix OSS.

About you:

•
7+ years experience in crafting complex, scalable distributed data infrastructure

•
Proficiency in Java, C++, Golang, or Python with a solid understanding of multi-threading and memory management

•
Proven track record of developing and maintaining high-impact systems

•
Experience building and operating scalable, fault-tolerant, distributed systems

•
You have a BS in Computer Science or a related field

•
Familiarity with library development, DI frameworks (preferably SpringBoot), and container technologies

A few more things about us:

As a team, we come from many different countries and our fields of education range from the humanities to engineering to computer science. Our team includes product managers, program managers, designers, full-stack developers, distributed systems engineers, and data scientists. Folks have the opportunity to wear different hats, should they choose to. We strongly believe this diversity has helped us build an inclusive and empathetic environment and look forward to adding your perspective to the mix!

At Netflix, we carefully consider a wide range of compensation factors to determine your personal top of market. We rely on market indicators to determine compensation and consider your specific job family, background, skills, and experience to get it right. These considerations can cause your compensation to vary and will also be dependent on your location.

The overall market range for roles in this area of Netflix is typically $100,000 - $700,000

This market range is based on total compensation (vs. only base salary), which is in line with our compensation philosophy. Our culture is unique, and we tend to live by our values, so it’s worth learning more about Netflix here.

We are an equal-opportunity employer and celebrate diversity, recognizing that diversity of thought and background builds stronger teams. We approach diversity and inclusion seriously and thoughtfully. We do not discriminate on the basis of race, religion, color, ancestry, national origin, caste, sex, sexual orientation, gender, gender identity or expression, age, disability, medical condition, pregnancy, genetic makeup, marital status, or military service.

Job is open for no less than 7 days and will be removed when the position is filled.",4844,https://netflix.wd108.myworkdayjobs.com/Netflix/job/USA---Remote/Distributed-Systems-Engineer--L5_JR28201,,,,,,,no_match,,2026-09-17,,2026-09-17,,727,startDate,true,0,,,,Regular,Engineering,2024-09-20,,false,,,,,,
JR29684,ML Engineer L5 - Ads Platform Engineering (Forecasting),Netflix,"Netflix, Inc.",Full time,Posted 30+ Days Ago,2024-09-09,738,USA - Remote,1,USA - Remote,true,,United States of America,9a7a8705901e1001f30e535431110000,0,"Netflix is one of the world’s leading entertainment services with 278 million paid memberships in over 190 countries enjoying TV series, films and games across a wide variety of genres and languages. Members can play, pause and resume watching as much as they want, anytime, anywhere, and can change their plans at any time.

The Role

Netflix is one of the world's leading entertainment services with over 260 million paid memberships in over 190 countries enjoying TV series, films and games across a wide variety of genres and languages. Members can play, pause and resume watching as much as they want, anytime, anywhere, and can change their plans at any time.

In April 2022, we introduced a new, more affordable, ad-supported tier for our customers, marking a significant milestone for Netflix. Our focus is now on expanding choices for consumers and providing advertisers with a premium TV brand experience that surpasses traditional linear formats. The challenge ahead involves scaling our ad tech to maximize its impact on our business.

Our Team

The Ads Platform Engineering teams build advertising systems and integrations that powers the delivery of ads using our world-class content delivery ecosystem. We use a number of Netflix investments and innovations to power our ads - unique mix of client and server-side ad insertions, state of the art content delivery system, ad encoding recipes, content understanding and metadata. We deliver ads in a manner that’s thoughtful of our member’s viewing experience and drive great outcomes for advertisers. We also ensure that advertiser brand safety is ensured during serving, members only see the most appropriate ads for them.

Our team is new and yet faced with the enormous ambitions of building highly performant advertising systems and delivering high impact to our business by monetizing our incredible slate of content. As one of the newest entrants in the Connected TV advertising space that’s rapidly growing, we seek to build unique value propositions that help us differentiate from the competition and become a market leader in record time.

We are looking for highly motivated engineers working in the advertising space who are excited to join us on this journey.

Experience & Skills:

We are seeking an ML engineer with experience in the following areas:

•
Productionize models to forecast ad inventory availability and performance. This includes predicting future inventory needs based on historical data, market trends, and seasonal variations.

•
Productionized predictive models to forecast the effectiveness of advertising campaigns, including metrics like clicks, impressions, conversions, and ROI.

•
Bringing complex models to life in low-latency real-time advertising environments

•
Building Scalable Simulation solution to model different inventory scenarios, including demand fluctuations, pricing strategies, and inventory allocation.

•
Budgeting and Pacing systems, models, and algorithms

•
Applying Modeling and machine learning techniques for business problems at the intersection of product, data science, and engineering

•
Collaborate with cross-functional stakeholders from science team, product, engineering, operations, design, consumer research, etc., to productionize and deploy models at scale

Nice to Haves:

•
Publisher-side ad tech systems including ad servers, bidders, yield optimizers, and their demand-side counterparts (SSPs/DSPs)

•
Yield Optimization, scoring, and bid ranking models and Dynamic Allocation of direct/programmatic guaranteed and non-guaranteed inventory

•
Contributed to an ads industry technology standard (e.g  VAST, OpenRTB) or worked on an industry consortium effort, or working group.

•
Familiarity with legal compliance and the changing landscape of ad regulations around the world.

•
Experience working in the CTV space and knowledge of its unique constraints

Our compensation structure consists solely of an annual salary; we do not have bonuses. You choose each year how much of your compensation you want in salary versus stock options. To determine your personal top of market compensation, we rely on market indicators and consider your specific job family, background, skills, and experience to determine your compensation in the market range. The range for this role is $100,000 - $720,000.

Netflix provides comprehensive benefits including Health Plans, Mental Health support, a 401(k) Retirement Plan with employer match, Stock Option Program, Disability Programs, Health Savings and Flexible Spending Accounts, Family-forming benefits, and Life and Serious Injury Benefits. We also offer paid leave of absence programs.  Full-time hourly employees accrue 35 days annually for paid time off to be used for vacation, holidays, and sick paid time off. Full-time salaried employees are immediately entitled to flexible time off. See more detail about our Benefits here.

Netflix is a unique culture and environment.  Learn more here.

We are an equal-opportunity employer and celebrate diversity, recognizing that diversity of thought and background builds stronger teams. We approach diversity and inclusion seriously and thoughtfully. We do not discriminate on the basis of race, religion, color, ancestry, national origin, caste, sex, sexual orientation, gender, gender identity or expression, age, disability, medical condition, pregnancy, genetic makeup, marital status, or military service.

Job is open for no less than 7 days and will be removed when the position is filled.",5530,https://netflix.wd108.myworkdayjobs.com/Netflix/job/USA---Remote/ML-Engineer-L5---Ads-Platform-Engineering--Forecasting-_JR29684,,,,,,,no_match,,2026-09-17,,2026-09-17,,738,startDate,true,0,,,,Regular,Engineering,2024-09-09,,false,,,,,,
AJRT44855,"Software Engineer L7, Growth Engineering",Netflix,"Netflix, Inc.",Full time,Posted 30+ Days Ago,2024-08-27,751,USA - Remote,1,USA - Remote,true,,United States of America,9a7a8705901e1001f30e535431110000,0,"Netflix is one of the world’s leading entertainment services with 278 million paid memberships in over 190 countries enjoying TV series, films and games across a wide variety of genres and languages. Members can play, pause and resume watching as much as they want, anytime, anywhere, and can change their plans at any time.

The Role

At Netflix, our mission is to Entertain the World.  Over 270 million members around the globe enjoy our award-winning movies and TV shows, and much of our success still lies ahead.

Growth Engineering at Netflix is responsible for driving the continued growth of Netflix’s subscriber base and increasing the value we derive from each member. Our work helps users to discover and sign up for Netflix, and maintain their Netflix service. We participate on cross-functional teams focused on acquisition, retention, plans and pricing, user identity, customer support, and more, and provide foundational systems powering all billing, payments processing, and the consumer web application platform at Netflix.

As an L7 Software Engineer reporting to the Senior Director of Growth Engineering, you will identify and solve highly complex problems that impact the entirety of our organization, understand systems and practices to inform and guide technical roadmaps for our teams, and provide technical leadership and mentorship to peers, stakeholders, and partners.
Responsibilities Include:

• Define and drive the technical and architectural direction for the totality of the depth and breadth of the systems owned and operated by Growth Engineering, balancing business and customer benefit, cost, and resilience.

• Provide both strategic and tactical oversight as we maintain, extend and modernize our current systems, and build new capabilities and platforms.

• Partner with senior engineering leadership and our most experienced (L7) engineers, inside of and beyond Growth Engineering, to solve our hardest technical challenges and have a material impact on the business.

• Assist in the career development of others, actively mentoring individuals and the community on advanced technical issues, while helping managers guide the career growth of their team members.

Required Experience & Other Qualifications:

• 15+ years of professional software development experience as an individual contributor software engineer.

• Deeply technical, with demonstrated success in setting the technical direction for engineering projects and making architectural decisions, and with an aptitude for influencing others to embrace and align around solutions.

• Proven track record of designing, building, and supporting highly available and fault-tolerant systems in production.

• Expert understanding of the development of the full-stack consumer software products at scale; you may focus on client, mid-tier, distributed systems, or otherwise, but must have some familiarity with and capability to flex between these disciplines, and most importantly, deeply understand their interplay.

• Experience developing products that are A/B tested rigorously, and familiarity partnering with Data Science Engineering to help drive this experimentation efficiently and correctly.

• Exceptional collaboration and communication skills that enable effective work with cross-functional teams and stakeholders, technical and non-technical alike. Includes the ability to work with senior leadership to develop a long-term technical strategy and map business goals to appropriate technology investments.

Our compensation structure consists solely of an annual salary; we do not have bonuses. You choose each year how much of your compensation you want in salary versus stock options. To determine your personal top of market compensation, we rely on market indicators and consider your specific job family, background, skills, and experience to determine your compensation in the market range. The range for this role is $240,000 - $1,200,000.

Netflix provides comprehensive benefits including Health Plans, Mental Health support, a 401(k) Retirement Plan with employer match, Stock Option Program, Disability Programs, Health Savings and Flexible Spending Accounts, Family-forming benefits, and Life and Serious Injury Benefits. We also offer paid leave of absence programs.  Full-time hourly employees accrue 35 days annually for paid time off to be used for vacation, holidays, and sick paid time off. Full-time salaried employees are immediately entitled to flexible time off. See more detail about our Benefits here.

Netflix is a unique culture and environment.  Learn more here.

We are an equal-opportunity employer and celebrate diversity, recognizing that diversity of thought and background builds stronger teams. We approach diversity and inclusion seriously and thoughtfully. We do not discriminate on the basis of race, religion, color, ancestry, national origin, caste, sex, sexual orientation, gender, gender identity or expression, age, disability, medical condition, pregnancy, genetic makeup, marital status, or military service.

Job is open for no less than 7 days and will be removed when the position is filled.",5151,https://netflix.wd108.myworkdayjobs.com/Netflix/job/USA---Remote/Software-Engineer-L7--Growth-Engineering_AJRT44855,,,,,,,no_match,,2026-09-17,,2026-09-17,,751,startDate,true,0,,,,Regular,Engineering,2024-08-27,,false,,,,,,
JR29432,Research Engineer (L4) - Globalization - Live,Netflix,"Netflix, Inc.",Full time,Posted 30+ Days Ago,2024-08-27,751,USA - Remote,1,USA - Remote,true,,United States of America,9a7a8705901e1001f30e535431110000,0,"Netflix is one of the world’s leading entertainment services with 278 million paid memberships in over 190 countries enjoying TV series, films and games across a wide variety of genres and languages. Members can play, pause and resume watching as much as they want, anytime, anywhere, and can change their plans at any time.

The Role

At Netflix, our mission is to entertain the world by connecting our members to an extensive library of stories from all over the globe. We are revolutionizing international storytelling as we deliver billions of hours of movies and TV shows per month to 200+ million members across 190+ countries in 30+ languages.

The Globalization Data Science and Engineering team is at the forefront of removing language barriers and providing a stellar member experience to all our members regardless of their language preferences. We are responsible for the translation and cultural adaptation of all aspects of member interaction, including beautiful localized user interfaces, subtitles, and dubbing of award-winning Netflix originals.

We are looking for an experienced Research Engineer with established track records in Multilingual Live Caption and Translation technologies to develop and productize algorithms that power high quality localization at scale. In this rare opportunity, you will have the chance to conduct cutting-edge Machine Learning research to help enhance localization and global entertainment at Netflix. You will partner with a talented cross-functional team of scientists, engineers, product managers, and domain experts to deliver business impact.

Responsibilities

•
Research, develop and productize cutting-edge Multilingual Live Caption and Translation models

•
Partner closely with other ML engineers and scientists to integrate work into business applications

•
Act as domain expert and thought leader in identifying new research opportunities with significant business impact

•
Present your research to all levels of the company clearly and concisely

About you

•
Proven track record of conducting cutting-edge research in Multilingual Live Caption and Translation models, demonstrated by publications in top-tier conferences or journals

•
MS or PhD in ML, Computer Science or related fields

•
Familiarity with common ML and DL frameworks such as PyTorch or Tensorflow

•
Exceptional communication and collaboration skills

•
Comfortable with ambiguity; able to take ownership, and thrive with minimal oversight and process

•
Netflix culture resonates with you

Tags: ResearchSite

Our compensation structure consists solely of an annual salary; we do not have bonuses. You choose each year how much of your compensation you want in salary versus stock options. To determine your personal top of market compensation, we rely on market indicators and consider your specific job family, background, skills, and experience to determine your compensation in the market range. The range for this role is $170,000 - $720,000.

Netflix provides comprehensive benefits including Health Plans, Mental Health support, a 401(k) Retirement Plan with employer match, Stock Option Program, Disability Programs, Health Savings and Flexible Spending Accounts, Family-forming benefits, and Life and Serious Injury Benefits. We also offer paid leave of absence programs.  Full-time hourly employees accrue 35 days annually for paid time off to be used for vacation, holidays, and sick paid time off. Full-time salaried employees are immediately entitled to flexible time off. See more detail about our Benefits here.

Netflix is a unique culture and environment.  Learn more here.

We are an equal-opportunity employer and celebrate diversity, recognizing that diversity of thought and background builds stronger teams. We approach diversity and inclusion seriously and thoughtfully. We do not discriminate on the basis of race, religion, color, ancestry, national origin, caste, sex, sexual orientation, gender, gender identity or expression, age, disability, medical condition, pregnancy, genetic makeup, marital status, or military service.

We are an equal-opportunity employer and celebrate diversity, recognizing that diversity of thought and background builds stronger teams. We approach diversity and inclusion seriously and thoughtfully. We do not discriminate on the basis of race, religion, color, ancestry, national origin, caste, sex, sexual orientation, gender, gender identity or expression, age, disability, medical condition, pregnancy, genetic makeup, marital status, or military service.

Job is open for no less than 7 days and will be removed when the position is filled.",4643,https://netflix.wd108.myworkdayjobs.com/Netflix/job/USA---Remote/Research-Engineer--L4----Globalization---Live_JR29432,,,,,,,no_match,,2026-09-17,,2026-09-17,,751,startDate,true,0,,,,Regular,Data Science & Analytics,2024-08-27,,false,,,,,,
JR27773,Senior Software Engineer - Linux Specialist,Netflix,"Netflix Global, LLC",Full time,Posted 30+ Days Ago,2024-08-23,755,USA - Remote,1,USA - Remote,true,,United States of America,9a7a8705901e1001f30e535431110000,0,"Netflix is one of the world’s leading entertainment services with 278 million paid memberships in over 190 countries enjoying TV series, films and games across a wide variety of genres and languages. Members can play, pause and resume watching as much as they want, anytime, anywhere, and can change their plans at any time.

The Role

Senior Gameplay Engineer

The Senior Gameplay Engineer is responsible for the management, design, and implementation of game systems. You will provide technical mentorship and guidance for junior engineers, focusing on Linux-based environments.

Essential Functions/Responsibilities:

• Work on key gameplay and engine features independently or in a supervisory capacity over a small, cross-disciplinary team.

• Collaborate with Principal/Director level engineers to define technical specifications for large systems.

• Support project Lead. In their absence, fill in as needed for project meetings. Disseminate information and updates as appropriate and necessary.

• Partner with other engineers to develop tools and processes that improve efficiency and quality.

• Develop and update feature documentation, maintain a shared library of tech, and process documentation.

• Independently design and implement key systems and gameplay features.

• Demonstrate expertise/ownership in at least one major area of the codebase.

• Mentor, motivate, and inspire other engineers.

• Help guide or lead cross-disciplinary dialogs to drive features from initial concept to completion.

• Exemplify reliability, accountability, and professionalism in all work-related interactions.

• Partner with principal/director-level engineers to drive coding standards and best practices for the department and project team.

• Design, implement, and manage Linux-based systems and infrastructure.

• Optimize and troubleshoot Linux systems for performance and reliability.

• Ensure security best practices are followed for Linux systems.

• Serve as a liaison between Art and Engineering to efficiently facilitate art integration.

• Coordinate with game teams to ensure consistent standards and production methodologies across the studio.

• Work alongside the existing game team and code base to bring Netflix Stories to Linux platforms.

• Resolve any issues that arise with existing systems when running on Linux.

Skills and Abilities:

• Advanced programming skills within the relevant development environment(s).

• Ability to objectively evaluate code as part of a formal review process and effectively communicate opportunities for improved performance, resilience, and stability.

• Ability to coordinate and build effective partnerships within the engineering team and other development verticals.

• Demonstrated fundamentals of leadership, including clear and proactive communication and coordination, meeting moderation, and oversight of small cross-disciplinary initiatives.

• Able to manage multiple, competing tasks and be self-directed to meet deadlines in a quickly evolving environment.

• Positive attitude and ability to receive and provide objective and constructive feedback.

• Excellent organization skills.

• Advanced knowledge and experience with Linux operating systems and environments.

• Proficiency in Linux shell scripting and command-line tools.

• Experience with Linux-based application development, deployment, and maintenance.

• Familiarity with containerization technologies like Docker and orchestration tools like Kubernetes.

Education and Experience:

• Computer Science, Mathematics, Engineering, or related degree, or equivalent work experience.

• 8 years experience in delivering production-level code in a professional environment.

• Experience shipping multiple successful game products into the marketplace.

• Experience supporting a live service.

• iOS and Android mobile development experience.

• Real-time strategy and Unity 3D game development experience.

• Thorough understanding of the software development life cycle, and practices.

• Experience with Jira, Confluence, or other defect-tracking software.

• Extensive experience with Linux operating systems in a professional environment.

• Previous experience in Linux system administration or engineering.

Position Type/Expected Hours of Work
Our core hours are 10:00 am to 6:00 pm CST, which means you should be available for meetings etc. during this time frame.

Other Duties
Please note this job description is not designed to cover or contain a comprehensive listing of activities, duties, or responsibilities that are required of the employee for this job duties.

Our compensation structure consists solely of an annual salary; we do not have bonuses. You choose each year how much of your compensation you want in salary versus stock options. To determine your personal top of market compensation, we rely on market indicators and consider your specific job family, background, skills, and experience to determine your compensation in the market range. The range for this role is $100,000-$600,000.

Netflix provides comprehensive benefits including Health Plans, Mental Health support, a 401(k) Retirement Plan with employer match, Stock Option Program, Disability Programs, Health Savings and Flexible Spending Accounts, Family-forming benefits, and Life and Serious Injury Benefits. We also offer paid leave of absence programs.  Full-time hourly employees accrue 35 days annually for paid time off to be used for vacation, holidays, and sick paid time off. Full-time salaried employees are immediately entitled to flexible time off. See more detail about our Benefits here.

Netflix is a unique culture and environment.  Learn more here.

We are an equal-opportunity employer and celebrate diversity, recognizing that diversity of thought and background builds stronger teams. We approach diversity and inclusion seriously and thoughtfully. We do not discriminate on the basis of race, religion, color, ancestry, national origin, caste, sex, sexual orientation, gender, gender identity or expression, age, disability, medical condition, pregnancy, genetic makeup, marital status, or military service.

Job is open for no less than 7 days and will be removed when the position is filled.",6240,https://netflix.wd108.myworkdayjobs.com/Netflix/job/USA---Remote/Senior-Software-Engineer---Linux-Specialist_JR27773,,,,,,,no_match,,2026-09-17,,2026-09-17,,755,startDate,true,0,,,,Regular,Games,2024-08-23,,false,,,,,,
JR28109,Senior Systems Engineer - DevOps (Active Directory),Netflix,"Netflix Global, LLC",Full time,Posted 30+ Days Ago,2024-08-20,758,USA - Remote,1,USA - Remote,true,,United States of America,9a7a8705901e1001f30e535431110000,0,"Netflix is one of the world’s leading entertainment services with 278 million paid memberships in over 190 countries enjoying TV series, films and games across a wide variety of genres and languages. Members can play, pause and resume watching as much as they want, anytime, anywhere, and can change their plans at any time.

The Role

The N-Tech Systems Engineering team at Netflix focuses on improving the employee experience, collaboration, and productivity of our global employees and support teams. As a centralized engineering team responsible for helping Netflix employees with how they work, we aim to remove friction, simplify workflows by increasing automation, and provide technical solutions so they can focus on bringing engaging stories to our members all over the world. This role will focus on engineering solutions for Active Directory, Microsoft Azure and Google Workspace products.
Key Responsibilities:

• As a member of the N-Tech Systems Engineering team, you will be responsible for developing tools and services that support Netflix’s Active Directory infrastructure.

• Implement and enforce security policies, access controls, and group memberships within Active Directory.

• You will establish the technical strategy and offer insights on the deployment of Microsoft Azure & Google Workspace products and services through collaboration with stakeholders and by understanding business use cases.

• You will be collaborating with cross-functional teams to design and implement solutions that meet the needs of our stakeholders and business.

• You’ll help maintain and document services owned by the team to ensure our runbooks and processes stay up to date.

• Participate in a weekly on-call rotation with the team, be responsible for answering operational questions during business hours, and be available during off-hours for emergency pages.

• Stay up to date on the latest trends and technologies of the N-Tech Systems Engineering service portfolio.

Qualifications:

• Systems Engineering experience supporting and operating Active Directory, Microsoft Azure, and Google Workspace in an Enterprise Environment.

• Strong background in designing scalable, reliable, and efficient systems. Including understanding trade-offs in system design, design for fault tolerance and recovery, and knowledge of best practices in distributed systems.

• MUST HAVE: Know one or more general-purpose programming languages including but not limited to Python, Javascript, or Go.

• Working knowledge utilizing APIs for integration/ETL automation.

• Ability to use well-established enterprise standards, processes, and procedures to ensure engineering projects are delivered in a timely fashion with high-quality work products.

• Ability to manage and maintain AWS infrastructure to support production systems.

• Understanding SDLC and project management frameworks agile, scrum and iterative.

• Exposure to directory services and cloud identity providers (Okta, Google, Azure AD/Entra ID).

• Well-versed in producing technical documentation that conveys the story of business impact.

• Production experience utilizing CI/CD for code deployment.

Our compensation structure consists solely of an annual salary; we do not have bonuses. You choose each year how much of your compensation you want in salary versus stock options. To determine your personal top of market compensation, we rely on market indicators and consider your specific job family, background, skills, and experience to determine your compensation in the market range. The range for this role is $100,000 - $720,000.

Netflix provides comprehensive benefits including Health Plans, Mental Health support, a 401(k) Retirement Plan with employer match, Stock Option Program, Disability Programs, Health Savings and Flexible Spending Accounts, Family-forming benefits, and Life and Serious Injury Benefits. We also offer paid leave of absence programs.  Full-time hourly employees accrue 35 days annually for paid time off to be used for vacation, holidays, and sick paid time off. Full-time salaried employees are immediately entitled to flexible time off. See more detail about our Benefits here.

Netflix is a unique culture and environment.  Learn more here.

We are an equal-opportunity employer and celebrate diversity, recognizing that diversity of thought and background builds stronger teams. We approach diversity and inclusion seriously and thoughtfully. We do not discriminate on the basis of race, religion, color, ancestry, national origin, caste, sex, sexual orientation, gender, gender identity or expression, age, disability, medical condition, pregnancy, genetic makeup, marital status, or military service.

Job is open for no less than 7 days and will be removed when the position is filled.",4800,https://netflix.wd108.myworkdayjobs.com/Netflix/job/USA---Remote/Senior-Systems-Engineer---N-TECH-Systems-Engineering_JR28109,,,,,,,no_match,,2026-09-17,,2026-09-17,,758,startDate,true,0,,,,Regular,Engineering,2024-08-20,,false,,,,,,
AJRT46523,Visualization Engineer (L5) - Content & Studio,Netflix,"Netflix, Inc.",Full time,Posted 30+ Days Ago,2024-08-19,759,USA - Remote,1,USA - Remote,true,,United States of America,9a7a8705901e1001f30e535431110000,0,"Netflix is one of the world’s leading entertainment services with 278 million paid memberships in over 190 countries enjoying TV series, films and games across a wide variety of genres and languages. Members can play, pause and resume watching as much as they want, anytime, anywhere, and can change their plans at any time.

The Role

At Netflix, we seek to entertain the world. We have more than 200 million members in 190 countries, reflecting that great stories can come from anywhere and be loved everywhere.

As Netflix continues to grow - we are leveraging the unique position we have as both a content distributor and producer to create cutting-edge data driven insights supporting a variety of decisions about the content we make and buy.

The Tools & Insights team, within Data Science & Engineering, builds and maintains data storytelling products for Content, Marketing and Advertising teams.  Our products are seen as company-wide sources of truth and play a critical role in creating a shared understanding of the success of our titles.  We partner with strategists, data scientists and engineers to tell a holistic story through a connected suite of performant data visualization applications.  We’re seeking a visualization engineer to own the user experience and data visualizations for our internal content reporting.

You Are:

• Passionate about building beautiful web apps that focus on data explanation and exploration. You have experience with Node.js and front-end JavaScript (TypeScript encouraged). You have experience working with a component framework like React or Vue.js. D3 or other visualization experience preferred.

• Self-directed. You enjoy owning your projects and working with product managers and stakeholders to come to creative solutions to our users’ problems.

• You are focused on making data useful to a wide variety of users. You enjoy the challenge of making complex data intuitive to a broad audience. You welcome user feedback and use that information to iterate on your tools.

• Knowledgeable about trade-offs between different chart types and able to make good decisions on how to best represent various types of data.

• Passionate about designing, building, and iterating on interfaces, with a strong sense of the entire user experience, not just the individual pieces. Experience working with design prototyping tools like Figma, Adobe XD or Sketch is a plus.

• Experienced working with data from a variety of sources, including API endpoints and relational databases.

• Motivated to explore new technologies and comfortable with self-directed learning.

• Familiar working with data-centric teams on metrics and analytics, and have basic statistical knowledge and intuition.

You can expect to:

• Work on some of the most used internal tools at Netflix, bringing together multiple data sources, metrics and predictive analytics to keep our business informed about how our ads business is performing.

• Work with both creative and business stakeholders to rapidly iterate on your initial designs based on user research and feedback.

• Partner closely with R&D teams to bring new metrics, models and data sources to Netflix.

Our compensation structure consists solely of an annual salary; we do not have bonuses. You choose each year how much of your compensation you want in salary versus stock options. To determine your personal top of market compensation, we rely on market indicators and consider your specific job family, background, skills, and experience to determine your compensation in the market range. The range for this role is $170,000 - $720,000.

Netflix provides comprehensive benefits including Health Plans, Mental Health support, a 401(k) Retirement Plan with employer match, Stock Option Program, Disability Programs, Health Savings and Flexible Spending Accounts, Family-forming benefits, and Life and Serious Injury Benefits. We also offer paid leave of absence programs. Full-time hourly employees accrue 35 days annually for paid time off to be used for vacation, holidays, and sick paid time off. Full-time salaried employees are immediately entitled to flexible time off. See more detail about our Benefits here.

Netflix is a unique culture and environment. Learn more here.

We are an equal-opportunity employer and celebrate diversity, recognizing that diversity of thought and background builds stronger teams. We approach diversity and inclusion seriously and thoughtfully. We do not discriminate on the basis of race, religion, color, ancestry, national origin, caste, sex, sexual orientation, gender, gender identity or expression, age, disability, medical condition, pregnancy, genetic makeup, marital status, or military service.

Job is open for no less than 7 days and will be removed when the position is filled.",4813,https://netflix.wd108.myworkdayjobs.com/Netflix/job/USA---Remote/Visualization-Engineer--L5----Content---Studio_AJRT46523,,,,,,,no_match,,2026-09-17,,2026-09-17,,759,startDate,true,0,,,,Regular,Data Science & Analytics,2024-08-19,,false,,,,,,
AJRT44940,Data Engineer (L5) - Privacy,Netflix,"Netflix, Inc.",Full time,Posted 30+ Days Ago,2024-08-14,764,USA - Remote,1,USA - Remote,true,,United States of America,9a7a8705901e1001f30e535431110000,0,"Netflix is one of the world’s leading entertainment services with 278 million paid memberships in over 190 countries enjoying TV series, films and games across a wide variety of genres and languages. Members can play, pause and resume watching as much as they want, anytime, anywhere, and can change their plans at any time.

The Role
Netflix is enjoyed by more than 230 million members globally, entertaining new audiences every day.  We are in the midst of major transformative developments for the Netflix product with the launch of an Advertising-supported plan, Games, and Live content. These new products, alongside our streaming service, have resulted in significant increases in the complexity and breadth of our internal data ecosystem. We manage one of the largest paid subscription businesses and are committed to handling our members’ data with a high degree of care towards appropriate use as well as compliance with local privacy laws and regulations in the 190+ countries where we operate.

The Privacy and Legal Data Engineering pod builds scalable data management and extraction frameworks which are at the core of our ability to hold ourselves to the highest data privacy and hygiene standards in the industry.

We are looking for a Data Engineer to help augment our ability to build these robust, scalable privacy-centric data frameworks. As part of this team, you will work on diverse data technologies such as Spark, Presto, Flink, Kafka, and others to build insightful, scalable, and robust data pipelines; write ETL jobs to collect and aggregate data; and build high-quality data frameworks that enable appropriate handling of customer personal data.

The ideal candidate will bring a strong track record of having built data systems and frameworks to strengthen the privacy posture at large consumer businesses. They will have a deep background in distributed data processing and share our passion for continuously improving the ways we handle data to make Netflix's data privacy posture better.

Who you are:

• Passionate about consumer-centric data privacy and risk mitigation for the business

• Highly proficient in at least one of Java, Python, or Scala with at least 10 years of software/data engineering experience

• Proficient in advanced SQL and effective in a complex data environment

• Highly experienced in engineering data pipelines using big data technologies (Hive, Presto, Spark, Flink) on medium to large scale data sets

• Comfortable working cross-functionally with multiple types of stakeholder groups

• Able to successfully lead large, complex systems design and implementation challenges independently

What you will do:

• Design and implement elegant frameworks to scalably meet various internal and consumer-facing data privacy and legal needs

• Engineer efficient, adaptable and scalable data pipelines to process structured and unstructured data

• Develop a deep understanding of the data ecosystem at Netflix from a privacy lens

• Partner with the privacy engineering teams to understand product goals and provide data that enables us to respond to customer and regulatory data requests

• Mentor and inspire teammates while elevating the impact of the team

• Enable Netflix to effectively manage legal and regulatory risk and compliance while maintaining a high standard of consumer data privacy expectations

A few more things to know:
Our culture is unique and we live by our values, so it's worth learning more about Netflix at jobs.netflix.com/culture. We regularly share examples of our work on our tech blog. You will need to be comfortable working in the most agile of environments. Requirements will be vague. Iterations will be rapid. You will need to be nimble and take smart risks.

Our compensation structure consists solely of an annual salary; we do not have bonuses. You choose each year how much of your compensation you want in salary versus stock options. To determine your personal top-of-market compensation, we rely on market indicators and consider your specific job family, background, skills, and experience to determine your compensation in the market range. The range for this role is $170,000 - $720,000.

Netflix provides comprehensive benefits including Health Plans, Mental Health support, a 401(k) Retirement Plan with employer match, Stock Option Program, Disability Programs, Health Savings and Flexible Spending Accounts, Family-forming benefits, and Life and Serious Injury Benefits. We also offer paid leave of absence programs.  Full-time hourly employees accrue 35 days annually for paid time off to be used for vacation, holidays, and sick paid time off. Full-time salaried employees are immediately entitled to flexible time off. See more details about our Benefits here.

Netflix is a unique culture and environment.  Learn more here.

We are an equal-opportunity employer and celebrate diversity, recognizing that diversity of thought and background builds stronger teams. We approach diversity and inclusion seriously and thoughtfully. We do not discriminate on the basis of race, religion, color, ancestry, national origin, caste, sex, sexual orientation, gender, gender identity or expression, age, disability, medical condition, pregnancy, genetic makeup, marital status, or military service.

Job is open for no less than 7 days and will be removed when the position is filled.",5385,https://netflix.wd108.myworkdayjobs.com/Netflix/job/USA---Remote/Data-Engineer--L5----Privacy_AJRT44940,,,,,,,no_match,,2026-09-17,,2026-09-17,,764,startDate,true,0,,,,Regular,Data Science & Analytics,2024-08-14,,false,,,,,,
JR28935,"Senior Content Designer, Live and Sports",Netflix,"Netflix, Inc.",Full time,Posted 30+ Days Ago,2024-08-14,764,USA - Remote,1,USA - Remote,true,,United States of America,9a7a8705901e1001f30e535431110000,0,"Netflix is one of the world’s leading entertainment services with 278 million paid memberships in over 190 countries enjoying TV series, films and games across a wide variety of genres and languages. Members can play, pause and resume watching as much as they want, anytime, anywhere, and can change their plans at any time.

The Role

Netflix is seeking a Senior Content Designer for our Live XD team. The successful candidate will combine superior craft and communication skills with a passion for user experience design and entertainment.

About the role

You’ll use language and design to help shape the future of Live programming on Netflix, including sports and must-see events. As part of a cross-functional team, you’ll test new ideas and approaches to content design that inform, educate, guide, and delight while creating business value.

About you

You love using language to create intuitive, frictionless user experiences. You have a passion for both end-to-end feature development and designing experiments focusing on different language approaches. You possess a strong desire to understand user behavior and business success through data and consumer insights, and are passionate about partnering with Globalization to make Netflix amazing around the world.

Your Skills:

•
You’re a storyteller who can craft and orchestrate cohesive narratives across platforms.

•
You’re comfortable with experiment design, and working closely with Designers and Product Managers to develop hypotheses and test plans.

•
You use words and tone of voice to bring products to life and give interactions a brand personality.

•
You’re able to flex your writing style from pithy value props to more tactical microcopy.

•
You’re a systems thinker who excels at developing scalable language frameworks.

•
You know how to bring a product’s voice to life in order to connect with customers.

•
You communicate productively with visual thinkers and will be comfortable advocating for your point of view in our candid, feedback-driven culture.

Key Responsibilities:

•
You’ll work on several projects at once, providing concepting, content strategy, and writing from early ideation through final execution.

•
You understand how to rationalize UX solutions with data, improve designs through feedback, and thoughtfully question the status quo.

•
You’ll initiate your own innovation projects and identify opportunities to join existing projects to elevate the quality of their work.

•
You’ll partner with Design leadership to evolve Netflix’s guidelines and standards.

Preferred Qualifications

•
5+ years experience writing for consumer-facing digital products.

•
Ability to work autonomously and make strategic decisions independently.

•
Portfolio demonstrating Content Design and user-focused product design strategy.

•
Experience designing for streaming services, live TV, and/or sports is a plus.

•
Outstanding communication, presentation, and people skills.

•
Experience with a/b testing and experiments

•
Ability to think critically about user journeys and content flows, and to connect the dots between them.

This is a full-time, salaried role reporting to the Content Design Manager in the Member Experience Design (XD) team.

Generally, our compensation structure consists solely of an annual salary; we do not have bonuses. You choose each year how much of your compensation you want in salary versus stock options. To determine your personal top of market compensation, we rely on market indicators and consider your specific job family, background, skills, and experience to determine your compensation in the market range. The range for this role is $120,000-$515,000

Netflix provides comprehensive benefits including Health Plans, Mental Health support, a 401(k) Retirement Plan with employer match, Stock Option Program, Disability Programs, Health Savings and Flexible Spending Accounts, Family-forming benefits, and Life and Serious Injury Benefits. We also offer paid leave of absence programs.  Full-time hourly employees accrue 35 days annually for paid time off to be used for vacation, holidays, and sick paid time off. Full-time salaried employees are immediately entitled to flexible time off. See more detail about our Benefits here.

Netflix is a unique culture and environment.  Learn more here.

We are an equal-opportunity employer and celebrate diversity, recognizing that diversity of thought and background builds stronger teams. We approach diversity and inclusion seriously and thoughtfully. We do not discriminate on the basis of race, religion, color, ancestry, national origin, caste, sex, sexual orientation, gender, gender identity or expression, age, disability, medical condition, pregnancy, genetic makeup, marital status, or military service.

Job is open for no less than 7 days and will be removed when the position is filled.",4877,https://netflix.wd108.myworkdayjobs.com/Netflix/job/USA---Remote/Senior-Content-Designer--Live-Sports_JR28935,,,,,,,no_match,,2026-09-17,,2026-09-17,,764,startDate,true,0,,,,Regular,Product,2024-08-14,,false,,,,,,
AJRT29639,Senior Technical Producer,Netflix,"Netflix Global, LLC",Full time,Posted 30+ Days Ago,2024-08-14,764,USA - Remote,1,USA - Remote,true,,United States of America,9a7a8705901e1001f30e535431110000,0,"Netflix is one of the world’s leading entertainment services with 278 million paid memberships in over 190 countries enjoying TV series, films and games across a wide variety of genres and languages. Members can play, pause and resume watching as much as they want, anytime, anywhere, and can change their plans at any time.

The Role
We are seeking a Senior Technical Producer to join our production team and play a pivotal role in coordinating the complex technical aspects of our multiplayer game projects. The ideal candidate will have a solid technical background, experience in multiplayer game production, and the ability to manage technical risks effectively.

Essential Functions/Responsibilities

• Lead the coordination of complex technical aspects of software development, ensuring alignment with strategic project goals and timelines.

• Act as a critical partner with external entities for outsourcing, managing relationships, and ensuring high-quality deliverables.

• Oversee and guide the technical pipeline, including tool building and feature implementation, focusing on innovation and efficiency.

• Mentor engineers, assisting them in planning and scheduling their work while proactively identifying and addressing potential risks and solutions.

• Drive the production of advanced technical features, especially those related to multiplayer gameplay, setting high standards for quality and performance.

• Collaborate with senior cross-functional teams to ensure seamless integration of technical components and alignment with overall project vision.

Skills and Abilities

• Expert understanding of connected software development methodologies and best practices.

• Preferred proven knowledge of software methodologies, best practices, and leading technical teams on large-scale multiplayer games.

• Exceptional analytical skills and the ability to communicate complex technical features and risks clearly to a variety of stakeholders.

• Strong leadership and project management skills, with a demonstrated ability to drive technical projects to successful completion.

• Ability to coordinate and build effective partnerships

• Clear and proactive communication and coordination

• Able to manage multiple, competing tasks and be self-directed to meet deadlines in a quickly evolving environment

• Positive attitude and ability to receive and provide objective and constructive feedback

Education and Experience

• Previous experience shipping 2 or more equivalent quality games

•

• Extensive experience as a Technical Producer or similar senior role in the gaming industry, with a proven track record of successful technical project management.

• Engineering degree or a related field (preferred but not required).

• In-depth experience with server and client networking, with a strong understanding of the challenges and solutions in multiplayer game environments.

• Significant experience in guiding key technical elements for multiplayer experiences, with a portfolio of successful projects.

Other Duties

• Position Type/Expected Hours of Work: Our core hours are 10 am to 6:00 pm CST, which means you should be available for meetings etc. during this time.

• Other Duties: Please note this job description is not designed to cover or contain a comprehensive listing of activities, duties, or responsibilities that are required of the employee for this job. Duties, responsibilities, and activities may change at any time with or without notice.

At Netflix, we carefully consider a wide range of compensation factors to determine your personal top of market. We rely on market indicators to determine compensation and consider your specific job family, background, skills, and experience to get it right. These considerations can cause your compensation to vary and will also be dependent on your location.

Our compensation structure consists solely of an annual salary; we do not have bonuses. You choose each year how much of your compensation you want in salary versus stock options. To determine your personal top-of-market compensation, we rely on market indicators and consider your specific job family, background, skills, and experience to determine your compensation in the market range. The range for this role is $60,000 - $270,000.

Netflix provides comprehensive benefits including Health Plans, Mental Health support, a 401(k) Retirement Plan with employer match, Stock Option Program, Disability Programs, Health Savings and Flexible Spending Accounts, Family-forming benefits, and Life and Serious Injury Benefits. We also offer paid leave of absence programs.  Full-time hourly employees accrue 35 days annually for paid time off to be used for vacation, holidays, and sick paid time off. Full-time salaried employees are immediately entitled to flexible time off. See more details about our Benefits here.

Netflix has a unique culture and environment.  Learn more here.

We are an equal-opportunity employer and celebrate diversity, recognizing that diversity of thought and background builds stronger teams. We approach diversity and inclusion seriously and thoughtfully. We do not discriminate on the basis of race, religion, color, ancestry, national origin, caste, sex, sexual orientation, gender, gender identity or expression, age, disability, medical condition, pregnancy, genetic makeup, marital status, or military service.

Job is open for no less than 7 days and will be removed when the position is filled.",5481,https://netflix.wd108.myworkdayjobs.com/Netflix/job/USA---Remote/Senior-Technical-Producer_AJRT29639,,,,,,,no_match,,2026-09-17,,2026-09-17,,764,startDate,true,0,,,,Regular,Games,2024-08-14,,false,,,,,,
JR29124,"Senior Test Engineer (L5), iOS Games SDK",Netflix,"Netflix, Inc.",Full time,Posted 30+ Days Ago,2024-08-14,764,USA - Remote,1,USA - Remote,true,,United States of America,9a7a8705901e1001f30e535431110000,0,"Netflix is one of the world’s leading entertainment services with 278 million paid memberships in over 190 countries enjoying TV series, films and games across a wide variety of genres and languages. Members can play, pause and resume watching as much as they want, anytime, anywhere, and can change their plans at any time.

The Role

The Games SDK team is responsible for the SDK libraries that game developers use to access the functionality of the Netflix Games Platform, implementing it across several supported platforms and game engines for mobile and cloud. As a member of the Games SDK team, you will play a pivotal role in evaluating and improving the quality of our SDK product. This role will focus on the quality of both the experience that game developers have when integrating the SDK into their games and the experience of Netflix customers using SDK functionality in games.

Netflix is redefining what it means to make games along with new ways to engage with content and we welcome you to join us in our journey!

What you will do

•
Contribute to the overall quality and testing strategy for the SDK team, with a focus on our iOS Games SDK, advocating for improvements to test infrastructure and tools where necessary

•
Drive design and implementation of automation tests and the tools and infrastructure needed to support automation

•
Debug issues with a variety of tools and identify root causes in close partnership with SDK engineers

•
Manually test new features and integration points that are difficult to automate

•
Contribute to test games and sample code that integrate and utilize the SDK

•
Gather and analyze operational data to gain insights on how to improve test stability, performance, and developer engagement

What sets you apart?

•
You are comfortable with some degree of uncertainty and ambiguity. This new game platform is evolving quickly as we learn what drives member joy in the gaming space.

•
You exude developer empathy. You have a deep understanding of game development and great intuition for crafting and testing clean, easy-to-use API for game developers

•
You thrive on cross-functional collaboration. You have excellent communication skills and can translate objectives and concerns between different teams, creating greater alignment between all the stakeholders on a project.

•
You are self-motivated. You proactively look for solutions to bridge the needs of the business with technology.

•
You have strong analytical skills. You are adept at analyzing data to gain insights that drive improvements in app quality.

What skills are important to us?

We value aptitude over experience, but here are some key skills that will make you successful on this team:

•
Experience writing automated tests and using them to power short feedback cycles in a continuous integration environment

•
Strong programming knowledge and hands-on experience with Objective-C and Swift

•
Experience developing or testing third-party SDKs

•
Experience with build and test orchestration tools such as Jenkins

•
Experience with Unity or Unreal and automated testing of plugins and bindings in those environments is a plus

Our compensation structure consists solely of an annual salary; we do not have bonuses. You choose each year how much of your compensation you want in salary versus stock options. To determine your personal top of market compensation, we rely on market indicators and consider your specific job family, background, skills, and experience to determine your compensation in the market range. The range for this role is $100,000 - $720,000.

Netflix provides comprehensive benefits including Health Plans, Mental Health support, a 401(k) Retirement Plan with employer match, Stock Option Program, Disability Programs, Health Savings and Flexible Spending Accounts, Family-forming benefits, and Life and Serious Injury Benefits. We also offer paid leave of absence programs.  Full-time hourly employees accrue 35 days annually for paid time off to be used for vacation, holidays, and sick paid time off. Full-time salaried employees are immediately entitled to flexible time off.

We are an equal-opportunity employer and celebrate diversity, recognizing that diversity of thought and background builds stronger teams. We approach diversity and inclusion seriously and thoughtfully. We do not discriminate on the basis of race, religion, color, ancestry, national origin, caste, sex, sexual orientation, gender, gender identity or expression, age, disability, medical condition, pregnancy, genetic makeup, marital status, or military service.

Job is open for no less than 7 days and will be removed when the position is filled.",4690,https://netflix.wd108.myworkdayjobs.com/Netflix/job/USA---Remote/Senior-Test-Engineer--L5---iOS-Games-SDK_JR29124,,,,,,,no_match,,2026-09-17,,2026-09-17,,764,startDate,true,0,,,,Regular,Engineering,2024-08-14,,false,,,,,,
AJRT46622,Data Engineer (L5) - Growth Insights and Foundations,Netflix,"Netflix, Inc.",Full time,Posted 30+ Days Ago,2024-07-23,786,USA - Remote,1,USA - Remote,true,,United States of America,9a7a8705901e1001f30e535431110000,0,"Netflix is one of the world’s leading entertainment services with 278 million paid memberships in over 190 countries enjoying TV series, films and games across a wide variety of genres and languages. Members can play, pause and resume watching as much as they want, anytime, anywhere, and can change their plans at any time.

The Role
Netflix is re-imagining entertainment with over 270 million paid memberships in over 190 countries on millions of devices. One of the ways we do this is by using insights from data to optimize for the best customer experience. The Growth Insights and Foundations Data Engineering team ensures the availability of critical data to enhance ""in-the-moment"" experiences across various product canvases for both current and future Netflix members.

In this role, you will partner closely with data scientists and other engineers to build low-latency data products capable of powering algorithms and machine learning models that run across our commerce, identity flows, and more. This role is ideal for an individual with an analytically bent mind coupled with a robust engineering background who can develop highly available and reliable distributed data systems and services to ensure the timely delivery of high-quality data for use in the Netflix product.
About you:

• You are proficient in at least one major language preferably on the JVM stack (e.g., Java, Scala) and SQL (any variant). You strive to write elegant and maintainable code, and you're comfortable with picking up new technologies.

• You have a product mindset and are curious to understand the business's needs. You have a naturally collaborative style to work with product management, data science, engineering, etc in service of these needs.

• You possess a strong data intuition and know how to apply your analytical skills and data engineering fundamentals to support building high quality data products.

• You have experience building applications that use  large-scale distributed systems, data processing frameworks (batch and real-time) e.g. Spark, Flink, etc., and storage solutions.

• You are passionate about making data available for self-service, and wider integration.  You have knowledge about transport protocols and are well-versed with building APIs/services and frameworks used for them e.g. Spring, gRPC etc.

• You have experience in supporting and maintaining products that run 24x7, ensuring high availability and reliability.

• You can craft scalable systems and solutions to realize a range of product and engineering goals.

• You have a strong operational awareness and design multi-tenant systems that can handle high-scale and high-throughput demands while being easy to operate, monitor, scale, and maintain.

• You prioritize observability in your designs, ensuring systems are equipped with comprehensive monitoring, logging, and alerting to facilitate proactive issue detection and resolution.

• You own what you build, beyond just your code and have a passion for quality.

• You are comfortable working in the most agile of environments with vague requirements. You are nimble and can pivot easily when needed. You are unafraid to take smart risks.

• You relate to and embody many aspects of Netflix's Culture. You love working independently while also collaborating and giving/receiving candid feedback.

Learn more about the team, and technologies you’d get to work with!

Our compensation structure consists solely of an annual salary; we do not have bonuses. You choose each year how much of your compensation you want in salary versus stock options. To determine your personal top of market compensation, we rely on market indicators and consider your specific job family, background, skills, and experience to determine your compensation in the market range. The range for this role is  $170,000 - $720,000.

Netflix provides comprehensive benefits including Health Plans, Mental Health support, a 401(k) Retirement Plan with employer match, Stock Option Program, Disability Programs, Health Savings and Flexible Spending Accounts, Family-forming benefits, and Life and Serious Injury Benefits. We also offer paid leave of absence programs.  Full-time hourly employees accrue 35 days annually for paid time off to be used for vacation, holidays, and sick paid time off. Full-time salaried employees are immediately entitled to flexible time off. See more detail about our Benefits here.

Netflix is a unique culture and environment.  Learn more here.

We are an equal-opportunity employer and celebrate diversity, recognizing that diversity of thought and background builds stronger teams. We approach diversity and inclusion seriously and thoughtfully. We do not discriminate on the basis of race, religion, color, ancestry, national origin, caste, sex, sexual orientation, gender, gender identity or expression, age, disability, medical condition, pregnancy, genetic makeup, marital status, or military service.

Job is open for no less than 20 days and will be removed when the position is filled.",5049,https://netflix.wd108.myworkdayjobs.com/Netflix/job/USA---Remote/Data-Engineer--L5----Growth-Insights-and-Foundations_AJRT46622,,,,,,,no_match,,2026-09-17,,2026-09-17,,786,startDate,true,0,,,,Regular,Data Science & Analytics,2024-07-23,,false,,,,,,
