reqId,title,company,hiringOrg,timeType,postedOn,startDate,postingAgeDays,primaryLocation,nLocations,locations,remoteFlag,stateCodes,country,questionnaireId,similarJobsCount,description,descriptionLength,url,detailError,linkedinUrl,linkedinPostedDate,numApplicants,applicantLabel,dateDeltaDays,corroborationStatus,matchMethod,firstSeenDate,corroboratedOn,dumpDate,endDate,daysOnMarket,daysOnMarketBasis,censored,repostCount,lastResetDate,applicationDeadline,daysLeftToApply,workerSubType,jobFamilyGroup,earliestEvidenceDate,crossSourceRepostEvidence,applicantCensored,h1bFilings,h1bWageP25,h1bWageP50,h1bWageP75,h1bMatchBasis,h1bMatchTitle
REQ-0010064,"Director, Art Direction - Unpublished R&D Product",riotgames,Riot Games,,Posted 7 Days Ago,,,"Los Angeles, USA",1,"Los Angeles, USA",false,,United States,,0,"<p>Art Directors at Riot drive the quality and performance of their team, establishing direction and goals that provide clarity and focus. Your scope of responsibilities include leading with vision, strategic partnership across the game, a deep understanding of audience resonance, overall team culture and performance, growth of your direct reports, and directing your team on successful execution of your vision and strategy.<br><br>As an <strong>Art Director</strong> an unpublished R&D product, you will help bring the game’s visual direction to life in a new game for players around the world. You will translate our creative direction into a distinctive, emotionally compelling, production-ready visual identity that supports gameplay, strengthens character appeal, and meets the craft bar players expect from Riot. You will partner closely with Creative Direction, Game Leadership, cross-disciplinary teams, and external partners to translate the game’s visual ambition into a cohesive, art direction. </p>
<h2>Responsibilities:</h2>
<ul>
<li>Steward the game’s visual identity from concept through production</li>
<li>Translate creative direction into clear visual standards, production practices, and scalable art workflows</li>
<li>Drive visual quality, appeal, and gameplay readability across all player-facing art</li>
<li>Apply deep expertise in the art style across art, animation, VFX, visual storytelling, and character-driven experiences</li>
<li>Balance artistic ambition with technical requirements and production realities</li>
<li>Build, lead, and mentor high-performing internal and external art teams</li>
<li>Direct co-development partners, vendors, and distributed creative talent to deliver consistently high-quality work</li>
<li>Partner across design, narrative, audio, engineering, product, and IP to ensure art strengthens the player experience</li>
<li>Provide clear visual feedback through reviews, paintovers, references, and development guidance</li>
<li>Maintain deep awareness of the art style, creative influences, and evolving player expectations</li>
</ul>
<h2>Required Qualifications: </h2>
<ul>
<li>12+ years of experience developing games, with 8+ years leading art teams</li>
<li>Experience as an Art Director or key artistic decision maker on at least one shipped 3D game</li>
<li>Experience delivering games with strong character appeal in both model and animation</li>
<li>Strong understanding of the pipelines, production techniques, and technical constraints required to deliver stylized visuals in games</li>
<li>Strong artistic judgment across character design, composition, shape language, color, lighting, animation, VFX, and gameplay readability</li>
<li>Experience balancing visual quality against technical, production, platform, and team-size constraints</li>
<li>Experience building, leading, mentoring, and aligning art teams across cross-functional game development</li>
<li>Experience directing external vendors or distributed art teams</li>
<li>Champion of healthy creative processes that support iteration, alignment, scalable production, and strong artistic quality</li>
<li>Experience leveraging emerging technologies and workflows, to accelerate visual development while maintaining artistic quality, authorship, and creative integrity</li>
<li>A portfolio demonstrating strong artistic judgment, visual clarity, compositional skill, and stylistic range</li>
<li>Experience developing games in modern game engines (i.e. Unreal, Unity, etc)</li>
</ul>
<h2>Desired Qualifications:</h2>
<ul>
<li>Experience developing art direction for live-service, multiplayer, or other technically constrained games</li>
<li>Experience with 3D games that place high demands on character appeal, animation, VFX, camera, gameplay readability, or combat clarity</li>
<li>Working knowledge of stylized rendering techniques, VFX, animation, and visual clarity for gameplay</li>
</ul>
<p><em>For this role, you'll find success through craft expertise and a collaborative spirit that prioritizes the delight of players. We will look at your past studies and experience, but for this role, we also look for dedicated people with a personal relationship with games. If you embody player empathy and care about players' experiences, this is the role for you!</em></p>
<h2><strong>Our Perks:</strong></h2>
<p>Riot focuses on work/life balance, shown by our open paid time off policy and other perks such as flexible work schedules. We offer medical, dental, and life insurance, parental leave for you, your spouse/domestic partner, and children, and a 401k with company match. Check out our <a href=""https://www.riotgames.com/en/work-with-us/overview""><strong>benefits pages</strong></a> for more information.</p>
<p>At Riot Games, we <a class=""c-link"" href=""https://www.riotgames.com/en/who-we-are/values"" target=""_blank"" data-stringify-link=""https://www.riotgames.com/en/who-we-are/values"" data-sk=""tooltip_parent"">put players first</a>. That mission drives every decision in our quest to create games and experiences that make it better to be a player. Whether you’re working directly on a new player-facing experience or you’re supporting the company as a whole, everyone at Riot is part of our mission. And just like in our games, we’re better when we work together. Our goal is to create collaborative teams where you are empowered to bring your unique perspective everyday. If that sounds like the kind of place you want to work, we’re looking forward to your application.</p>
<p> </p>
<p><em>It’s our policy to provide equal employment opportunity for all applicants and members of Riot Games, Inc. Riot Games makes reasonable accommodations for handicapped and disabled Rioters and does not unlawfully discriminate on the basis of race, color, religion, sex, sexual orientation, gender identity or expression, national origin, age, handicap, veteran status, marital status, criminal history, or any other category protected by applicable federal and state law. We consider for employment all qualified applicants, including those with criminal histories, in a manner consistent with applicable federal, state and local law, including the California Fair Chance Act, the City of Los Angeles Fair Chance Initiative for Hiring Ordinance, the Los Angeles County Fair Chance Ordinance for Employers, the San Francisco Fair Chance Ordinance, and the Washington Fair Chance Act.</em></p>
<p><em>Per the Los Angeles County Fair Chance Ordinance, the following core duties may create a basis for disqualifying candidates with relevant criminal histories:</em></p>
<ul>
<li><em>Safeguarding confidential and sensitive Company data </em></li>
<li><em>Communication with others, including Rioters and third parties such as vendors, and/or players, including minors</em></li>
<li><em>Accessing Company assets, secure digital systems, and networks</em></li>
<li><em>Ensuring a safe interactive environment for players and other Rioters</em></li>
</ul>
<p><em>These duties are directly related to essential operations, safety, trust, and compliance obligations within our organization. Please note that job duties may evolve based on business needs and additional responsibilities may be assigned as necessary to maintain operational efficiency and security. </em></p>",7299,https://www.riotgames.com/en/work-with-us/job/7984204?gh_jid=7984204,,https://www.linkedin.com/jobs/view/4470519240,2026-09-26,33,33 applicants,,matched,title,2026-10-02,2026-10-02T11:34:25,2026-10-03,,7,startDate+linkedin,true,0,,,,,Riot Discovery Studio,2026-09-26,,false,,,,,,
REQ-0010289,"Manager, Anti-Cheat Engineering - Central Technology, Anti-Cheat",riotgames,Riot Games,,Posted 2 Days Ago,,,"Los Angeles, USA",1,"Los Angeles, USA",false,,United States,,0,"<p>Riot’s Anti-Cheat team is versatile and passionate about its craft. We understand the player impact of cheating in games and are focused on setting the highest bar for the integrity of multiplayer games. We relish the opportunity to work with low-level systems and take pride in developing creative, rigorous defenses against adversaries. At the most fundamental level, our goal is to promote the best player experience by protecting the legitimacy of their favorite games.</p>
<p>As a <strong>Manager, Anti-Cheat Engineering</strong>, you will lead the team responsible for the ongoing development and evolution of Vanguard Anti-Cheat’s Windows client services. You’ll set technical direction, shape priorities, and ensure the team delivers secure, reliable capabilities across Vanguard’s Anti-Cheat suite in a timely manner. While your primary focus will be enabling the team and driving outcomes, your strong fluency in cheat communities and techniques will allow you to guide architecture, challenge technical decisions, and step directly into complex debugging or investigations when needed. You’ll help the team anticipate and analyze emerging cheat techniques, then translate those findings into effective detections, mitigations, and preventative controls. </p>
<h2>Responsibilities:</h2>
<ul>
<li>Manage, identify, recruit, interview, and hire engineers to help the team scale effectively</li>
<li>Set direction and drive high-impact anti-cheat capabilities from ambiguity through production across user-mode, kernel-mode, and obfuscation tooling surfaces</li>
<li>Lead the team in rapidly translating emerging threats into resilient detections and preventative countermeasures that can be safely deployed at scale</li>
<li>Balance immediate threat response with proactive technical investments that anticipate adversaries’ next moves or eliminate common abuse vectors entirely</li>
<li>Guide and participate in complex investigations involving highly evasive cheats and operating-system manipulation techniques</li>
<li>Ensure the team can diagnose and resolve complex compatibility, reliability, and security issues in highly opaque environments, stepping into the details when needed</li>
<li>Build trusted relationships with game teams as internal customers, helping them understand their cheating ecosystems, integrate Anti-Cheat effectively, and make informed tradeoffs across security, player experience, scope, and delivery</li>
<li>Establish clear priorities and technical expectations, helping engineers navigate uncertainty and make sound decisions across security, compatibility, performance, and operational risk</li>
<li>Partner across engineering, product, operations, and game teams to align dependencies, communicate risk, and deliver anti-cheat capabilities successfully across Riot’s portfolio</li>
</ul>
<h2>Required Qualifications:</h2>
<ul>
<li>2+ years of experience leading product or developing engineers, either as an Engineering Manager or as a Technical Product Lead</li>
<li>Familiarity with cheat-development or game-security research communities and a practical understanding of modern cheat techniques and anti-cheat evasions</li>
<li>Strong understanding of Anti-Cheat architectures, with the ability to evaluate designs, guide technical discussions, and engage directly when complex problems require it</li>
<li>Experience leading work on low-level, security-sensitive systems and helping teams navigate tradeoffs across security, reliability, compatibility, performance, and delivery</li>
<li>Working knowledge of Windows security model and security feature suite such as Secure Boot, HVCI, and measured boot attestation</li>
</ul>
<h2>Desired Qualifications:</h2>
<ul>
<li>Familiarity with reverse-engineering techniques and workflows, including the analysis of packed, protected, or obfuscated binaries, with the judgment to translate technical findings into priorities, investments, and defensive strategy</li>
<li>Working knowledge of the Windows kernel and driver model, sufficient enough to guide architecture, assess technical risk, and oversee the development and operation of production-grade kernel-mode drivers</li>
<li>Working knowledge of advanced evasion techniques involving hypervisors, DKOM, EPT manipulation, vulnerable drivers, or hardware-assisted cheats, with the ability to reason about their implications for product and technical strategy</li>
<li>Basic understanding of runtime integrity verification, behavioral detection, client attestation, and other signature-less anti-cheat techniques, including how to prioritize investments across these defensive approaches</li>
<li>Experience balancing near-term responses to emerging threats with longer-term, proactive investments intended to anticipate how adversaries and the broader security landscape will evolve</li>
<li>Experience partnering with internal customers, building trusted relationships, translating their needs into technical priorities, and leading productive conversations around scope, risk, sequencing, and delivery tradeoffs</li>
</ul>
<p><em>For this role, you'll find success through craft expertise, a collaborative spirit, and decision-making that prioritizes the delight of players. We will be looking at your past studies, experience, and your personal relationship with games. If you embody player empathy and care about players' experiences, this could be your role!</em></p>
<h2><strong>Our Perks:</strong></h2>
<p>Riot focuses on work/life balance, shown by our open paid time off policy and other perks such as flexible work schedules. We offer medical, dental, and life insurance, parental leave for you, your spouse/domestic partner, and children, and a 401k with company match. Check out our <a href=""https://www.riotgames.com/en/work-with-us/overview""><strong>benefits pages</strong></a> for more information.</p>
<p>At Riot Games, we <a class=""c-link"" href=""https://www.riotgames.com/en/who-we-are/values"" target=""_blank"" data-stringify-link=""https://www.riotgames.com/en/who-we-are/values"" data-sk=""tooltip_parent"">put players first</a>. That mission drives every decision in our quest to create games and experiences that make it better to be a player. Whether you’re working directly on a new player-facing experience or you’re supporting the company as a whole, everyone at Riot is part of our mission. And just like in our games, we’re better when we work together. Our goal is to create collaborative teams where you are empowered to bring your unique perspective everyday. If that sounds like the kind of place you want to work, we’re looking forward to your application.</p>
<p> </p>
<p><em>It’s our policy to provide equal employment opportunity for all applicants and members of Riot Games, Inc. Riot Games makes reasonable accommodations for handicapped and disabled Rioters and does not unlawfully discriminate on the basis of race, color, religion, sex, sexual orientation, gender identity or expression, national origin, age, handicap, veteran status, marital status, criminal history, or any other category protected by applicable federal and state law. We consider for employment all qualified applicants, including those with criminal histories, in a manner consistent with applicable federal, state and local law, including the California Fair Chance Act, the City of Los Angeles Fair Chance Initiative for Hiring Ordinance, the Los Angeles County Fair Chance Ordinance for Employers, the San Francisco Fair Chance Ordinance, and the Washington Fair Chance Act.</em></p>
<p><em>Per the Los Angeles County Fair Chance Ordinance, the following core duties may create a basis for disqualifying candidates with relevant criminal histories:</em></p>
<ul>
<li><em>Safeguarding confidential and sensitive Company data </em></li>
<li><em>Communication with others, including Rioters and third parties such as vendors, and/or players, including minors</em></li>
<li><em>Accessing Company assets, secure digital systems, and networks</em></li>
<li><em>Ensuring a safe interactive environment for players and other Rioters</em></li>
</ul>
<p><em>These duties are directly related to essential operations, safety, trust, and compliance obligations within our organization. Please note that job duties may evolve based on business needs and additional responsibilities may be assigned as necessary to maintain operational efficiency and security. </em></p>",8417,https://www.riotgames.com/en/work-with-us/job/8187655?gh_jid=8187655,,https://www.linkedin.com/jobs/view/4472115927,2026-09-30,25,among first 25,,matched,title,2026-10-02,2026-10-02T11:34:19,2026-10-03,,3,startDate+linkedin,true,0,,,,,Riot Technology,2026-09-30,,true,,,,,,
REQ-0010282,"Manager, Narrative Writing - League of Legends",riotgames,Riot Games,,Posted 23 Days Ago,,,"Los Angeles, USA",1,"Los Angeles, USA",false,,United States,,0,"<p>Narrative at Riot works directly with product teams and creative direction to create excellent content for our players. We are responsible for the quality of our written words, regardless of the format in which they are delivered, and for pushing the boundaries of what is possible with our tech and tools. We lean on years of experience to help build some of the most globally iconic characters and worlds in gaming.</p>
<p>As a <strong>Narrative Manager </strong>on LoL PC, you will report to the Narrative Director, partnering to build and support a world-class team of storytellers. You will work alongside—and help to guide and develop—Narrative Writers and Editors working on League of Legends. You will assist Leads in delivering seasonal narrative content, as well as pitch and write for champions, skinline thematics, minigames, and modes that will surprise and delight players across the world.</p>
<h2>Responsibilities:</h2>
<ul>
<li>Manage team growth and contribute to performance reviews, career development, and hiring processes, holding a high craft bar for Narrative content</li>
<li>Participate in Narrative craft reviews and provide feedback to other members of the team on a regular basis</li>
<li>Execute high-quality narrative content, across a variety of tones and themes, spanning in-game VO and any written materials, ensuring alignment with vision, quality, and timelines</li>
<li>Collaborate with leadership to address challenges and drive initiatives that improve team health, efficiency and output</li>
<li>Contribute to the development of creative processes for writing and editing at Riot, providing SME feedback in areas of expertise </li>
<li>Provide input on how Narrative connects to the long-term creative direction</li>
<li>Model and uphold good working relationships with stakeholders and product teams</li>
<li>Help to drive improvements to Riot Games' global multi-language processes (including sensitivity consideration)</li>
</ul>
<h2>Required Qualifications: </h2>
<ul>
<li>6+ years of professional industry experience</li>
<li>4+ years experience in game writing, and at least one other narrative medium (e.g. prose, VO, comics, interactive stories, etc)</li>
<li>1+ years of direct management experience</li>
<li>Excellent written and verbal communication skills</li>
<li>Experience delivering quality work in partnership with other creative disciplines</li>
<li>Experience with creating content for translation into other languages</li>
</ul>
<h2>Desired Qualifications:</h2>
<ul>
<li>Familiarity with the League of Legends intellectual property, and its current range of narrative expressions</li>
<li>Experience with the creation of story and game content within existing IPs, for game product releases or in direct support of them</li>
<li>Experience delivering timely, clear, and actionable Narrative craft feedback, in both Writing and Editing</li>
<li>Experience in formal mentoring</li>
<li>Experience working on a live game</li>
</ul>
<p><em>For this role, you'll find success through craft expertise, a collaborative spirit, and decision-making that prioritizes the delight of players. We will be looking at your past studies, experience, and your personal relationship with games. If you embody player empathy and care about players' experiences, this could be your role!</em></p>
<p> </p>
<h2><strong>Our Perks:</strong></h2>
<p>Riot focuses on work/life balance, shown by our open paid time off policy and other perks such as flexible work schedules. We offer medical, dental, and life insurance, parental leave for you, your spouse/domestic partner, and children, and a 401k with company match. Check out our <a href=""https://www.riotgames.com/en/work-with-us/overview""><strong>benefits pages</strong></a> for more information.</p>
<p>At Riot Games, we <a class=""c-link"" href=""https://www.riotgames.com/en/who-we-are/values"" target=""_blank"" data-stringify-link=""https://www.riotgames.com/en/who-we-are/values"" data-sk=""tooltip_parent"">put players first</a>. That mission drives every decision in our quest to create games and experiences that make it better to be a player. Whether you’re working directly on a new player-facing experience or you’re supporting the company as a whole, everyone at Riot is part of our mission. And just like in our games, we’re better when we work together. Our goal is to create collaborative teams where you are empowered to bring your unique perspective everyday. If that sounds like the kind of place you want to work, we’re looking forward to your application.</p>
<p> </p>
<p><em>It’s our policy to provide equal employment opportunity for all applicants and members of Riot Games, Inc. Riot Games makes reasonable accommodations for handicapped and disabled Rioters and does not unlawfully discriminate on the basis of race, color, religion, sex, sexual orientation, gender identity or expression, national origin, age, handicap, veteran status, marital status, criminal history, or any other category protected by applicable federal and state law. We consider for employment all qualified applicants, including those with criminal histories, in a manner consistent with applicable federal, state and local law, including the California Fair Chance Act, the City of Los Angeles Fair Chance Initiative for Hiring Ordinance, the Los Angeles County Fair Chance Ordinance for Employers, the San Francisco Fair Chance Ordinance, and the Washington Fair Chance Act.</em></p>
<p><em>Per the Los Angeles County Fair Chance Ordinance, the following core duties may create a basis for disqualifying candidates with relevant criminal histories:</em></p>
<ul>
<li><em>Safeguarding confidential and sensitive Company data </em></li>
<li><em>Communication with others, including Rioters and third parties such as vendors, and/or players, including minors</em></li>
<li><em>Accessing Company assets, secure digital systems, and networks</em></li>
<li><em>Ensuring a safe interactive environment for players and other Rioters</em></li>
</ul>
<p><em>These duties are directly related to essential operations, safety, trust, and compliance obligations within our organization. Please note that job duties may evolve based on business needs and additional responsibilities may be assigned as necessary to maintain operational efficiency and security. </em></p>",6342,https://www.riotgames.com/en/work-with-us/job/8187620?gh_jid=8187620,,https://www.linkedin.com/jobs/view/4463070936,2026-10-01,167,167 applicants,,matched,title,2026-10-02,2026-10-02T11:37:03,2026-10-03,,2,startDate+linkedin,true,0,,,,,League Studio,2026-10-01,,false,,,,,,
REQ-0010123,"Manager, Software Engineering, Core Services - VALORANT",riotgames,Riot Games,,Posted 77 Days Ago,,,"Mercer Island, USA",1,"Mercer Island, USA",false,,United States,,0,"<p>Riot engineers bring deep knowledge of specific technical areas but also value the opportunity to work in many broader domains. As an Engineering Manager, you will gain organizational alignment by building a strong engineering vision and offering creative solutions to organizational design. You’ll also serve as a mentor for a team of engineers, overseeing performance management, growth opportunities, and accountability.</p>
<p><strong>VALORANT is Riot's take on a character-based tactical shooter (for more info on VALORANT </strong><a href=""https://playvalorant.com/en-us/""><strong>click here</strong></a><strong>!).</strong> As a Manager, Software Engineering (Services) in VALORANT’s Core Services team, you will lead a team of engineers responsible for the core game services that power VALORANT, a global live-service game with millions of daily active Players. You will lead development of new services, drive evergreen improvements to existing services, improve standards and frameworks to improve services development across VALORANT, and improve the tools and pipelines used to load test, ship, and operate those services. You will work closely with technical teams in Tencent to improve services delivery and operations in China, closing divergences in developer experience and platform behavior between Tencent and Riot regions. You will report to the Senior Manager, Software Engineering (Platform Engineering) for the VALORANT Foundations area.</p>
<h2>Responsibilities:</h2>
<ul>
<li>Manage a team of 5-10 Software Engineers across experience levels.</li>
<li>Ensure VALORANT Players receive a consistently great services experience in Riot and Tencent regions.</li>
<li>Serve as a hands-on engineering leader, comfortable contributing across all phases of the product lifecycle, including implementation.</li>
<li>Develop a technical vision for your team, working with production and product partners to ensure consistency with overall product goals. Communicate this vision to your team clearly.</li>
<li>Advocate for Players, your team, and internal development customers when deciding what to build and why. Coordinate with other teams across Riot and Tencent working on Services technology.</li>
<li>Ensure high technical quality of what your team produces. Establish mechanisms to ensure your engineers have room to invent while maintaining a technical backstop for them.</li>
<li>Foster a collaborative, challenging, and satisfying environment for your development team. Find and surface issues, opportunities, and address them head-on. Celebrate wins.</li>
<li>Coach and develop your engineering team to grow in their roles, develop technical skills, and improve their effectiveness.</li>
<li>Champion and model Riot’s values, setting the tone for your team and peers.</li>
<li>Participate in your team’s on-call rotation.</li>
</ul>
<h2>Required Qualifications:</h2>
<ul>
<li>5+ years professional experience as a software engineer working in services development roles.</li>
<li>2+ years experience directly leading an engineering team as an Engineering Manager.</li>
<li>Professional experience driving technical direction and influencing architecture within a team.</li>
<li>Expertise with C#, Java, Golang, or similar language(s).</li>
<li>Professional experience with Lean or Agile development processes (Scrum, Kanban, etc).</li>
<li>Professional experience working with cloud computing and cloud technologies.</li>
<li>Professional experience building large-scale external customer-facing backend systems, game services, or cloud platforms.</li>
</ul>
<h2>Desired Qualifications:</h2>
<ul>
<li>Fluent in written and spoken Mandarin Chinese and English; comfortable communicating technically in both languages.</li>
<li>Professional or academic experience working with C++.</li>
</ul>
<p><em>For this role, you'll find success through craft expertise, a collaborative spirit, and decision-making that prioritizes the delight of players. We will be looking at your past studies, experience, and your personal relationship with games. If you embody player empathy and care about the experiences of players, this could be the role for you!</em></p>
<p> </p>
<h2><strong>Our Perks:</strong></h2>
<p>Riot focuses on work/life balance, shown by our open paid time off policy and other perks such as flexible work schedules. We offer medical, dental, and life insurance, parental leave for you, your spouse/domestic partner, and children, and a 401k with company match. Check out our <a href=""https://www.riotgames.com/en/work-with-us/overview""><strong>benefits pages</strong></a> for more information.</p>
<p>At Riot Games, we <a class=""c-link"" href=""https://www.riotgames.com/en/who-we-are/values"" target=""_blank"" data-stringify-link=""https://www.riotgames.com/en/who-we-are/values"" data-sk=""tooltip_parent"">put players first</a>. That mission drives every decision in our quest to create games and experiences that make it better to be a player. Whether you’re working directly on a new player-facing experience or you’re supporting the company as a whole, everyone at Riot is part of our mission. And just like in our games, we’re better when we work together. Our goal is to create collaborative teams where you are empowered to bring your unique perspective everyday. If that sounds like the kind of place you want to work, we’re looking forward to your application.</p>
<p> </p>
<p><em>It’s our policy to provide equal employment opportunity for all applicants and members of Riot Games, Inc. Riot Games makes reasonable accommodations for handicapped and disabled Rioters and does not unlawfully discriminate on the basis of race, color, religion, sex, sexual orientation, gender identity or expression, national origin, age, handicap, veteran status, marital status, criminal history, or any other category protected by applicable federal and state law. We consider for employment all qualified applicants, including those with criminal histories, in a manner consistent with applicable federal, state and local law, including the California Fair Chance Act, the City of Los Angeles Fair Chance Initiative for Hiring Ordinance, the Los Angeles County Fair Chance Ordinance for Employers, the San Francisco Fair Chance Ordinance, and the Washington Fair Chance Act.</em></p>
<p><em>Per the Los Angeles County Fair Chance Ordinance, the following core duties may create a basis for disqualifying candidates with relevant criminal histories:</em></p>
<ul>
<li><em>Safeguarding confidential and sensitive Company data </em></li>
<li><em>Communication with others, including Rioters and third parties such as vendors, and/or players, including minors</em></li>
<li><em>Accessing Company assets, secure digital systems, and networks</em></li>
<li><em>Ensuring a safe interactive environment for players and other Rioters</em></li>
</ul>
<p><em>These duties are directly related to essential operations, safety, trust, and compliance obligations within our organization. Please note that job duties may evolve based on business needs and additional responsibilities may be assigned as necessary to maintain operational efficiency and security. </em></p>",7184,https://www.riotgames.com/en/work-with-us/job/8056379?gh_jid=8056379,,https://www.linkedin.com/jobs/view/4452634016,2026-09-24,69,69 applicants,,matched,title,2026-10-02,2026-10-02T11:34:13,2026-10-03,,9,startDate+linkedin,true,0,,,,,VALORANT Studio,2026-09-24,,false,,,,,,
REQ-0009496,"Manager, Software Engineering, Gameplay AI - VALORANT",riotgames,Riot Games,,Posted 269 Days Ago,,,"Los Angeles, USA",1,"Los Angeles, USA",false,,United States,,0,"<p>Riot engineers bring deep knowledge of specific technical areas but also value the chance to work in many broader domains. As an Engineering Manager, you’ll predominantly offer creative solutions to organizational design. You’ll also serve as a mentor for a team of engineers, overseeing performance management, growth opportunities, and accountability.</p>
<p>Want to lead AI development for the world’s largest competitive tactical shooter? As <strong>Engineering Manager</strong> on the VALORANT team, you will guide a group of engineers building the systems, behaviors, and machine-learning–driven capabilities. You will lead a passionate team of engineers in supporting the ongoing needs of a large and geographically diverse development team. You will bring management and development experience, strong technical judgment, and a passion for advocating for both players and developers.</p>
<h2>Responsibilities:</h2>
<ul>
<li>Manage a group of 4-8 engineers across experience levels, providing regular feedback and performance management. Coach and develop your engineering team to grow in their roles, develop technical skills, and improve their effectiveness.</li>
<li>Develop and communicate the technical vision for your team, working with design, production, and game leadership partners to ensure consistency with overall product goals. Communicate and evangelize this vision to your team clearly.</li>
<li>Advocate for players, your team, and internal development customers when deciding what to build and why. Coordinate and work effectively with other teams across Riot working on AI and ML technology.</li>
<li>Serve as a technical backstop by contributing to code as appropriate, reviewing technical designs, and ensuring strong engineering practices and architectural rigor. Ensure high technical quality of what your team produces.</li>
<li>Foster a collaborative, challenging, and satisfying environment for your development team. Find and surface issues, opportunities, and address them head-on. Celebrate wins.</li>
<li>Be a standard-bearer and role model of Riot values for your team and others.</li>
<li>Resolve conflict and respond to emergent issues.</li>
<li>Other reasonable activities required by management</li>
</ul>
<h2>Required Qualifications: </h2>
<ul>
<li>5+ years of experience as a hands-on Software Engineer</li>
<li>2+ years experience directly leading an engineering team of at least 4 as an Engineering Manager and/or Engineering Lead</li>
<li>2+ years experience developing in Unreal, Unity, or another game engine</li>
<li>2+ years experience with game AI technologies (behavior trees, perception systems, etc.) and/or ML technologies (data science, machine learning, model training and inference, etc.)</li>
<li>Experience writing, reading, and reviewing C++</li>
<li>Experience working in complex, large-scale game or engine codebases</li>
<li>Excellent communication and collaboration skills across disciplines</li>
</ul>
<h2>Desired Qualifications:</h2>
<ul>
<li>Experience developing games for Xbox and PlayStation console platforms</li>
<li>Experience in Agile processes and continuous delivery</li>
</ul>
<p><em>For this role, you'll find success through craft expertise, a collaborative spirit, and decision-making that prioritizes the delight of players. We will be looking at your past studies, experience, and your personal relationship with games. If you embody player empathy and care about players' experiences, this could be your role!</em></p>
<p> </p>
<h2>Our Perks:</h2>
<p>Riot focuses on work/life balance, shown by our open paid time off policy and other perks such as flexible work schedules. We offer medical, dental, and life insurance, parental leave for you, your spouse/domestic partner, and children, and a 401k with company match. Check out our <a href=""https://www.riotgames.com/en/work-with-us/overview""><strong>benefits pages</strong></a> for more information.</p>
<p>At Riot Games, we <a class=""c-link"" href=""https://www.riotgames.com/en/who-we-are/values"" target=""_blank"" data-stringify-link=""https://www.riotgames.com/en/who-we-are/values"" data-sk=""tooltip_parent"">put players first</a>. That mission drives every decision in our quest to create games and experiences that make it better to be a player. Whether you’re working directly on a new player-facing experience or you’re supporting the company as a whole, everyone at Riot is part of our mission. And just like in our games, we’re better when we work together. Our goal is to create collaborative teams where you are empowered to bring your unique perspective everyday. If that sounds like the kind of place you want to work, we’re looking forward to your application.</p>
<p> </p>
<p><em>It’s our policy to provide equal employment opportunity for all applicants and members of Riot Games, Inc. Riot Games makes reasonable accommodations for handicapped and disabled Rioters and does not unlawfully discriminate on the basis of race, color, religion, sex, sexual orientation, gender identity or expression, national origin, age, handicap, veteran status, marital status, criminal history, or any other category protected by applicable federal and state law. We consider for employment all qualified applicants, including those with criminal histories, in a manner consistent with applicable federal, state and local law, including the California Fair Chance Act, the City of Los Angeles Fair Chance Initiative for Hiring Ordinance, the Los Angeles County Fair Chance Ordinance for Employers, the San Francisco Fair Chance Ordinance, and the Washington Fair Chance Act.</em></p>
<p><em>Per the Los Angeles County Fair Chance Ordinance, the following core duties may create a basis for disqualifying candidates with relevant criminal histories:</em></p>
<ul>
<li><em>Safeguarding confidential and sensitive Company data </em></li>
<li><em>Communication with others, including Rioters and third parties such as vendors, and/or players, including minors</em></li>
<li><em>Accessing Company assets, secure digital systems, and networks</em></li>
<li><em>Ensuring a safe interactive environment for players and other Rioters</em></li>
</ul>
<p><em>These duties are directly related to essential operations, safety, trust, and compliance obligations within our organization. Please note that job duties may evolve based on business needs and additional responsibilities may be assigned as necessary to maintain operational efficiency and security. </em></p>",6492,https://www.riotgames.com/en/work-with-us/job/7336877?gh_jid=7336877,,https://www.linkedin.com/jobs/view/4452627123,2026-09-24,25,among first 25,,matched,title,2026-10-02,2026-10-02T11:34:28,2026-10-03,,9,startDate+linkedin,true,0,,,,,VALORANT Studio,2026-09-24,,true,,,,,,
REQ-0010311,"Manager, Software Engineering - League of Legends, Alternate Play Modes",riotgames,Riot Games,,Posted 8 Days Ago,,,"Los Angeles, USA",1,"Los Angeles, USA",false,,United States,,0,"<p>Riot engineers bring deep knowledge of specific technical areas but also value the chance to work in many broader domains. As the Engineering Manager, you'll be tasked with building the long-term success for your organization by helping define the product vision, mentoring and growing talent, and being accountable for delivering results.</p>
<p>As an <strong>Engineering Manager</strong> on the League of Legends Alternate Play Modes theme, you will lead and contribute to an engineering pod that delivers new game modes to the League ecosystem for the future of league of legends. You will maintain and help drive meaningful changes to our list of game modes, modernizing them for the future of League of Legends. You will report to the Senior Engineering Manager for the Alternate Play Modes theme and work in a hybrid environment from our Los Angeles office.</p>
<h2>Responsibilities:</h2>
<ul>
<li>Manage a small group of engineers, providing mentorship, guidance, and career support.</li>
<li>Contribute directly to implementation, with a focus on UI and player-facing gameplay systems.</li>
<li>Uphold engineering best practices in maintainability, scalability, testing, and documentation.</li>
<li>Collaborate with product managers, designers, and artists to deliver meaningful changes to our list of rotating game modes.</li>
<li>Partner with other engineering groups to ensure technical consistency and integration across League of Legends.</li>
</ul>
<h2>Required Qualifications: </h2>
<ul>
<li>8+ years of professional software engineering experience.</li>
<li>2+ years in engineering management or a tech lead role in game development.</li>
<li>Strong proficiency in C++ and experience with large, complex codebases.</li>
<li>Proven track record of building and shipping UI/UX features in games or player-facing gameplay systems.</li>
<li>Comfortable balancing leadership responsibilities while remaining actively hands-on with coding.</li>
<li>Strong communication skills and ability to collaborate across disciplines.</li>
<li>Bachelor’s degree in Computer Science or equivalent experience.</li>
</ul>
<p><em>For this role, you'll find success through craft expertise, a collaborative spirit, and decision-making that prioritizes the delight of players. We will be looking at your past studies, experience, and your personal relationship with games. If you embody player empathy and care about players' experiences, this could be your role!</em></p>
<p> </p>
<h2><strong>Our Perks:</strong></h2>
<p>Riot focuses on work/life balance, shown by our open paid time off policy and other perks such as flexible work schedules. We offer medical, dental, and life insurance, parental leave for you, your spouse/domestic partner, and children, and a 401k with company match. Check out our <a href=""https://www.riotgames.com/en/work-with-us/overview""><strong>benefits pages</strong></a> for more information.</p>
<p>At Riot Games, we <a class=""c-link"" href=""https://www.riotgames.com/en/who-we-are/values"" target=""_blank"" data-stringify-link=""https://www.riotgames.com/en/who-we-are/values"" data-sk=""tooltip_parent"">put players first</a>. That mission drives every decision in our quest to create games and experiences that make it better to be a player. Whether you’re working directly on a new player-facing experience or you’re supporting the company as a whole, everyone at Riot is part of our mission. And just like in our games, we’re better when we work together. Our goal is to create collaborative teams where you are empowered to bring your unique perspective everyday. If that sounds like the kind of place you want to work, we’re looking forward to your application.</p>
<p> </p>
<p><em>It’s our policy to provide equal employment opportunity for all applicants and members of Riot Games, Inc. Riot Games makes reasonable accommodations for handicapped and disabled Rioters and does not unlawfully discriminate on the basis of race, color, religion, sex, sexual orientation, gender identity or expression, national origin, age, handicap, veteran status, marital status, criminal history, or any other category protected by applicable federal and state law. We consider for employment all qualified applicants, including those with criminal histories, in a manner consistent with applicable federal, state and local law, including the California Fair Chance Act, the City of Los Angeles Fair Chance Initiative for Hiring Ordinance, the Los Angeles County Fair Chance Ordinance for Employers, the San Francisco Fair Chance Ordinance, and the Washington Fair Chance Act.</em></p>
<p><em>Per the Los Angeles County Fair Chance Ordinance, the following core duties may create a basis for disqualifying candidates with relevant criminal histories:</em></p>
<ul>
<li><em>Safeguarding confidential and sensitive Company data </em></li>
<li><em>Communication with others, including Rioters and third parties such as vendors, and/or players, including minors</em></li>
<li><em>Accessing Company assets, secure digital systems, and networks</em></li>
<li><em>Ensuring a safe interactive environment for players and other Rioters</em></li>
</ul>
<p><em>These duties are directly related to essential operations, safety, trust, and compliance obligations within our organization. Please note that job duties may evolve based on business needs and additional responsibilities may be assigned as necessary to maintain operational efficiency and security. </em></p>",5471,https://www.riotgames.com/en/work-with-us/job/8210299?gh_jid=8210299,,https://www.linkedin.com/jobs/view/4469705310,2026-09-24,25,among first 25,,matched,title,2026-10-02,2026-10-02T11:34:31,2026-10-03,,9,startDate+linkedin,true,0,,,,,League Studio,2026-09-24,,true,,,,,,
REQ-0010151,"Manager, Software Engineering - Publishing Platform, Core Game Loop",riotgames,Riot Games,,Posted 70 Days Ago,,,"Los Angeles, USA; Mercer Island, USA",1,"Los Angeles, USA; Mercer Island, USA",false,,United States,,0,"<p>Riot engineers bring deep knowledge of specific technical areas but also value the opportunity to work in a variety of broader domains. As an Engineering Manager, you’ll guide an engineering team through all the phases of the software development and operations lifecycle. You’ll also serve as a people manager, mentor, and coach for the engineers, overseeing performance management, growth opportunities, and accountability.</p>
<p>The Core Game Loop owns services that power the player experience while they are in game and deliver data to downstream services after a game is completed. This includes game provisioning, game data delivery, and services that power leaderboards and match history. By concentrating expertise in game platforms, we are able to offer robust, scalable features to all current and future Riot games. As a <strong>Manager, Software Engineering </strong>on the Core Game Loop team,  you will partner with the teams that create every Riot game, central technology teams, and teams in Tencent to ensure we are making excellent decisions, upholding a high quality bar, and operating efficiently in service of those players. You'll identify opportunities to centralize functionality and architect solutions that enable scalability and reliability worldwide. You will report to the Senior Engineering Manager of the Game Foundations org within the Publishing Platform.</p>
<h3><strong>Responsibilities</strong></h3>
<ul>
<li>Manage a team of 5+ software engineers; coaching them, providing performance management, identifying growth opportunities, and ensuring positive results</li>
<li>Partner and collaborate with Product Leads, Delivery Leads, and Technical Leads within the team and within Game Foundations org to align on the plan the team executes against</li>
<li>Support the technical vision and roadmap by allocating engineers and skill sets to meet goals and deliver results</li>
<li>Own the interviewing and onboarding process for new engineering team members</li>
<li>Be accountable for the technical health of the products owned by the team</li>
<li>Stay hands-on with the team's tech, overseeing the technical design, and deliverables of the team and working with the team's technical leadership</li>
<li>Regularly engage with the codebase by participating in code reviews and non-critical tasks</li>
<li>Build healthy relationships with other engineering teams across Riot globally, in order to foster cross-team collaboration</li>
<li>Own and operate live services, meeting reliability expectations, handling emergent issues, and supporting engineers during on-call troubleshooting</li>
</ul>
<h3><strong>Required Qualifications</strong></h3>
<ul>
<li>Bachelor's or Master’s degree in Computer Science or a related field, or equivalent professional experience</li>
<li>5+ years experience as a Software Engineer, preferably on technical product teams that build tooling for services and APIs</li>
<li>2+ years experience directly leading an engineering team either as an Engineering Manager or Technical Lead</li>
<li>Experience managing engineers and actively participating in their growth and development</li>
<li>Experience recruiting candidates and growing an engineering team</li>
<li>Experience with distributed systems, microservices, and software at a high scale</li>
<li>Experience operating and maintaining live services, including handling emergent issues and on-call troubleshooting</li>
</ul>
<h3><strong>Desired Qualifications</strong></h3>
<ul>
<li>Experience building services using Java, Kotlin, or Go</li>
<li>Experience developing using cloud infrastructure (such as AWS, GCP), using containers and orchestration (such as Docker, Kubernetes), managed using infrastructure as code (such as Terraform, Ansible)</li>
<li>Experience with CI/CD pipelines (such as GitHub Actions, Jenkins)</li>
<li>Experience with relational databases (such as MySQL) and key value stores (such as Redis).</li>
<li>Experience with queuing or stream-processing platform (such as Kafka)</li>
</ul>
<p><em>For this role, you'll find success through craft expertise, a collaborative spirit, and decision-making that prioritizes your fellow Rioters, who are the customers of your work. Being a dedicated fan of games is not necessary for this position!</em></p>
<h2><strong>Our Perks:</strong></h2>
<p>Riot focuses on work/life balance, shown by our open paid time off policy and other perks such as flexible work schedules. We offer medical, dental, and life insurance, parental leave for you, your spouse/domestic partner, and children, and a 401k with company match. Check out our <a href=""https://www.riotgames.com/en/work-with-us/overview""><strong>benefits pages</strong></a> for more information.</p>
<p>At Riot Games, we <a class=""c-link"" href=""https://www.riotgames.com/en/who-we-are/values"" target=""_blank"" data-stringify-link=""https://www.riotgames.com/en/who-we-are/values"" data-sk=""tooltip_parent"">put players first</a>. That mission drives every decision in our quest to create games and experiences that make it better to be a player. Whether you’re working directly on a new player-facing experience or you’re supporting the company as a whole, everyone at Riot is part of our mission. And just like in our games, we’re better when we work together. Our goal is to create collaborative teams where you are empowered to bring your unique perspective everyday. If that sounds like the kind of place you want to work, we’re looking forward to your application.</p>
<p><em>It’s our policy to provide equal employment opportunity for all applicants and members of Riot Games, Inc. Riot Games makes reasonable accommodations for handicapped and disabled Rioters and does not unlawfully discriminate on the basis of race, color, religion, sex, sexual orientation, gender identity or expression, national origin, age, handicap, veteran status, marital status, criminal history, or any other category protected by applicable federal and state law. We consider for employment all qualified applicants, including those with criminal histories, in a manner consistent with applicable federal, state and local law, including the California Fair Chance Act, the City of Los Angeles Fair Chance Initiative for Hiring Ordinance, the Los Angeles County Fair Chance Ordinance for Employers, the San Francisco Fair Chance Ordinance, and the Washington Fair Chance Act.</em></p>
<p><em>Per the Los Angeles County Fair Chance Ordinance, the following core duties may create a basis for disqualifying candidates with relevant criminal histories:</em></p>
<ul>
<li><em>Safeguarding confidential and sensitive Company data </em></li>
<li><em>Communication with others, including Rioters and third parties such as vendors, and/or players, including minors</em></li>
<li><em>Accessing Company assets, secure digital systems, and networks</em></li>
<li><em>Ensuring a safe interactive environment for players and other Rioters</em></li>
</ul>
<p><em>These duties are directly related to essential operations, safety, trust, and compliance obligations within our organization. Please note that job duties may evolve based on business needs and additional responsibilities may be assigned as necessary to maintain operational efficiency and security. </em></p>",7279,https://www.riotgames.com/en/work-with-us/job/8076095?gh_jid=8076095,,https://www.linkedin.com/jobs/view/4458002664,2026-09-17,26,26 applicants,,matched,title,2026-10-02,2026-10-02T11:34:09,2026-10-03,,16,startDate+linkedin,true,0,,,,,Publishing Platform,2026-09-17,,false,,,,,,
REQ-0009911,"Manager, Software Engineering (Services Lead) - Unpublished R&D Product",riotgames,Riot Games,,Posted 171 Days Ago,,,"Los Angeles, USA",1,"Los Angeles, USA",false,,United States,,0,"<p>Riot engineers bring deep knowledge of specific technical areas but also value the opportunity to work in a variety of broader domains. As Engineering Managers, we gain organizational alignment by building a strong engineering vision and offering creative solutions to organizational design. We also serve as mentors for a team of engineers, overseeing their performance and trying to find stretch opportunities for their growth while maintaining a focus on results.</p>
<p>As a<strong> Manager, Software Engineering</strong> within Riot Discovery Studio, you will report to the Tech Director on an unpublished R&D product, leading a team of internal and external engineers to support product exploration, integrate and extend critical backend technologies, and scale our technology to meet the needs of a live Riot title. You will be accountable for all technical decisions of your team’s focus areas and help shape the product. You will own the technical health of the product's backend services from prototype through live operation, including architecture, scalability, reliability, observability, deployment, incident response, and infrastructure cost. You will be hands-on in implementation, at least initially.</p>
<h2>Responsibilities:</h2>
<ul>
<li>Support defining the engineering strategy and technical roadmap to develop our global backend infrastructure with an understanding of our audience and product goals</li>
<li>Manage and scale an engineering team to support product needs through various development stages (i.e. pre-production, production, and post-launch)</li>
<li>Partner with product and delivery as they define product features and product roadmap</li>
<li>Collaborate and coordinate with Riot Central technology teams to efficiently deliver world-class solutions</li>
<li>Direct development and manage performance of external engineers in other geographies</li>
<li>Collaborate in technical/architectural discussions, provide direction and drive decision-making</li>
<li>Drive the planning and execution of engineering work including requirements gathering, technical discovery, technical design, and work breakdown and estimation.</li>
<li>Own the technical success of the services team, including operational excellence and cost in live environments</li>
<li>Identify, interview, and hire software engineers to support team and Riot hiring goals</li>
<li>Support engineers with performance management and career development, including stretch opportunities for them to grow</li>
<li>Create a culture of leadership across engineering by seeking different perspectives at all levels to solve problems and contribute ideas</li>
</ul>
<h2>Required Qualifications:</h2>
<ul>
<li>6+ years of experience as a software engineer </li>
<li>4+ years of game development experience working in various platforms (i.e. mobile, console, PC, etc.)</li>
<li>2+ years experience in a leadership position, working directly on the production of a game as an Engineering Manager</li>
<li>Experience leading teams through feature development (planning, execution, delivery, post-release support)</li>
<li>Experience building reliable, scalable, and maintainable backend distributed systems</li>
<li>Experience with the full software development lifecycle, including shipping one or more products on large code bases that span a range of platforms and tools</li>
<li>Experience collaborating across non-engineering departments to create solutions</li>
<li>Experience with modern backend technologies such as Go, Java, C#, or similar</li>
</ul>
<h2>Desired Qualifications:</h2>
<ul>
<li>Experience developing online games integrating Unreal Engine and backend services</li>
<li>Experience managing co-development or outsourcing relationships</li>
<li>Experience leading a backend transition from prototype to production</li>
<li>Experience improving live service uptime, reliability, and operational readiness </li>
<li>Familiarity with modern game platforms and practices</li>
</ul>
<p><em>For this role, you'll find success through craft expertise, a collaborative spirit, and decision-making that prioritizes the delight of players. We will be looking at your past studies, experience, and your personal relationship with games. If you embody player empathy and care about the experiences of players, this could be the role for you!</em></p>
<h2><strong>Our Perks:</strong></h2>
<p>Riot focuses on work/life balance, shown by our open paid time off policy and other perks such as flexible work schedules. We offer medical, dental, and life insurance, parental leave for you, your spouse/domestic partner, and children, and a 401k with company match. Check out our <a href=""https://www.riotgames.com/en/work-with-us/overview""><strong>benefits pages</strong></a> for more information.</p>
<p>At Riot Games, we <a href=""https://www.riotgames.com/en/who-we-are"">put players first</a>. That mission drives every decision in our quest to create games and experiences that make it better to be a player. Whether you’re working directly on a new player-facing experience or you’re supporting the company as a whole, everyone at Riot is part of our mission. And just like in our games, we’re better when we work together. Our goal is to create collaborative teams where you are empowered to bring your unique perspective everyday. If that sounds like the kind of place you want to work, we’re looking forward to your application.</p>
<p> </p>
<p><em>t’s our policy to provide equal employment opportunity for all applicants and members of Riot Games, Inc. Riot Games makes reasonable accommodations for handicapped and disabled Rioters and does not unlawfully discriminate on the basis of race, color, religion, sex, sexual orientation, gender identity or expression, national origin, age, handicap, veteran status, marital status, criminal history, or any other category protected by applicable federal and state law. We consider for employment all qualified applicants, including those with criminal histories, in a manner consistent with applicable federal, state and local law, including the California Fair Chance Act, the City of Los Angeles Fair Chance Initiative for Hiring Ordinance, the Los Angeles County Fair Chance Ordinance for Employers, the San Francisco Fair Chance Ordinance, and the Washington Fair Chance Act.</em></p>
<p><em>Per the Los Angeles County Fair Chance Ordinance, the following core duties may create a basis for disqualifying candidates with relevant criminal histories:</em></p>
<ul>
<li><em>Safeguarding confidential and sensitive Company data </em></li>
<li><em>Communication with others, including Rioters and third parties such as vendors, and/or players, including minors</em></li>
<li><em>Accessing Company assets, secure digital systems, and networks</em></li>
<li><em>Ensuring a safe interactive environment for players and other Rioters</em></li>
</ul>
<p><em>These duties are directly related to essential operations, safety, trust, and compliance obligations within our organization. Please note that job duties may evolve based on business needs and additional responsibilities may be assigned as necessary to maintain operational efficiency and security.</em></p>",7213,https://www.riotgames.com/en/work-with-us/job/7763650?gh_jid=7763650,,https://www.linkedin.com/jobs/view/4452622558,2026-09-24,26,26 applicants,,matched,title,2026-10-02,2026-10-02T11:34:21,2026-10-03,,9,startDate+linkedin,true,0,,,,,Riot Discovery Studio,2026-09-24,,false,,,,,,
REQ-0009909,"Manager, Software Engineering - VALORANT, Gameplay Cosmetics",riotgames,Riot Games,,Posted 127 Days Ago,,,"Los Angeles, USA; Mercer Island, USA",1,"Los Angeles, USA; Mercer Island, USA",false,,United States,,0,"<p>Riot engineers bring deep knowledge of specific technical areas but also value the chance to work in many broader domains. As an Engineering Manager, you’ll predominantly offer creative solutions to organizational design. You’ll also serve as a mentor for a team of engineers, overseeing performance management, growth opportunities, and accountability.</p>
<p>As an <strong>Engineering Manager</strong> on the VALORANT team, you'll be working in the code, guiding engineers to grow in their careers, and helping the team to meet its product and technical goals. Additionally, you'll own the technical direction for how VALORANT premium content is created and how it is used by players in the live game. Part of the role is to collaborate deeply with all the art disciplines that help create our content, as well as Design and Product Management to help create content that players will love.</p>
<p>VALORANT is Riot’s take on a character-based tactical shooter (<em>for more info on VALORANT<strong><a href=""https://playvalorant.com/en-us/""> click here</a></strong>!</em>). </p>
<h2>Responsibilities:</h2>
<ul>
<li>Own the technology for premium content end to end: during creation by artists, when players view the content in the out of game experience, and when players are using the content in game.</li>
<li>Work with Artist and Art teams to help create new kinds of content or improve existing ones to help realize the vision of the game</li>
<li>Create, review, and reframe an engineering vision with the team and key stakeholders including the Technology, Product, and Process Leads.</li>
<li>Collaborate effectively with art, design, and other disciplines within game development.</li>
<li>Identify, recruit, interview, and hire software engineers to help teams scale effectively.</li>
<li>Provide technical expertise throughout the product life cycle including design, implementation, and delivery of features while continuously improving the software engineering quality and efficiency.</li>
<li>Build and manage strong relationships between disciplines </li>
<li>Lead, grow, and coach team members to build talent over the long term</li>
<li>Demonstrate a high bar of craft excellence for your team</li>
<li>Cultivate your team's culture of collaboration, creativity and passion for game making</li>
</ul>
<h2>Required Qualifications:</h2>
<ul>
<li>Experience working with visual effects, 3D, or other artists either in games or in another industry</li>
<li>5+ years of experience as a Software Engineer</li>
<li>2+ years experience directly leading an engineering team either as an Engineering Manager or Technical Lead & mentor.</li>
<li>2+ years experience developing in Unreal, Unity, or another game engine</li>
<li>Experience writing, reading, and reviewing C++</li>
<li>Experience collaborating across disciplines to create solutions.</li>
</ul>
<h2>Desired Qualifications:</h2>
<ul>
<li>Experience working with artists to create cosmetic content in games</li>
<li>Experience working with game designers to create gameplay content</li>
<li>Deep expertise with Unreal Engine</li>
<li>Familiarity working in an agile environment</li>
</ul>
<p><em>For this role, you'll find success through craft expertise, a collaborative spirit, and decision-making that prioritizes the delight of players and fans. We will be looking at your past studies, experience, and your personal relationship with games. If you embody player empathy and care about the experiences of players, this could be the role for you!</em></p>
<h2>Our Perks: </h2>
<p>Riot focuses on work/life balance, shown by our open paid time off policy and other perks such as flexible work schedules. We offer medical, dental, and life insurance, parental leave for you, your spouse/domestic partner, and children, and a 401k with company match. Check out our <a href=""https://www.riotgames.com/en/work-with-us/overview""><strong>benefits pages</strong></a> for more information.</p>
<p>At Riot Games, we <a href=""https://www.riotgames.com/en/who-we-are"">put players first</a>. That mission drives every decision in our quest to create games and experiences that make it better to be a player. Whether you’re working directly on a new player-facing experience or you’re supporting the company as a whole, everyone at Riot is part of our mission. And just like in our games, we’re better when we work together. Our goal is to create collaborative teams where you are empowered to bring your unique perspective everyday. If that sounds like the kind of place you want to work, we’re looking forward to your application.</p>
<p><em>It’s our policy to provide equal employment opportunity for all applicants and members of Riot Games, Inc. Riot Games makes reasonable accommodations for handicapped and disabled Rioters and does not unlawfully discriminate on the basis of race, color, religion, sex, sexual orientation, gender identity or expression, national origin, age, handicap, veteran status, marital status, criminal history, or any other category protected by applicable federal and state law. We consider for employment all qualified applicants, including those with criminal histories, in a manner consistent with applicable federal, state and local law, including the California Fair Chance Act, the City of Los Angeles Fair Chance Initiative for Hiring Ordinance, the Los Angeles County Fair Chance Ordinance for Employers, the San Francisco Fair Chance Ordinance, and the Washington Fair Chance Act.</em><em><br></em></p>
<p><em>Per the Los Angeles County Fair Chance Ordinance, the following core duties may create a basis for disqualifying candidates with relevant criminal histories:</em></p>
<ul>
<li><em>Safeguarding confidential and sensitive Company data </em></li>
<li><em>Communication with others, including Rioters and third parties such as vendors, and/or players, including minors</em></li>
<li><em>Accessing Company assets, secure digital systems, and networks</em></li>
<li><em>Ensuring a safe interactive environment for players and other Rioters</em></li>
</ul>
<p><em>These duties are directly related to essential operations, safety, trust, and compliance obligations within our organization. Please note that job duties may evolve based on business needs and additional responsibilities may be assigned as necessary to maintain operational efficiency and security.</em></p>",6378,https://www.riotgames.com/en/work-with-us/job/7763644?gh_jid=7763644,,https://www.linkedin.com/jobs/view/4457798635,2026-09-18,25,among first 25,,matched,title,2026-10-02,2026-10-02T11:37:04,2026-10-03,,15,startDate+linkedin,true,0,,,,,VALORANT Studio,2026-09-18,,true,,,,,,
REQ-0010216,"Manager, Technical Game Design - Teamfight Tactics",riotgames,Riot Games,,Posted 48 Days Ago,,,"Los Angeles, USA",1,"Los Angeles, USA",false,,United States,,0,"<p>Technical Game Designers on the Teamfight Tactics team are game designers who also have access to the C++ code base. They apply the team’s engineering principles to technical design work, improve and add to existing design tools to unblock design tasks (sometimes unblocking themselves, in their game design role!), and own gameplay and systems design areas. Their game design expertise lets them dream up and create memorable gameplay experiences for TFT players, and their technical expertise lets them deliver those experiences in a robust, sustainable, and elegant way.</p>
<p>As the <strong>Technical Design Manager on the Teamfight Tactics team</strong>, you’ll manage Technical Game Designers across the project. You'll see to their career progress, evaluate their technical and game design contributions, bring out their best work, and ensure they're delivering on their teams' goals. In turn, you'll report to the Design Director, helping to build the Technical Game Design subdiscipline on the team and for League Studios, and maximizing the TD group’s impact. But: on the Teamfight Tactics team, design managers often take on individual contributions, so you’ll have plenty of chances to exercise your own craft as well.</p>
<h2>Responsibilities:</h2>
<ul>
<li>Manage the project’s technical game designers: help them grow, learn, and perform to their potential.</li>
<li>Maintain a high craft bar: Ensure that the work you oversee meets Riot's demanding craft standards</li>
<li>Advocate for players: Stay in tune with the player experience and know how to understand and incorporate their feedback into roadmaps and feature decisions</li>
<li>Collaborate and build trust: Work closely with other discipline leads and managers to ensure Tech Design is delivering what they need, when they need it; ensure that features can be scoped efficiently so project plans can be built; and foster relationships with teams outside of Teamfight Tactics</li>
<li>Build strong teams: Take an active role in recruiting and onboarding to ensure capable technical game designers join our teams and ramp up quickly</li>
</ul>
<h2>Required Qualifications:</h2>
<ul>
<li>6+ years of experience as a technical game designer, gameplay engineer, or some similar position closely associated with both technical and game design work</li>
<li>2+ years of experience as a manager, team lead, or discipline leader (can overlap with the above requirement)</li>
<li>Craft: Craft interviews for this role will look at both gameplay engineering and game design skills; we’d like to see Senior level craft expertise in one, but not necessarily both</li>
<li>Management: You'll need leadership experience resolving conflict within and across teams and fostering healthy team culture, along with examples of managing other designers with positive results: promotion, performance improvement, and strong delivery to players</li>
<li>High familiarity with Teamfight Tactics, or willingness to rapidly build that familiarity</li>
</ul>
<h2>Desired Qualifications:</h2>
<ul>
<li>4+ years of experience as a manager or team lead</li>
<li>8+ years of experience as a technical game designer or gameplay engineer</li>
<li>Experience growing both junior and senior designers or engineers - striking the right balance of assistance and autonomy</li>
<li>Experience working on a live service game</li>
<li>Deep engagement with Teamfight Tactics over multiple sets</li>
<li>Experience working in the Unreal Engine</li>
</ul>
<p><em>For this role, you'll find success through craft expertise and a collaborative spirit that prioritizes the delight of players. We will look at your past studies and experience, but for this role, we also look for dedicated people with a personal relationship with games. If you embody player empathy and care about players' experiences, this is the role for you!</em></p>
<h2><strong>Our Perks:</strong></h2>
<p>Riot focuses on work/life balance, shown by our open paid time off policy and other perks such as flexible work schedules. We offer medical, dental, and life insurance, parental leave for you, your spouse/domestic partner, and children, and a 401k with company match. Check out our <a href=""https://www.riotgames.com/en/work-with-us/overview""><strong>benefits pages</strong></a> for more information.</p>
<p>At Riot Games, we <a class=""c-link"" href=""https://www.riotgames.com/en/who-we-are/values"" target=""_blank"" data-stringify-link=""https://www.riotgames.com/en/who-we-are/values"" data-sk=""tooltip_parent"">put players first</a>. That mission drives every decision in our quest to create games and experiences that make it better to be a player. Whether you’re working directly on a new player-facing experience or you’re supporting the company as a whole, everyone at Riot is part of our mission. And just like in our games, we’re better when we work together. Our goal is to create collaborative teams where you are empowered to bring your unique perspective everyday. If that sounds like the kind of place you want to work, we’re looking forward to your application.</p>
<p> </p>
<p><em>It’s our policy to provide equal employment opportunity for all applicants and members of Riot Games, Inc. Riot Games makes reasonable accommodations for handicapped and disabled Rioters and does not unlawfully discriminate on the basis of race, color, religion, sex, sexual orientation, gender identity or expression, national origin, age, handicap, veteran status, marital status, criminal history, or any other category protected by applicable federal and state law. We consider for employment all qualified applicants, including those with criminal histories, in a manner consistent with applicable federal, state and local law, including the California Fair Chance Act, the City of Los Angeles Fair Chance Initiative for Hiring Ordinance, the Los Angeles County Fair Chance Ordinance for Employers, the San Francisco Fair Chance Ordinance, and the Washington Fair Chance Act.</em></p>
<p><em>Per the Los Angeles County Fair Chance Ordinance, the following core duties may create a basis for disqualifying candidates with relevant criminal histories:</em></p>
<ul>
<li><em>Safeguarding confidential and sensitive Company data </em></li>
<li><em>Communication with others, including Rioters and third parties such as vendors, and/or players, including minors</em></li>
<li><em>Accessing Company assets, secure digital systems, and networks</em></li>
<li><em>Ensuring a safe interactive environment for players and other Rioters</em></li>
</ul>
<p><em>These duties are directly related to essential operations, safety, trust, and compliance obligations within our organization. Please note that job duties may evolve based on business needs and additional responsibilities may be assigned as necessary to maintain operational efficiency and security. </em></p>",6866,https://www.riotgames.com/en/work-with-us/job/8124195?gh_jid=8124195,,https://www.linkedin.com/jobs/view/4451283464,2026-09-26,33,33 applicants,,matched,title,2026-10-02,2026-10-02T11:34:51,2026-10-03,,7,startDate+linkedin,true,0,,,,,League Studio,2026-09-26,,false,,,,,,
REQ-0010264,"Manager, Visual Design Art - TFT",riotgames,Riot Games,,Posted 35 Days Ago,,,"Los Angeles, USA",1,"Los Angeles, USA",false,,United States,,0,"<p>Riot Visual Designers seek to craft the best player experiences through their knowledge of design systems, graphic design, interactivity, layout, typography, color theory and illustration. Visual Designers collaborate with cross disciplinary teams and act as both artistic and design problem solvers. They understand players and ask questions about the what, who and how when solving for an interface or communication challenge. </p>
<p>As a <strong>Manager, Visual Design</strong> for Teamfight Tactics, you will oversee a team of Visual Designers on our Gameplay initiative, helping bring new player experiences to life. You will foster collaboration with Producers, Artists, Designers, and Engineers across the organization. You will coach, develop, and guide your team through their day-to-day work while advocating for your team’s future headcount needs with product leadership. You will also set craft standards for your team, define processes and best practices, and serve as a strategic partner to production, helping plan and scope the team’s work. You will report to the Gameplay Art Director and work closely with them to uphold the vision for TFT.</p>
<h2>Responsibilities:</h2>
<ul>
<li>Manage, coach, and develop a team of Visual Designers, providing regular feedback, setting clear expectations, and supporting their growth</li>
<li>Establish and uphold the visual design quality bar for Gameplay UI, ensuring work is clear, cohesive, and aligned with the visual direction of TFT</li>
<li>Provide craft direction and actionable feedback throughout the design process, from early exploration through final implementation</li>
<li>Guide the creation and evolution of UI visual styles and systems that support new gameplay experiences</li>
<li>Partner with UX Designers, Artists, Motion Designers, Engineers, and Producers to develop player-focused UI solutions</li>
<li>Partner with Production to plan and scope Visual Design work, balancing priorities, dependencies, quality, and team capacity across multiple workstreams</li>
<li>Work with Art Direction and product leadership to translate the broader vision for TFT into clear Visual Design goals and priorities</li>
<li>Advocate for the needs of the Visual Design craft, including team capabilities, staffing, workflows, tools, team health, and best practices</li>
<li>Support the implementation and polish of UI in Unreal Engine, partnering with designers and engineers to maintain visual quality through development</li>
<li>Provide direction and feedback to external art partners when additional Visual Design support is needed</li>
</ul>
<h2>Required Qualifications:</h2>
<ul>
<li>5+ years of experience in UI or Visual Design in the games industry</li>
<li>2+ years of direct people management experience in Visual Design, including setting expectations and supporting career growth</li>
<li>A portfolio demonstrating strong visual design craft and a command of contemporary graphic and interface design</li>
<li>Strong understanding of 2D art and visual design fundamentals, including composition, color, value, hierarchy, clarity, legibility, and visual communication</li>
<li>Experience providing craft leadership, mentorship, and actionable feedback to other designers</li>
<li>Experience establishing, extending, documenting, and maintaining UI visual styles and systems</li>
<li>Advanced proficiency in Figma and Photoshop</li>
<li>Experience implementing UI in Unreal Engine using UMG</li>
<li>Demonstrated ability to manage multiple concurrent workstreams, including priorities, dependencies, and progress</li>
<li>Demonstrated ability to collaborate across adjacent UI disciplines, such as Motion Graphics, UI Illustration, and UX Design</li>
</ul>
<h2>Desired Qualifications:</h2>
<ul>
<li>Experience with Unreal Engine concepts such as Blueprint scripting and UI Material authoring</li>
<li>Experience partnering with external art vendors on UI-focused projects</li>
<li>Experience in an additional craft area, such as Motion Graphics, Illustration, or UX Design</li>
</ul>
<p><em>For this role, you'll find success through craft expertise, a collaborative spirit, and decision-making that prioritizes the delight of players. We will be looking at your past studies, experience, and your personal relationship with games. If you embody player empathy and care about players' experiences, this could be your role!</em></p>
<p> </p>
<h2><strong>Our Perks:</strong></h2>
<p>Riot focuses on work/life balance, shown by our open paid time off policy and other perks such as flexible work schedules. We offer medical, dental, and life insurance, parental leave for you, your spouse/domestic partner, and children, and a 401k with company match. Check out our <a href=""https://www.riotgames.com/en/work-with-us/overview""><strong>benefits pages</strong></a> for more information.</p>
<p>At Riot Games, we <a class=""c-link"" href=""https://www.riotgames.com/en/who-we-are/values"" target=""_blank"" data-stringify-link=""https://www.riotgames.com/en/who-we-are/values"" data-sk=""tooltip_parent"">put players first</a>. That mission drives every decision in our quest to create games and experiences that make it better to be a player. Whether you’re working directly on a new player-facing experience or you’re supporting the company as a whole, everyone at Riot is part of our mission. And just like in our games, we’re better when we work together. Our goal is to create collaborative teams where you are empowered to bring your unique perspective everyday. If that sounds like the kind of place you want to work, we’re looking forward to your application.</p>
<p> </p>
<p><em>It’s our policy to provide equal employment opportunity for all applicants and members of Riot Games, Inc. Riot Games makes reasonable accommodations for handicapped and disabled Rioters and does not unlawfully discriminate on the basis of race, color, religion, sex, sexual orientation, gender identity or expression, national origin, age, handicap, veteran status, marital status, criminal history, or any other category protected by applicable federal and state law. We consider for employment all qualified applicants, including those with criminal histories, in a manner consistent with applicable federal, state and local law, including the California Fair Chance Act, the City of Los Angeles Fair Chance Initiative for Hiring Ordinance, the Los Angeles County Fair Chance Ordinance for Employers, the San Francisco Fair Chance Ordinance, and the Washington Fair Chance Act.</em></p>
<p><em>Per the Los Angeles County Fair Chance Ordinance, the following core duties may create a basis for disqualifying candidates with relevant criminal histories:</em></p>
<ul>
<li><em>Safeguarding confidential and sensitive Company data </em></li>
<li><em>Communication with others, including Rioters and third parties such as vendors, and/or players, including minors</em></li>
<li><em>Accessing Company assets, secure digital systems, and networks</em></li>
<li><em>Ensuring a safe interactive environment for players and other Rioters</em></li>
</ul>
<p><em>These duties are directly related to essential operations, safety, trust, and compliance obligations within our organization. Please note that job duties may evolve based on business needs and additional responsibilities may be assigned as necessary to maintain operational efficiency and security. </em></p>",7410,https://www.riotgames.com/en/work-with-us/job/8163225?gh_jid=8163225,,https://www.linkedin.com/jobs/view/4458453359,2026-09-19,78,78 applicants,,matched,title,2026-10-02,2026-10-02T11:34:33,2026-10-03,,14,startDate+linkedin,true,0,,,,,League Studio,2026-09-19,,false,,,,,,
REQ-0010310,Player Support Producer lll,riotgames,Riot Games,,Posted 10 Days Ago,,,"Los Angeles, USA",1,"Los Angeles, USA",false,,United States,,0,"<p>Player Support at Riot Games strives to shatter the service expectations of players worldwide, providing millions of players with high-quality support that echoes Riot’s values in every experience we provide. As a <strong>Player Support Producer lII</strong>, you will be responsible for defining the holistic support experience for your products, and working with Product, Technology, and Operations teams to make this vision a reality. You will lead a team of cross functional stakeholders to deliver a holistic support experience for upcoming game features for one or more products. Together you will be responsible for the launch success and operational readiness for the features you are accountable for.</p>
<h2>Responsibilities:</h2>
<ul>
<li>Own production planning and delivery for all support content related to our games including content, managing schedules, priorities, resources, dependencies, and risks.</li>
<li>Drive predictable delivery across internal teams and co-development partners, proactively identifying constraints, resolving blockers, and addressing root causes.</li>
<li>Partner with Product and Creative leaders to make informed scope, priority, and trade-off decisions based on player value, developer cost, quality, and support data.</li>
<li>Build strong relationships across disciplines, development partners, and locations, adapting your approach to different teams and cultures.</li>
<li>Communicate status, milestones, risks, dependencies, and trade-offs clearly to stakeholders and leadership.</li>
<li>5+ years of production experience, including experience delivering support for AAA games.</li>
<li>Experience making scope, priority, and resource decisions by balancing player value, quality, development cost, risk, and delivery constraints.</li>
<li>Experience managing delivery and dependencies across distributed teams.</li>
<li>Strong communication and stakeholder management skills, with experience partnering with Product, Engineering, Operations, Creative, Training, and Content teams to align priorities and navigate trade-offs.</li>
</ul>
<h2>Required Qualifications:</h2>
<ul>
<li>5+ years professional experience</li>
<li>2+ years of experience in a product management, project management or production role </li>
<li>Experience with product management and project management software (Jira, Portfolio, etc)</li>
<li>Experience with software, game, and/or product development strategies and best practices </li>
<li>Experience translating UX testing and feedback into new features</li>
<li>Demonstrated record of critical thinking and creative problem solving to address complex challenges</li>
</ul>
<h2>Desired Qualifications: </h2>
<ul>
<li>Experience with player support systems both front end (Web/Automation/Etc.) & backend( Agent facing tools,etc.), including an understanding of how they resolve player pain and create value for players and our product.</li>
<li>Experience working on competitive multiplayer games.</li>
<li>Experience with and knowledge of customer support principles, methodologies, and tools</li>
<li>Experience with data-informed feature/service design and decisions</li>
</ul>
<p><em>For this role, you'll find success through craft expertise, a collaborative spirit, and decision-making that prioritizes the delight of players. We will be looking at your past studies, experience, and your personal relationship with games. If you embody player empathy and care about players' experiences, this could be your role!</em></p>
<p> </p>
<h2><strong>Our Perks:</strong></h2>
<p>Riot focuses on work/life balance, shown by our open paid time off policy and other perks such as flexible work schedules. We offer medical, dental, and life insurance, parental leave for you, your spouse/domestic partner, and children, and a 401k with company match. Check out our <a href=""https://www.riotgames.com/en/work-with-us/overview""><strong>benefits pages</strong></a> for more information.</p>
<p>At Riot Games, we <a class=""c-link"" href=""https://www.riotgames.com/en/who-we-are/values"" target=""_blank"" data-stringify-link=""https://www.riotgames.com/en/who-we-are/values"" data-sk=""tooltip_parent"">put players first</a>. That mission drives every decision in our quest to create games and experiences that make it better to be a player. Whether you’re working directly on a new player-facing experience or you’re supporting the company as a whole, everyone at Riot is part of our mission. And just like in our games, we’re better when we work together. Our goal is to create collaborative teams where you are empowered to bring your unique perspective everyday. If that sounds like the kind of place you want to work, we’re looking forward to your application.</p>
<p> </p>
<p><em>It’s our policy to provide equal employment opportunity for all applicants and members of Riot Games, Inc. Riot Games makes reasonable accommodations for handicapped and disabled Rioters and does not unlawfully discriminate on the basis of race, color, religion, sex, sexual orientation, gender identity or expression, national origin, age, handicap, veteran status, marital status, criminal history, or any other category protected by applicable federal and state law. We consider for employment all qualified applicants, including those with criminal histories, in a manner consistent with applicable federal, state and local law, including the California Fair Chance Act, the City of Los Angeles Fair Chance Initiative for Hiring Ordinance, the Los Angeles County Fair Chance Ordinance for Employers, the San Francisco Fair Chance Ordinance, and the Washington Fair Chance Act.</em></p>
<p><em>Per the Los Angeles County Fair Chance Ordinance, the following core duties may create a basis for disqualifying candidates with relevant criminal histories:</em></p>
<ul>
<li><em>Safeguarding confidential and sensitive Company data </em></li>
<li><em>Communication with others, including Rioters and third parties such as vendors, and/or players, including minors</em></li>
<li><em>Accessing Company assets, secure digital systems, and networks</em></li>
<li><em>Ensuring a safe interactive environment for players and other Rioters</em></li>
</ul>
<p><em>These duties are directly related to essential operations, safety, trust, and compliance obligations within our organization. Please note that job duties may evolve based on business needs and additional responsibilities may be assigned as necessary to maintain operational efficiency and security. </em></p>",6513,https://www.riotgames.com/en/work-with-us/job/8207247?gh_jid=8207247,,https://www.linkedin.com/jobs/view/4468926175,2026-09-22,190,190 applicants,,matched,title,2026-10-02,2026-10-02T11:34:38,2026-10-03,,11,startDate+linkedin,true,0,,,,,Publishing Platform,2026-09-22,,false,,,,,,
REQ-0010340,"Principal Creative Director, Growth Marketing & Lifecycle ",riotgames,Riot Games,,Posted 8 Days Ago,,,"Los Angeles, USA",1,"Los Angeles, USA",false,,United States,,0,"<p>As the <strong>Principal Marketing Creative Director, Growth Marketing and Lifecycle,</strong> you will define the creative vision for Riot’s global Growth Marketing efforts, helping players discover and return to our games. Reporting to the Director of Creative, Marketing Creative Services, you will serve as Riot’s resident expert in growth marketing creative, combining deep knowledge of the performance marketing landscape with world-class creative leadership.</p>
<p>Embedded with Riot’s Growth Marketing team, you will partner closely with Growth leads across Riot’s portfolio to translate each game’s strategic objectives into high-performing creative, applying proven performance practices while ensuring the work authentically reflects the game and its community.</p>
<p>You will own Growth Creative direction across Riot’s global portfolio, including approaches that enable effective localized creative at scale. You’ll partner with each game’s Marketing Creative Director at key milestones to align with broader brand positioning and identity, while establishing the guardrails and making the creative decisions needed for the Growth pipeline to operate quickly and autonomously.</p>
<p>Working with Growth strategy partners, you’ll build an iterative, data-informed creative practice - using performance signals to guide decisions while applying creative judgment to understand when to follow, challenge, or move beyond the data.</p>
<p>You will lead Riot’s external ecosystem of agencies, creators, and production partners - selecting the right partners, setting creative standards, and ensuring they deliver authentic, effective work at the speed and scale Growth Marketing requires.</p>
<p>This role requires exceptional creative judgment, deep fluency in modern UA creative, and the ability to operate independently within a complex global organization. You’ll know when to seek alignment, when to drive a decision, and when to make the creative call that keeps the work moving.</p>
<h2>Responsibilities:</h2>
<ul>
<li>Own the creative vision, quality bar, and operating model for Growth Marketing creative across Riot’s portfolio.</li>
<li>Serve as Riot’s subject matter expert on modern UA creative, maintaining deep knowledge of evolving platforms, audience behaviors, formats, trends, and performance marketing best practices.</li>
<li>Partner with Growth leads for each game to translate acquisition objectives, audience insights, and channel strategies into effective creative.</li>
<li>Develop creative strategies optimized for paid social, video, mobile, creator-driven channels, and emerging media, adapting creative to the behaviors and conventions of each platform.</li>
<li>Use performance data, experimentation, and audience insights to develop hypotheses, guide iteration, and improve creative effectiveness without relying on data alone to determine creative decisions.</li>
<li>Build scalable creative frameworks that enable rapid production, testing, learning, and iteration without compromising quality or authenticity.</li>
<li>Establish approaches for global and localized Growth Creative, partnering with regional teams to create work that scales while adapting meaningfully to local audiences, platforms, communities, and cultural contexts.</li>
<li>Champion creator-driven UA, working with creators and creator-focused partners to develop work that feels native to the communities and platforms where players spend their time.</li>
<li>Lead external agencies, creators, and production partners, providing clear briefs, decisive feedback, and creative direction while identifying and cultivating best-in-class partners.</li>
<li>Partner with each game’s Marketing Creative Director at key milestones to align Growth Creative with brand positioning and identity, establishing clear guardrails that allow the pipeline to operate autonomously between touchpoints.</li>
<li>Explore and responsibly apply AI-assisted and emerging creative tools to accelerate ideation, experimentation, variation, localization, and production while maintaining Riot’s standards for quality and authenticity.</li>
<li>Establish shared standards, learnings, and best practices that allow successful creative approaches to scale across games, regions, and Growth teams.</li>
</ul>
<h2>Required Qualifications:</h2>
<ul>
<li>Bachelor’s Degree or equivalent professional experience.</li>
<li>12+ years leading creative work within advertising, digital marketing, games marketing, entertainment, or creative agencies.</li>
<li>Extensive experience leading user acquisition, performance marketing, or growth-focused creative at significant scale.</li>
<li>Outstanding portfolio demonstrating digital-first creative leadership and measurable audience or business outcomes.</li>
<li>Deep understanding of the modern UA ecosystem and experience developing creative for platforms such as Meta, TikTok, YouTube, mobile ad networks, and emerging channels.</li>
<li>Demonstrated experience using performance data, experimentation, and audience insights to inform creative strategy and iteration.</li>
<li>Experience directing external agencies and production partners </li>
<li>Experience developing creative for global audiences and adapting approaches across markets, cultures, and platforms.</li>
<li>Experience influencing senior cross-functional partners and making creative decisions within complex stakeholder environments.</li>
<li>Excellent creative judgment and the ability to operate autonomously while remaining aligned with broader brand and product strategy.</li>
</ul>
<h2>Desired Qualifications:</h2>
<ul>
<li>Experience leading Growth Creative for globally recognized gaming, entertainment, technology, or consumer brands.</li>
<li>Experience developing creator-led or creator-native performance marketing, including working with creators, talent, or creator-focused agencies.</li>
<li>Experience building high-volume creative systems that support continuous experimentation across audiences, channels, markets, and formats.</li>
<li>Deep familiarity with creative testing methodologies and the relationship between creative variables and acquisition performance.</li>
<li>Experience collaborating with regional marketing teams to develop locally relevant creative within a global creative system.</li>
<li>Strong understanding of gaming communities, creator ecosystems, internet culture, and how players discover and engage with games today.</li>
</ul>
<p><em>For this role, you'll find success through craft expertise, a collaborative spirit, and decision-making that prioritizes the delight of players. We will be looking at your past studies, experience, and your personal relationship with games. If you embody player empathy and care about players' experiences, this could be your role!</em></p>
<h2><strong>Our Perks:</strong></h2>
<p>Riot focuses on work/life balance, shown by our open paid time off policy and other perks such as flexible work schedules. We offer medical, dental, and life insurance, parental leave for you, your spouse/domestic partner, and children, and a 401k with company match. Check out our<a href=""https://www.riotgames.com/en/work-with-us/overview""> <strong>benefits pages</strong></a> for more information.</p>
<p>At Riot Games, we <a href=""https://www.riotgames.com/en/who-we-are/values"">put players first</a>. That mission drives every decision in our quest to create games and experiences that make it better to be a player. Whether you’re working directly on a new player-facing experience or you’re supporting the company as a whole, everyone at Riot is part of our mission. And just like in our games, we’re better when we work together. Our goal is to create collaborative teams where you are empowered to bring your unique perspective everyday. If that sounds like the kind of place you want to work, we’re looking forward to your application.</p>
<p> </p>
<p><em>It’s our policy to provide equal employment opportunity for all applicants and members of Riot Games, Inc. Riot Games makes reasonable accommodations for handicapped and disabled Rioters and does not unlawfully discriminate on the basis of race, color, religion, sex, sexual orientation, gender identity or expression, national origin, age, handicap, veteran status, marital status, criminal history, or any other category protected by applicable federal and state law. We consider for employment all qualified applicants, including those with criminal histories, in a manner consistent with applicable federal, state and local law, including the California Fair Chance Act, the City of Los Angeles Fair Chance Initiative for Hiring Ordinance, the Los Angeles County Fair Chance Ordinance for Employers, the San Francisco Fair Chance Ordinance, and the Washington Fair Chance Act.</em></p>
<p><em>Per the Los Angeles County Fair Chance Ordinance, the following core duties may create a basis for disqualifying candidates with relevant criminal histories:</em></p>
<ul>
<li><em>Safeguarding confidential and sensitive Company data</em></li>
<li><em>Communication with others, including Rioters and third parties such as vendors, and/or players, including minors</em></li>
<li><em>Accessing Company assets, secure digital systems, and networks</em></li>
<li><em>Ensuring a safe interactive environment for players and other Rioters</em></li>
</ul>
<p><em>These duties are directly related to essential operations, safety, trust, and compliance obligations within our organization. Please note that job duties may evolve based on business needs and additional responsibilities may be assigned as necessary to maintain operational efficiency and security. </em></p>
<p><br><br><br></p>",9712,https://www.riotgames.com/en/work-with-us/job/8229332?gh_jid=8229332,,https://www.linkedin.com/jobs/view/4469793637,2026-09-25,48,48 applicants,,matched,title,2026-10-02,2026-10-02T11:37:01,2026-10-03,,8,startDate+linkedin,true,0,,,,,Publishing,2026-09-25,,false,,,,,,
REQ-0010113,"Principal Data Engineer, Personalization - Central Product Insights",riotgames,Riot Games,,Posted 66 Days Ago,,,"Los Angeles, USA",1,"Los Angeles, USA",false,,United States,,0,"<p>Riot’s Data Engineers harness petabytes of data and state-of-the-art processing technologies to build products that elevate the player experience at massive scale. Turning this data into meaningful insights is a complex challenge, and our engineers meet it by staying deeply player-focused and collaborating across diverse teams to improve the lives of millions of players worldwide.</p>
<p>As a <strong>Principal Data Engineer</strong> supporting Riot’s Central Product Insights, you will design, build, and maintain scalable data pipelines and models that power critical data products, including centralized player data models, and publishing activity data systems. These systems support understanding of player onboarding funnels, engagement patterns, support efficiency, and content effectiveness. You will collaborate with product managers, analysts, and engineers to ensure our data infrastructure is reliable, performant, and directly tied to delivering better player experiences.</p>
<h2>Responsibilities:</h2>
<ul>
<li>Design, build, and optimize scalable ETL pipelines for structured and semi-structured data supporting Insights use cases, growth metrics, and other publishing/marketing focused data sets.</li>
<li>Design and implement data models using industry best practices that capture a complete ecosystem view of in- and out-of-game experiences, while ensuring accuracy, scalability, and long-term usability.</li>
<li>Architect and implement robust, maintainable, and high-performance data solutions.</li>
<li>Automate workflows to reduce manual intervention and enhance data processing efficiency, including automation for content, growth, and pubsports areas of coverage.</li>
<li>Mentor data engineers across all levels, setting best practices and fostering technical growth.</li>
<li>Optimize query performance and resolve pipeline bottlenecks to improve data accessibility.</li>
<li>Evaluate and adopt new tools, frameworks, and methodologies to advance data engineering capabilities.</li>
<li>Support cost optimization by ensuring scalable and efficient data solutions.</li>
<li>Ensure data quality, governance, and compliance with regulatory standards (e.g., GDPR, CCPA).</li>
<li>Contribute to Riot’s Data Engineering discipline shaping infrastructure, craft standards, tooling, and organizational best practices</li>
</ul>
<h2>Required Qualifications:</h2>
<ul>
<li>Bachelor's or Master’s degree in Computer Science, Information Systems, Engineering, or a related field.</li>
<li>8+ years experience in tech-focused Publishing or Marketing fields.</li>
<li>8+ years experience in data engineering or a related field.</li>
<li>Strong Expertise in big-data technologies, including Python, GoLang, Spark, Scala, SQL, and tools like Airflow and dbt.</li>
<li>Proficiency in cloud infrastructure (AWS or GCP) and Databricks.</li>
<li>Expertise in designing efficient and scalable data models with large data sets across multiple teams and in collaboration with insights or data stakeholders.</li>
<li>Demonstrated ability to work cross-functionally with engineering, analytics, and product teams.</li>
<li>Proven experience mentoring and guiding other engineers.</li>
</ul>
<h2>Desired Qualifications: </h2>
<ul>
<li>Experience in gaming, large consumer platforms, or systems leading data modernization or transformation initiatives in a complex environment </li>
<li>Track record improving data maturity ( e.g. SLI’s/SLO governance, reliability standards) Experience designing semantic layers or standardized business metric frameworks </li>
<li>Background supporting advanced analytics use cases in high velocity product environments </li>
<li>Demonstrated ability to influence standards across teams in a matrixed organization</li>
</ul>
<p><em>For this role, you'll find success through craft expertise, a collaborative spirit, and decision-making that prioritizes your fellow Rioters, who are the customers of your work. Being a dedicated fan of games is not necessary for this position!</em></p>
<h2><strong>Our Perks:</strong></h2>
<p>Riot focuses on work/life balance, shown by our open paid time off policy and other perks such as flexible work schedules. We offer medical, dental, and life insurance, parental leave for you, your spouse/domestic partner, and children, and a 401k with company match. Check out our<a href=""https://www.riotgames.com/en/work-with-us/overview""> <strong>benefits pages</strong></a> for more information.</p>
<p>At Riot Games, we <a href=""https://www.riotgames.com/en/who-we-are/values"">put players first</a>. That mission drives every decision in our quest to create games and experiences that make it better to be a player. Whether you’re working directly on a new player-facing experience or you’re supporting the company as a whole, everyone at Riot is part of our mission. And just like in our games, we’re better when we work together. Our goal is to create collaborative teams where you are empowered to bring your unique perspective everyday. If that sounds like the kind of place you want to work, we’re looking forward to your application.</p>
<p><em>It’s our policy to provide equal employment opportunity for all applicants and members of Riot Games, Inc. Riot Games makes reasonable accommodations for handicapped and disabled Rioters and does not unlawfully discriminate on the basis of race, color, religion, sex, sexual orientation, gender identity or expression, national origin, age, handicap, veteran status, marital status, criminal history, or any other category protected by applicable federal and state law. We consider for employment all qualified applicants, including those with criminal histories, in a manner consistent with applicable federal, state and local law, including the California Fair Chance Act, the City of Los Angeles Fair Chance Initiative for Hiring Ordinance, the Los Angeles County Fair Chance Ordinance for Employers, the San Francisco Fair Chance Ordinance, and the Washington Fair Chance Act.</em></p>
<p><em>Per the Los Angeles County Fair Chance Ordinance, the following core duties may create a basis for disqualifying candidates with relevant criminal histories:</em></p>
<ul>
<li><em>Safeguarding confidential and sensitive Company data</em></li>
<li><em>Communication with others, including Rioters and third parties such as vendors, and/or players, including minors</em></li>
<li><em>Accessing Company assets, secure digital systems, and networks</em></li>
<li><em>Ensuring a safe interactive environment for players and other Rioters</em></li>
</ul>
<p><em>These duties are directly related to essential operations, safety, trust, and compliance obligations within our organization. Please note that job duties may evolve based on business needs and additional responsibilities may be assigned as necessary to maintain operational efficiency and security. </em></p>",6884,https://www.riotgames.com/en/work-with-us/job/8049834?gh_jid=8049834,,https://www.linkedin.com/jobs/view/4452626192,2026-09-24,74,74 applicants,,matched,title,2026-10-02,2026-10-02T11:34:42,2026-10-03,,9,startDate+linkedin,true,0,,,,,Riot Technology,2026-09-24,,false,,,,,,
REQ-0010283,Principal Data Engineer -Teamfight Tactics,riotgames,Riot Games,,Posted 17 Days Ago,,,"Los Angeles, USA",1,"Los Angeles, USA",false,,United States,,0,"<p>At Riot, Data Engineers build the trusted data foundations that help teams make better decisions and create better experiences for players. As a <strong>Principal Data Engineer on Teamfight Tactics CoreTech</strong>, you will own the technical direction and long-term health of TFT’s data ecosystem, from telemetry and schemas to govern data products, metrics, pipelines, and production operations.</p>
<p>You will partner closely with Game Engineering, Design, Product, Insights, and Data Science from feature conception through launch and live operations. You will translate player and product needs into scalable, reliable, and cost-efficient data solutions, while establishing the standards and operating practices that allow TFT teams to move quickly without compromising data trust.</p>
<p>This is a Principal-level individual contributor role. You will lead ambiguous, multi-team initiatives; make architecture and prioritization tradeoffs; mentor engineers and data practitioners; and influence data-engineering standards across TFT and Riot. You will remain hands-on where it creates leverage, while raising the effectiveness of the broader team through technical direction, coaching, and durable systems. </p>
<h2>Responsibilities:</h2>
<ul>
<li>Own the technical strategy, architecture, and roadmap for TFT’s data ecosystem in partnership with TFT and Riot Data Engineering leadership.</li>
<li>Design, build, and evolve scalable batch and near-real-time data systems supporting telemetry, player behavior, game operations, experimentation, insights, and player-facing features.</li>
<li>Establish and maintain data contracts across Data Engineering, Insights, Game Engineering, and Product, including event schemas, metric definitions, and accuracy expectations.</li>
<li>Partner with game teams early in feature development to design instrumentation, validate payloads, and make telemetry a tested part of feature readiness and launch criteria.</li>
<li>Own the reliability and operational health of critical TFT data products, including freshness, availability, accuracy, observability, alerting, runbooks, incident response, and root-cause analysis.</li>
<li>Lead data modeling and warehouse architecture across TFT, creating durable, well-documented sources of truth that serve multiple teams and use cases.</li>
<li>Establish standards for data governance, lineage, documentation, access, retention, lifecycle management, and compliance with applicable privacy requirements.</li>
<li>Reduce ambiguity by clarifying requirements, identifying risks, evaluating alternatives, and communicating tradeoffs across delivery speed, reliability, cost, and complexity.</li>
<li>Improve engineering velocity through automation, self-service tooling, reusable patterns, and pragmatic development and review processes.</li>
<li>Drive cost optimization through thoughtful architecture, workload optimization, storage and compute lifecycle practices, and proactive capacity planning.</li>
<li>Contribute to recruiting, technical interviewing, interview-kit development, and the growth of Riot’s Data Engineering discipline.</li>
<li>Help define and socialize TFT and Riot-wide craft standards for data architecture, reliability, governance, documentation, and operational excellence.</li>
</ul>
<h2>Required Qualifications:</h2>
<ul>
<li>Bachelor’s degree in Computer Science, Engineering, Information Systems, or a related field, or equivalent practical experience.</li>
<li>8+ years of professional experience in data engineering, software engineering, analytics engineering, or a related discipline, with demonstrated principal-level scope.</li>
<li>Experience designing, building, and operating production data systems at significant scale.</li>
<li>Hands-on expertise in big-data technologies, including Python, GoLang, Spark, Scala, SQL, and tools like Airflow and DBT.</li>
<li>Proficiency in cloud infrastructure (AWS or GCP) and Databricks.</li>
<li>Demonstrated expertise in data modeling, schema design, data contracts, lineage, governance, and the development of durable sources of truth.</li>
<li>Experience establishing data-quality checks, observability, SLIs/SLOs, incident-management practices, and operational documentation.</li>
<li>Demonstrated ability to set technical direction, lead complex initiatives across multiple teams, and make sound architecture and prioritization tradeoffs.</li>
<li>Strong cross-functional communication skills and experience partnering with engineering, product, analytics, insights, and other technical stakeholders.</li>
<li>Experience mentoring and developing engineers, including senior-level practitioners.</li>
</ul>
<h2>Desired Qualifications:</h2>
<ul>
<li>Experience building and operating data systems for a live-service game or another high-scale consumer product.</li>
<li>Experience partnering with game engineering on instrumentation, telemetry, schemas, and launch readiness.</li>
<li>Experience using data and analytics to influence gameplay, product, feature, or live-operations decisions from development through launch.</li>
<li>Familiarity with Teamfight Tactics or strong curiosity about games, player behavior, and live-service operations.</li>
<li>Genuine player empathy, product sense, and pragmatic judgment in balancing player value, engineering quality, delivery, and operational risk.</li>
</ul>
<p><em>For this role, you'll find success through craft expertise, a collaborative spirit, and decision-making that prioritizes the delight of players. We will be looking at your past studies, experience, and your personal relationship with games. If you embody player empathy and care about players' experiences, this could be your role!</em></p>
<p> </p>
<h2><strong>Our Perks:</strong></h2>
<p>Riot focuses on work/life balance, shown by our open paid time off policy and other perks such as flexible work schedules. We offer medical, dental, and life insurance, parental leave for you, your spouse/domestic partner, and children, and a 401k with company match. Check out our <a href=""https://www.riotgames.com/en/work-with-us/overview""><strong>benefits pages</strong></a> for more information.</p>
<p>At Riot Games, we <a class=""c-link"" href=""https://www.riotgames.com/en/who-we-are/values"" target=""_blank"" data-stringify-link=""https://www.riotgames.com/en/who-we-are/values"" data-sk=""tooltip_parent"">put players first</a>. That mission drives every decision in our quest to create games and experiences that make it better to be a player. Whether you’re working directly on a new player-facing experience or you’re supporting the company as a whole, everyone at Riot is part of our mission. And just like in our games, we’re better when we work together. Our goal is to create collaborative teams where you are empowered to bring your unique perspective everyday. If that sounds like the kind of place you want to work, we’re looking forward to your application.</p>
<p> </p>
<p><em>It’s our policy to provide equal employment opportunity for all applicants and members of Riot Games, Inc. Riot Games makes reasonable accommodations for handicapped and disabled Rioters and does not unlawfully discriminate on the basis of race, color, religion, sex, sexual orientation, gender identity or expression, national origin, age, handicap, veteran status, marital status, criminal history, or any other category protected by applicable federal and state law. We consider for employment all qualified applicants, including those with criminal histories, in a manner consistent with applicable federal, state and local law, including the California Fair Chance Act, the City of Los Angeles Fair Chance Initiative for Hiring Ordinance, the Los Angeles County Fair Chance Ordinance for Employers, the San Francisco Fair Chance Ordinance, and the Washington Fair Chance Act.</em></p>
<p><em>Per the Los Angeles County Fair Chance Ordinance, the following core duties may create a basis for disqualifying candidates with relevant criminal histories:</em></p>
<ul>
<li><em>Safeguarding confidential and sensitive Company data </em></li>
<li><em>Communication with others, including Rioters and third parties such as vendors, and/or players, including minors</em></li>
<li><em>Accessing Company assets, secure digital systems, and networks</em></li>
<li><em>Ensuring a safe interactive environment for players and other Rioters</em></li>
</ul>
<p><em>These duties are directly related to essential operations, safety, trust, and compliance obligations within our organization. Please note that job duties may evolve based on business needs and additional responsibilities may be assigned as necessary to maintain operational efficiency and security. </em></p>",8730,https://www.riotgames.com/en/work-with-us/job/8187622?gh_jid=8187622,,https://www.linkedin.com/jobs/view/4465906176,2026-09-15,48,48 applicants,,matched,title,2026-10-02,2026-10-02T11:36:57,2026-10-03,,18,startDate+linkedin,true,0,,,,,League Studio,2026-09-15,,false,,,,,,
REQ-0010341,"Principal Game Designer - League of Legends, ARAM Mayhem",riotgames,Riot Games,,Posted 3 Days Ago,,,"Los Angeles, USA",1,"Los Angeles, USA",false,,United States,,0,"<p>As a game designer, you will design, tweak, and optimize the player experience. Your analytical skills, player insight, and creativity aid in crafting in-game experiences that engage and surprise players. You will collaborate with interdisciplinary teams and work with every tool at hand to innovate and iterate player-focused designs that'll delight millions around the world.</p>
<p>As a <strong>Principal Game Designer</strong> on ARAM: Mayhem, you will level up the team responsible for growing and improving this hit new game mode within League of Legends. You will use your deep understanding of League players to develop new content and systems that deliver unforgettable high moments for the champions they love. As an expert in set-based or live service design, you will define what good looks like for game updates that consistently create novel experiences and high quality gameplay. You will report to ARAM: Mayhem’s Design Director.</p>
<h2>Responsibilities:</h2>
<ul>
<li>Design and implement Augments and other content that demonstrate exemplary gameplay satisfaction.</li>
<li>Provide direction, mentorship, and feedback to other game designers, fostering an environment of collaboration and craft excellence.</li>
<li>Conduct early stage discovery on new projects that quickly validates their direction using intentional iteration and effective playtesting.</li>
<li>Contribute to team processes that operationalize our design goals and ensure reliable, sustainable, high quality delivery of new content.</li>
</ul>
<h2>Required Qualifications:</h2>
<p><span style=""text-decoration: underline;""><em>Please ensure <strong>all</strong> of these qualifications are represented in your resume or cover letter</em></span></p>
<ul>
<li>8+ years of experience in professional Game Development</li>
<li>High familiarity with League of Legends and a strong understanding of what excites League players</li>
<li>Experience designing sets or other content streams for a live service game</li>
<li>Demonstrated proficiency in scripting in at least one engine in a shipped title</li>
</ul>
<h2>Desired Qualifications:</h2>
<ul>
<li>Experience leading projects or teams</li>
<li>Experience designing characters or other player ability kits</li>
<li>Experience as a senior thought leader of materially-impactful world-class innovations on a commercial video game</li>
</ul>
<p><em>For this role, you'll find success through craft expertise and a collaborative spirit that prioritizes the delight of players. We will look at your past studies and experience, but for this role, we also look for dedicated people with a personal relationship with games. If you embody player empathy and care about players' experiences, this is the role for you!</em></p>
<h2><strong>Our Perks:</strong></h2>
<p>Riot focuses on work/life balance, shown by our open paid time off policy and other perks such as flexible work schedules. We offer medical, dental, and life insurance, parental leave for you, your spouse/domestic partner, and children, and a 401k with company match. Check out our <a href=""https://www.riotgames.com/en/work-with-us/overview""><strong>benefits pages</strong></a> for more information.</p>
<p>At Riot Games, we <a class=""c-link"" href=""https://www.riotgames.com/en/who-we-are/values"" target=""_blank"" data-stringify-link=""https://www.riotgames.com/en/who-we-are/values"" data-sk=""tooltip_parent"">put players first</a>. That mission drives every decision in our quest to create games and experiences that make it better to be a player. Whether you’re working directly on a new player-facing experience or you’re supporting the company as a whole, everyone at Riot is part of our mission. And just like in our games, we’re better when we work together. Our goal is to create collaborative teams where you are empowered to bring your unique perspective everyday. If that sounds like the kind of place you want to work, we’re looking forward to your application.</p>
<p> </p>
<p><em>It’s our policy to provide equal employment opportunity for all applicants and members of Riot Games, Inc. Riot Games makes reasonable accommodations for handicapped and disabled Rioters and does not unlawfully discriminate on the basis of race, color, religion, sex, sexual orientation, gender identity or expression, national origin, age, handicap, veteran status, marital status, criminal history, or any other category protected by applicable federal and state law. We consider for employment all qualified applicants, including those with criminal histories, in a manner consistent with applicable federal, state and local law, including the California Fair Chance Act, the City of Los Angeles Fair Chance Initiative for Hiring Ordinance, the Los Angeles County Fair Chance Ordinance for Employers, the San Francisco Fair Chance Ordinance, and the Washington Fair Chance Act.</em></p>
<p><em>Per the Los Angeles County Fair Chance Ordinance, the following core duties may create a basis for disqualifying candidates with relevant criminal histories:</em></p>
<ul>
<li><em>Safeguarding confidential and sensitive Company data </em></li>
<li><em>Communication with others, including Rioters and third parties such as vendors, and/or players, including minors</em></li>
<li><em>Accessing Company assets, secure digital systems, and networks</em></li>
<li><em>Ensuring a safe interactive environment for players and other Rioters</em></li>
</ul>
<p><em>These duties are directly related to essential operations, safety, trust, and compliance obligations within our organization. Please note that job duties may evolve based on business needs and additional responsibilities may be assigned as necessary to maintain operational efficiency and security. </em></p>",5751,https://www.riotgames.com/en/work-with-us/job/8231348?gh_jid=8231348,,https://www.linkedin.com/jobs/view/4471767393,2026-09-29,25,among first 25,,matched,title,2026-10-02,2026-10-02T11:37:07,2026-10-03,,4,startDate+linkedin,true,0,,,,,League Studio,2026-09-29,,true,,,,,,
REQ-0009732,"Principal Insights Analyst, AXE - Teamfight Tactics",riotgames,Riot Games,,Posted 203 Days Ago,,,"Los Angeles, USA",1,"Los Angeles, USA",false,,United States,,0,"<p>The Insights discipline helps empower Rioters' decision-making to be more data-informed and put player experience at the forefront. We're an interdisciplinary group of scientists, consultants, and strategists from all sorts of backgrounds who join together to represent and advocate for players around the world. We believe that illuminating the globally diverse experiences, behaviors, and needs of players is critical to Riot living up to our player-focused mission. We're a group united by our love of games, science, and helping others succeed.</p>
<p>As the Principal Insights Analyst on Teamfight Tactics, you will lead the AXE (Acquisition, eXpression and Events) Insights pod, playing a crucial role in TFT’s long term revenue health. The focus of this role is on managing and coordinating work in a challenging multi team environment that drives TFT’s monetization strategy. You will own the roadmap for all Insights work that supports the AXE Initiative. You will define and manage work streams to understand our monetizers, assess product performance, identify future opportunities and guide experimentation. Working with product leaders you’ll be a strategic thought partner in developing a robust revenue and events strategy that sustains TFT for years to come. AXE has Insights and Product teams in Los Angeles and Singapore and you’ll collaborate both locations to generate impactful insights that inform all aspects of monetization, from new product development to tuning distribution systems. This position is located at our global headquarters in Santa Monica CA, and reports to the TFT Games Insights Lead.</p>
<h2>Responsibilities:</h2>
<ul>
<li>Partner with the AXE Initiative Product Lead and Product Managers to develop and maintain a revenue strategy that maximises TFT’s business model in a sustainable and player-focused manner</li>
<li>Lead the AXE Insights pod:</li>
<ul>
<li>Manage the team’s roadmap, coordinating work between the Los Angeles and Singapore teams to ensure effective identification and prioritization of work </li>
<li>Mentor and guide more junior Insights members in AXE LA & SG, providing constructive feedback and thought leadership to the team</li>
<li>Champion craft standards and maintain a high bar for the team’s work</li>
<li>Create and run systems & processes for the AXE Insights pods and with stakeholders</li>
</ul>
<li>Identify new revenue opportunities and develop strategies to pursue them.</li>
<li>Ensuring TFT maintains an up to date understanding of its monetizer segments and the target audience for its events and revenue products</li>
<li>Drive a continuous learning cycle on the AXE initiative, utilizing strong product frameworks and experimentation design to assess and evolve strategies</li>
<li>Work closely with other TFT Insights leaders from the Game and Publishing teams to create holistic reports that support senior leadership decision makers</li>
<li>Collaborate with Riot’s data organization to ensure the data required to support AXE Insights is available and accurate</li>
</ul>
<h2>Required Qualifications: </h2>
<ul>
<li>7+ years of professional experience in research, analytics, data-driven strategy, or related fields</li>
<li>Experience synthesizing & socializing results and distilling them into impactful recommendations for product leadership</li>
<li>Strong communication and storytelling skills, capable of shaping executive decisions through compelling, evidence-based insights.</li>
</ul>
<h2>Desired Qualifications:</h2>
<ul>
<li>3+ years experience in a leadership role</li>
<li>Familiarity with Teamfight Tactics or other titles in the auto battler genre</li>
<li>Experience working on live service games</li>
<li>Experience in monetization and revenue-related areas, including pricing strategy, in-game economies, and revenue performance optimization.</li>
<li>Professional experience working with multiple cross-functional stakeholders</li>
</ul>
<p><em>For this role, you'll find success through craft expertise, a collaborative spirit, and decision-making that prioritizes the delight of players. We will be looking at your past studies, experience, and your personal relationship with games. If you embody player empathy and care about players' experiences, this could be your role!</em></p>
<p> </p>
<h2><strong>Our Perks:</strong></h2>
<p>Riot focuses on work/life balance, shown by our open paid time off policy and other perks such as flexible work schedules. We offer medical, dental, and life insurance, parental leave for you, your spouse/domestic partner, and children, and a 401k with company match. Check out our <a href=""https://www.riotgames.com/en/work-with-us/overview""><strong>benefits pages</strong></a> for more information.</p>
<p>At Riot Games, we <a class=""c-link"" href=""https://www.riotgames.com/en/who-we-are/values"" target=""_blank"" data-stringify-link=""https://www.riotgames.com/en/who-we-are/values"" data-sk=""tooltip_parent"">put players first</a>. That mission drives every decision in our quest to create games and experiences that make it better to be a player. Whether you’re working directly on a new player-facing experience or you’re supporting the company as a whole, everyone at Riot is part of our mission. And just like in our games, we’re better when we work together. Our goal is to create collaborative teams where you are empowered to bring your unique perspective everyday. If that sounds like the kind of place you want to work, we’re looking forward to your application.</p>
<p> </p>
<p><em>It’s our policy to provide equal employment opportunity for all applicants and members of Riot Games, Inc. Riot Games makes reasonable accommodations for handicapped and disabled Rioters and does not unlawfully discriminate on the basis of race, color, religion, sex, sexual orientation, gender identity or expression, national origin, age, handicap, veteran status, marital status, criminal history, or any other category protected by applicable federal and state law. We consider for employment all qualified applicants, including those with criminal histories, in a manner consistent with applicable federal, state and local law, including the California Fair Chance Act, the City of Los Angeles Fair Chance Initiative for Hiring Ordinance, the Los Angeles County Fair Chance Ordinance for Employers, the San Francisco Fair Chance Ordinance, and the Washington Fair Chance Act.</em></p>
<p><em>Per the Los Angeles County Fair Chance Ordinance, the following core duties may create a basis for disqualifying candidates with relevant criminal histories:</em></p>
<ul>
<li><em>Safeguarding confidential and sensitive Company data </em></li>
<li><em>Communication with others, including Rioters and third parties such as vendors, and/or players, including minors</em></li>
<li><em>Accessing Company assets, secure digital systems, and networks</em></li>
<li><em>Ensuring a safe interactive environment for players and other Rioters</em></li>
</ul>
<p><em>These duties are directly related to essential operations, safety, trust, and compliance obligations within our organization. Please note that job duties may evolve based on business needs and additional responsibilities may be assigned as necessary to maintain operational efficiency and security. </em></p>",7302,https://www.riotgames.com/en/work-with-us/job/7592030?gh_jid=7592030,,https://www.linkedin.com/jobs/view/4452636003,2026-09-24,89,89 applicants,,matched,title,2026-10-02,2026-10-02T11:34:36,2026-10-03,,9,startDate+linkedin,true,0,,,,,League Studio,2026-09-24,,false,4,122574,129274,137137,subset,Insights Analyst II
REQ-0010248,Principal Insights Analyst - Central Product Insights,riotgames,Riot Games,,Posted 39 Days Ago,,,"Los Angeles, USA",1,"Los Angeles, USA",false,,United States,,0,"<p>The Insights discipline helps empower Rioters' decision-making to be more data-informed. We're an interdisciplinary group of scientists, consultants, and strategists from all sorts of backgrounds who join together to represent and advocate for gamers around the world. We believe that illuminating the globally diverse experiences, behaviors, and needs of gamers is essential to Riot living up to our player-focused mission. We're a group united by our love of games, science, and helping others succeed.</p>
<p>As a <strong>Principal Insights Analyst </strong>on <strong>Central Product Insights (CPI),</strong> you will leverage deep expertise in game analytics to help our games deeply understand their products & players and advance our collective skill in understanding our portfolio’s performance. You'll partner with leaders on game insight teams across the portfolio and lifecycle. You’ll conduct a wide range of complex analyses to help us understand the health of our products, players, and game experiences either individually or in partnership with analysts on game teams. You’ll build and manage scaled analytics tools, dashboards, and datasets that empower stakeholders across Riot’s entire portfolio.</p>
<h2>Responsibilities:</h2>
<ul>
<li>Tackle complex & impactful game analytics problems across the Riot Games portfolio including foundational cross-game analytics, product health deep dives, and investigations into multi-game player behaviors and patterns</li>
<li>Apply machine learning and statistical modeling techniques to uncover insights in player behavior, forecast product performance, and support ecosystem-level strategies</li>
<li>Contribute to the development and refinement of analytics tools, dashboards, and datasets that support portfolio decision-making, in partnership with senior stakeholders</li>
<li>Mentor and develop game analysts on CPI</li>
<li>Work with central and game teams to drive consistency and efficiency in key reports</li>
<li>Partner closely with Data Engineering to productionalize central analytics tables and pulls</li>
<li>Model and mentor best practices in analytics craft, supporting the growth of fellow analysts and elevating overall analytical quality across the team and insights organization</li>
<li>Proactively identify player and business opportunities through deep analytical and strategic thinking</li>
</ul>
<h2>Required Qualifications: </h2>
<ul>
<li>Bachelor's degree in Economics, Statistics, Physics, Mathematics or a related discipline plus at least 8 years of relevant experience (an advanced degree can account for up to 2 years of experience)</li>
<li>2+ years experience applying analytics to games or other live-service products</li>
<li>Strong analytical skills across the entire stack (Tableau, SQL, Python/Pyspark)</li>
<li>Familiarity with game design/direction and product strategy</li>
<li>Experience conducting analytics to answer product or portfolio strategy questions</li>
<li>Experience synthesizing & socializing analytics results and distilling results into impactful recommendations for product leadership</li>
<li>Excellent communication and interpersonal skills along with the strong ability to collaborate effectively at all levels and departments of the organization.</li>
<li>Able to work independently and lead projects which require coordinating multi-party worksteams</li>
<li>Ability to own and drive workstreams collaboratively with cross functional partners across game design, engineering, data engineering, and product</li>
</ul>
<h2>Desired Qualifications:</h2>
<ul>
<li>Experience working with competitive PvP titles</li>
<li>Experience with developing and maintaining scalable data warehouse schemas and architecture to support analytical reporting needs.</li>
<li>Experience developing and deploying statistical or machine learning models</li>
<li>Advanced degree in Economics, Finance, Computer Science, Applied Mathematics, Statistics, Management Information Systems, a related discipline, or comparable work experiences</li>
</ul>
<p><em>For this role, you'll find success through craft expertise and a collaborative spirit </em><em>that prioritizes the delight of players. We will look at your past studies and experience, but for this role, we also look for dedicated people with a personal relationship with games. If you embody player empathy and care about players' experiences, this is the role for you!</em></p>
<p> </p>
<h2><strong>Our Perks:</strong></h2>
<p>Riot focuses on work/life balance, shown by our open paid time off policy and other perks such as flexible work schedules. We offer medical, dental, and life insurance, parental leave for you, your spouse/domestic partner, and children, and a 401k with company match. Check out our <a href=""https://www.riotgames.com/en/work-with-us/overview""><strong>benefits pages</strong></a> for more information.</p>
<p>At Riot Games, we <a class=""c-link"" href=""https://www.riotgames.com/en/who-we-are/values"" target=""_blank"" data-stringify-link=""https://www.riotgames.com/en/who-we-are/values"" data-sk=""tooltip_parent"">put players first</a>. That mission drives every decision in our quest to create games and experiences that make it better to be a player. Whether you’re working directly on a new player-facing experience or you’re supporting the company as a whole, everyone at Riot is part of our mission. And just like in our games, we’re better when we work together. Our goal is to create collaborative teams where you are empowered to bring your unique perspective everyday. If that sounds like the kind of place you want to work, we’re looking forward to your application.</p>
<p> </p>
<p><em>It’s our policy to provide equal employment opportunity for all applicants and members of Riot Games, Inc. Riot Games makes reasonable accommodations for handicapped and disabled Rioters and does not unlawfully discriminate on the basis of race, color, religion, sex, sexual orientation, gender identity or expression, national origin, age, handicap, veteran status, marital status, criminal history, or any other category protected by applicable federal and state law. We consider for employment all qualified applicants, including those with criminal histories, in a manner consistent with applicable federal, state and local law, including the California Fair Chance Act, the City of Los Angeles Fair Chance Initiative for Hiring Ordinance, the Los Angeles County Fair Chance Ordinance for Employers, the San Francisco Fair Chance Ordinance, and the Washington Fair Chance Act.</em></p>
<p><em>Per the Los Angeles County Fair Chance Ordinance, the following core duties may create a basis for disqualifying candidates with relevant criminal histories:</em></p>
<ul>
<li><em>Safeguarding confidential and sensitive Company data </em></li>
<li><em>Communication with others, including Rioters and third parties such as vendors, and/or players, including minors</em></li>
<li><em>Accessing Company assets, secure digital systems, and networks</em></li>
<li><em>Ensuring a safe interactive environment for players and other Rioters</em></li>
</ul>
<p><em>These duties are directly related to essential operations, safety, trust, and compliance obligations within our organization. Please note that job duties may evolve based on business needs and additional responsibilities may be assigned as necessary to maintain operational efficiency and security. </em></p>",7442,https://www.riotgames.com/en/work-with-us/job/8148781?gh_jid=8148781,,https://www.linkedin.com/jobs/view/4456558030,2026-09-15,118,118 applicants,,matched,title,2026-10-02,2026-10-02T11:37:08,2026-10-03,,18,startDate+linkedin,true,0,,,,,Product Insights,2026-09-15,,false,4,122574,129274,137137,subset,Insights Analyst II
REQ-0010022,Principal Machine Learning Engineer (Platform & Integrations)- League of Legends,riotgames,Riot Games,,Posted 44 Days Ago,,,"Los Angeles, USA",1,"Los Angeles, USA",false,,United States,,0,"<p>ML engineers at Riot own the full lifecycle of machine learning in production — from problem framing through model design, deployment, and operation — building systems that serve players at global scale. They work across disciplines with engineers, data scientists, designers, and product teams to turn ML capabilities into player-facing experiences and tools for making great games.</p>
<h2><strong>The Role</strong></h2>
<p class=""isSelectedEnd"">As a <strong>Principal AI/ML Platform Engineer for League of Legends</strong>, you’ll be a well-rounded machine learning engineer with deep expertise in ML platforms, setting the technical direction for the systems that enable teams to build, launch, and operate ML-powered experiences at global scale. The role requires strong, hands-on ML engineering depth and a practical understanding of how models are developed, trained, evaluated, deployed, served, monitored, and iterated in production.</p>
<p class=""isSelectedEnd"">This expertise will help shape the infrastructure, tooling, feature and data systems, APIs, and operational standards that enable MLEs to reliably move models from development into production. As League’s senior Tech Lead for ML platform and integrations, the role also includes driving strategy and adoption across teams, leading year-plus initiatives spanning multiple products, and mentoring senior ML Engineers while helping shape how League builds and evolves player- and developer-facing ML experiences.</p>
<p><strong>The position reports to the Senior ML Engineering Manager within the League of Legends game team and is based out of our Los Angeles headquarters.</strong></p>
<p><strong> </strong></p>
<h2>Responsibilities:</h2>
<ul>
<li>Lead AI/ML workflow and MLOps for League of Legends; set automation standards including auto-remediation and self-healing pipelines; drive implementation.</li>
<li>Lead AI/ML serving architecture that scales to production load for Riot’s player base; design systems requiring minimal operational intervention; drive implementation of proven serving architectures.</li>
<li>Lead ML feature platform in partnership with data engineering to scale feature development and processing; solve scale, latency, or reliability constraints in ML data pipelines.</li>
<li>Lead AI/ML developer experience that accelerates development; remove workflow bottlenecks and enable new capabilities.</li>
<li>Lead AI/ML governance in partnership with compliance experts to ensure regulatory adherence; drive implementation of proven frameworks.</li>
<li>Lead AI/ML platform security in partnership with security teams; drive implementation of proven privacy, security, and cryptography techniques for AI/ML.</li>
<li>Drive AI/ML pipeline development and deployment standards, coordinating with data engineering on shared MLOps capabilities.</li>
<li>Drive AI/ML service development and API standards across product integrations.</li>
<li>Drive operational excellence and cost optimization for AI/ML systems across the organization.</li>
<li>Drive incident management and response standards for AI/ML systems across production services.</li>
<li>Drive observability and monitoring standards for AI/ML systems across services.</li>
<li>Drive tooling strategy and evaluation for AI/ML platforms across the organization.</li>
<li>Drive mentorship of senior engineers across multiple products or problem areas; coach developers across disciplines.</li>
<li>Drive recruiting standards across multiple products or problem areas; contribute to interview kits and TA efforts.</li>
</ul>
<h2>Qualifications:</h2>
<ul>
<li>Bachelor’s degree in Computer Science or a related field, or equivalent practical experience.</li>
<li>10+ years of professional software engineering experience, including 5+ years building production ML platforms, systems, or MLOps capabilities.</li>
<li>Evidence that platforms or systems you’ve led have become load-bearing for multiple teams or products — adopted, depended on, and evolved beyond the original scope.</li>
<li>Deep operational intuition for ML systems at scale: you’ve lived through the failure modes (training-serving skew, silent degradation, cost spirals) and built the systems to prevent them.</li>
<li>Background in cloud-native orchestration and large-scale system design (Kubernetes, GPU scheduling, container orchestration) applied at global scale.</li>
<li>History of improving developer experience for ML practitioners in ways that measurably changed how fast or reliably they shipped.</li>
<li>Track record mentoring senior and staff-level engineers; evidence of elevating platform engineering judgment across an organization.</li>
<li>Experience building ML platforms that serve multiple products or game titles simultaneously is a plus.</li>
<li>Track record solving novel scale, latency, or reliability constraints in ML data pipelines is a plus.</li>
<li>Background in ML governance, security, privacy-preserving techniques, or compliance at organizational scale is a plus.</li>
<li>Passion for player experience, games, or creative technology.</li>
</ul>
<p><em><em class=""textItalic"">For this role, you will find success through craft expertise, a collaborative spirit, and decision-making that prioritizes the delight of players. We will be looking at your past studies, experience, and your personal relationship with games. If you embody player empathy and care about players' experiences, this could be your role!</em></em></p>
<h2><strong>Our Perks:</strong></h2>
<p>Riot focuses on work/life balance, shown by our open paid time off policy and other perks such as flexible work schedules. We offer medical, dental, and life insurance, parental leave for you, your spouse/domestic partner, and children, and a 401k with company match. Check out our <a href=""https://www.riotgames.com/en/work-with-us/overview""><strong>benefits pages</strong></a> for more information.</p>
<p>At Riot Games, we <a class=""c-link"" href=""https://www.riotgames.com/en/who-we-are/values"" target=""_blank"" data-stringify-link=""https://www.riotgames.com/en/who-we-are/values"" data-sk=""tooltip_parent"">put players first</a>. That mission drives every decision in our quest to create games and experiences that make it better to be a player. Whether you’re working directly on a new player-facing experience or you’re supporting the company as a whole, everyone at Riot is part of our mission. And just like in our games, we’re better when we work together. Our goal is to create collaborative teams where you are empowered to bring your unique perspective everyday. If that sounds like the kind of place you want to work, we’re looking forward to your application.</p>
<p> </p>
<p><em>It’s our policy to provide equal employment opportunity for all applicants and members of Riot Games, Inc. Riot Games makes reasonable accommodations for handicapped and disabled Rioters and does not unlawfully discriminate on the basis of race, color, religion, sex, sexual orientation, gender identity or expression, national origin, age, handicap, veteran status, marital status, criminal history, or any other category protected by applicable federal and state law. We consider for employment all qualified applicants, including those with criminal histories, in a manner consistent with applicable federal, state and local law, including the California Fair Chance Act, the City of Los Angeles Fair Chance Initiative for Hiring Ordinance, the Los Angeles County Fair Chance Ordinance for Employers, the San Francisco Fair Chance Ordinance, and the Washington Fair Chance Act.</em></p>
<p><em>Per the Los Angeles County Fair Chance Ordinance, the following core duties may create a basis for disqualifying candidates with relevant criminal histories:</em></p>
<ul>
<li><em>Safeguarding confidential and sensitive Company data </em></li>
<li><em>Communication with others, including Rioters and third parties such as vendors, and/or players, including minors</em></li>
<li><em>Accessing Company assets, secure digital systems, and networks</em></li>
<li><em>Ensuring a safe interactive environment for players and other Rioters</em></li>
</ul>
<p><em>These duties are directly related to essential operations, safety, trust, and compliance obligations within our organization. Please note that job duties may evolve based on business needs and additional responsibilities may be assigned as necessary to maintain operational efficiency and security. </em></p>
<p><em>(Los Angeles Only) Base salary range between $292,300.00 - $437,900.00 USD + incentive compensation + equity + 401K with company match + medical, dental, vision, and life insurance + short and long-term disability + open PTO.</em></p>",8717,https://www.riotgames.com/en/work-with-us/job/7944656?gh_jid=7944656,,https://www.linkedin.com/jobs/view/4453488760,2026-09-10,25,among first 25,,matched,title,2026-10-02,2026-10-02T11:34:29,2026-10-03,,23,startDate+linkedin,true,0,,,,,League Studio,2026-09-10,,true,5,157123,158808,213512,subset,Machine Learning  Engineer II
REQ-0010225,Principal Publishing Product Manager – Unpublished R&D Product,riotgames,Riot Games,,Posted 42 Days Ago,,,"Los Angeles, USA",1,"Los Angeles, USA",false,,United States,,0,"<p>Riot Games is looking for a P<strong>rincipal Publishing Product Manager</strong> to embed with an early-stage development team working on an unannounced project.</p>
<p>As an embedded member of the development team, you will bring player, market, and publishing perspectives into product development from its earliest stages. You will help shape the product vision, define target audiences and target markets, validate player value, and identify what must be true for the experience to succeed. </p>
<p>Working closely with Product, Design, Insights, Development, Publishing, and regional teams, you will drive learning, inform product decisions, and build the publishing strategy from the ground up. As the product moves to launch, you will lead publishing readiness and go-to-market planning, helping prepare the product for a successful global launch and long-term player success.</p>
<h2>Responsibilities:</h2>
<ul>
<li>Serve as the senior publishing product partner embedded within the development team, representing player and publishing perspective in product tradeoff discussions, ensuring publishing considerations meaningfully influence development and launch decisions. </li>
<li>Define target audiences, player needs, value propositions, and market opportunities.</li>
<li>Bring player, audience, market, and publishing insights into product strategy & roadmap decisions </li>
<li>Develop the publishing strategy, positioning, and go-to-market plan from concept through launch and into live operations. </li>
<li>Evaluate product scope, sequencing, and investment recommendations based on player value and market opportunity. </li>
<li>Identify potential ecosystem, connected player experiences, community, competitive, and regional opportunities early in development.</li>
<li>Define success metrics for product validation, launch readiness, and long-term player engagement + value.</li>
<li>Align senior stakeholders around strategic choices, risks, tradeoffs, and next steps.</li>
<li>Lead cross-functional publishing readiness, ensuring the product is prepared for successful regional launches and long-term live operations. </li>
</ul>
<h2>Required Qualifications: </h2>
<ul>
<li>10-12+ years of experience in publishing product management, product management, product strategy, go-to-market strategy, or a related discipline.</li>
<li>Expertise in shaping a digital product or platform during early development.</li>
<li>Expertise in translating will be player and market insights into product strategy and prioritization.</li>
<li>Expertise in  developing and testing audience, positioning, or product-market-fit hypotheses.</li>
<li>Strong understanding of digital products, live-service games, and player lifecycle strategy.</li>
<li>Expertise in  leading ambiguous, cross-functional initiatives with senior stakeholders.</li>
<li>Strong strategic thinking, communication, facilitation, and influence skills.</li>
<li>Ability to operate independently with limited oversight.</li>
</ul>
<h2>Desired Qualifications:</h2>
<ul>
<li>Experience working within game development or R&D environments.</li>
<li>Experience supporting products from concept through validation, early production, and launch.</li>
<li>Experience developing products that span multiple player touchpoints or connected experiences. </li>
<li>Familiarity with competitive ecosystems and social play.</li>
<li>Experience with global audience development and regional market testing.</li>
<li>Experience developing phased go-to-market or test-and-learn approaches.</li>
<li>Personal interest in games and emerging player experiences.</li>
</ul>
<p><em><br>For this role, you'll find success through craft expertise, a collaborative spirit, and decision-making that prioritizes the delight of players. We will be looking at your past studies, experience, and your personal relationship with games. If you embody player empathy and care about players' experiences, this could be your role!<br><br></em></p>
<h2><strong>Our Perks:</strong></h2>
<p>Riot focuses on work/life balance, shown by our open paid time off policy and other perks such as flexible work schedules. We offer medical, dental, and life insurance, parental leave for you, your spouse/domestic partner, and children, and a 401k with company match. Check out our <a href=""https://www.riotgames.com/en/work-with-us/overview""><strong>benefits pages</strong></a> for more information.</p>
<p>At Riot Games, we <a class=""c-link"" href=""https://www.riotgames.com/en/who-we-are/values"" target=""_blank"" data-stringify-link=""https://www.riotgames.com/en/who-we-are/values"" data-sk=""tooltip_parent"">put players first</a>. That mission drives every decision in our quest to create games and experiences that make it better to be a player. Whether you’re working directly on a new player-facing experience or you’re supporting the company as a whole, everyone at Riot is part of our mission. And just like in our games, we’re better when we work together. Our goal is to create collaborative teams where you are empowered to bring your unique perspective everyday. If that sounds like the kind of place you want to work, we’re looking forward to your application.</p>
<p> </p>
<p><em>It’s our policy to provide equal employment opportunity for all applicants and members of Riot Games, Inc. Riot Games makes reasonable accommodations for handicapped and disabled Rioters and does not unlawfully discriminate on the basis of race, color, religion, sex, sexual orientation, gender identity or expression, national origin, age, handicap, veteran status, marital status, criminal history, or any other category protected by applicable federal and state law. We consider for employment all qualified applicants, including those with criminal histories, in a manner consistent with applicable federal, state and local law, including the California Fair Chance Act, the City of Los Angeles Fair Chance Initiative for Hiring Ordinance, the Los Angeles County Fair Chance Ordinance for Employers, the San Francisco Fair Chance Ordinance, and the Washington Fair Chance Act.</em></p>
<p><em>Per the Los Angeles County Fair Chance Ordinance, the following core duties may create a basis for disqualifying candidates with relevant criminal histories:</em></p>
<ul>
<li><em>Safeguarding confidential and sensitive Company data </em></li>
<li><em>Communication with others, including Rioters and third parties such as vendors, and/or players, including minors</em></li>
<li><em>Accessing Company assets, secure digital systems, and networks</em></li>
<li><em>Ensuring a safe interactive environment for players and other Rioters</em></li>
</ul>
<p><em>These duties are directly related to essential operations, safety, trust, and compliance obligations within our organization. Please note that job duties may evolve based on business needs and additional responsibilities may be assigned as necessary to maintain operational efficiency and security. </em></p>
<p> </p>",6996,https://www.riotgames.com/en/work-with-us/job/8129452?gh_jid=8129452,,https://www.linkedin.com/jobs/view/4454678432,2026-09-12,42,42 applicants,,matched,title,2026-10-02,2026-10-02T11:37:10,2026-10-03,,21,startDate+linkedin,true,0,,,,,Publishing,2026-09-12,,false,,,,,,
REQ-0009971,"Principal Software Engineer, AI Enablement - Central Product",riotgames,Riot Games,,Posted 149 Days Ago,,,"Los Angeles, USA",1,"Los Angeles, USA",false,,United States,,0,"<p>Riot engineers bring deep knowledge of specific technical areas but also value the opportunity to work in a variety of broader domains.  We work with both new and current technology, creating innovative solutions to solve complex, large-scale challenges and deliver player value.  As a Principal Software Engineer, you’ll lead the development of key features and model high standards of engineering excellence. </p>
<p>As a <strong>Principal Software Engineer </strong>on Riot’s AI Enablement team, you are a technical force multiplier. You will embed directly with any team at Riot to accelerate their adoption of modern AI development (e.g., generative AI, LLMs, reinforcement learning). Operating as part of an elite, highly mobile strike team, you will build production-ready AI integrations, develop robust developer tools, and level up partner engineers through side-by-side collaboration. Once a team is empowered and systems are successfully handed off, you will deploy to the next challenge. You will be at the forefront of cutting-edge AI in the game industry, bridging the gap between new technologies and live environments to shape how Riot develops products and games. You will be accountable to Riot’s Head of AI Product.</p>
<h2>Responsibilities:</h2>
<ul>
<li><strong>Implement and Integrate:</strong> Lead the technical execution of integrating modern AI practices into existing engines, tools, and pipelines.</li>
<li><strong>Embed and Accelerate:</strong> Deploy onto partner teams across Riot to break down complex AI implementation problems, establish technical direction, and deliver scalable, highly performant solutions.</li>
<li><strong>Mentorship and Handoff:</strong> Train and coach embedded team engineers through pair programming, technical reviews, and hands-on collaboration. Ensure a seamless transition of code ownership before deploying to your next assignment.</li>
<li><strong>Evangelize Best Practices:</strong> Share engineering best practices, security guardrails, and performance standards for AI usage across Riot’s development ecosystem.</li>
<li><strong>Build Foundations:</strong> Identify when industry-standard tools are insufficient and develop new foundations, middleware, or APIs to connect AI research with practical development.</li>
<li><strong>Manage Ambiguity:</strong> Actively navigate highly complex, uncharted technical spaces, communicating trade-offs and building consensus among engineering and product leadership.</li>
</ul>
<h2>Required Qualifications:</h2>
<ul>
<li>BS in Computer Science (or equivalent experience) with 8-12 years of software engineering experience.</li>
<li>Extensive experience with systems integration, technical leadership, and early-stage software development.</li>
<li>Deep programming proficiency in C++ and at least one other language (e.g., Python, C#).</li>
<li>Shipped at least one AAA game <em><strong>or</strong></em> large-scale, high-concurrency live service product.</li>
<li>Proven track record of managing high ambiguity, setting technical strategy, and leading multi-month/year initiatives.</li>
<li>Practical experience utilizing, integrating, or building modern AI tools, APIs, or infrastructure.</li>
</ul>
<h2>Desired Qualifications:</h2>
<ul>
<li>Experience extending or developing within Unreal Engine (C++).</li>
<li>Familiarity with ML frameworks (e.g., PyTorch, TensorFlow) or LLM orchestration.</li>
<li>Background working on shared engine technology, central tools, or platform engineering teams.</li>
<li>Familiarity with the Runeterra and VALORANT IPs.</li>
</ul>
<p><em>For this role, you'll find success through craft expertise, a collaborative spirit, and decision-making that prioritizes the delight of players. We will be looking at your past studies, experience, and your personal relationship with games. If you embody player empathy and care about players' experiences, this could be your role!</em></p>
<h2><strong>Our Perks:</strong></h2>
<p>Riot focuses on work/life balance, shown by our open paid time off policy and other perks such as flexible work schedules. We offer medical, dental, and life insurance, parental leave for you, your spouse/domestic partner, and children, and a 401k with company match. Check out our <a href=""https://www.riotgames.com/en/work-with-us/overview""><strong>benefits pages</strong></a> for more information.</p>
<p>At Riot Games, we <a class=""c-link"" href=""https://www.riotgames.com/en/who-we-are/values"" target=""_blank"" data-stringify-link=""https://www.riotgames.com/en/who-we-are/values"" data-sk=""tooltip_parent"">put players first</a>. That mission drives every decision in our quest to create games and experiences that make it better to be a player. Whether you’re working directly on a new player-facing experience or you’re supporting the company as a whole, everyone at Riot is part of our mission. And just like in our games, we’re better when we work together. Our goal is to create collaborative teams where you are empowered to bring your unique perspective everyday. If that sounds like the kind of place you want to work, we’re looking forward to your application.</p>
<p><em>It’s our policy to provide equal employment opportunity for all applicants and members of Riot Games, Inc. Riot Games makes reasonable accommodations for handicapped and disabled Rioters and does not unlawfully discriminate on the basis of race, color, religion, sex, sexual orientation, gender identity or expression, national origin, age, handicap, veteran status, marital status, criminal history, or any other category protected by applicable federal and state law. We consider for employment all qualified applicants, including those with criminal histories, in a manner consistent with applicable federal, state and local law, including the California Fair Chance Act, the City of Los Angeles Fair Chance Initiative for Hiring Ordinance, the Los Angeles County Fair Chance Ordinance for Employers, the San Francisco Fair Chance Ordinance, and the Washington Fair Chance Act.</em></p>
<p><em>Per the Los Angeles County Fair Chance Ordinance, the following core duties may create a basis for disqualifying candidates with relevant criminal histories:</em></p>
<ul>
<li><em>Safeguarding confidential and sensitive Company data </em></li>
<li><em>Communication with others, including Rioters and third parties such as vendors, and/or players, including minors</em></li>
<li><em>Accessing Company assets, secure digital systems, and networks</em></li>
<li><em>Ensuring a safe interactive environment for players and other Rioters</em></li>
</ul>
<p><em>These duties are directly related to essential operations, safety, trust, and compliance obligations within our organization. Please note that job duties may evolve based on business needs and additional responsibilities may be assigned as necessary to maintain operational efficiency and security. </em></p>",6914,https://www.riotgames.com/en/work-with-us/job/7872902?gh_jid=7872902,,https://www.linkedin.com/jobs/view/4452614961,2026-09-24,30,30 applicants,,matched,title,2026-10-02,2026-10-02T11:36:44,2026-10-03,,9,startDate+linkedin,true,0,,,,,Product Managment,2026-09-24,,false,19,164318,184558,184558,subset,Software Engineer II
REQ-0010111,"Principal Software Engineer - Developer Connections, Game Release",riotgames,Riot Games,,Posted 78 Days Ago,,,"Los Angeles, USA",1,"Los Angeles, USA",false,,United States,,0,"<p>Riot engineers bring deep knowledge of specific technical areas but also value the opportunity to work in a variety of broader domains. As a <strong>Principal Software Engineer</strong>, you’ll work alongside other engineers to implement technical solutions at a company-wide scale. You’ll collaborate with teams to ensure high quality and stack applicability, and provide other engineers with a clear illustration of extraordinary engineering.</p>
<p>Developer Connections (DevCon) connects Riot's developers across Game Studios, R&D, and Central Tech to help teams reliably and efficiently ship and operate games. Our mission is to provide the core systems and capabilities that enable Riot teams to deliver games to any audience on any platform with confidence and ease, keeping developers focused on building exceptional player experiences. As a <strong>Principal Software Engineer</strong>,<strong> </strong>you'll serve as a senior technical leader for Riot’s game release ecosystem. In this highly collaborative, game-facing role, you will partner closely with Release Team leadership and game teams across Riot to shape technical direction, bring clarity to complex release challenges, and build trust across partner teams. The ideal candidate possesses deep, firsthand experience with game shipping mechanics—including clients, servers, services, content, publishing constraints, and first-party requirements (console or mobile experience is a major plus)—and will leverage this expertise to drive sound technical decisions and improve how Riot delivers games globally.</p>
<h2>Responsibilities:</h2>
<ul>
<li>Define Technical Direction: Shape and execute the strategy for Riot’s centralized game release capabilities, balancing speed, safety, and scale.</li>
<li>Partner with Game Teams: Work directly with game teams to understand real-world release constraints and ensure centralized solutions directly address production needs.</li>
<li>Build Cross-Team Alignment: Communicate technical vision clearly, establish trust, and help partners evaluate the value and tradeoffs of centralized release systems.</li>
<li>Guide End-to-End Architecture: Lead architectural strategy across complex surfaces, including clients, game servers, backend services, content, configuration, and publishing workflows.</li>
<li>Drive Reliable Release Decisions: Champion cross-team technical decisions that maximize release predictability and safety without sacrificing game team velocity.</li>
<li>Apply Strong Technical & Product Judgment: Navigate ambiguous release challenges by balancing player impact, workflow efficiency, platform constraints, and time-to-market.</li>
<li>Advise Leadership: Serve as a trusted technical sounding board, linking engineering strategy and technical investments directly to partner adoption.</li>
<li>Raise Engineering Standards: Elevate technical design, system architecture, operational rigor, and cross-functional collaboration across the domain.</li>
<li>Resolve High-Impact Issues: Hands-on diagnose complex technical blockers, build context quickly, and partner directly with engineers to drive solutions through to production.</li>
</ul>
<h2>Required Qualifications: </h2>
<ul>
<li>8+ years of professional software engineering experience, with a track record of developing and shipping at least one live-operated game.</li>
<li>Deep domain expertise in the end-to-end game shipping lifecycle, including production workflows, platform constraints, and live operations challenges.</li>
<li>Broad release surface experience across game clients, game servers, backend services, configuration, content pipelines, or release orchestration.</li>
<li>Holistic technical perspective, with a proven ability to connect architectural decisions directly to player experience and operational stability.</li>
<li>Strong hands-on engineering skills, with recent experience designing, building, debugging, and maintaining large-scale production systems.</li>
<li>Proven crisis response & problem-solving ability, adept at stepping into unfamiliar, high-pressure technical situations to diagnose root causes and unblock delivery.</li>
</ul>
<h2>Desired Qualifications:</h2>
<ul>
<li>Experience in release engineering, deployment systems, publishing systems, or live game operations</li>
<li>Experience shipping games across multiple platforms or regions</li>
<li>Experience designing or evolving shared technical capabilities used by multiple game teams</li>
<li>Experience serving as a senior technical partner in product or platform strategy discussions</li>
<li>Experience helping organizations move from bespoke workflows toward scalable common patterns</li>
<li>Experience in a central platform or developer infrastructure team supporting game teams</li>
<li>Strong technical leadership experience in ambiguous, cross-team problem spaces, with a track record of successfully delivering impactful results</li>
<li>Proven ability to define technical direction and influence adoption beyond their immediate team</li>
<li>Strong communication and stakeholder management skills, with the ability to build trust and alignment with game teams and senior technical partners</li>
</ul>
<p><em>For this role, you'll find success through craft expertise, a collaborative spirit, and decision-making that prioritizes your fellow Rioters, who are the customers of your work. Being a dedicated fan of games is not necessary for this position!</em></p>
<p> </p>
<h2><strong>Our Perks:</strong></h2>
<p>Riot focuses on work/life balance, shown by our open paid time off policy and other perks such as flexible work schedules. We offer medical, dental, and life insurance, parental leave for you, your spouse/domestic partner, and children, and a 401k with company match. Check out our <a href=""https://www.riotgames.com/en/work-with-us/overview""><strong>benefits pages</strong></a> for more information.</p>
<p>At Riot Games, we <a class=""c-link"" href=""https://www.riotgames.com/en/who-we-are/values"" target=""_blank"" data-stringify-link=""https://www.riotgames.com/en/who-we-are/values"" data-sk=""tooltip_parent"">put players first</a>. That mission drives every decision in our quest to create games and experiences that make it better to be a player. Whether you’re working directly on a new player-facing experience or you’re supporting the company as a whole, everyone at Riot is part of our mission. And just like in our games, we’re better when we work together. Our goal is to create collaborative teams where you are empowered to bring your unique perspective everyday. If that sounds like the kind of place you want to work, we’re looking forward to your application.</p>
<p> </p>
<p><em>It’s our policy to provide equal employment opportunity for all applicants and members of Riot Games, Inc. Riot Games makes reasonable accommodations for handicapped and disabled Rioters and does not unlawfully discriminate on the basis of race, color, religion, sex, sexual orientation, gender identity or expression, national origin, age, handicap, veteran status, marital status, criminal history, or any other category protected by applicable federal and state law. We consider for employment all qualified applicants, including those with criminal histories, in a manner consistent with applicable federal, state and local law, including the California Fair Chance Act, the City of Los Angeles Fair Chance Initiative for Hiring Ordinance, the Los Angeles County Fair Chance Ordinance for Employers, the San Francisco Fair Chance Ordinance, and the Washington Fair Chance Act.</em></p>
<p><em>Per the Los Angeles County Fair Chance Ordinance, the following core duties may create a basis for disqualifying candidates with relevant criminal histories:</em></p>
<ul>
<li><em>Safeguarding confidential and sensitive Company data </em></li>
<li><em>Communication with others, including Rioters and third parties such as vendors, and/or players, including minors</em></li>
<li><em>Accessing Company assets, secure digital systems, and networks</em></li>
<li><em>Ensuring a safe interactive environment for players and other Rioters</em></li>
</ul>
<p><em>These duties are directly related to essential operations, safety, trust, and compliance obligations within our organization. Please note that job duties may evolve based on business needs and additional responsibilities may be assigned as necessary to maintain operational efficiency and security. </em></p>",8466,https://www.riotgames.com/en/work-with-us/job/8049807?gh_jid=8049807,,https://www.linkedin.com/jobs/view/4452633026,2026-09-24,25,among first 25,,matched,title,2026-10-02,2026-10-02T11:34:26,2026-10-03,,9,startDate+linkedin,true,0,,,,,Riot Technology,2026-09-24,,true,19,164318,184558,184558,subset,Software Engineer II
REQ-0010115,"Principal Software Engineer, Gameplay - Teamfight Tactics",riotgames,Riot Games,,Posted 87 Days Ago,,,"Los Angeles, USA",1,"Los Angeles, USA",false,,United States,,0,"<p>Riot engineers bring deep knowledge of specific technical areas but also value the opportunity to work in a variety of broader domains. As a software engineer, you’ll work with both new and current technologies, creating innovative solutions to overcome high-volume obstacles and to deliver player value.</p>
<p>As a <strong>Principal Software Engineer on the Live Experiences teams within Teamfight Tactics</strong>, you will collaborate with multidisciplinary teams to enable the creation of new game features, systems, and experiences for our players. You will discuss and define the needs of art, design, and audio in a highly collaborative environment. You will build new technology in a wide variety of game systems to meet those needs. As Teamfight Tactics is a multi-platform game, supporting PC, Android, and iOS, cross-platform experience would be beneficial. You will report to the Engineering Manager accountable for the Live Experiences teams. </p>
<h2>Responsibilities:</h2>
<ul>
<li>Build gameplay features and systems for TFT game modes and cosmetics</li>
<li>Build around-game UI features, including progression and monetization flows in collaboration with Visual Designers and User Experience creatives</li>
<li>Collaborate and drive on product, technical and architectural discussions, ensuring alignment with product vision and engineering strategy</li>
<li>Improve efficiency for developers and unlock their ability to create awesome experiences by improving tools and workflows</li>
<li>Align with stakeholders and disciplines spanning multiple teams across TFT to deliver awesome features</li>
<li>Provide mentorship to engineers, tech artists, and tech designers</li>
<li>Participate and improve the team's support rotation</li>
<li>Reduce ambiguity in a problem space through technical discovery & prototyping</li>
</ul>
<h2>Required Qualifications:</h2>
<ul>
<li>10+ years of software development, including shipping one or more products on large code bases that span a range of platforms and tools</li>
<li>4+ years Unreal Engine experience, with familiarity in game engine tools, workflows, & content pipelines</li>
<li>Expertise with C++ and Gameplay Engineering (Character, Camera, Controls) </li>
<li>Experience leveraging strong communication skills to collaborate across disciplines (e.g. Design, Art, QA, Production) to create solutions</li>
<li>Experience mentoring others in both soft and hard skills</li>
<li>Product sense, pragmatism, and player empathy in making tech decisions</li>
<li>BS in Computer Science, or proven understanding of Computer Science fundamentals</li>
</ul>
<h2>Desired Qualifications:</h2>
<ul>
<li>Familiarity with Teamfight Tactics</li>
<li>Mobile and/or multi-platform experience</li>
</ul>
<p><em>For this role, you'll find success through craft expertise, a collaborative spirit, and decision-making that prioritizes the delight of players. We will be looking at your past studies, experience, and your personal relationship with games. If you embody player empathy and care about the experiences of players, this could be the role for you!</em></p>
<h2><strong>Our Perks:</strong></h2>
<p>Riot focuses on work/life balance, shown by our open paid time off policy and other perks such as flexible work schedules. We offer medical, dental, and life insurance, parental leave for you, your spouse/domestic partner, and children, and a 401k with company match. Check out our <a href=""https://www.riotgames.com/en/work-with-us/overview""><strong>benefits pages</strong></a> for more information.</p>
<p>At Riot Games, we <a class=""c-link"" href=""https://www.riotgames.com/en/who-we-are/values"" target=""_blank"" data-stringify-link=""https://www.riotgames.com/en/who-we-are/values"" data-sk=""tooltip_parent"">put players first</a>. That mission drives every decision in our quest to create games and experiences that make it better to be a player. Whether you’re working directly on a new player-facing experience or you’re supporting the company as a whole, everyone at Riot is part of our mission. And just like in our games, we’re better when we work together. Our goal is to create collaborative teams where you are empowered to bring your unique perspective everyday. If that sounds like the kind of place you want to work, we’re looking forward to your application.</p>
<p> </p>
<p><em>It’s our policy to provide equal employment opportunity for all applicants and members of Riot Games, Inc. Riot Games makes reasonable accommodations for handicapped and disabled Rioters and does not unlawfully discriminate on the basis of race, color, religion, sex, sexual orientation, gender identity or expression, national origin, age, handicap, veteran status, marital status, criminal history, or any other category protected by applicable federal and state law. We consider for employment all qualified applicants, including those with criminal histories, in a manner consistent with applicable federal, state and local law, including the California Fair Chance Act, the City of Los Angeles Fair Chance Initiative for Hiring Ordinance, the Los Angeles County Fair Chance Ordinance for Employers, the San Francisco Fair Chance Ordinance, and the Washington Fair Chance Act.</em></p>
<p><em>Per the Los Angeles County Fair Chance Ordinance, the following core duties may create a basis for disqualifying candidates with relevant criminal histories:</em></p>
<ul>
<li><em>Safeguarding confidential and sensitive Company data </em></li>
<li><em>Communication with others, including Rioters and third parties such as vendors, and/or players, including minors</em></li>
<li><em>Accessing Company assets, secure digital systems, and networks</em></li>
<li><em>Ensuring a safe interactive environment for players and other Rioters</em></li>
</ul>
<p><em>These duties are directly related to essential operations, safety, trust, and compliance obligations within our organization. Please note that job duties may evolve based on business needs and additional responsibilities may be assigned as necessary to maintain operational efficiency and security. </em></p>",6112,https://www.riotgames.com/en/work-with-us/job/8049865?gh_jid=8049865,,https://www.linkedin.com/jobs/view/4452613995,2026-09-24,26,26 applicants,,matched,title,2026-10-02,2026-10-02T11:35:03,2026-10-03,,9,startDate+linkedin,true,0,,,,,League Studio,2026-09-24,,false,19,164318,184558,184558,subset,Software Engineer II
REQ-0010321,"Principal Software Engineer - League of Legends , UI Tooling",riotgames,Riot Games,,Posted 10 Days Ago,,,"Los Angeles, USA",1,"Los Angeles, USA",false,,United States,,0,"<p>Riot engineers bring deep knowledge of specific technical areas but also value the opportunity to work in many broader domains. As a Software Engineer, you'll work with both new and current technology, creating creative solutions to overcome high-volume obstacles and to bring player value.</p>
<p>As a <strong>Principal Software Engineer on the UI Tooling team</strong>, you will develop against the foundations of the UI frameworks and authoring tools used to build experiences for League of Legends. The scope of this position requires collaboration with technology owners and content teams across the organization to ensure we provide thoughtful tools and workflows that help engineers, designers, and artists create and iterate effectively. For this role, you’ll report to the organization’s Engineering Manager. You will also partner with other teams and disciplines to ensure that your work improves the quality of life and effectiveness of those partners. Our platform is written in C++ and makes heavy use of the Qt ecosystem for UI/UX, with Python supporting several utility and workflow needs. <strong>This role will be based out of our Los Angeles Headquarters.</strong></p>
<h2>Responsibilities<strong>:</strong></h2>
<ul>
<li>Work and align with different partners that span across multiple teams to ensure we're delivering awesome features to excite them</li>
<li>Contributing to technical discussions/designs that your team oversees</li>
<li>Own the software lifecycle for your code that includes develop/test/deploy/maintaining frameworks, platforms, and tools</li>
<li>Mentorship. You help junior Rioters develop the tools and creative atmosphere to shine</li>
<li>Participate in the team's support rotation</li>
</ul>
<h2>Required Qualifications:</h2>
<ul>
<li>8+ years of deep hands-on experience with C/C++ that spans several use-cases and platforms.</li>
<li>At least 5 years of experience in the video game industry that includes working within multiple game development UI and an example of a shipped game. </li>
<li>Have been responsible for driving the development of several organizational sized development efforts (1-year+ scope), including requirements gathering, planning, and testing.</li>
<li>Maintained software development best practices within your organization that includes design/code reviews, coding standards, source control management, testing, delivery performance, scalability, and maintainability</li>
<li>Experience working on a custom, internally developed game engine and tooling.</li>
<li>Expertise with UX artist workflows </li>
</ul>
<p><em>For this role, you'll find success through craft expertise, a collaborative spirit, and decision-making that prioritizes the delight of players. We will be looking at your past studies, experience, and your personal relationship with games. If you embody player empathy and care about the experiences of players, this could be the role for you!</em></p>
<h2><strong>Our Perks:</strong></h2>
<p>Riot focuses on work/life balance, shown by our open paid time off policy and other perks such as flexible work schedules. We offer medical, dental, and life insurance, parental leave for you, your spouse/domestic partner, and children, and a 401k with company match. Check out our <a href=""https://www.riotgames.com/en/work-with-us/overview""><strong>benefits pages</strong></a> for more information.</p>
<p>At Riot Games, we <a class=""c-link"" href=""https://www.riotgames.com/en/who-we-are/values"" target=""_blank"" data-stringify-link=""https://www.riotgames.com/en/who-we-are/values"" data-sk=""tooltip_parent"">put players first</a>. That mission drives every decision in our quest to create games and experiences that make it better to be a player. Whether you’re working directly on a new player-facing experience or you’re supporting the company as a whole, everyone at Riot is part of our mission. And just like in our games, we’re better when we work together. Our goal is to create collaborative teams where you are empowered to bring your unique perspective everyday. If that sounds like the kind of place you want to work, we’re looking forward to your application.</p>
<p> </p>
<p><em>It’s our policy to provide equal employment opportunity for all applicants and members of Riot Games, Inc. Riot Games makes reasonable accommodations for handicapped and disabled Rioters and does not unlawfully discriminate on the basis of race, color, religion, sex, sexual orientation, gender identity or expression, national origin, age, handicap, veteran status, marital status, criminal history, or any other category protected by applicable federal and state law. We consider for employment all qualified applicants, including those with criminal histories, in a manner consistent with applicable federal, state and local law, including the California Fair Chance Act, the City of Los Angeles Fair Chance Initiative for Hiring Ordinance, the Los Angeles County Fair Chance Ordinance for Employers, the San Francisco Fair Chance Ordinance, and the Washington Fair Chance Act.</em></p>
<p><em>Per the Los Angeles County Fair Chance Ordinance, the following core duties may create a basis for disqualifying candidates with relevant criminal histories:</em></p>
<ul>
<li><em>Safeguarding confidential and sensitive Company data </em></li>
<li><em>Communication with others, including Rioters and third parties such as vendors, and/or players, including minors</em></li>
<li><em>Accessing Company assets, secure digital systems, and networks</em></li>
<li><em>Ensuring a safe interactive environment for players and other Rioters</em></li>
</ul>
<p><em>These duties are directly related to essential operations, safety, trust, and compliance obligations within our organization. Please note that job duties may evolve based on business needs and additional responsibilities may be assigned as necessary to maintain operational efficiency and security. </em></p>",5942,https://www.riotgames.com/en/work-with-us/job/8221963?gh_jid=8221963,,https://www.linkedin.com/jobs/view/4468178655,2026-09-22,25,among first 25,,matched,title,2026-10-02,2026-10-02T11:34:54,2026-10-03,,11,startDate+linkedin,true,0,,,,,League Studio,2026-09-22,,true,19,164318,184558,184558,subset,Software Engineer II
REQ-0010160,"Principal Software Engineer, Rendering - Unpublished R&D Product",riotgames,Riot Games,,Posted 66 Days Ago,,,"Los Angeles, USA",1,"Los Angeles, USA",false,,United States,,0,"<p>Riot engineers bring deep knowledge of specific technical areas but also value the opportunity to work in a variety of broader domains. Riot engineers bring deep knowledge of specific technical areas but also value the opportunity to work in a variety of broader domains. As a Principal Software Engineer, you’ll work alongside other engineers to implement technical solutions at a company-wide scale. You’ll collaborate with teams to ensure high quality and stack applicability, and provide other engineers with a clear illustration of extraordinary engineering.</p>
<p>As a <strong>Principal Software Engineer</strong> focused on graphics on the unpublished MMO team, you are responsible for helping Riot build and deliver a brand new game! You will keep the players' experience in mind as you build rendering systems and engine features to support one of our new games. You will also work collaboratively with artists, designers, and producers to deliver genre-defining visual experiences to our players. You will also report to the Engineering Manager of the project.</p>
<h2>Responsibilities:</h2>
<ul>
<li>Be the rendering expert of the team</li>
<li>Help build the engine technology that powers one of our new AAA games</li>
<li>Deeply understand how rendering systems are interlinked and proactively work across departments to shepherd best practices and advise on all things rendering-related</li>
<li>Work collaboratively with the art team to help realize the overall vision of the game</li>
<li>Work to monitor and increase the performance of the game client</li>
<li>Build, implement, and improve tools for artists across multiple platforms</li>
<li>Work to resolve pipeline issues and to identify areas for improvement</li>
</ul>
<h2>Required Qualifications: </h2>
<ul>
<li>8+ years of professional programming experience as a rendering engineer</li>
<li>2+ years experience as a technical lead</li>
<li>Experience working with various game engines (i.e. Unreal, Unity, etc.)</li>
<li>BS or equivalent experience</li>
<li>Familiarity working in an agile environment</li>
<li>Experience with multithreaded programming</li>
<li>Experience working on an MMO</li>
</ul>
<h2>Desired Qualifications:</h2>
<ul>
<li>Familiarity with working with and extending tools like Maya</li>
<li>Expert in low-level optimization of C++</li>
<li>Experience with asset pipelines, version control, and data-driven rendering architectures</li>
<li>Experience with Nanite</li>
<li>Experience with procedural content generation tools  (i.e. Houdini, UE5 PCG, etc.)</li>
</ul>
<p><em>For this role, you'll find success through craft expertise and a collaborative spirit that prioritizes the delight of players. We will look at your past studies and experience, but for this role, we also look for dedicated people with a personal relationship with games. If you embody player empathy and care about players' experiences, this is the role for you!</em></p>
<h2><strong>Our Perks:</strong></h2>
<p>Riot focuses on work/life balance, shown by our open paid time off policy and other perks such as flexible work schedules. We offer medical, dental, and life insurance, parental leave for you, your spouse/domestic partner, and children, and a 401k with company match. Check out our <a href=""https://www.riotgames.com/en/work-with-us/overview""><strong>benefits pages</strong></a> for more information.</p>
<p>At Riot Games, we <a class=""c-link"" href=""https://www.riotgames.com/en/who-we-are/values"" target=""_blank"" data-stringify-link=""https://www.riotgames.com/en/who-we-are/values"" data-sk=""tooltip_parent"">put players first</a>. That mission drives every decision in our quest to create games and experiences that make it better to be a player. Whether you’re working directly on a new player-facing experience or you’re supporting the company as a whole, everyone at Riot is part of our mission. And just like in our games, we’re better when we work together. Our goal is to create collaborative teams where you are empowered to bring your unique perspective everyday. If that sounds like the kind of place you want to work, we’re looking forward to your application.</p>
<p><em>It’s our policy to provide equal employment opportunity for all applicants and members of Riot Games, Inc. Riot Games makes reasonable accommodations for handicapped and disabled Rioters and does not unlawfully discriminate on the basis of race, color, religion, sex, sexual orientation, gender identity or expression, national origin, age, handicap, veteran status, marital status, criminal history, or any other category protected by applicable federal and state law. We consider for employment all qualified applicants, including those with criminal histories, in a manner consistent with applicable federal, state and local law, including the California Fair Chance Act, the City of Los Angeles Fair Chance Initiative for Hiring Ordinance, the Los Angeles County Fair Chance Ordinance for Employers, the San Francisco Fair Chance Ordinance, and the Washington Fair Chance Act.</em></p>
<p><em>Per the Los Angeles County Fair Chance Ordinance, the following core duties may create a basis for disqualifying candidates with relevant criminal histories:</em></p>
<ul>
<li><em>Safeguarding confidential and sensitive Company data </em></li>
<li><em>Communication with others, including Rioters and third parties such as vendors, and/or players, including minors</em></li>
<li><em>Accessing Company assets, secure digital systems, and networks</em></li>
<li><em>Ensuring a safe interactive environment for players and other Rioters</em></li>
</ul>
<p><em>These duties are directly related to essential operations, safety, trust, and compliance obligations within our organization. Please note that job duties may evolve based on business needs and additional responsibilities may be assigned as necessary to maintain operational efficiency and security. </em></p>",5930,https://www.riotgames.com/en/work-with-us/job/8078139?gh_jid=8078139,,https://www.linkedin.com/jobs/view/4452618830,2026-09-24,25,among first 25,,matched,title,2026-10-02,2026-10-02T11:35:04,2026-10-03,,9,startDate+linkedin,true,0,,,,,Riot Discovery Studio,2026-09-24,,true,19,164318,184558,184558,subset,Software Engineer II
REQ-0010195,"Principal Software Engineer, Services/DevOps - Wild Rift",riotgames,Riot Games,,Posted 57 Days Ago,,,"Los Angeles, USA",1,"Los Angeles, USA",false,,United States,,0,"<p>Riot engineers bring deep knowledge of specific technical areas but also value the chance to work in many broader domains. Riot engineers bring deep knowledge of specific technical areas but also value the opportunity to work in a variety of broader domains. We work with both new and current technology, creating innovative solutions to solve complex, large-scale challenges and deliver player value. </p>
<p>As a <strong>Principal Software Engineer on Wild Rift</strong>, you’ll lead the development of key features and model high standards of engineering excellence. You will leverage your deep technical expertise, technical vision to enhance the player experience across the game. You'll work closely with the leadership team to set technical vision, align stakeholders across Riot to deliver high-impact results and memorable moments that last a lifetime. You’ll support and grow a cross-disciplinary engineering team. Joining a passionate and driven team, you'll help shape the premier mobile League of Legends experience enjoyed by millions of players worldwide. <strong>For this role business fluency in Mandarin is a requirement. This position is based out of our Los Angeles Headquarters.</strong></p>
<h2>Responsibilities:</h2>
<ul>
<li>Define the engineering strategy and technical roadmap to develop our global service and infrastructure with an understanding of our audience and product goals</li>
<li>Manage and scale multiple engineering disciplines to support product needs across the product lifecycle and ongoing live operations </li>
<li>Lead the long-term evolution of game services and infrastructure ownership, including transitioning capabilities into the team and building the organization and operating model to run them sustainably over time.</li>
<li>Collaborate in technical/architectural discussions, provide direction and drive decision-making</li>
<li>Partner with product and delivery as they define product features and product roadmap, and collaborate to develop strategies for improving team health and effectiveness</li>
<li>Collaborate and coordinate with Riot Central technology teams to efficiently deliver world-class solutions</li>
<li>Drive the planning and execution of engineering work including requirements gathering, technical discovery, technical design, and work breakdown and estimation.</li>
<li>Directly accountable for the technical success of the team including ownership of our systems, services, AI adoption, infrastructure, and devops operating well and in a cost-effective manner in live environments</li>
<li>Identify, interview, and hire software engineers to support Wild Rift team and goals</li>
<li>Support engineers with performance management, and career management and development including stretch opportunities for them to grow</li>
<li>Create a culture of leadership across engineering by seeking different perspectives at all levels to solve problems and contribute ideas</li>
</ul>
<h2>Required Qualifications:</h2>
<ul>
<li>BS in Computer Science, computer engineering or related field (or equivalent experience).</li>
<li>8+ years professional experience as a software engineer working in a game development team, Infra/SRE, or Software engineering teams</li>
<li>4+ years as a tech lead guiding the direction and implementation of game services, infrastructure, devops, and live operations</li>
<li>Experience translating a long-term technical vision into a roadmap that your teams successfully executed against, with evidence of course-correcting when priorities shifted.</li>
<li>Experience leading technical discussions such as technical design reviews and code reviews across organizations</li>
<li>Mandarin fluency required</li>
</ul>
<h2>Desired Qualifications:</h2>
<ul>
<li>Experience working in co-dev environments</li>
<li>Experience working on Game Client, Around game systems, Infrastructure, privacy/security, Trust and Safety and operating live services games</li>
</ul>
<p><em>For this role, you'll find success through craft expertise, a collaborative spirit, and decision-making that prioritizes the delight of players and fans. We will be looking at your past studies, experience, and your personal relationship with games. If you embody player empathy and care about the experiences of players, this could be the role for you!</em></p>
<h2><strong>Our Perks:</strong></h2>
<p>Riot focuses on work/life balance, shown by our open paid time off policy and other perks such as flexible work schedules. We offer medical, dental, and life insurance, parental leave for you, your spouse/domestic partner, and children, and a 401k with company match. Check out our <a href=""https://www.riotgames.com/en/work-with-us/overview""><strong>benefits pages</strong></a> for more information.</p>
<p>At Riot Games, we <a class=""c-link"" href=""https://www.riotgames.com/en/who-we-are/values"" target=""_blank"" data-stringify-link=""https://www.riotgames.com/en/who-we-are/values"" data-sk=""tooltip_parent"">put players first</a>. That mission drives every decision in our quest to create games and experiences that make it better to be a player. Whether you’re working directly on a new player-facing experience or you’re supporting the company as a whole, everyone at Riot is part of our mission. And just like in our games, we’re better when we work together. Our goal is to create collaborative teams where you are empowered to bring your unique perspective everyday. If that sounds like the kind of place you want to work, we’re looking forward to your application.</p>
<p> </p>
<p><em>It’s our policy to provide equal employment opportunity for all applicants and members of Riot Games, Inc. Riot Games makes reasonable accommodations for handicapped and disabled Rioters and does not unlawfully discriminate on the basis of race, color, religion, sex, sexual orientation, gender identity or expression, national origin, age, handicap, veteran status, marital status, criminal history, or any other category protected by applicable federal and state law. We consider for employment all qualified applicants, including those with criminal histories, in a manner consistent with applicable federal, state and local law, including the California Fair Chance Act, the City of Los Angeles Fair Chance Initiative for Hiring Ordinance, the Los Angeles County Fair Chance Ordinance for Employers, the San Francisco Fair Chance Ordinance, and the Washington Fair Chance Act.</em></p>
<p><em>Per the Los Angeles County Fair Chance Ordinance, the following core duties may create a basis for disqualifying candidates with relevant criminal histories:</em></p>
<ul>
<li><em>Safeguarding confidential and sensitive Company data </em></li>
<li><em>Communication with others, including Rioters and third parties such as vendors, and/or players, including minors</em></li>
<li><em>Accessing Company assets, secure digital systems, and networks</em></li>
<li><em>Ensuring a safe interactive environment for players and other Rioters</em></li>
</ul>
<p><em>These duties are directly related to essential operations, safety, trust, and compliance obligations within our organization. Please note that job duties may evolve based on business needs and additional responsibilities may be assigned as necessary to maintain operational efficiency and security. </em></p>",7327,https://www.riotgames.com/en/work-with-us/job/8104538?gh_jid=8104538,,https://www.linkedin.com/jobs/view/4452631038,2026-09-23,25,among first 25,,matched,title,2026-10-02,2026-10-02T11:34:49,2026-10-03,,10,startDate+linkedin,true,0,,,,,League Studio,2026-09-23,,true,19,164318,184558,184558,subset,Software Engineer II
REQ-0009208,"Principal Software Engineer, Test Automation -  League of Legends",riotgames,Riot Games,,Posted 361 Days Ago,,,"Los Angeles, USA",1,"Los Angeles, USA",false,,United States,,0,"<p>Riot engineers bring deep knowledge of specific technical areas but also value the opportunity to work in a variety of broader domains. As a Software Engineer, you’ll work with both new and current technology, creating innovative solutions to overcome high-volume obstacles and to deliver player value.</p>
<p>As a <strong>Principal Software Engineer</strong> on the <strong>League of Legends Quality Team</strong>, you will define and drive the technical vision for our core automation frameworks, ensuring the highest standards of quality across the League of Legends ecosystem. Your work will empower engineers across multiple initiatives—ranging from gameplay mechanics to skin development—by providing reliable, scalable frameworks that support efficient and robust testing practices.</p>
<p>In this role, you'll report directly to the Engineering Manager and play a key leadership role in cross-team collaboration. You’ll work closely with engineers and QA across Riot to align on quality frameworks and workflows, elevate the developer experience, and improve the overall quality of our products.</p>
<p>We primarily use C++ for game and tooling logic, and Python to drive our test automation and validation systems.</p>
<h2>Responsibilities:</h2>
<ul>
<li>Collaboration with diverse teams to ensure features accomplish expectations from multiple dimensions (code quality, extensibility, modularity, scalability, security, operational concerns, and industry standards/trends)</li>
<li>Work and align with different partners that span across multiple teams to ensure we're delivering awesome features to excite them</li>
<li>Setting the tone for, contributing to, and defining technical discussions/designs that your team is accountable for</li>
<li>Mentorship. You help Rioters develop the tools and creative atmosphere to shine, but ultimately hold them accountable for making smart calls and delivering player value</li>
<li>Participate in the team's support rotation</li>
</ul>
<h2>Required Qualifications:</h2>
<ul>
<li>8+ years of deep hands-on experiences with compiled programming languages (C/C++, Java, Go, or C#)</li>
<li>3+ years building and maintaining automated tests for games, web, mobile, backend services, or desktop applications (scope depending on role level).</li>
<li>Experience with C/C++ that spans various use-cases and platforms.</li>
<li>Have been responsible for driving value through leading the development of organization-sized efforts (1-year+ scope), including requirements gathering, planning, testing, and release or deployment</li>
<li>Championed software development best practices within your organization that includes design/code reviews, coding standards, source control management, testing, delivery performance, scalability, and maintainability</li>
<li>You have a strong history of mentoring others in both soft and hard skills</li>
</ul>
<h2>Desired Qualifications</h2>
<ul>
<li>Leveraged machine learning, AI, and/or functional testing techniques to enhance automated testing workflows, enabling smarter test case prioritization, anomaly detection, and adaptive regression coverage across complex game systems.</li>
<li>2+ years experience utilizing computer vision in support of automation tests</li>
</ul>
<p><em>For this role, you'll find success through craft expertise, a collaborative spirit, and decision-making that prioritizes the delight of players. We will be looking at your past studies, experience, and your personal relationship with games. If you embody player empathy and care about players' experiences, this could be your role!</em></p>
<p> </p>
<h2><strong>Our Perks:</strong></h2>
<p>Riot focuses on work/life balance, shown by our open paid time off policy and other perks such as flexible work schedules. We offer medical, dental, and life insurance, parental leave for you, your spouse/domestic partner, and children, and a 401k with company match. Check out our <a href=""https://www.riotgames.com/en/work-with-us/overview""><strong>benefits pages</strong></a> for more information.</p>
<p>At Riot Games, we <a class=""c-link"" href=""https://www.riotgames.com/en/who-we-are/values"" target=""_blank"" data-stringify-link=""https://www.riotgames.com/en/who-we-are/values"" data-sk=""tooltip_parent"">put players first</a>. That mission drives every decision in our quest to create games and experiences that make it better to be a player. Whether you’re working directly on a new player-facing experience or you’re supporting the company as a whole, everyone at Riot is part of our mission. And just like in our games, we’re better when we work together. Our goal is to create collaborative teams where you are empowered to bring your unique perspective everyday. If that sounds like the kind of place you want to work, we’re looking forward to your application.</p>
<p> </p>
<p><em>It’s our policy to provide equal employment opportunity for all applicants and members of Riot Games, Inc. Riot Games makes reasonable accommodations for handicapped and disabled Rioters and does not unlawfully discriminate on the basis of race, color, religion, sex, sexual orientation, gender identity or expression, national origin, age, handicap, veteran status, marital status, criminal history, or any other category protected by applicable federal and state law. We consider for employment all qualified applicants, including those with criminal histories, in a manner consistent with applicable federal, state and local law, including the California Fair Chance Act, the City of Los Angeles Fair Chance Initiative for Hiring Ordinance, the Los Angeles County Fair Chance Ordinance for Employers, the San Francisco Fair Chance Ordinance, and the Washington Fair Chance Act.</em></p>
<p><em>Per the Los Angeles County Fair Chance Ordinance, the following core duties may create a basis for disqualifying candidates with relevant criminal histories:</em></p>
<ul>
<li><em>Safeguarding confidential and sensitive Company data </em></li>
<li><em>Communication with others, including Rioters and third parties such as vendors, and/or players, including minors</em></li>
<li><em>Accessing Company assets, secure digital systems, and networks</em></li>
<li><em>Ensuring a safe interactive environment for players and other Rioters</em></li>
</ul>
<p><em>These duties are directly related to essential operations, safety, trust, and compliance obligations within our organization. Please note that job duties may evolve based on business needs and additional responsibilities may be assigned as necessary to maintain operational efficiency and security. </em></p>",6614,https://www.riotgames.com/en/work-with-us/job/7118616?gh_jid=7118616,,https://www.linkedin.com/jobs/view/4452633028,2026-09-23,72,72 applicants,,matched,title,2026-10-02,2026-10-02T11:36:53,2026-10-03,,10,startDate+linkedin,true,0,,,,,League Studio,2026-09-23,,false,,,,,,
REQ-0010324,"Principal Technical Product Manager - VALORANT, Developer Tooling",riotgames,Riot Games,,Posted 8 Days Ago,,,"Los Angeles, USA",1,"Los Angeles, USA",false,,United States,,0,"<p>Technical Product Managers combine deep technical knowledge and experience with product leadership capabilities which are needed to enable Riot Games to deliver key products and experiences to make it better to be a player. You will develop and execute strategies on Riot's products and technologies while leading diverse teams to deliver creative solutions to our most difficult technical and experiential challenges.</p>
<p>As a <strong>Principal Technical Product Manager </strong>for VALORANT Foundations, reporting to the Director of Technical Product Management for VALORANT, you’ll identify and lead the highest-impact opportunities across the platforms that make the game predictable to build, release and operate worldwide. Foundations serves VALORANT’s engineers, artists and designers through build and release pipelines, developer tools and workflows, engine capabilities and core backend services. Working with engineering leads, game teams and central technology partners, you’ll bring independent product judgment to ambiguous problems, build support for a clear direction, and lead delivery across teams without direct authority. Your success will be measured in faster development workflows, more predictable releases, and platforms that let VALORANT grow sustainably.</p>
<h2>Responsibilities:</h2>
<ul>
<li>Define and align product strategy for critical, cross-cutting platform areas, prioritizing outcomes that create measurable value for developers and players</li>
<li>Bring strategic structure and clarity to Foundations' hardest, most ambiguous initiatives so they're set up for long-term success</li>
<li>Lead cross-functional teams through influence, bridging engineering reality and product requirements, and driving decisions to closure across the groups that own build and release pipelines, the developer inner loop and editor, engine capabilities, and core backend services, all without direct authority</li>
<li>Serve as a strategic proxy for Foundations leadership, stepping in with autonomy to own high-stakes opportunities end to end</li>
<li>Partner deeply with engineering leads to ensure platform solutions are robust, scalable, and seamlessly integrated into developer workflows</li>
<li>Broker across the seam with central tech team partners, representing VALORANT's needs into shared platforms and negotiating what's owned where</li>
<li>Translate empathy for internal developers into infrastructure and tooling that solves genuine pain points; champion data-informed decisions</li>
<li>Champion AI-augmented ways of working: bring agentic tooling into the PM craft to compress cycle time and model what modern product management looks like for Foundations</li>
</ul>
<h2>Required Qualifications: </h2>
<ul>
<li>8+ years of relevant experience in Technical Product Management or a related engineering/technical field</li>
<li>Familiarity with the game development lifecycle: engines, art/build toolchains, live-ops workflows</li>
<li>Proven ability to operate at a Principal level, navigating organizational complexity to drive outcomes without direct authority</li>
<li>Strong technical background (CS degree or equivalent experience) sufficient to credibly debate tradeoffs with engineering leads</li>
<li>Experience translating open-ended or ambiguous technical capabilities into concrete product roadmaps with defined milestones and success metrics</li>
<li>Track record owning platform, developer-tools, or systems products with internal customers</li>
<li>Experience integrating agentic AI tooling into the product-management craft, using agents to shorten the loop from insight to execution</li>
</ul>
<h2>Desired Qualifications:</h2>
<ul>
<li>Experience with developer experience / platform-as-a-product domains, including internal platforms, SDKs, or CI/CD tooling</li>
<li>Experience operating across the studio/central-tech boundary, or in a shared-infrastructure org serving multiple teams</li>
<li>Hands-on familiarity with Unreal Engine and the Unreal Editor, VALORANT's engine and the primary environment its developers work in</li>
</ul>
<p><em>For this role, you'll find success through craft expertise, a collaborative spirit, and decision-making that prioritizes the delight of players. We will be looking at your past studies, experience, and your personal relationship with games. If you embody player empathy and care about players' experiences, this could be your role!</em></p>
<h2><strong>Our Perks:</strong></h2>
<p>Riot focuses on work/life balance, shown by our open paid time off policy and other perks such as flexible work schedules. We offer medical, dental, and life insurance, parental leave for you, your spouse/domestic partner, and children, and a 401k with company match. Check out our <a href=""https://www.riotgames.com/en/work-with-us/overview""><strong>benefits pages</strong></a> for more information.</p>
<p>At Riot Games, we <a class=""c-link"" href=""https://www.riotgames.com/en/who-we-are/values"" target=""_blank"" data-stringify-link=""https://www.riotgames.com/en/who-we-are/values"" data-sk=""tooltip_parent"">put players first</a>. That mission drives every decision in our quest to create games and experiences that make it better to be a player. Whether you’re working directly on a new player-facing experience or you’re supporting the company as a whole, everyone at Riot is part of our mission. And just like in our games, we’re better when we work together. Our goal is to create collaborative teams where you are empowered to bring your unique perspective everyday. If that sounds like the kind of place you want to work, we’re looking forward to your application.</p>
<p> </p>
<p><em>It’s our policy to provide equal employment opportunity for all applicants and members of Riot Games, Inc. Riot Games makes reasonable accommodations for handicapped and disabled Rioters and does not unlawfully discriminate on the basis of race, color, religion, sex, sexual orientation, gender identity or expression, national origin, age, handicap, veteran status, marital status, criminal history, or any other category protected by applicable federal and state law. We consider for employment all qualified applicants, including those with criminal histories, in a manner consistent with applicable federal, state and local law, including the California Fair Chance Act, the City of Los Angeles Fair Chance Initiative for Hiring Ordinance, the Los Angeles County Fair Chance Ordinance for Employers, the San Francisco Fair Chance Ordinance, and the Washington Fair Chance Act.</em></p>
<p><em>Per the Los Angeles County Fair Chance Ordinance, the following core duties may create a basis for disqualifying candidates with relevant criminal histories:</em></p>
<ul>
<li><em>Safeguarding confidential and sensitive Company data </em></li>
<li><em>Communication with others, including Rioters and third parties such as vendors, and/or players, including minors</em></li>
<li><em>Accessing Company assets, secure digital systems, and networks</em></li>
<li><em>Ensuring a safe interactive environment for players and other Rioters</em></li>
</ul>
<p><em>These duties are directly related to essential operations, safety, trust, and compliance obligations within our organization. Please note that job duties may evolve based on business needs and additional responsibilities may be assigned as necessary to maintain operational efficiency and security. </em></p>",7439,https://www.riotgames.com/en/work-with-us/job/8221969?gh_jid=8221969,,https://www.linkedin.com/jobs/view/4470100431,2026-09-25,25,among first 25,,matched,title,2026-10-02,2026-10-02T11:37:12,2026-10-03,,8,startDate+linkedin,true,0,,,,,VALORANT Studio,2026-09-25,,true,,,,,,
REQ-0010249,Principal Visual Design Artist - Unpublished R&D Product,riotgames,Riot Games,,Posted 10 Days Ago,,,"Los Angeles, USA",1,"Los Angeles, USA",false,,United States,,0,"<p>Riot Visual Designers craft the best player experiences through their knowledge of systemic design, graphic design, interactivity, layout, typography, color theory, and illustration. Designers collaborate with cross disciplinary teams and act as both artistic and design problem solvers. They understand players and ask questions about the what, who, and how when solving for an interface or communication challenge. </p>
<p>As a <strong>Principal Visual Design Artist </strong>on an unpublished R&D title, you will be responsible for all aspects of Visual Design in an early-stage R&D game. We need your help to produce assets of the highest quality so our players can immerse themselves in our world. You'll report to the Visual Design Lead and collaborate with other artists to establish the style of the game's user interface. You'll also work collaboratively with engineers, designers, and producers, and together will give new, delightful experiences to our players.</p>
<h2><strong>Responsibilities:</strong></h2>
<ul>
<li>Work with the team to create a visual style that satisfies the creative goals - establishing a unique visual identity for the game’s UI</li>
<li>Create visually balanced and intuitive interfaces that show an excellent grasp of readability, hierarchy, platform and player behavior patterns</li>
<li>Guide the planning of UI work, working with artists and designers to build on the creative vision</li>
<li>Create assets through each stage of development, taking ideas from concept to in-game implementation </li>
<li>Use deep knowledge of systemic design, graphic design, interactivity, layout, typography, color theory, and illustration to create seamless player experience</li>
<li>Extend themes throughout the project, establishing style guides and conventions </li>
<li>Establish the quality bar for visual design for the game</li>
</ul>
<h2><strong>Required Qualifications:</strong></h2>
<ul>
<li>Hands-on experience contributing to a major feature, game, product launch, or entertainment property through the craft of visual communication design.</li>
<li>8+ years of professional experience as a Visual Designer, UI Designer, or UI Artist</li>
<li>Expert knowledge in Figma & Adobe CC </li>
<li>Knowledge of the game development pipeline including optimization, localization and implementation</li>
<li>Experience shipping games in Unreal, Unity, or any relevant game engine.</li>
<li>Portfolio that demonstrates visual taste of contemporary graphic design and strong artistic style</li>
</ul>
<h2><strong>Desired Qualifications:</strong></h2>
<ul>
<li>Experience developing brand identities, logos, brand kits, etc. </li>
<li>Experience in a secondary area such as motion graphics, illustration, animation, or modeling</li>
</ul>
<p><em>For this role, you'll find success through craft expertise, a collaborative spirit, and decision-making that prioritizes the delight of players. We will be looking at your past studies, experience, and your personal relationship with games. If you embody player empathy and care about players' experiences, this could be your role!</em></p>
<h2><strong>Our Perks:</strong></h2>
<p>Riot focuses on work/life balance, shown by our open paid time off policy and other perks such as flexible work schedules. We offer medical, dental, and life insurance, parental leave for you, your spouse/domestic partner, and children, and a 401k with company match. Check out our <a href=""https://www.riotgames.com/en/work-with-us/overview""><strong>benefits pages</strong></a> for more information.</p>
<p>At Riot Games, we <a class=""c-link"" href=""https://www.riotgames.com/en/who-we-are/values"" target=""_blank"" data-stringify-link=""https://www.riotgames.com/en/who-we-are/values"" data-sk=""tooltip_parent"">put players first</a>. That mission drives every decision in our quest to create games and experiences that make it better to be a player. Whether you’re working directly on a new player-facing experience or you’re supporting the company as a whole, everyone at Riot is part of our mission. And just like in our games, we’re better when we work together. Our goal is to create collaborative teams where you are empowered to bring your unique perspective everyday. If that sounds like the kind of place you want to work, we’re looking forward to your application.</p>
<p> </p>
<p><em>It’s our policy to provide equal employment opportunity for all applicants and members of Riot Games, Inc. Riot Games makes reasonable accommodations for handicapped and disabled Rioters and does not unlawfully discriminate on the basis of race, color, religion, sex, sexual orientation, gender identity or expression, national origin, age, handicap, veteran status, marital status, criminal history, or any other category protected by applicable federal and state law. We consider for employment all qualified applicants, including those with criminal histories, in a manner consistent with applicable federal, state and local law, including the California Fair Chance Act, the City of Los Angeles Fair Chance Initiative for Hiring Ordinance, the Los Angeles County Fair Chance Ordinance for Employers, the San Francisco Fair Chance Ordinance, and the Washington Fair Chance Act.</em></p>
<p><em>Per the Los Angeles County Fair Chance Ordinance, the following core duties may create a basis for disqualifying candidates with relevant criminal histories:</em></p>
<ul>
<li><em>Safeguarding confidential and sensitive Company data </em></li>
<li><em>Communication with others, including Rioters and third parties such as vendors, and/or players, including minors</em></li>
<li><em>Accessing Company assets, secure digital systems, and networks</em></li>
<li><em>Ensuring a safe interactive environment for players and other Rioters</em></li>
</ul>
<p><em>These duties are directly related to essential operations, safety, trust, and compliance obligations within our organization. Please note that job duties may evolve based on business needs and additional responsibilities may be assigned as necessary to maintain operational efficiency and security. </em></p>",6111,https://www.riotgames.com/en/work-with-us/job/8148783?gh_jid=8148783,,https://www.linkedin.com/jobs/view/4468190436,2026-09-22,52,52 applicants,,matched,title,2026-10-02,2026-10-02T11:37:13,2026-10-03,,11,startDate+linkedin,true,0,,,,,Riot Discovery Studio,2026-09-22,,false,,,,,,
REQ-0010220,"Publishing Product Manager, Americas",riotgames,Riot Games,,Posted 46 Days Ago,,,"Los Angeles, USA",1,"Los Angeles, USA",false,,United States,,0,"<p>As the <strong>Publishing Product Management Lead, Americas</strong>, you will play a critical role in shaping strategy across the Americas during a formative stage of a new product’s lifecycle. Reporting to the GM of the Americas and working closely with global leads and the development team, you will drive subregional strategies aligned with broader regional and global objectives. Your deep understanding of market trends, player behavior, and cultural nuances across the Americas will be critical as you work to deliver exceptional value to players while ensuring optimal operational efficiency and performance.  </p>
<p>You will play a key role in advocating for the region’s needs in global decision-making processes and ensuring that product ecosystems and community involvement thrive across the Americas. This role is anchored in strong North America market expertise, while also requiring the cultural fluency and operational judgment to support Latin America and Brazil through effective local partnerships and vendors. In this role, you’ll also oversee budgeting and resource allocation to support the successful execution of regional goals. Above all, you will demonstrate a relentless, entrepreneurial drive to always be delivering for players.</p>
<h2>Key Responsibilities:</h2>
<ul>
<li>Develop and execute Americas regional strategies for various projects, ensuring alignment with global priorities and focusing on product ecosystems, community engagement, and cultural and market trends across North America, with informed support for Latin America and Brazil.</li>
<li>Act as the regional expert on specific target audiences, sharing insights to product and brand teams in order to influence global publishing plans and the product itself. </li>
<li>Lead cross-functional workstreams across product, publishing, brand, platform, and comms, operating with a startup mindset and bias toward action.</li>
<li>Oversee subregional budgets, ensuring effective resource allocation and tracking performance to optimize results.</li>
<li>Recommend and align country-based outcomes linked to regional key results, set performance indicators, and track publishing efforts' performance.</li>
<li>Build strong relationships with internal and external stakeholders, serving as a core voice for Americas players throughout Riot and ensuring regional needs are prioritized in global decision-making.</li>
<li>Identify risks in regional projects and provide cultural and market expertise while also ensuring alignment with global strategies.</li>
<li>Scale impact through partners, including a broad ecosystem of agencies, vendors, first parties, and external partners, ensuring strong creative quality and operational execution.</li>
</ul>
<h2>Required Qualifications:</h2>
<ul>
<li>Bachelor’s degree in marketing, business administration, or comparable professional experience.</li>
<li>8+ years of experience in game publishing, entertainment, sports, or non-traditional media brands, with a track record of shaping regional strategies and delivering outcomes.</li>
<li>Proven experience leading regional publishing or marketing strategy across multiple markets in the Americas, with deep expertise in North America strongly preferred. </li>
<li>Demonstrated understanding of cultural and consumer dynamics across the Americas, including the ability to partner effectively with vendors and external stakeholders to support Latin America and Brazil. </li>
<li>Strong analytical and strategic thinking skills, with comfort operating in ambiguity and early-stage product environments.</li>
<li>Clear, confident communicator with experience representing regional perspectives to senior global leadership.</li>
</ul>
<h2>Desired Qualifications:</h2>
<ul>
<li>Multilingual capabilities relevant to the region, especially Spanish and/or Portuguese, enhancing communication with local stakeholders, partners, and vendors.</li>
<li>Demonstrated success delivering multiplatform strategies, including PC and first party console ecosystems</li>
<li>Extensive experience leading complex, cross-functional initiatives in a matrixed environment and working with working with teams across various geographies.</li>
</ul>
<p><em>For this role, you'll find success through craft expertise, a collaborative spirit, and decision-making that prioritizes the delight of players. We will be looking at your past studies, experience, and your personal relationship with games. If you embody player empathy and care about players' experiences, this could be your role!</em></p>
<h2><strong>Our Perks:</strong></h2>
<p>Riot focuses on work/life balance, shown by our open paid time off policy and other perks such as flexible work schedules. We offer medical, dental, and life insurance, parental leave for you, your spouse/domestic partner, and children, and a 401k with company match. Check out our <a href=""https://www.riotgames.com/en/work-with-us/overview""><strong>benefits pages</strong></a> for more information.</p>
<p>At Riot Games, we <a class=""c-link"" href=""https://www.riotgames.com/en/who-we-are/values"" target=""_blank"" data-stringify-link=""https://www.riotgames.com/en/who-we-are/values"" data-sk=""tooltip_parent"">put players first</a>. That mission drives every decision in our quest to create games and experiences that make it better to be a player. Whether you’re working directly on a new player-facing experience or you’re supporting the company as a whole, everyone at Riot is part of our mission. And just like in our games, we’re better when we work together. Our goal is to create collaborative teams where you are empowered to bring your unique perspective everyday. If that sounds like the kind of place you want to work, we’re looking forward to your application.</p>
<p> </p>
<p><em>It’s our policy to provide equal employment opportunity for all applicants and members of Riot Games, Inc. Riot Games makes reasonable accommodations for handicapped and disabled Rioters and does not unlawfully discriminate on the basis of race, color, religion, sex, sexual orientation, gender identity or expression, national origin, age, handicap, veteran status, marital status, criminal history, or any other category protected by applicable federal and state law. We consider for employment all qualified applicants, including those with criminal histories, in a manner consistent with applicable federal, state and local law, including the California Fair Chance Act, the City of Los Angeles Fair Chance Initiative for Hiring Ordinance, the Los Angeles County Fair Chance Ordinance for Employers, the San Francisco Fair Chance Ordinance, and the Washington Fair Chance Act.</em></p>
<p><em>Per the Los Angeles County Fair Chance Ordinance, the following core duties may create a basis for disqualifying candidates with relevant criminal histories:</em></p>
<ul>
<li><em>Safeguarding confidential and sensitive Company data </em></li>
<li><em>Communication with others, including Rioters and third parties such as vendors, and/or players, including minors</em></li>
<li><em>Accessing Company assets, secure digital systems, and networks</em></li>
<li><em>Ensuring a safe interactive environment for players and other Rioters</em></li>
</ul>
<p><em>These duties are directly related to essential operations, safety, trust, and compliance obligations within our organization. Please note that job duties may evolve based on business needs and additional responsibilities may be assigned as necessary to maintain operational efficiency and security.</em></p>",7556,https://www.riotgames.com/en/work-with-us/job/8128657?gh_jid=8128657,,,,,,,no_match,,2026-10-02,,2026-10-03,,,,true,0,,,,,PubSports Americas,,,false,,,,,,
REQ-0010259,Revenue Accounting Manager,riotgames,Riot Games,,Posted 36 Days Ago,,,"Los Angeles, USA",1,"Los Angeles, USA",false,,United States,,0,"<p>As a <strong>Revenue Accounting Manager</strong>,<strong> </strong>you’ll be in charge of certain areas of the game revenue accounting at Riot Games.  This involves critical accounting player life estimates, big data transaction reconciliation and automation for micropayments, devising structure to address controls and risks including for accounts receivable, and thoughtfully developing the technical accounting for emerging revenue issues.  To be successful, you’ll need to be flexible working at both a review level and a hands-on detailed level.  You will drive projects forward and collaborate with other teams including Finance, Game teams, Payments, Legal, Data, and accounting teams in our global offices.</p>
<p>This position reports to the Accounting Director and will play a key leadership role in the overall Accounting organization around change management, improving processes and controls, scaling accounting, company infrastructure and operations.</p>
<h2>Responsibilities:</h2>
<ul>
<li>Deeply understand Riot’s statistical player life estimate calculation and work with a data analyst to maintain it.  This includes doing analysis to explain changes, working on audit deliverables, and understanding how this estimate would apply to new products.</li>
<li>Reconcile large sales datasets with engineering team across the order to cash process.  This data would include information from international payment processors with unique fees, FX, and taxes.</li>
<li>Further develop processes and automation with the engineering team to increase efficiency and scope of the large data reconciliation noted above.  This includes project management, understanding system data flows, and cross team collaboration.</li>
<li>Research and formalize technical accounting including Principal vs Agent, Point in Time vs Over Time, Costs to obtain a contract, and Consideration payable to a customer.  </li>
<li>Review draft contracts to ensure smooth technical accounting.</li>
<li>Build out approaches and systems to address key risks such as receivables collectability and chargebacks monitoring.</li>
<li>Project manage and oversee certain day to day, period end close, and audit related activities</li>
<li>Implement improved approaches to internal revenue data and systems.  This may include implementing a more sophisticated revenue system and the related processes</li>
<li>Mentor team staff</li>
<li>Manage relationships with external auditors to ensure timely completion of annual audits and reviews</li>
</ul>
<h2>Required Qualifications: </h2>
<ul>
<li>A bachelor's degree in Accounting or Finance. Big 4 experience and a CPA designation is required.</li>
<li>6+ years of progressive experience with at least 3 years in a leadership role in a fast paced environment.  Multinational experience is required.</li>
<li>Project manage key areas with multiple groups.  Organize and prioritize effectively and meet deadlines while maintaining quality.</li>
<li>Analytical, interested in deeply understanding areas, consider why an approach is better than 1-2 alternatives. </li>
<li>Some statistical experience, ideally in relation to critical accounting estimates.</li>
<li>Strong understanding of revenue recognition in a technology/entertainment company</li>
<li>Comfortable working with big data processes and engineer / analysts for high volume revenue transactions.</li>
<li>Strong leader in training and developing high-performing individuals with a clear commitment to the development and engagement of the team.  Effectively listen and demonstrate an effective, collaborative approach.</li>
</ul>
<h2>Desired Qualifications:</h2>
<ul>
<li>Operational experience including global high volume credit card transactions and B2B transactions. </li>
<li>Experience with gaming industry player life statistical estimates or similar.</li>
<li>Solid experience with one or more financial ERP systems, preferably Oracle</li>
</ul>
<p><em>For this role, you'll find success through craft expertise, a collaborative spirit, and decision-making that prioritizes your fellow Rioters, who are the customers of your work. Being a dedicated fan of games is not necessary for this position!</em></p>
<h2><strong>Our Perks:</strong></h2>
<p>Riot focuses on work/life balance, shown by our open paid time off policy and other perks such as flexible work schedules. We offer medical, dental, and life insurance, parental leave for you, your spouse/domestic partner, and children, and a 401k with company match. Check out our <a href=""https://www.riotgames.com/en/work-with-us/overview""><strong>benefits pages</strong></a> for more information.</p>
<p>At Riot Games, we <a class=""c-link"" href=""https://www.riotgames.com/en/who-we-are/values"" target=""_blank"" data-stringify-link=""https://www.riotgames.com/en/who-we-are/values"" data-sk=""tooltip_parent"">put players first</a>. That mission drives every decision in our quest to create games and experiences that make it better to be a player. Whether you’re working directly on a new player-facing experience or you’re supporting the company as a whole, everyone at Riot is part of our mission. And just like in our games, we’re better when we work together. Our goal is to create collaborative teams where you are empowered to bring your unique perspective everyday. If that sounds like the kind of place you want to work, we’re looking forward to your application.</p>
<p> </p>
<p><em>It’s our policy to provide equal employment opportunity for all applicants and members of Riot Games, Inc. Riot Games makes reasonable accommodations for handicapped and disabled Rioters and does not unlawfully discriminate on the basis of race, color, religion, sex, sexual orientation, gender identity or expression, national origin, age, handicap, veteran status, marital status, criminal history, or any other category protected by applicable federal and state law. We consider for employment all qualified applicants, including those with criminal histories, in a manner consistent with applicable federal, state and local law, including the California Fair Chance Act, the City of Los Angeles Fair Chance Initiative for Hiring Ordinance, the Los Angeles County Fair Chance Ordinance for Employers, the San Francisco Fair Chance Ordinance, and the Washington Fair Chance Act.</em></p>
<p><em>Per the Los Angeles County Fair Chance Ordinance, the following core duties may create a basis for disqualifying candidates with relevant criminal histories:</em></p>
<ul>
<li><em>Safeguarding confidential and sensitive Company data </em></li>
<li><em>Communication with others, including Rioters and third parties such as vendors, and/or players, including minors</em></li>
<li><em>Accessing Company assets, secure digital systems, and networks</em></li>
<li><em>Ensuring a safe interactive environment for players and other Rioters</em></li>
</ul>
<p><em>These duties are directly related to essential operations, safety, trust, and compliance obligations within our organization. Please note that job duties may evolve based on business needs and additional responsibilities may be assigned as necessary to maintain operational efficiency and security. </em></p>",7195,https://www.riotgames.com/en/work-with-us/job/8160864?gh_jid=8160864,,,,,,,no_match,,2026-10-02,,2026-10-03,,,,true,0,,,,,Finance & Strategy,,,false,,,,,,
REQ-0010251,Senior Animator - Unpublished R&D Product,riotgames,Riot Games,,Posted 4 Days Ago,,,"Los Angeles, USA",1,"Los Angeles, USA",false,,United States,,0,"<p>As a member of the Animation team, you bring characters to life through classic animation principles and body mechanics. You will create high quality animations for a diverse and rapidly growing universe, including bipeds, quadrupeds, and creatures. A great reel will showcase a variety of walk cycles, a diverse selection of game-related animation, and a strong foundation in the principles of animation, including weight, anticipation, and impact. Also working to expand our current content pipeline, you will collaborate with designers and artists to develop new features and technologies. Your craft expertise will breathe life into iconic and beloved characters for players.</p>
<p>As an <strong>Senior Animator </strong>on an unpublished R&D product, you'll create the animation that defines the gameplay feel. You'll craft stylized, responsive gameplay animation that brings characters to life while supporting satisfying gameplay. Working closely with designers, technical artists, engineers, and character artists, you'll own animation from ideation through implementation. You'll create memorable animation, define the feel of player locomotion, bring personality to characters in-game, and implement your work directly in the game engine. As a senior member of the team, you'll help define the visual identity of gameplay animation, contribute to animation best practices, and maintain a high quality bar across the project. You will report to the Animation Manager.</p>
<h2>Responsibilities:</h2>
<ul>
<li>Create high-quality, gameplay-driven animation assets that define a high bar for responsiveness, clarity, and visual polish that delivers satisfying gameplay</li>
<li>Collaborate with design, engineering, and technical art to ensure animations integrate effectively into the game </li>
<li>Identify and troubleshoot animation bugs, edge cases, and pipeline issues, contributing to solutions</li>
<li>Partner with designers to prototype and iterate on gameplay animation, using playtesting and feedback to improve responsiveness, readability, and feel.</li>
<li>Contribute to team animation quality through feedback, critiques, and collaboration</li>
<li>Support improvements to animation workflows, tools, and pipelines</li>
<li>Help establish animation standards and maintain a high quality bar across gameplay animation</li>
</ul>
<h2>Required Qualifications: </h2>
<ul>
<li>5+ years of professional experience in game animation</li>
<li>3+ years of direct experience making hand-crafted gameplay animation</li>
<li>3+ years of experience working in game engines (i.e. Unreal, Unity, etc.)</li>
<li>Ability to seamlessly integrate into and build upon a well-established animation vision and team with diverse levelling </li>
<li>Ability to work autonomously and able to take initiative with little supervision </li>
<li>Strong problem-solving skills in both artistic and technical contexts</li>
<li>Strong understanding of animation principles, body mechanics, timing, weight, and appealing stylized motion</li>
</ul>
<h2>Desired Qualifications:</h2>
<ul>
<li>Professional experience shipping at least one AAA game title</li>
<li>Strong gameplay animation implementation experience </li>
<li>Experience improving pipelines or workflows </li>
</ul>
<p>As a part of the application process, you will be expected to provide a portfolio or demo reel of your work.</p>
<p><em>For this role, you'll find success through craft expertise, a collaborative spirit, and decision-making that prioritizes the delight of players. We will be looking at your past studies, experience, and your personal relationship with games. If you embody player empathy and care about players' experiences, this could be your role!</em></p>
<h2><strong>Our Perks:</strong></h2>
<p>Riot focuses on work/life balance, shown by our open paid time off policy and other perks such as flexible work schedules. We offer medical, dental, and life insurance, parental leave for you, your spouse/domestic partner, and children, and a 401k with company match. Check out our <a href=""https://www.riotgames.com/en/work-with-us/overview""><strong>benefits pages</strong></a> for more information.</p>
<p>At Riot Games, we <a class=""c-link"" href=""https://www.riotgames.com/en/who-we-are/values"" target=""_blank"" data-stringify-link=""https://www.riotgames.com/en/who-we-are/values"" data-sk=""tooltip_parent"">put players first</a>. That mission drives every decision in our quest to create games and experiences that make it better to be a player. Whether you’re working directly on a new player-facing experience or you’re supporting the company as a whole, everyone at Riot is part of our mission. And just like in our games, we’re better when we work together. Our goal is to create collaborative teams where you are empowered to bring your unique perspective everyday. If that sounds like the kind of place you want to work, we’re looking forward to your application.</p>
<p> </p>
<p><em>It’s our policy to provide equal employment opportunity for all applicants and members of Riot Games, Inc. Riot Games makes reasonable accommodations for handicapped and disabled Rioters and does not unlawfully discriminate on the basis of race, color, religion, sex, sexual orientation, gender identity or expression, national origin, age, handicap, veteran status, marital status, criminal history, or any other category protected by applicable federal and state law. We consider for employment all qualified applicants, including those with criminal histories, in a manner consistent with applicable federal, state and local law, including the California Fair Chance Act, the City of Los Angeles Fair Chance Initiative for Hiring Ordinance, the Los Angeles County Fair Chance Ordinance for Employers, the San Francisco Fair Chance Ordinance, and the Washington Fair Chance Act.</em></p>
<p><em>Per the Los Angeles County Fair Chance Ordinance, the following core duties may create a basis for disqualifying candidates with relevant criminal histories:</em></p>
<ul>
<li><em>Safeguarding confidential and sensitive Company data </em></li>
<li><em>Communication with others, including Rioters and third parties such as vendors, and/or players, including minors</em></li>
<li><em>Accessing Company assets, secure digital systems, and networks</em></li>
<li><em>Ensuring a safe interactive environment for players and other Rioters</em></li>
</ul>
<p><em>These duties are directly related to essential operations, safety, trust, and compliance obligations within our organization. Please note that job duties may evolve based on business needs and additional responsibilities may be assigned as necessary to maintain operational efficiency and security. </em></p>",6728,https://www.riotgames.com/en/work-with-us/job/8148793?gh_jid=8148793,,https://www.linkedin.com/jobs/view/4471227460,2026-09-29,84,84 applicants,,matched,title,2026-10-02,2026-10-02T11:34:46,2026-10-03,,4,startDate+linkedin,true,0,,,,,Riot Discovery Studio,2026-09-29,,false,,,,,,
REQ-0010290,"Senior Anti-Cheat Engineer - Central Technology, Anti-Cheat",riotgames,Riot Games,,Posted 22 Days Ago,,,"Los Angeles, USA",1,"Los Angeles, USA",false,,United States,,0,"<p>Riot Anti-Cheat Engineers are versatile and passionate about their craft. We understand the player impact of cheating in games and are focused on setting the highest bar for the integrity of multiplayer games. We relish the opportunity to work with low-level systems and take pride in developing creative, rigorous defenses against adversaries. At the most fundamental level, our goal is to promote the best player experience by protecting the legitimacy of their favorite games.</p>
<p>As a <strong>Senior Anti-Cheat Engineer</strong>, you will be responsible for the ongoing development and evolution of Vanguard Anti-Cheat’s client services. With versatility across user-mode, kernel-mode, and obfuscation tooling services, you’ll work primarily in C/C++ and x86/x64 assembly to build new anti-cheat features, improve the security and reliability of existing systems, and debug complex behavior across the Windows stack. You’ll also reverse engineer emerging cheats, including packed and obfuscated binaries, and rapidly translate those findings into practical detections, mitigations, and preventative controls. You'll be based in our Santa Monica, CA office and work in a hybrid (work-from-home and in-office) environment. You'll report to the Sr. Manager of Anti-Cheat Engineering.</p>
<h2>Responsibilities:</h2>
<ul>
<li>Identify and drive high impact anti-cheat features from ambiguity to production across user-mode, kernel-mode, and obfuscation tooling surfaces</li>
<li>Move fast to turn emerging threats into resilient detections or preventative countermeasures that can be safely deployed with agility at scale.</li>
<li>Think ahead to design and develop capabilities that anticipate the cheaters next move or eliminate common abuse vectors entirely</li>
<li>Reverse engineer highly evasive cheats and operating system manipulation techniques</li>
<li>Investigate and resolve complex compatibility issues in highly opaque environments</li>
<li>Support game teams directly in understanding cheating ecosystems and integrating Anti-Cheat</li>
</ul>
<h2>Required Qualifications:</h2>
<ul>
<li>Proficient in C/C++ and x86/x64 assembly</li>
<li>Experience building and debugging low-level, security-sensitive systems</li>
<li>Strong understanding of Windows process internals, including process and thread lifecycles, virtual memory, handles and objects, security contexts, executable image formats, DLL loading, and the Windows loader</li>
<li>Hands-on reverse engineering experience, including analyzing packed, protected, or obfuscated binaries and identifying techniques used to conceal or manipulate runtime behavior</li>
<li>Practical understanding of the Windows kernel and driver model, with demonstrated experience developing, debugging, and maintaining production grade kernel-mode drivers.</li>
</ul>
<h2>Desired Qualifications:</h2>
<ul>
<li>Hands-on experience within cheat-development or game-security research communities, with practical knowledge of modern cheat techniques and anti-cheat evasions </li>
<li>Familiarity with advanced evasion techniques involving hypervisors, DKOM, EPT manipulation, vulnerable drivers, or hardware-assisted cheats</li>
<li>Knowledge of runtime integrity verification, behavioral detection, client attestation, and other signature-less anti-cheat techniques</li>
</ul>
<p><em>For this role, you'll find success through craft expertise, a collaborative spirit, and decision-making that prioritizes the delight of players. We will be looking at your past studies, experience, and your personal relationship with games. If you embody player empathy and care about players' experiences, this could be your role!</em></p>
<h2><strong>Our Perks:</strong></h2>
<p>Riot focuses on work/life balance, shown by our open paid time off policy and other perks such as flexible work schedules. We offer medical, dental, and life insurance, parental leave for you, your spouse/domestic partner, and children, and a 401k with company match. Check out our <a href=""https://www.riotgames.com/en/work-with-us/overview""><strong>benefits pages</strong></a> for more information.</p>
<p>At Riot Games, we <a class=""c-link"" href=""https://www.riotgames.com/en/who-we-are/values"" target=""_blank"" data-stringify-link=""https://www.riotgames.com/en/who-we-are/values"" data-sk=""tooltip_parent"">put players first</a>. That mission drives every decision in our quest to create games and experiences that make it better to be a player. Whether you’re working directly on a new player-facing experience or you’re supporting the company as a whole, everyone at Riot is part of our mission. And just like in our games, we’re better when we work together. Our goal is to create collaborative teams where you are empowered to bring your unique perspective everyday. If that sounds like the kind of place you want to work, we’re looking forward to your application.</p>
<p> </p>
<p><em>It’s our policy to provide equal employment opportunity for all applicants and members of Riot Games, Inc. Riot Games makes reasonable accommodations for handicapped and disabled Rioters and does not unlawfully discriminate on the basis of race, color, religion, sex, sexual orientation, gender identity or expression, national origin, age, handicap, veteran status, marital status, criminal history, or any other category protected by applicable federal and state law. We consider for employment all qualified applicants, including those with criminal histories, in a manner consistent with applicable federal, state and local law, including the California Fair Chance Act, the City of Los Angeles Fair Chance Initiative for Hiring Ordinance, the Los Angeles County Fair Chance Ordinance for Employers, the San Francisco Fair Chance Ordinance, and the Washington Fair Chance Act.</em></p>
<p><em>Per the Los Angeles County Fair Chance Ordinance, the following core duties may create a basis for disqualifying candidates with relevant criminal histories:</em></p>
<ul>
<li><em>Safeguarding confidential and sensitive Company data </em></li>
<li><em>Communication with others, including Rioters and third parties such as vendors, and/or players, including minors</em></li>
<li><em>Accessing Company assets, secure digital systems, and networks</em></li>
<li><em>Ensuring a safe interactive environment for players and other Rioters</em></li>
</ul>
<p><em>These duties are directly related to essential operations, safety, trust, and compliance obligations within our organization. Please note that job duties may evolve based on business needs and additional responsibilities may be assigned as necessary to maintain operational efficiency and security. </em></p>",6670,https://www.riotgames.com/en/work-with-us/job/8187661?gh_jid=8187661,,https://www.linkedin.com/jobs/view/4463940134,2026-09-11,85,85 applicants,,matched,title,2026-10-02,2026-10-02T11:36:58,2026-10-03,,22,startDate+linkedin,true,0,,,,,Riot Technology,2026-09-11,,false,,,,,,
REQ-0010080,"Senior Art Outsourcing Manager, Weapon Concept - VALORANT, Skins",riotgames,Riot Games,,Posted 73 Days Ago,,,"Los Angeles, USA",1,"Los Angeles, USA",false,,United States,,0,"<p><span data-sheets-root=""1"">As a <strong>Riot Art Outsource Manager</strong>, you will help connect product teams to the right external partners while improving art outsource infrastructure and practices. You will build meaningful and trusting external relationships through clear two-way communication and planning. Your approach will ensure sustainable production without compromising quality. A perfect blend between a veteran production artist and logistics expert, you will strive to make the outsourcing experience truly world-class and engaging for all parties involved.</span></p>
<p>As a <strong>Senior Art Outsourcing Manager </strong>for VALORANT, you will harness your art background to provide feedback and direction to vendors in order to assure art assets meet VALORANT quality and style benchmarks.  You will build meaningful and trusting external relationships through clear two-way communication and planning. Your approach will ensure sustainable production without compromising quality.  A perfect blend between a veteran production artist and logistics expert, you will strive to make the outsourcing experience truly world-class and engaging for all parties involved. You will play a key part in managing the work and relationship with multiple art vendors. You will use both your extraordinary interpersonal and relationship skills to cultivate positive working relationships with our vendors. </p>
<h2>Responsibilities:</h2>
<p>Vendor Relationship and Artistic Feedback - We have multiple domestic and international vendors. We want to foster positive relationships between Riot and the external teams we work with. You'll communicate Riot's vision and feedback to those vendors and serve as the voice for those teams. </p>
<ul>
<li>Workflow - You will establish and maintain workflows with external partners to support the scaling of content production; ensuring clear communication, efficient asset turnaround and timely feedback. </li>
<li>Art Support - You will leverage your art expertise to guide external partners through demonstration, documentation and feedback, artistically interpreting artifacts to ensure alignment with Valorant’s creative vision and quality standards.  </li>
<li>Partner Development - You will meet regularly with external partners to set clear expectations, providing support that drives ongoing vendor growth; articulating not just the “what” but also the “why”.  </li>
<li>Asset Management - Ensure art assets are clean, organized and defined correctly for easy access, properly integrated into the game or saved in their appropriate format and location. </li>
<li>Problem Solving - You will remove roadblocks, keep track of recurring issues and develop systemic solutions. </li>
<li>Internal pipelines - Learn the different internal team quality bars, processes and adapt outsourcing best practices for smooth integration. </li>
</ul>
<h2>Required Qualifications:</h2>
<ul>
<li>6+ years of professional experience creating stylized 2D artwork for video games.</li>
<li>6+ years of professional experience handling several art vendors concurrently, or professional experience working with multiple internal and external partners.</li>
<li>Portfolio demonstrating high quality 2D weapon concepts (guns & knives)</li>
<li>Professional experience creating, giving feedback on, and integrating art in a production environment.</li>
<li>Excellent communication skills and the ability to navigate conversations with internal teams including production, artists and stakeholders.  </li>
<li>Professional experience working on asset management and maintaining asset pipelines.</li>
<li>Proficiency in Photoshop.  </li>
</ul>
<h2>Desired Qualifications:</h2>
<ul>
<li>Proficiency with Maya, Blender, Substance Painter and Unreal Engine.</li>
<li>Experience shipping a AAA title as a concept artist, specializing in weapon design.</li>
<li>Experience working in one or more related disciplines - 3D modeling and texturing, animation, technical art, visual effects.</li>
</ul>
<p><em>For this role, you'll find success through craft expertise, a collaborative spirit, and decision-making that prioritizes the delight of players. We will be looking at your past studies, experience, and your personal relationship with games. If you embody player empathy and care about players' experiences, this could be your role!</em></p>
<p> </p>
<h2><strong>Our Perks:</strong></h2>
<p>Riot focuses on work/life balance, shown by our open paid time off policy and other perks such as flexible work schedules. We offer medical, dental, and life insurance, parental leave for you, your spouse/domestic partner, and children, and a 401k with company match. Check out our <a href=""https://www.riotgames.com/en/work-with-us/overview""><strong>benefits pages</strong></a> for more information.</p>
<p>At Riot Games, we <a class=""c-link"" href=""https://www.riotgames.com/en/who-we-are/values"" target=""_blank"" data-stringify-link=""https://www.riotgames.com/en/who-we-are/values"" data-sk=""tooltip_parent"">put players first</a>. That mission drives every decision in our quest to create games and experiences that make it better to be a player. Whether you’re working directly on a new player-facing experience or you’re supporting the company as a whole, everyone at Riot is part of our mission. And just like in our games, we’re better when we work together. Our goal is to create collaborative teams where you are empowered to bring your unique perspective everyday. If that sounds like the kind of place you want to work, we’re looking forward to your application.</p>
<p> </p>
<p><em>It’s our policy to provide equal employment opportunity for all applicants and members of Riot Games, Inc. Riot Games makes reasonable accommodations for handicapped and disabled Rioters and does not unlawfully discriminate on the basis of race, color, religion, sex, sexual orientation, gender identity or expression, national origin, age, handicap, veteran status, marital status, criminal history, or any other category protected by applicable federal and state law. We consider for employment all qualified applicants, including those with criminal histories, in a manner consistent with applicable federal, state and local law, including the California Fair Chance Act, the City of Los Angeles Fair Chance Initiative for Hiring Ordinance, the Los Angeles County Fair Chance Ordinance for Employers, the San Francisco Fair Chance Ordinance, and the Washington Fair Chance Act.</em></p>
<p><em>Per the Los Angeles County Fair Chance Ordinance, the following core duties may create a basis for disqualifying candidates with relevant criminal histories:</em></p>
<ul>
<li><em>Safeguarding confidential and sensitive Company data </em></li>
<li><em>Communication with others, including Rioters and third parties such as vendors, and/or players, including minors</em></li>
<li><em>Accessing Company assets, secure digital systems, and networks</em></li>
<li><em>Ensuring a safe interactive environment for players and other Rioters</em></li>
</ul>
<p><em>These duties are directly related to essential operations, safety, trust, and compliance obligations within our organization. Please note that job duties may evolve based on business needs and additional responsibilities may be assigned as necessary to maintain operational efficiency and security. </em></p>",7376,https://www.riotgames.com/en/work-with-us/job/8003925?gh_jid=8003925,,https://www.linkedin.com/jobs/view/4452630036,2026-09-23,42,42 applicants,,matched,title,2026-10-02,2026-10-02T11:37:14,2026-10-03,,10,startDate+linkedin,true,0,,,,,VALORANT Studio,2026-09-23,,false,,,,,,
REQ-0010318,"Senior Game Producer - League of Legends, Alternate Play Modes",riotgames,Riot Games,,Posted 10 Days Ago,,,"Los Angeles, USA",1,"Los Angeles, USA",false,,United States,,0,"<p>As a Producer, you’ll lead passionate cross-functional teams in crafting creative content and incredible experiences for players around the world. By encouraging teams to collaborate, you’ll drive development, smashing through obstacles and driving products into players’ hands. You’ll exceed expectations by helping concept, deliver, improve, and influence creative projects at every stage of production. </p>
<p>As a <strong>Senior Game Producer</strong> on the Alternate Play Modes Team, you'll lead a multidisciplinary team to achieve their goals by keeping projects on-track, keeping teams healthy, and keeping collaborators informed. Drawing on your experience in agile leadership, you'll build flexible development plans including milestones and deliverables. You'll also partner with fellow servant leaders to foster an open, transparent development environment. Whether it’s developing new and exciting game modes for different parts of the League audience, or updating existing modes to better meet the needs of players, the Alternate Play Modes team is focused on ensuring League players find their own specific type of fun. You will report into the Sr. Gameplay Production Manager for the Alternate Play Modes team.</p>
<h2>Responsibilities:</h2>
<ul>
<li>Drive Production of new and/or existing game modes on League of Legends</li>
<li>Lead the team’s roadmap creation and execution </li>
<li>Set up work systems and drive the rituals and artifacts to support that work system</li>
<li>Develop team goals and efficacy metrics</li>
<li>Remove impediments to achieve team goals </li>
<li>Proactively manage staffing needs and cost; both internal and external</li>
<li>Proactively manage stakeholders and track commitments</li>
<li>Proactively identify points of risk to your products and work with your team and your peers to solve them</li>
<li>Identify and drive process improvements locally on your team and across teams you collaborate with closely</li>
<li>Partner with the Production group to build team culture and monitor team health </li>
<li>Facilitate team-wide meetings to share knowledge and review results</li>
<li>Ensure the delivery of game modes to collaborating teams and regions</li>
</ul>
<h2>Required Qualifications: </h2>
<ul>
<li>6+ years experience in a Production role (i.e. - experience as a producer, product manager, project manager, program manager, or similar)</li>
<li>Experience managing game, application, or content production teams </li>
<li>Experience improving work systems for teams </li>
<li>Experience working with and leading agile teams </li>
<li>Experience delivering complex projects involving multiple teams and external vendors through teamwork, leadership, and stakeholder management</li>
</ul>
<h2>Desired Qualifications:</h2>
<ul>
<li>Bachelor’s degree in Computer Science or a related field or equivalent experience </li>
<li>Extensive knowledge of League of Legends and its game modes</li>
<li>Experience running a live microservice for large scale applications</li>
<li>Experience working in a continuous delivery/deployment environment</li>
</ul>
<p><em>For this role, you'll find success through craft expertise, a collaborative spirit, and decision-making that prioritizes the delight of players. We will be looking at your past studies, experience, and your personal relationship with games. If you embody player empathy and care about players' experiences, this could be your role!</em></p>
<h2><strong>Our Perks:</strong></h2>
<p>Riot focuses on work/life balance, shown by our open paid time off policy and other perks such as flexible work schedules. We offer medical, dental, and life insurance, parental leave for you, your spouse/domestic partner, and children, and a 401k with company match. Check out our <a href=""https://www.riotgames.com/en/work-with-us/overview""><strong>benefits pages</strong></a> for more information.</p>
<p>At Riot Games, we <a class=""c-link"" href=""https://www.riotgames.com/en/who-we-are/values"" target=""_blank"" data-stringify-link=""https://www.riotgames.com/en/who-we-are/values"" data-sk=""tooltip_parent"">put players first</a>. That mission drives every decision in our quest to create games and experiences that make it better to be a player. Whether you’re working directly on a new player-facing experience or you’re supporting the company as a whole, everyone at Riot is part of our mission. And just like in our games, we’re better when we work together. Our goal is to create collaborative teams where you are empowered to bring your unique perspective everyday. If that sounds like the kind of place you want to work, we’re looking forward to your application.</p>
<p> </p>
<p><em>It’s our policy to provide equal employment opportunity for all applicants and members of Riot Games, Inc. Riot Games makes reasonable accommodations for handicapped and disabled Rioters and does not unlawfully discriminate on the basis of race, color, religion, sex, sexual orientation, gender identity or expression, national origin, age, handicap, veteran status, marital status, criminal history, or any other category protected by applicable federal and state law. We consider for employment all qualified applicants, including those with criminal histories, in a manner consistent with applicable federal, state and local law, including the California Fair Chance Act, the City of Los Angeles Fair Chance Initiative for Hiring Ordinance, the Los Angeles County Fair Chance Ordinance for Employers, the San Francisco Fair Chance Ordinance, and the Washington Fair Chance Act.</em></p>
<p><em>Per the Los Angeles County Fair Chance Ordinance, the following core duties may create a basis for disqualifying candidates with relevant criminal histories:</em></p>
<ul>
<li><em>Safeguarding confidential and sensitive Company data </em></li>
<li><em>Communication with others, including Rioters and third parties such as vendors, and/or players, including minors</em></li>
<li><em>Accessing Company assets, secure digital systems, and networks</em></li>
<li><em>Ensuring a safe interactive environment for players and other Rioters</em></li>
</ul>
<p><em>These duties are directly related to essential operations, safety, trust, and compliance obligations within our organization. Please note that job duties may evolve based on business needs and additional responsibilities may be assigned as necessary to maintain operational efficiency and security. </em></p>",6455,https://www.riotgames.com/en/work-with-us/job/8221977?gh_jid=8221977,,https://www.linkedin.com/jobs/view/4468542157,2026-09-22,60,60 applicants,,matched,title,2026-10-02,2026-10-02T11:37:16,2026-10-03,,11,startDate+linkedin,true,0,,,,,League Studio,2026-09-22,,false,,,,,,
REQ-0009689,"Senior Manager, Data Engineering - Valorant",riotgames,Riot Games,,Posted 185 Days Ago,,,"Los Angeles, USA",1,"Los Angeles, USA",false,,United States,,0,"<p>At Riot, Data Engineers play a critical role in transforming data into actionable insights that drive decisions across the company. Our engineers are deeply player-focused and collaborate across diverse teams to enhance the experiences of millions of players worldwide.</p>
<p>As a <strong>Senior Data Engineering Manager</strong> within VALORANT, you will be shaping the direction of the game by working with designers, product managers, data scientists, analysts, and engineers using data to better serve and understand our game and our players. This role is designed for an engineering leader who thrives in ambiguous environments, takes initiative to solve real problems quickly, and enjoys wearing multiple hats. As one of the senior-most data leaders on the game team, you will influence how data is managed and used across the studio.</p>
<h2>Responsibilities:</h2>
<ul>
<li>Manage a team of 5 data engineers, provide them career coaching and growth opportunities, and ensure all work is aligned with business needs.</li>
<li>Partner with leaders in analytics, data science, and product disciplines to align on the most important data engineering projects and collaborate with them through all phases of the development and operational lifecycle.</li>
<li>Set the technical direction of the team, including processes and tooling.</li>
<li>Be accountable for the technical health of products owned by the team.</li>
<li>Working with other engineers, standardize best practices for instrumentation, telemetry, and metrics collection</li>
<li>Ensure data quality, governance, and compliance with regulatory standards (e.g., GDPR, CCPA).</li>
<li>Support cost optimization by ensuring scalable and efficient data solutions.</li>
<li>Build healthy relationships with data engineering teams across Riot, and lead by shaping infrastructure, craft standards, tooling, and organizational best practices.</li>
</ul>
<h2>Required Qualifications:</h2>
<ul>
<li>Bachelor's or Master’s degree in Computer Science, Information Systems, Engineering, or a related field.</li>
<li>10+ years experience in data engineering or a related field.  5+ years managing a team.</li>
<li>Hands-on expertise in big-data technologies, particularly the Apache stack (Airflow, Spark, etc).</li>
<li>Proficiency in cloud infrastructure (AWS or GCP) and Databricks.</li>
<li>Expertise in designing efficient and scalable data models with large data sets across multiple teams and in collaboration with insights or data stakeholders.</li>
<li>Demonstrated ability to work cross-functionally with engineering, analytics, and product teams.</li>
<li>Experience mentoring and guiding other engineers.</li>
</ul>
<h2>Desired Qualifications:</h2>
<ul>
<li>2+ years of experience in data engineering for major video game titles.</li>
<li>1+ years experience working with DBT in a production environment</li>
<li>Experience using analytics to drive gameplay and feature changes (ideally from game dev through launch)</li>
<li>Experience working in close partnership with data analysts or product managers.</li>
</ul>
<p><em>For this role, you'll find success through craft expertise, a collaborative spirit, and decision-making that prioritizes the delight of players. We will be looking at your past studies, experience, and your personal relationship with games. If you embody player empathy and care about players' experiences, this could be your role!</em></p>
<p> </p>
<h2><strong>Our Perks:</strong></h2>
<p>Riot focuses on work/life balance, shown by our open paid time off policy and other perks such as flexible work schedules. We offer medical, dental, and life insurance, parental leave for you, your spouse/domestic partner, and children, and a 401k with company match. Check out our <a href=""https://www.riotgames.com/en/work-with-us/overview""><strong>benefits pages</strong></a> for more information.</p>
<p>At Riot Games, we <a class=""c-link"" href=""https://www.riotgames.com/en/who-we-are/values"" target=""_blank"" data-stringify-link=""https://www.riotgames.com/en/who-we-are/values"" data-sk=""tooltip_parent"">put players first</a>. That mission drives every decision in our quest to create games and experiences that make it better to be a player. Whether you’re working directly on a new player-facing experience or you’re supporting the company as a whole, everyone at Riot is part of our mission. And just like in our games, we’re better when we work together. Our goal is to create collaborative teams where you are empowered to bring your unique perspective everyday. If that sounds like the kind of place you want to work, we’re looking forward to your application.</p>
<p> </p>
<p><em>It’s our policy to provide equal employment opportunity for all applicants and members of Riot Games, Inc. Riot Games makes reasonable accommodations for handicapped and disabled Rioters and does not unlawfully discriminate on the basis of race, color, religion, sex, sexual orientation, gender identity or expression, national origin, age, handicap, veteran status, marital status, criminal history, or any other category protected by applicable federal and state law. We consider for employment all qualified applicants, including those with criminal histories, in a manner consistent with applicable federal, state and local law, including the California Fair Chance Act, the City of Los Angeles Fair Chance Initiative for Hiring Ordinance, the Los Angeles County Fair Chance Ordinance for Employers, the San Francisco Fair Chance Ordinance, and the Washington Fair Chance Act.</em></p>
<p><em>Per the Los Angeles County Fair Chance Ordinance, the following core duties may create a basis for disqualifying candidates with relevant criminal histories:</em></p>
<ul>
<li><em>Safeguarding confidential and sensitive Company data </em></li>
<li><em>Communication with others, including Rioters and third parties such as vendors, and/or players, including minors</em></li>
<li><em>Accessing Company assets, secure digital systems, and networks</em></li>
<li><em>Ensuring a safe interactive environment for players and other Rioters</em></li>
</ul>
<p><em>These duties are directly related to essential operations, safety, trust, and compliance obligations within our organization. Please note that job duties may evolve based on business needs and additional responsibilities may be assigned as necessary to maintain operational efficiency and security. </em></p>",6435,https://www.riotgames.com/en/work-with-us/job/7551204?gh_jid=7551204,,https://www.linkedin.com/jobs/view/4452625200,2026-09-23,51,51 applicants,,matched,title,2026-10-02,2026-10-02T11:34:39,2026-10-03,,10,startDate+linkedin,true,0,,,,,VALORANT Studio,2026-09-23,,false,,,,,,
REQ-0010329,"Senior Manager, Enterprise Engineering & Process Excellence",riotgames,Riot Games,,Posted 7 Days Ago,,,"Los Angeles, USA",1,"Los Angeles, USA",false,,United States,,0,"<p>Riot’s Enterprise Technology organization ensures Rioters have what they need to unlock their full potential, from secure and compliant systems to efficient business platforms that keep the company running smoothly. Enterprise Systems improves how Enterprise operates so Rioters can focus on building magic for players instead of navigating broken processes and fragmented systems.</p>
<p>As <strong>Senior Manager, Enterprise Engineering & Process Excellence</strong>, you will lead two horizontal capabilities that the rest of Enterprise Systems depends on: Enterprise Software Engineering, which designs, builds, and operates new technical capabilities for Enterprise, and Business Process Excellence, which assesses, redesigns, instruments, and continuously improves enterprise processes. The portfolio includes custom applications, the company directory and organizational data APIs, and integrations with business systems.</p>
<p>You will manage a multidisciplinary team of software engineers and business systems analysts. This is not a traditional enterprise systems role. <strong>We are building a function that reimagines enterprise engineering and process excellence for an AI-enabled organization. We use process mining and telemetry to continuously improve how work gets done, integration and automation with AI to reduce manual effort, and purpose-built applications to create capabilities that differentiate Riot</strong>. You will connect what the business needs, how processes should work, and how technology can deliver improvements.</p>
<p>You will partner closely with leaders across People Tech, Finance Tech, and Enterprise Data & AI, as well as business stakeholders in Enterprise functions.</p>
<p>The role reports to the Director, Enterprise Systems.</p>
<h2>Responsibilities:</h2>
<p><strong>Software Engineering</strong></p>
<ul>
<li>Set the strategy and technical direction for enterprise software engineering, integration, and automation.</li>
<li>Lead the design, development, and operation of reliable applications, APIs, integrations, and automations that support critical enterprise capabilities.</li>
<li>Establish strong engineering practices across architecture, testing, CI/CD, observability, security, reliability, and production support.</li>
<li>Develop the Integration & Automation Center of Excellence through reusable patterns, shared platforms, governance, and enablement across Enterprise Systems.</li>
</ul>
<p><strong>Business Process Excellence</strong></p>
<ul>
<li>Build and lead a modern process excellence practice that uses process mining, telemetry, and AI-enabled tools to identify, prioritize, and measure improvement opportunities.</li>
<li>Lead the redesign of complex, cross-functional enterprise processes, translating business needs into clear requirements and scalable solutions.</li>
<li>Establish practical standards for process ownership, governance, measurement, and continuous improvement.</li>
<li>Partner with business and technology leaders to deliver measurable improvements in cycle time, quality, automation, and Rioter experience.</li>
</ul>
<p><strong>People Leadership, Delivery & Partner Management</strong></p>
<ul>
<li> Build and develop a multidisciplinary team of software engineers and business systems analysts, creating shared accountability from process discovery through production delivery.</li>
<li>Manage priorities, delivery, and external partners across the portfolio, communicating outcomes, risks, and trade-offs clearly to business and technology leaders.</li>
</ul>
<h2>Required Qualifications: </h2>
<ul>
<li>Bachelor’s degree in Computer Science, Software Engineering, Information Systems, Business Administration, or a related field, or equivalent practical experience delivering enterprise technology solutions.</li>
<li>12+ years of progressive experience across software engineering, enterprise platforms, process excellence, or technology-enabled transformation.</li>
<li>8+ years of experience managing software engineers, business systems analysts, or multidisciplinary technical teams.</li>
<li>Experience owning the technical quality, architecture, and operational health of a portfolio of enterprise applications, APIs, and platforms, and designing new software capabilities that solve business and process problems.</li>
<li>Strong understanding of modern software engineering practices, including code review, automated testing, CI/CD, observability, security, reliability, and production operations.</li>
<li>Experience with cloud/data platforms such as AWS, GCP or Databricks; programming languages such as Go, or TypeScript; and modern application frameworks such as Next.js.</li>
<li>Proven experience in business process assessment, redesign, modeling, governance, and continuous improvement.</li>
<li>Experience using process data, telemetry, process mining, or operational analytics to identify opportunities and measure improvements.</li>
<li>Experience managing complex, cross-functional projects or portfolios involving business, engineering, data, and operational stakeholders.</li>
<li>Strong written and verbal communication skills, including the ability to explain technical and process concepts to business, technical, and executive audiences.</li>
</ul>
<h2>Desired Qualifications:</h2>
<ul>
<li>Experience applying AI or agentic AI tools to enterprise process problems: process discovery, requirements generation, intelligent automation, or AI-augmented decision-making.</li>
<li>Experience with process excellence methodologies such as Lean or Six Sigma and process mining, intelligence, or modeling tools such as Celonis, ARIS, Signavio, or UiPath, to drive data-informed process improvement.</li>
<li>Experience with enterprise integration and automation IPaaS platforms such as Workato, MuleSoft, Boomi, or similar technologies.</li>
<li>PMP, PgMP, or equivalent project management certification, or demonstrated equivalent experience running a delivery function.</li>
<li>Familiarity with major enterprise SaaS platforms, and their integration ecosystems.</li>
<li>Experience building or scaling a Center of Excellence or Community of Practice around integration, automation, or process standards.</li>
</ul>
<p><em>For this role, you'll find success through craft expertise, a collaborative spirit, and decision-making that prioritizes your fellow Rioters, who are the customers of your work. Being a dedicated fan of games is not necessary for this position!</em></p>
<p> </p>
<h2><strong>Our Perks:</strong></h2>
<p>Riot focuses on work/life balance, shown by our open paid time off policy and other perks such as flexible work schedules. We offer medical, dental, and life insurance, parental leave for you, your spouse/domestic partner, and children, and a 401k with company match. Check out our <a href=""https://www.riotgames.com/en/work-with-us/overview""><strong>benefits pages</strong></a> for more information.</p>
<p>At Riot Games, we <a class=""c-link"" href=""https://www.riotgames.com/en/who-we-are/values"" target=""_blank"" data-stringify-link=""https://www.riotgames.com/en/who-we-are/values"" data-sk=""tooltip_parent"">put players first</a>. That mission drives every decision in our quest to create games and experiences that make it better to be a player. Whether you’re working directly on a new player-facing experience or you’re supporting the company as a whole, everyone at Riot is part of our mission. And just like in our games, we’re better when we work together. Our goal is to create collaborative teams where you are empowered to bring your unique perspective everyday. If that sounds like the kind of place you want to work, we’re looking forward to your application.</p>
<p> </p>
<p><em>It’s our policy to provide equal employment opportunity for all applicants and members of Riot Games, Inc. Riot Games makes reasonable accommodations for handicapped and disabled Rioters and does not unlawfully discriminate on the basis of race, color, religion, sex, sexual orientation, gender identity or expression, national origin, age, handicap, veteran status, marital status, criminal history, or any other category protected by applicable federal and state law. We consider for employment all qualified applicants, including those with criminal histories, in a manner consistent with applicable federal, state and local law, including the California Fair Chance Act, the City of Los Angeles Fair Chance Initiative for Hiring Ordinance, the Los Angeles County Fair Chance Ordinance for Employers, the San Francisco Fair Chance Ordinance, and the Washington Fair Chance Act.</em></p>
<p><em>Per the Los Angeles County Fair Chance Ordinance, the following core duties may create a basis for disqualifying candidates with relevant criminal histories:</em></p>
<ul>
<li><em>Safeguarding confidential and sensitive Company data </em></li>
<li><em>Communication with others, including Rioters and third parties such as vendors, and/or players, including minors</em></li>
<li><em>Accessing Company assets, secure digital systems, and networks</em></li>
<li><em>Ensuring a safe interactive environment for players and other Rioters</em></li>
</ul>
<p><em>These duties are directly related to essential operations, safety, trust, and compliance obligations within our organization. Please note that job duties may evolve based on business needs and additional responsibilities may be assigned as necessary to maintain operational efficiency and security. </em></p>",9506,https://www.riotgames.com/en/work-with-us/job/8222066?gh_jid=8222066,,https://www.linkedin.com/jobs/view/4470510442,2026-09-26,31,31 applicants,,matched,title,2026-10-02,2026-10-02T11:37:18,2026-10-03,,7,startDate+linkedin,true,0,,,,,Enterprise Technology,2026-09-26,,false,,,,,,
REQ-0009277,"Senior Manager, Software Engineering, Platform Engineering - VALORANT",riotgames,Riot Games,,Posted 406 Days Ago,,,"Los Angeles, USA; Mercer Island, USA",1,"Los Angeles, USA; Mercer Island, USA",false,,United States,,0,"<p>Riot engineers bring deep knowledge of specific technical areas but also value the opportunity to work in many broader domains. As a Senior Engineering Manager, you will gain organizational alignment by building a strong engineering vision and offering creative solutions to organizational design. You’ll also serve as a mentor for a team of engineers and managers, overseeing performance management, growth opportunities, and accountability.</p>
<p>On VALORANT Foundations, we build the platforms, services, and operational systems that enable <a href=""https://playvalorant.com/en-us/"">VALORANT</a> to ship continuously at global scale.</p>
<p>As a <strong>Senior Manager, Software Engineering</strong> on the <strong>VALORANT</strong> <strong>Platform Engineering team</strong>, you will lead the engineering organization responsible for how VALORANT builds, releases, deploys, and operates its game client, dedicated servers, and live service ecosystem. This includes the platform and workflows powering Unreal Engine build pipelines, game microservices build pipelines, release orchestration, service environments, load testing, and operational tooling across Riot and Tencent ecosystems globally. As well as ownership of core Player facing game services including provisioning, configuration, and administration.</p>
<p>We’re looking for a leader who understands how large-scale game services and operational ecosystems fit together - and who can help evolve those systems into a more scalable, reliable, and developer-friendly platform for the future of VALORANT. You’ll partner closely with teams across Riot and Tencent to improve release velocity, operational excellence, and service reliability for a globally distributed live game.</p>
<p>This role reports to the Director of Engineering for VALORANT Foundations.</p>
<h2>Responsibilities:</h2>
<ul>
<li>Lead and grow a distributed organization of engineers and engineering managers across Los Angeles, Seattle, and Sydney</li>
<li>Define the technical and organizational strategy for VALORANT’s core services, build, release, live operations, and developer infrastructure ecosystem</li>
<li>Drive improvements to how VALORANT builds, validates, deploys, and operates Unreal game clients, dedicated servers, and backend services globally</li>
<li>Partner with Riot and Tencent engineering teams to improve reliability, release velocity, operational visibility, and developer workflows across regions</li>
<li>Establish technical direction across build infrastructure, release engineering, service orchestration, observability, and operational excellence practices</li>
<li>Influence cross-team architecture, engineering standards, and organizational decisions affecting VALORANT’s long-term scalability and live service reliability</li>
<li>Mentor engineering leaders and senior engineers while fostering a culture of ownership, accountability, collaboration, and continuous improvement</li>
</ul>
<h2>Required Qualifications:</h2>
<ul>
<li>8+ years of professional software engineering experience, including experience building or operating large-scale external customer-facing backend systems, game services, or cloud platforms</li>
<li>4+ years of engineering management experience leading engineers and engineering managers</li>
<li>Experience leading organizations responsible for live service infrastructure, release engineering, developer platforms, or operational systems at scale</li>
<li>Strong understanding of distributed systems, service reliability, deployment workflows, and operational excellence practices</li>
<li>Experience driving technical strategy and influencing architecture across multiple teams or organizations</li>
<li>Professional experience with cloud infrastructure and modern backend technologies such as Go, Java, C#, or similar</li>
</ul>
<h2>Desired Qualifications:</h2>
<ul>
<li>Experience supporting or shipping large-scale live games</li>
<li>Experience with Unreal Engine build, deployment, or development ecosystems</li>
<li>Experience leading or modernizing CI/CD, release engineering, or developer infrastructure platforms</li>
<li>Experience improving observability, reliability, and operational tooling for service-oriented architectures</li>
<li>Experience working within globally distributed engineering organizations</li>
</ul>
<p><em>For this role, you'll find success through craft expertise, a collaborative spirit, and decision-making that prioritizes the delight of players. We will be looking at your past studies, experience, and your personal relationship with games. If you embody player empathy and care about the experiences of players, this could be the role for you!</em></p>
<h2><strong>Our Perks:</strong></h2>
<p>Riot focuses on work/life balance, shown by our open paid time off policy and other perks such as flexible work schedules. We offer medical, dental, and life insurance, parental leave for you, your spouse/domestic partner, and children, and a 401k with company match. Check out our <a href=""https://www.riotgames.com/en/work-with-us/overview""><strong>benefits pages</strong></a> for more information.</p>
<p>At Riot Games, we <a class=""c-link"" href=""https://www.riotgames.com/en/who-we-are/values"" target=""_blank"" data-stringify-link=""https://www.riotgames.com/en/who-we-are/values"" data-sk=""tooltip_parent"">put players first</a>. That mission drives every decision in our quest to create games and experiences that make it better to be a player. Whether you’re working directly on a new player-facing experience or you’re supporting the company as a whole, everyone at Riot is part of our mission. And just like in our games, we’re better when we work together. Our goal is to create collaborative teams where you are empowered to bring your unique perspective everyday. If that sounds like the kind of place you want to work, we’re looking forward to your application.</p>
<p> </p>
<p><em>It’s our policy to provide equal employment opportunity for all applicants and members of Riot Games, Inc. Riot Games makes reasonable accommodations for handicapped and disabled Rioters and does not unlawfully discriminate on the basis of race, color, religion, sex, sexual orientation, gender identity or expression, national origin, age, handicap, veteran status, marital status, criminal history, or any other category protected by applicable federal and state law. We consider for employment all qualified applicants, including those with criminal histories, in a manner consistent with applicable federal, state and local law, including the California Fair Chance Act, the City of Los Angeles Fair Chance Initiative for Hiring Ordinance, the Los Angeles County Fair Chance Ordinance for Employers, the San Francisco Fair Chance Ordinance, and the Washington Fair Chance Act.</em></p>
<p><em>Per the Los Angeles County Fair Chance Ordinance, the following core duties may create a basis for disqualifying candidates with relevant criminal histories:</em></p>
<ul>
<li><em>Safeguarding confidential and sensitive Company data </em></li>
<li><em>Communication with others, including Rioters and third parties such as vendors, and/or players, including minors</em></li>
<li><em>Accessing Company assets, secure digital systems, and networks</em></li>
<li><em>Ensuring a safe interactive environment for players and other Rioters</em></li>
</ul>
<p><em>These duties are directly related to essential operations, safety, trust, and compliance obligations within our organization. Please note that job duties may evolve based on business needs and additional responsibilities may be assigned as necessary to maintain operational efficiency and security. </em></p>",7693,https://www.riotgames.com/en/work-with-us/job/7181933?gh_jid=7181933,,https://www.linkedin.com/jobs/view/4457796570,2026-09-18,46,46 applicants,,matched,title,2026-10-02,2026-10-02T11:37:20,2026-10-03,,15,startDate+linkedin,true,0,,,,,VALORANT Studio,2026-09-18,,false,,,,,,
REQ-0010328,"Senior Software Engineer,  Riot Client - Publishing Platform",riotgames,Riot Games,,Posted 4 Days Ago,,,"Los Angeles, USA",1,"Los Angeles, USA",false,,United States,,0,"<p>Riot Engineers bring deep knowledge of specific technical areas but also value the chance to work in many broader domains. As a Senior Software Engineer, you’ll also dive into projects that focus on team cohesiveness and cross-team objectives. You’ll lead without authority and provide other engineers with a clear illustration of extraordinary engineering.</p>
<p>As a <strong>Senior Software Engineer </strong>on the Riot Client team, you will deliver high-quality technical solutions that improve the player experience across Riot’s out-of-game ecosystem. Riot Client is the fast-evolving desktop software gateway for millions of players to play, discover, and install Riot games, and every single desktop player goes through the Riot Client on their way to experience one of Riot’s games, ensuring their needs, whether they be providing more ways to discover games, engage with Riot’s culture & community, or getting into their game as fast as possible, is the primary goal of the Riot Client team. You’ll contribute hands-on across the software development lifecycle, partnering closely with engineers, product managers, designers, and other cross-functional teammates to build reliable, scalable, and maintainable client capabilities. You will help shape technical direction within your area of ownership, make sound implementation and design decisions, and collaborate with peers across Riot to support game distribution, content, social features, and developer productivity. Through strong engineering practices, thoughtful code reviews, and mentorship of other engineers, your work will help advance the next generation of Riot Client experiences for players and developers.</p>
<h2>Responsibilities:</h2>
<ul>
<li>Develop and maintain desktop application features focusing on web tech, with the ability to integrate with and contribute C++ components </li>
<li>Deliver high-quality, scalable, and reliable engineering solutions within your area of ownership, through hands-on contribution and technical design </li>
<li>Contribute to technical planning and design discussions, helping evaluate tradeoffs between long-term sustainability and near-term delivery needs</li>
<li>Build and apply a strong understanding of the Riot Client’s dependency landscape, partnering with teams to align on technical solutions</li>
<li>Work closely with cross-functional partners, including product, production, QA, design, and data insight</li>
<li>Level up other engineers through mentorship and technical guidance </li>
</ul>
<h2>Required Qualifications: </h2>
<ul>
<li>6+ years of industry experience</li>
<li>Bachelor's degree in Computer Science or a related field, or comparable experience in software development</li>
<li>Expertise in web technologies (React.js, Node.js) with application level complexity</li>
<li>Experience in C++ </li>
<li>Experience working with complex code bases</li>
<li>Experience of cross-functional collaboration with product, design, and QA</li>
</ul>
<h2>Desired Qualifications:</h2>
<ul>
<li>Experience of working with desktop applications</li>
<li>Experience of working with Electron</li>
<li>Experience with build pipelines</li>
</ul>
<p><em>For this role, you'll find success through craft expertise, a collaborative spirit, and decision-making that prioritizes your fellow Rioters, who are the customers of your work. Being a dedicated fan of games is not necessary for this position!</em></p>
<h2><strong>Our Perks:</strong></h2>
<p>Riot focuses on work/life balance, shown by our open paid time off policy and other perks such as flexible work schedules. We offer medical, dental, and life insurance, parental leave for you, your spouse/domestic partner, and children, and a 401k with company match. Check out our <a href=""https://www.riotgames.com/en/work-with-us/overview""><strong>benefits pages</strong></a> for more information.</p>
<p>At Riot Games, we <a class=""c-link"" href=""https://www.riotgames.com/en/who-we-are/values"" target=""_blank"" data-stringify-link=""https://www.riotgames.com/en/who-we-are/values"" data-sk=""tooltip_parent"">put players first</a>. That mission drives every decision in our quest to create games and experiences that make it better to be a player. Whether you’re working directly on a new player-facing experience or you’re supporting the company as a whole, everyone at Riot is part of our mission. And just like in our games, we’re better when we work together. Our goal is to create collaborative teams where you are empowered to bring your unique perspective everyday. If that sounds like the kind of place you want to work, we’re looking forward to your application.</p>
<p> </p>
<p><em>It’s our policy to provide equal employment opportunity for all applicants and members of Riot Games, Inc. Riot Games makes reasonable accommodations for handicapped and disabled Rioters and does not unlawfully discriminate on the basis of race, color, religion, sex, sexual orientation, gender identity or expression, national origin, age, handicap, veteran status, marital status, criminal history, or any other category protected by applicable federal and state law. We consider for employment all qualified applicants, including those with criminal histories, in a manner consistent with applicable federal, state and local law, including the California Fair Chance Act, the City of Los Angeles Fair Chance Initiative for Hiring Ordinance, the Los Angeles County Fair Chance Ordinance for Employers, the San Francisco Fair Chance Ordinance, and the Washington Fair Chance Act.</em></p>
<p><em>Per the Los Angeles County Fair Chance Ordinance, the following core duties may create a basis for disqualifying candidates with relevant criminal histories:</em></p>
<ul>
<li><em>Safeguarding confidential and sensitive Company data </em></li>
<li><em>Communication with others, including Rioters and third parties such as vendors, and/or players, including minors</em></li>
<li><em>Accessing Company assets, secure digital systems, and networks</em></li>
<li><em>Ensuring a safe interactive environment for players and other Rioters</em></li>
</ul>
<p><em>These duties are directly related to essential operations, safety, trust, and compliance obligations within our organization. Please note that job duties may evolve based on business needs and additional responsibilities may be assigned as necessary to maintain operational efficiency and security. </em></p>",6426,https://www.riotgames.com/en/work-with-us/job/8222064?gh_jid=8222064,,https://www.linkedin.com/jobs/view/4452624254,2026-09-23,67,67 applicants,,matched,title,2026-10-02,2026-10-02T11:34:57,2026-10-03,,10,startDate+linkedin,true,0,,,,,Publishing Platform,2026-09-23,,false,19,164318,184558,184558,subset,Software Engineer II
REQ-0010076,"Senior Software Engineer, Riot Client - Publishing Platform",riotgames,Riot Games,,Posted 108 Days Ago,,,"Los Angeles, USA",1,"Los Angeles, USA",false,,United States,,0,"<p>Riot engineers bring deep knowledge of specific technical areas, but also value the opportunity to work in a variety of broader domains. As Software Engineers, we work with both established and emerging technology, creating innovative solutions to overcome high-volume obstacles and to deliver value to our players.</p>
<p>Riot Client is the gateway for millions of players to play, discover, and install Riot games. Your work on the Client will be every single desktop players' first touchpoint with the wide range of experiences that Riot has to offer, including Riot’s culture & community, or getting into any of our games as fast as possible, like League of Legends, Wild Rift, Teamfight Tactics, VALORANT, Legends of Runeterra, 2XKO, and beyond. It is also an essential tool for internal game developers including live games and R&D games. Introduced in 2021, the multi-game Riot Client is becoming a destination for players to engage with Riot games, events and communities, and is a fast-evolving desktop software that provides capabilities in game distribution, content publishing, social and internal development efficiency.</p>
<p>As a <strong>Senior Software Engineer </strong>on the <strong>Riot Client</strong> team, you will deliver high-quality technical solutions that improve the player experience across Riot’s out-of-game ecosystem. You’ll contribute hands-on across the software development lifecycle, partnering closely with engineers, product managers, designers, and other cross-functional teammates to build reliable, scalable, and maintainable Client capabilities. You will help shape technical direction within your area of ownership, make sound implementation and design decisions, and collaborate with peers across Riot to support game distribution, content, social features, and developer productivity. Through strong engineering practices, thoughtful code reviews, and mentorship of other engineers, your work will help advance the next generation of Riot Client experiences for players and developers.</p>
<h2>Responsibilities:</h2>
<ul>
<li>Develop and maintain desktop application features focusing on C++, with the ability to integrate with and contribute to web-based technologies </li>
<li>Deliver high-quality, scalable, and reliable engineering solutions within your area of ownership, through hands-on contribution and technical design </li>
<li>Contribute to technical planning and design discussions, helping evaluate tradeoffs between long-term sustainability and near-term delivery needs</li>
<li>Build and apply a strong understanding of the Riot Client’s dependency landscape, partnering with teams to align on technical solutions</li>
<li>Work closely with cross-functional partners, including product, production, QA, design, and data insight</li>
<li>Level up other engineers through mentorship and technical guidance </li>
</ul>
<h2>Required Qualifications: </h2>
<ul>
<li>6+ years of related industry experience</li>
<li>Bachelor's degree in Computer Science or a related field, or comparable experience in software development</li>
<li>Expertise with C++ in application development</li>
<li>Experience in web development</li>
<li>Experience working with complex code bases</li>
<li>Experience of cross-functional collaboration with product, design, and QA</li>
</ul>
<h2>Desired Qualifications:</h2>
<ul>
<li>Experience of working with desktop applications</li>
<li>Experience of working with Electron</li>
<li>Experience with build pipelines</li>
</ul>
<p><em>For this role, you'll find success through craft expertise, a collaborative spirit, and decision-making that prioritizes your fellow Rioters, who are the customers of your work. Being a dedicated fan of games is not necessary for this position!</em></p>
<p> </p>
<h2><strong>Our Perks:</strong></h2>
<p>Riot focuses on work/life balance, shown by our open paid time off policy and other perks such as flexible work schedules. We offer medical, dental, and life insurance, parental leave for you, your spouse/domestic partner, and children, and a 401k with company match. Check out our <a href=""https://www.riotgames.com/en/work-with-us/overview""><strong>benefits pages</strong></a> for more information.</p>
<p>At Riot Games, we <a class=""c-link"" href=""https://www.riotgames.com/en/who-we-are/values"" target=""_blank"" data-stringify-link=""https://www.riotgames.com/en/who-we-are/values"" data-sk=""tooltip_parent"">put players first</a>. That mission drives every decision in our quest to create games and experiences that make it better to be a player. Whether you’re working directly on a new player-facing experience or you’re supporting the company as a whole, everyone at Riot is part of our mission. And just like in our games, we’re better when we work together. Our goal is to create collaborative teams where you are empowered to bring your unique perspective everyday. If that sounds like the kind of place you want to work, we’re looking forward to your application.</p>
<p> </p>
<p><em>It’s our policy to provide equal employment opportunity for all applicants and members of Riot Games, Inc. Riot Games makes reasonable accommodations for handicapped and disabled Rioters and does not unlawfully discriminate on the basis of race, color, religion, sex, sexual orientation, gender identity or expression, national origin, age, handicap, veteran status, marital status, criminal history, or any other category protected by applicable federal and state law. We consider for employment all qualified applicants, including those with criminal histories, in a manner consistent with applicable federal, state and local law, including the California Fair Chance Act, the City of Los Angeles Fair Chance Initiative for Hiring Ordinance, the Los Angeles County Fair Chance Ordinance for Employers, the San Francisco Fair Chance Ordinance, and the Washington Fair Chance Act.</em></p>
<p><em>Per the Los Angeles County Fair Chance Ordinance, the following core duties may create a basis for disqualifying candidates with relevant criminal histories:</em></p>
<ul>
<li><em>Safeguarding confidential and sensitive Company data </em></li>
<li><em>Communication with others, including Rioters and third parties such as vendors, and/or players, including minors</em></li>
<li><em>Accessing Company assets, secure digital systems, and networks</em></li>
<li><em>Ensuring a safe interactive environment for players and other Rioters</em></li>
</ul>
<p><em>These duties are directly related to essential operations, safety, trust, and compliance obligations within our organization. Please note that job duties may evolve based on business needs and additional responsibilities may be assigned as necessary to maintain operational efficiency and security. </em></p>",6771,https://www.riotgames.com/en/work-with-us/job/8001087?gh_jid=8001087,,https://www.linkedin.com/jobs/view/4471213140,2026-09-28,36,36 applicants,,matched,title,2026-10-02,2026-10-02T11:34:59,2026-10-03,,5,startDate+linkedin,true,0,,,,,Publishing Platform,2026-09-28,,false,19,164318,184558,184558,subset,Software Engineer II
REQ-0010018,"Senior Software Engineer, SDK Foundations - Publishing Platform",riotgames,Riot Games,,Posted 128 Days Ago,,,"Los Angeles, USA",1,"Los Angeles, USA",false,,United States,,0,"<p>Riot engineers bring deep knowledge of specific technical areas but also value the opportunity to work in a variety of broader domains. As Software Engineers, we work with both new and current technology, creating innovative solutions to overcome high-volume obstacles and to deliver player value.</p>
<p>As a <strong>Senior Software Engineer </strong>in Riot’s Publishing Platform group, you’ll work closely with technical product managers, and engineers to overcome high-volume obstacles and to provide player value. You will build critical path client SDKs used by all of Riot’s games across multiple platforms. Your experience will help empower game developers to leverage platform technologies in areas like social experiences, commerce/payments, accounts and identity to name a few. Your work will help game teams leverage some of the most used features and services across Riot. You will report to the Software Engineering Manager of the SDK Foundations team.</p>
<h2>Responsibilities:</h2>
<ul>
<li>Develop and support our client-side SDKs running on console, desktop, and mobile used by millions of players</li>
<li>Develop and support Unreal plugins that interface with the client-side SDK and Riot's Platform Services</li>
<li>Build high quality and performant client-side SDKs used by all of Riot’s games to leverage critical features like network connectivity, messaging, and game engine integrations</li>
<li>Be an individual contributor on the team who creates reference designs, tackles challenging and ambiguous technical solutions, conducts architectural and code reviews</li>
<li>Design, code, and improve release processes for the products and solutions produced on your team</li>
<li>Balance short-term technical trade-offs and with long-term technical needs to ensure we are building stable, operational, extensible services and SDKs</li>
<li>Develop high-quality software by writing unit, functional, and integration tests</li>
<li>Partner with product owners and technical leads to build and operate features end-to-end including technical discovery, product development, and production release </li>
<li>Invest in team’s complete ownership of our products by participating in on-call rotation</li>
</ul>
<h2>Required Qualifications: </h2>
<ul>
<li>Bachelor's degree in Computer Science, a related field, or equivalent professional experience</li>
<li>4+ years deep hands-on programming experience as a software engineer and proficiency in C++ 14 or newer</li>
<li>2+ years hands-on programming experience with Unreal Engine 4.2x/5.x building tools, plugins, or gameplay components.</li>
<li>Experience contributing to a large code base with millions of active users</li>
<li>Expertise with continuous development and deployments of large-scale systems</li>
<li>Experience defining and delivering technical solutions to technical users</li>
</ul>
<h2>Desired Qualifications:</h2>
<ul>
<li>Experience with scripting languages like Python or TypeScript</li>
<li>Experience with telemetry providers like Data Dog and/or Sentry</li>
<li>Experience developing client applications and/or client SDKs that leverage highly distributed systems</li>
<li>Experience with globally deployed platforms as well as distributed teams</li>
</ul>
<p><em>For this role, you'll find success through craft expertise, a collaborative spirit, and decision-making that prioritizes your fellow Rioters, who are the customers of your work. Being a dedicated fan of games is not necessary for this position!</em></p>
<p> </p>
<h2><strong>Our Perks:</strong></h2>
<p>Riot focuses on work/life balance, shown by our open paid time off policy and other perks such as flexible work schedules. We offer medical, dental, and life insurance, parental leave for you, your spouse/domestic partner, and children, and a 401k with company match. Check out our <a href=""https://www.riotgames.com/en/work-with-us/overview""><strong>benefits pages</strong></a> for more information.</p>
<p>At Riot Games, we <a class=""c-link"" href=""https://www.riotgames.com/en/who-we-are/values"" target=""_blank"" data-stringify-link=""https://www.riotgames.com/en/who-we-are/values"" data-sk=""tooltip_parent"">put players first</a>. That mission drives every decision in our quest to create games and experiences that make it better to be a player. Whether you’re working directly on a new player-facing experience or you’re supporting the company as a whole, everyone at Riot is part of our mission. And just like in our games, we’re better when we work together. Our goal is to create collaborative teams where you are empowered to bring your unique perspective everyday. If that sounds like the kind of place you want to work, we’re looking forward to your application.</p>
<p> </p>
<p><em>It’s our policy to provide equal employment opportunity for all applicants and members of Riot Games, Inc. Riot Games makes reasonable accommodations for handicapped and disabled Rioters and does not unlawfully discriminate on the basis of race, color, religion, sex, sexual orientation, gender identity or expression, national origin, age, handicap, veteran status, marital status, criminal history, or any other category protected by applicable federal and state law. We consider for employment all qualified applicants, including those with criminal histories, in a manner consistent with applicable federal, state and local law, including the California Fair Chance Act, the City of Los Angeles Fair Chance Initiative for Hiring Ordinance, the Los Angeles County Fair Chance Ordinance for Employers, the San Francisco Fair Chance Ordinance, and the Washington Fair Chance Act.</em></p>
<p><em>Per the Los Angeles County Fair Chance Ordinance, the following core duties may create a basis for disqualifying candidates with relevant criminal histories:</em></p>
<ul>
<li><em>Safeguarding confidential and sensitive Company data </em></li>
<li><em>Communication with others, including Rioters and third parties such as vendors, and/or players, including minors</em></li>
<li><em>Accessing Company assets, secure digital systems, and networks</em></li>
<li><em>Ensuring a safe interactive environment for players and other Rioters</em></li>
</ul>
<p><em>These duties are directly related to essential operations, safety, trust, and compliance obligations within our organization. Please note that job duties may evolve based on business needs and additional responsibilities may be assigned as necessary to maintain operational efficiency and security. </em></p>",6518,https://www.riotgames.com/en/work-with-us/job/7940406?gh_jid=7940406,,https://www.linkedin.com/jobs/view/4452630034,2026-09-24,48,48 applicants,,matched,title,2026-10-02,2026-10-02T11:36:47,2026-10-03,,9,startDate+linkedin,true,0,,,,,Publishing Platform,2026-09-24,,false,19,164318,184558,184558,subset,Software Engineer II
REQ-0010343,"Senior Technical Producer, 1st Party Platforms - Central Compliance & Release",riotgames,Riot Games,,Posted 4 Days Ago,,,"Los Angeles, USA",1,"Los Angeles, USA",false,,United States,,0,"<p>As Technical Producers at Riot, we lead passionate technical teams to create products and experiences that want to achieve maximum developer and player value. We guide development, smash through obstacles, and push projects across the finish line while making sure that our teams are sustainable and have a great collaborative environment. </p>
<p>As a <strong>Senior Technical Producer</strong> on the Central Compliance and Release team, you will partner with Engineering and Tech Leads to align on the product technical plans against Mobile 1st Party Platform guidelines and collaborate with Publishing to develop best practices to maximize the marketing potential of titles. You will lead passionate, cross-functional teams to achieve player value through the planning and integration of 1st Party Best Practices and requirements into their products. Your strong vision and leadership skills will ensure we stay one step ahead of the needs of our 1st party partners and game teams by building trust and a deep understanding of their pain points. You will collaborate with teams across Riot to successfully integrate requirements against dependencies, risk factors, and success criteria. You will oversee delivery, build work systems, maintain execution, and provide initiative leadership with visibility on complex deliverables. You will report to the Sr. Manager of Production on Riot’s 1st Party Operations Team.</p>
<h2>Responsibilities:</h2>
<ul>
<li>Develop 1st Party product and development strategies with tech teams across Riot</li>
<li>Plan technical brainstorm sessions between 1st Party Platform Partners (e.g. Sony, Apple, etc.) and Riot technical/game teams to overcome blockers and develop new features</li>
<li>Decompose requirements into technical execution plans for products to successfully launch and continually update on 1st party platforms</li>
<li>Provide actionable insights to product teams and drive impactful collaboration with cross-functional teams (i.e. Engineering, Marketing, Payments, etc.)</li>
<li>Drive discussions to integrate platform technical, legal, and business compliance (SDK/APIs, parity, etc) across workstreams</li>
<li>Investigate technical issues and deliver solutions towards 1st party standards, technical opportunities, and best practices</li>
<li>Partner with Publishing and Legal to review contract language and clearly disseminate obligations contained within each contract</li>
</ul>
<h2>Required Qualifications: </h2>
<ul>
<li>Minimum of 6 years of experience as a Technical Producer, Release Manager, Technical Account Manager, or Technical Product Manager working with 1st party platform development teams</li>
<li>Bachelor's degree in Computer Science or a related field, or equivalent experience with strong technical knowledge and problem-solving skills.</li>
<li>Deep understanding of Mobile game development lifecycle and processes, gaming ecosystems or gaming platforms, technologies, and 1st party processes</li>
<li>Experience working with Apple, Google, Microsoft, Sony, and/or Nintendo</li>
<li>Excellent written and verbal communication skills, including the ability to clearly articulate business impact and technical constraints tailored to any audience</li>
<li>Ability to understand and engage with technical teams on highly complex projects</li>
<li>Understanding technical components of projects including architecture, tools and deployment practices that development teams employ</li>
</ul>
<h2>Desired Qualifications:</h2>
<ul>
<li>Experience collaborating with channel partners, systems integrators, submissions teams, and developers to deliver high-impact solutions</li>
<li>Familiarity with TRC, XR, Lotcheck guidelines and 1st party toolsets  </li>
<li>Experience with Agile/Scrum methodology and project management software such as JIRA, Trello, Airtable, etc</li>
<li>Experience creating product release and go-to-market plans</li>
</ul>
<p><em>For this role, you'll find success through craft expertise, a collaborative spirit, and decision-making that prioritizes the delight of players. We will be looking at your past studies, experience, and your personal relationship with games. If you embody player empathy and care about the experiences of players, this could be the role for you!</em></p>
<h2><strong>Our Perks:</strong></h2>
<p>Riot focuses on work/life balance, shown by our open paid time off policy and other perks such as flexible work schedules. We offer medical, dental, and life insurance, parental leave for you, your spouse/domestic partner, and children, and a 401k with company match. Check out our <a href=""https://www.riotgames.com/en/work-with-us/overview""><strong>benefits pages</strong></a> for more information.</p>
<p>At Riot Games, we <a class=""c-link"" href=""https://www.riotgames.com/en/who-we-are/values"" target=""_blank"" data-stringify-link=""https://www.riotgames.com/en/who-we-are/values"" data-sk=""tooltip_parent"">put players first</a>. That mission drives every decision in our quest to create games and experiences that make it better to be a player. Whether you’re working directly on a new player-facing experience or you’re supporting the company as a whole, everyone at Riot is part of our mission. And just like in our games, we’re better when we work together. Our goal is to create collaborative teams where you are empowered to bring your unique perspective everyday. If that sounds like the kind of place you want to work, we’re looking forward to your application.</p>
<p> </p>
<p><em>It’s our policy to provide equal employment opportunity for all applicants and members of Riot Games, Inc. Riot Games makes reasonable accommodations for handicapped and disabled Rioters and does not unlawfully discriminate on the basis of race, color, religion, sex, sexual orientation, gender identity or expression, national origin, age, handicap, veteran status, marital status, criminal history, or any other category protected by applicable federal and state law. We consider for employment all qualified applicants, including those with criminal histories, in a manner consistent with applicable federal, state and local law, including the California Fair Chance Act, the City of Los Angeles Fair Chance Initiative for Hiring Ordinance, the Los Angeles County Fair Chance Ordinance for Employers, the San Francisco Fair Chance Ordinance, and the Washington Fair Chance Act.</em></p>
<p><em>Per the Los Angeles County Fair Chance Ordinance, the following core duties may create a basis for disqualifying candidates with relevant criminal histories:</em></p>
<ul>
<li><em>Safeguarding confidential and sensitive Company data </em></li>
<li><em>Communication with others, including Rioters and third parties such as vendors, and/or players, including minors</em></li>
<li><em>Accessing Company assets, secure digital systems, and networks</em></li>
<li><em>Ensuring a safe interactive environment for players and other Rioters</em></li>
</ul>
<p><em>These duties are directly related to essential operations, safety, trust, and compliance obligations within our organization. Please note that job duties may evolve based on business needs and additional responsibilities may be assigned as necessary to maintain operational efficiency and security. </em></p>",7283,https://www.riotgames.com/en/work-with-us/job/8232198?gh_jid=8232198,,https://www.linkedin.com/jobs/view/4471211195,2026-09-28,25,among first 25,,matched,title,2026-10-02,2026-10-02T11:37:21,2026-10-03,,5,startDate+linkedin,true,0,,,,,Games Studio Operations,2026-09-28,,true,,,,,,
REQ-0010193,"Senior Technical Producer - Central Technology, Data Foundations",riotgames,Riot Games,,Posted 59 Days Ago,,,"Los Angeles, USA",1,"Los Angeles, USA",false,,United States,,0,"<p>As Technical Producers at Riot, we lead passionate technical teams and initiatives to create products and experiences that maximize developer and player value. We guide development, clear blockers, and help teams deliver in a sustainable way while creating a strong collaborative environment.</p>
<p>As a <strong>Senior Technical Producer</strong> on the Data Foundations (DF) Business Operations team, you will be a key steward of how the data platform organization operates — driving portfolio, vendor, and financial management. You will report to the Manager, DF Business Operations, and partner closely with DF engineering leads and other data / technology leaders across Riot.</p>
<h2>Responsibilities:</h2>
<ul>
<li>Own the Data Foundations (DF) portfolio as a live, trusted picture of what's on track, at risk, or off course, and drive commitments to clarity before they become risks.</li>
<li>Own the strategy, posture, and renewal planning across DF's vendor portfolio — including our largest platform investments — and establish a durable operating model with Procurement, Purchasing, Finance, TSO, and Legal.</li>
<li>Partner with Finance to give leadership real-time, trusted visibility into DF's budget, and ensure DF meets its forecasting, capitalization, and financial reporting obligations.</li>
<li>Identify opportunities for DF and other related data disciplines across Riot to operate more effectively — whether streamlining internal operations, improving how we surface value to customers, or strengthening the business case for our investments and standards.</li>
<li>Represent DF Business Operations in cross-Riot data forums and stakeholder rituals, growing into ownership over time.</li>
</ul>
<h2>Required Qualifications: </h2>
<ul>
<li>Bachelor's degree in a related field, or equivalent experience.</li>
<li>Minimum of 6 years of experience as a Producer, Technical Program Manager, Chief of Staff, Business Operations lead, or comparable role in a technical organization.</li>
<li>Experience owning portfolio, vendor, or financial operations for a technical or platform team.</li>
<li>Excellent communication — able to translate complex operational detail into a clear ""so what"" for senior leaders.</li>
<li>Demonstrated ability to improve operating practices across teams and functions, increasing clarity, efficiency, and execution over time.</li>
<li>Experience applying AI and automation to streamline organizational workflows, accelerate decision-making, and increase operating leverage.</li>
</ul>
<h2>Desired Qualifications:</h2>
<ul>
<li>Experience supporting a data, developer, or infrastructure platform.</li>
<li>SaaS vendor management at scale (renewal strategy, contract prep, QBRs).</li>
<li>Finance partnership on budget forecasting, spend management, or capitalization.</li>
<li>Fluency with Jira, portfolio reporting tools, and lightweight BI (SQL / dashboards).</li>
<li>Prior experience in games or another creative-technical industry.</li>
</ul>
<p><em>For this role, you'll find success through craft expertise, a collaborative spirit, and decision-making that prioritizes your fellow Rioters, who are the customers of your work. Being a dedicated fan of games is not necessary for this position!</em></p>
<h2><strong>Our Perks:</strong></h2>
<p>Riot focuses on work/life balance, shown by our open paid time off policy and other perks such as flexible work schedules. We offer medical, dental, and life insurance, parental leave for you, your spouse/domestic partner, and children, and a 401k with company match. Check out our <a href=""https://www.riotgames.com/en/work-with-us/overview""><strong>benefits pages</strong></a> for more information.</p>
<p>At Riot Games, we <a class=""c-link"" href=""https://www.riotgames.com/en/who-we-are/values"" target=""_blank"" data-stringify-link=""https://www.riotgames.com/en/who-we-are/values"" data-sk=""tooltip_parent"">put players first</a>. That mission drives every decision in our quest to create games and experiences that make it better to be a player. Whether you’re working directly on a new player-facing experience or you’re supporting the company as a whole, everyone at Riot is part of our mission. And just like in our games, we’re better when we work together. Our goal is to create collaborative teams where you are empowered to bring your unique perspective everyday. If that sounds like the kind of place you want to work, we’re looking forward to your application.</p>
<p> </p>
<p><em>It’s our policy to provide equal employment opportunity for all applicants and members of Riot Games, Inc. Riot Games makes reasonable accommodations for handicapped and disabled Rioters and does not unlawfully discriminate on the basis of race, color, religion, sex, sexual orientation, gender identity or expression, national origin, age, handicap, veteran status, marital status, criminal history, or any other category protected by applicable federal and state law. We consider for employment all qualified applicants, including those with criminal histories, in a manner consistent with applicable federal, state and local law, including the California Fair Chance Act, the City of Los Angeles Fair Chance Initiative for Hiring Ordinance, the Los Angeles County Fair Chance Ordinance for Employers, the San Francisco Fair Chance Ordinance, and the Washington Fair Chance Act.</em></p>
<p><em>Per the Los Angeles County Fair Chance Ordinance, the following core duties may create a basis for disqualifying candidates with relevant criminal histories:</em></p>
<ul>
<li><em>Safeguarding confidential and sensitive Company data </em></li>
<li><em>Communication with others, including Rioters and third parties such as vendors, and/or players, including minors</em></li>
<li><em>Accessing Company assets, secure digital systems, and networks</em></li>
<li><em>Ensuring a safe interactive environment for players and other Rioters</em></li>
</ul>
<p><em>These duties are directly related to essential operations, safety, trust, and compliance obligations within our organization. Please note that job duties may evolve based on business needs and additional responsibilities may be assigned as necessary to maintain operational efficiency and security. </em></p>",6251,https://www.riotgames.com/en/work-with-us/job/8104534?gh_jid=8104534,,https://www.linkedin.com/jobs/view/4452629092,2026-09-24,51,51 applicants,,matched,title,2026-10-02,2026-10-02T11:37:23,2026-10-03,,9,startDate+linkedin,true,0,,,,,Riot Technology,2026-09-24,,false,,,,,,
REQ-0010210,"Senior Technical Producer - Developer Connections, Build & Release",riotgames,Riot Games,,Posted 49 Days Ago,,,"Los Angeles, USA",1,"Los Angeles, USA",false,,United States,,0,"<p>As Technical Producers at Riot, we lead passionate technical teams to create products and experiences that achieve maximum developer, operator, and player value. We guide development, clear blockers, and push projects across the finish line while ensuring our teams are sustainable and foster a collaborative environment.</p>
<p>As a <strong>Senior Technical Producer</strong> on the Developer Connections team, you will lead production for a complex technical product, service area, or operational surface that spans more than one team. You will partner with Engineering Managers, Technical Leads, and product partners to shape technical product direction, own the execution system that makes delivery predictable, and set a clear longer-term vision for your area. You will be the named owner for delivery, readiness, escalation, and post-launch outcomes across your surface. You will report to the Senior Manager of Technical Production.</p>
<h2>Responsibilities:</h2>
<ul>
<li>Lead the breakdown and execution of multi-month work efforts spanning multiple teams within an initiative.</li>
<li>Partner with Engineering Managers, Technical Leads, and product partners to develop the technical product vision, strategy, and roadmap for your area.</li>
<li>Own the execution system for your area: prioritization flow, ETA predictability, production rhythm, and delivery behavior.</li>
<li>Own the backlog and build resilient, phase-based production plans that survive pivots.</li>
<li>Define and track outcomes for your area's products and capabilities, using operator, developer, and service signals to inform prioritization.</li>
<li>Own rollout, handoff, day-0 quality, QA partnership, and postmortem-driven improvement.</li>
<li>Build the business framing for your area, including ROI, forecasting, funding asks, and vendor or cost optimization where relevant.</li>
<li>Create alignment between teams working toward divergent goals or with contentious relationships, and coach others on conflict resolution.</li>
<li>Drive difficult technical tradeoffs with technical leaders, and articulate and advocate those tradeoffs to non-technical stakeholders.</li>
<li>Identify and remove blockers proactively, and manage risk in new or ambiguous problem spaces.</li>
<li>Craft and present a longer-horizon vision for your area, including at high-profile internal forums.</li>
</ul>
<h2>Required Qualifications: </h2>
<ul>
<li>Bachelor's degree in Computer Science, Engineering, Information Technology, or equivalent practical experience.</li>
<li>Minimum of 6 years of experience as a Technical Producer, Technical Program Manager, Product Manager, or Development Manager on medium to large teams.</li>
<li>Track record of reliably delivering projects at targeted quality on time across multiple efforts.</li>
<li>Experience applying Agile and Lean development processes at scale, and contextually adapting a broad set of development processes.</li>
<li>Broad understanding of technical systems across multiple related areas, with the ability to identify and articulate multiple solutions and their tradeoffs.</li>
<li>Experience defining product strategy, success metrics, and roadmap priorities for technical platforms, internal tools, or operational capabilities.</li>
<li>Experience owning launch and operational readiness for services in production.</li>
</ul>
<h2>Desired Qualifications:</h2>
<ul>
<li>Agile certifications from Scrum Alliance, <a href=""http://scrum.org"">Scrum.org</a>, PMI, or ICAgile</li>
<li>Advanced Atlassian Power User (Jira Product Discovery, Jira Space Administration, Jira Plans) or Atlassian certifications.</li>
<li>Experience building or supporting operational platforms, internal developer tooling, or cloud-based services.</li>
<li>Experience delivering software for globally scaled, highly available systems.</li>
</ul>
<p><em>For this role, you'll find success through craft expertise and collaboration that prioritizes your fellow Rioters, who are the customers of your work. Being a dedicated fan of games is not necessary for this position!</em></p>
<h2><strong>Our Perks:</strong></h2>
<p>Riot focuses on work/life balance, shown by our open paid time off policy and other perks such as flexible work schedules. We offer medical, dental, and life insurance, parental leave for you, your spouse/domestic partner, and children, and a 401k with company match. Check out our <a href=""https://www.riotgames.com/en/work-with-us/overview""><strong>benefits pages</strong></a> for more information.</p>
<p>At Riot Games, we <a class=""c-link"" href=""https://www.riotgames.com/en/who-we-are/values"" target=""_blank"" data-stringify-link=""https://www.riotgames.com/en/who-we-are/values"" data-sk=""tooltip_parent"">put players first</a>. That mission drives every decision in our quest to create games and experiences that make it better to be a player. Whether you’re working directly on a new player-facing experience or you’re supporting the company as a whole, everyone at Riot is part of our mission. And just like in our games, we’re better when we work together. Our goal is to create collaborative teams where you are empowered to bring your unique perspective everyday. If that sounds like the kind of place you want to work, we’re looking forward to your application.</p>
<p> </p>
<p><em>It’s our policy to provide equal employment opportunity for all applicants and members of Riot Games, Inc. Riot Games makes reasonable accommodations for handicapped and disabled Rioters and does not unlawfully discriminate on the basis of race, color, religion, sex, sexual orientation, gender identity or expression, national origin, age, handicap, veteran status, marital status, criminal history, or any other category protected by applicable federal and state law. We consider for employment all qualified applicants, including those with criminal histories, in a manner consistent with applicable federal, state and local law, including the California Fair Chance Act, the City of Los Angeles Fair Chance Initiative for Hiring Ordinance, the Los Angeles County Fair Chance Ordinance for Employers, the San Francisco Fair Chance Ordinance, and the Washington Fair Chance Act.</em></p>
<p><em>Per the Los Angeles County Fair Chance Ordinance, the following core duties may create a basis for disqualifying candidates with relevant criminal histories:</em></p>
<ul>
<li><em>Safeguarding confidential and sensitive Company data </em></li>
<li><em>Communication with others, including Rioters and third parties such as vendors, and/or players, including minors</em></li>
<li><em>Accessing Company assets, secure digital systems, and networks</em></li>
<li><em>Ensuring a safe interactive environment for players and other Rioters</em></li>
</ul>
<p><em>These duties are directly related to essential operations, safety, trust, and compliance obligations within our organization. Please note that job duties may evolve based on business needs and additional responsibilities may be assigned as necessary to maintain operational efficiency and security. </em></p>",7083,https://www.riotgames.com/en/work-with-us/job/8115072?gh_jid=8115072,,,,,,,no_match,,2026-10-02,,2026-10-03,,,,true,0,,,,,Riot Technology,,,false,,,,,,
REQ-0010334,"Senior Technical Producer — Teamfight Tactics,  Core Tech",riotgames,Riot Games,,Posted 9 Days Ago,,,"Los Angeles, USA",1,"Los Angeles, USA",false,,United States,,0,"<p>As Technical Producers at Riot, we lead passionate technical teams to create products and experiences that deliver maximum developer and player value. We guide development, clear blockers, and push projects across the finish line while ensuring that our teams are sustainable and have a collaborative environment.</p>
<p>As a <strong>Technical Producer III</strong> on the Core Tech team, you will lead a complex technical team and projects that deliver the tools and engine capabilities used to develop Teamfight Tactics. You will own strong delivery processes within the team and ensure that collaboration with external teams runs smoothly. You will oversee product roadmaps, delivery, work systems, and execution, while providing initiative leadership with visibility into complex deliverables, risks, and dependencies. You will also ensure that the team works at a sustainable pace and continuously improves.</p>
<p>You will report to the Initiative Delivery Lead for the Core Tech initiative on TFT.</p>
<h2>Responsibilities:</h2>
<ul>
<li>Run day-to-day production operations and development processes for complex technical teams</li>
<li>Lead complex projects involving multiple disciplines, teams, and organizational partners</li>
<li>Partner with Engineering and Product leads to develop the team’s technical product vision, strategy, and roadmap</li>
<li>Manage delivery plans, risks, dependencies, tradeoffs, and stakeholder communication</li>
<li>Improve work systems, team performance metrics, delivery predictability, and goal setting</li>
<li>Assess team health, composition, and capacity to ensure the team is set up for success</li>
<li>Increase development efficiency through simplification and standardization</li>
<li>Mentor other producers and contribute ideas beyond your immediate ownership across teams and disciplines</li>
</ul>
<h2>Required Qualifications: </h2>
<ul>
<li>Minimum of 6 years of experience as a Producer, Product Manager, or Development Manager on medium-to-large technical teams</li>
<li>Bachelor’s degree in Computer Science or a related field, or equivalent experience with strong technical knowledge and problem-solving skills</li>
<li>Experience independently leading complex technical projects with multiple teams, stakeholders, or dependencies</li>
<li>Experience applying Agile and Lean development processes</li>
<li>Excellent team leadership and the ability to refine technical product vision</li>
<li>Experience working with teams building engine capabilities, platform technology, or gameplay features</li>
<li>Skilled at managing diverse stakeholders, building alignment across teams, and navigating complex organizational dynamics</li>
<li>Strong understanding of product management and the ability to find balanced solutions across technical, developer, and delivery constraints</li>
<li>Expert of Jira use, configuration, and limitations</li>
</ul>
<h2>Desired Qualifications:</h2>
<ul>
<li>Experience working with teams building software or tools for internal users</li>
<li>Experience in game development or a strong understanding of how artists, engineers, and game designers build assets and features for a modern game</li>
</ul>
<p><em>For this role, you'll find success through craft expertise, a collaborative spirit, and decision-making that prioritizes the delight of players. We will be looking at your past studies, experience, and your personal relationship with games. If you embody player empathy and care about players' experiences, this could be your role!</em></p>
<h2><strong>Our Perks:</strong></h2>
<p>Riot focuses on work/life balance, shown by our open paid time off policy and other perks such as flexible work schedules. We offer medical, dental, and life insurance, parental leave for you, your spouse/domestic partner, and children, and a 401k with company match. Check out our <a href=""https://www.riotgames.com/en/work-with-us/overview""><strong>benefits pages</strong></a> for more information.</p>
<p>At Riot Games, we <a class=""c-link"" href=""https://www.riotgames.com/en/who-we-are/values"" target=""_blank"" data-stringify-link=""https://www.riotgames.com/en/who-we-are/values"" data-sk=""tooltip_parent"">put players first</a>. That mission drives every decision in our quest to create games and experiences that make it better to be a player. Whether you’re working directly on a new player-facing experience or you’re supporting the company as a whole, everyone at Riot is part of our mission. And just like in our games, we’re better when we work together. Our goal is to create collaborative teams where you are empowered to bring your unique perspective everyday. If that sounds like the kind of place you want to work, we’re looking forward to your application.</p>
<p> </p>
<p><em>It’s our policy to provide equal employment opportunity for all applicants and members of Riot Games, Inc. Riot Games makes reasonable accommodations for handicapped and disabled Rioters and does not unlawfully discriminate on the basis of race, color, religion, sex, sexual orientation, gender identity or expression, national origin, age, handicap, veteran status, marital status, criminal history, or any other category protected by applicable federal and state law. We consider for employment all qualified applicants, including those with criminal histories, in a manner consistent with applicable federal, state and local law, including the California Fair Chance Act, the City of Los Angeles Fair Chance Initiative for Hiring Ordinance, the Los Angeles County Fair Chance Ordinance for Employers, the San Francisco Fair Chance Ordinance, and the Washington Fair Chance Act.</em></p>
<p><em>Per the Los Angeles County Fair Chance Ordinance, the following core duties may create a basis for disqualifying candidates with relevant criminal histories:</em></p>
<ul>
<li><em>Safeguarding confidential and sensitive Company data </em></li>
<li><em>Communication with others, including Rioters and third parties such as vendors, and/or players, including minors</em></li>
<li><em>Accessing Company assets, secure digital systems, and networks</em></li>
<li><em>Ensuring a safe interactive environment for players and other Rioters</em></li>
</ul>
<p><em>These duties are directly related to essential operations, safety, trust, and compliance obligations within our organization. Please note that job duties may evolve based on business needs and additional responsibilities may be assigned as necessary to maintain operational efficiency and security. </em></p>",6535,https://www.riotgames.com/en/work-with-us/job/8224653?gh_jid=8224653,,https://www.linkedin.com/jobs/view/4469355180,2026-09-23,30,30 applicants,,matched,title,2026-10-02,2026-10-02T11:37:24,2026-10-03,,10,startDate+linkedin,true,0,,,,,League Studio,2026-09-23,,false,,,,,,
REQ-0010215,"Senior Technical Product Manager - Publishing Platform, Organized Play",riotgames,Riot Games,,Posted 37 Days Ago,,,"Los Angeles, USA; Mercer Island, USA",1,"Los Angeles, USA; Mercer Island, USA",false,,United States,,0,"<p>Technical Product Managers combine deep technical knowledge and experience with product leadership capabilities which are needed to enable Riot Games to deliver key products and experiences to make it better to be a player. You will develop and execute strategies on Riot's products and technologies while leading diverse teams to deliver creative solutions to our most difficult technical and experiential challenges.</p>
<p>As a <strong>Senior Technical Product Manager </strong>for Organized Play on Publishing Platform, you will combine your deep technical experience with strong product leadership to solve complex problems for your customers. You will manage high-complexity, cross-functional products that power real-time data streaming, tournament ecosystem orchestration, and live broadcast tooling across esports global events to deliver exceptional experiences to millions of players worldwide. You will be accountable for the product lifecycle from start to finish, translating deep customer empathy and technical insight into a clear vision, strategy, and roadmap. You will report to the Sr. Director of Technical Product Management on the team.</p>
<h2>Responsibilities:</h2>
<ul>
<li>Be accountable for Global Live Operations - safeguarding the 99.9% reliability SLA for core infrastructure during mission-critical windows including Worlds, VCT Champs China, and EWC.</li>
<li>Direct real-time features including LiveStats, Summoner's Rift Broadcast Banners, and Esports Observer Replica systems.</li>
<li>Drive the product definition and rollout of our Esports Data Platform, including integration with external partner teams like GRID for the sake of data commercialization.</li>
<li>Lead highly technical, multi-team dependencies including the TFT Unreal engine integration, tournament bracket platform services, authentication scaling for third-party tournaments, Esports Game management tooling to improve transition time in between games broadcast and automation of tournaments for our games</li>
<li data-section-id=""1cnx6a"" data-start=""654"" data-end=""872"">Develop a deep understanding of customer, partner, and esports ecosystem needs, using research and data to translate pain points and emerging trends into clear product requirements and long-term product strategy.</li>
<li data-section-id=""1xbkevh"" data-start=""873"" data-end=""1089"">Own the product vision, strategy, roadmap, and success metrics for esports and community products, including OKRs, build-vs.-buy assessments, milestones, and prioritization of ambiguous technical opportunities.</li>
<li data-section-id=""18st8vi"" data-start=""1090"" data-end=""1331"" data-is-last-node="""">Lead cross-functional product execution from conception through delivery and iteration, partnering closely with Engineering and Technical Leads on architecture, scalability, implementation trade-offs, and key stakeholder relationships.</li>
</ul>
<h2>Required Qualifications: </h2>
<ul>
<li>5+ years of relevant experience in fields such as Technical Product Management, Software/Game Development, or Engineering.</li>
<li>7+ years of dedicated product management experience.</li>
<li>Bachelor's degree in Computer Science, a related technical field, or equivalent practical experience.</li>
<li>Strong technical background and problem-solving skills in esports technologies and broadcast operations, and strong depth experience with data management in platform solutions.</li>
<li>Excellent teamwork, communication, and stakeholder management skills, with the ability to lead through influence.</li>
<li>Experience leading teams through the full product development lifecycle (planning, execution, delivery, and post-release support).</li>
</ul>
<h2>Desired Qualifications:</h2>
<ul>
<li>Experience working in med-large size organizations where collaboration across organizational boundaries is critical to success</li>
<li>Experience working on live service games or other software operating at a global scale.</li>
<li>Passion for esports, community play events, and Riot’s games</li>
<li>Familiarity with the game platform lifecycle, including art toolchains, game engines, and live operations workflows.</li>
<li>Experience taking a nebulous technology concept and turning it into a shipped product with clear KPIs.</li>
<li>A passion for games and a deep understanding of the player experience.</li>
</ul>
<p><em>For this role, you'll find success through craft expertise, a collaborative spirit, and decision-making that prioritizes the delight of players. We will be looking at your past studies, experience, and your personal relationship with games. If you embody player empathy and care about players' experiences, this could be your role!</em></p>
<h2><strong>Our Perks:</strong></h2>
<p>Riot focuses on work/life balance, shown by our open paid time off policy and other perks such as flexible work schedules. We offer medical, dental, and life insurance, parental leave for you, your spouse/domestic partner, and children, and a 401k with company match. Check out our <a href=""https://www.riotgames.com/en/work-with-us/overview""><strong>benefits pages</strong></a> for more information.</p>
<p>At Riot Games, we <a class=""c-link"" href=""https://www.riotgames.com/en/who-we-are/values"" target=""_blank"" data-stringify-link=""https://www.riotgames.com/en/who-we-are/values"" data-sk=""tooltip_parent"">put players first</a>. That mission drives every decision in our quest to create games and experiences that make it better to be a player. Whether you’re working directly on a new player-facing experience or you’re supporting the company as a whole, everyone at Riot is part of our mission. And just like in our games, we’re better when we work together. Our goal is to create collaborative teams where you are empowered to bring your unique perspective everyday. If that sounds like the kind of place you want to work, we’re looking forward to your application.</p>
<p> </p>
<p><em>It’s our policy to provide equal employment opportunity for all applicants and members of Riot Games, Inc. Riot Games makes reasonable accommodations for handicapped and disabled Rioters and does not unlawfully discriminate on the basis of race, color, religion, sex, sexual orientation, gender identity or expression, national origin, age, handicap, veteran status, marital status, criminal history, or any other category protected by applicable federal and state law. We consider for employment all qualified applicants, including those with criminal histories, in a manner consistent with applicable federal, state and local law, including the California Fair Chance Act, the City of Los Angeles Fair Chance Initiative for Hiring Ordinance, the Los Angeles County Fair Chance Ordinance for Employers, the San Francisco Fair Chance Ordinance, and the Washington Fair Chance Act.</em></p>
<p><em>Per the Los Angeles County Fair Chance Ordinance, the following core duties may create a basis for disqualifying candidates with relevant criminal histories:</em></p>
<ul>
<li><em>Safeguarding confidential and sensitive Company data </em></li>
<li><em>Communication with others, including Rioters and third parties such as vendors, and/or players, including minors</em></li>
<li><em>Accessing Company assets, secure digital systems, and networks</em></li>
<li><em>Ensuring a safe interactive environment for players and other Rioters</em></li>
</ul>
<p><em>These duties are directly related to essential operations, safety, trust, and compliance obligations within our organization. Please note that job duties may evolve based on business needs and additional responsibilities may be assigned as necessary to maintain operational efficiency and security. </em></p>",7717,https://www.riotgames.com/en/work-with-us/job/8120734?gh_jid=8120734,,https://www.linkedin.com/jobs/view/4458004595,2026-09-17,61,61 applicants,,matched,title,2026-10-02,2026-10-02T11:34:15,2026-10-03,,16,startDate+linkedin,true,0,,,,,Publishing Platform,2026-09-17,,false,,,,,,
REQ-0010094,"Senior Technical Product Manager, SDK Social - Publishing Platform",riotgames,Riot Games,,Posted 81 Days Ago,,,"Los Angeles, USA; Mercer Island, USA",1,"Los Angeles, USA; Mercer Island, USA",false,,United States,,0,"<p>Technical Product Managers combine deep technical knowledge and experience with product leadership capabilities to enable Riot Games to deliver critical products and supporting systems to players. You will develop and execute development strategies on Riot's products and technologies while leading diverse teams to deliver creative solutions to our most difficult technical challenges.</p>
<p>As a <strong>Senior Technical Product Manager on</strong> Riot’s Social SDK team, you will lead the vision, strategy, and product discovery for game-agnostic social capabilities that power every Riot game globally. Working closely with engineering and cross-functional partners, you will drive the planning, development, and integration of core platform features—including voice and text chat, player presence, and shared social interfaces—enabling teams to bring innovative social experiences to players faster. In this role, you will help shape the next generation of Riot’s social platform and support the launch of future games with scalable, player-focused solutions, reporting to Product Leadership within the Social Platform team.</p>
<h2>Responsibilities:</h2>
<ul>
<li>Develop the technical product vision and development strategy for Riot’s Social SDK team and collaborate with other platform teams in the social space</li>
<li>Manage all essential customer and partner relationships including game teams and other internal Riot teams that will integrate with Riot’s social systems</li>
<li>Manage the product team backlog, create a product roadmap, foster a culture of improvement, and facilitate development practices for the team</li>
<li>Actively manage project scope as a result of customer and partner communications and ensure the product team is aligned with Riot's objectives</li>
<li>Review and develop service-level agreements and goals with all core customers</li>
<li>Partner and collaborate with the Engineering Manager, Technical, Design, and Quality Leads on the Riot Social SDK team to align on the product and technical plan the team executes against.</li>
</ul>
<h2>Required Qualifications: </h2>
<ul>
<li>Bachelor’s degree in Computer Science or a related field, or equivalent experience</li>
<li>7+ years of relevant industry experience, preferably on services / API technical product teams </li>
<li>Understand API-based products, primary components, and customer experience (developer experience)</li>
<li>Excellent team leadership, ability to refine technical product vision</li>
<li>Understand operational and development challenges and conflict resolution techniques</li>
</ul>
<h2>Desired Qualifications:</h2>
<ul>
<li>Hands-on experience leading agile (scrum) teams</li>
<li>Familiarity with social systems and platforms </li>
<li>Understand product management and how to navigate around constraints while finding balanced solutions</li>
</ul>
<p><em>For this role, you'll find success through craft expertise, a collaborative spirit, and decision-making that prioritizes your fellow Rioters, who are the customers of your work. Being a dedicated fan of games is not necessary for this position!</em></p>
<h2><strong>Our Perks:</strong></h2>
<p>Riot focuses on work/life balance, shown by our open paid time off policy and other perks such as flexible work schedules. We offer medical, dental, and life insurance, parental leave for you, your spouse/domestic partner, and children, and a 401k with company match. Check out our <a href=""https://www.riotgames.com/en/work-with-us/overview""><strong>benefits pages</strong></a> for more information.</p>
<p>At Riot Games, we <a class=""c-link"" href=""https://www.riotgames.com/en/who-we-are/values"" target=""_blank"" data-stringify-link=""https://www.riotgames.com/en/who-we-are/values"" data-sk=""tooltip_parent"">put players first</a>. That mission drives every decision in our quest to create games and experiences that make it better to be a player. Whether you’re working directly on a new player-facing experience or you’re supporting the company as a whole, everyone at Riot is part of our mission. And just like in our games, we’re better when we work together. Our goal is to create collaborative teams where you are empowered to bring your unique perspective everyday. If that sounds like the kind of place you want to work, we’re looking forward to your application.</p>
<p> </p>
<p><em>It’s our policy to provide equal employment opportunity for all applicants and members of Riot Games, Inc. Riot Games makes reasonable accommodations for handicapped and disabled Rioters and does not unlawfully discriminate on the basis of race, color, religion, sex, sexual orientation, gender identity or expression, national origin, age, handicap, veteran status, marital status, criminal history, or any other category protected by applicable federal and state law. We consider for employment all qualified applicants, including those with criminal histories, in a manner consistent with applicable federal, state and local law, including the California Fair Chance Act, the City of Los Angeles Fair Chance Initiative for Hiring Ordinance, the Los Angeles County Fair Chance Ordinance for Employers, the San Francisco Fair Chance Ordinance, and the Washington Fair Chance Act.</em></p>
<p><em>Per the Los Angeles County Fair Chance Ordinance, the following core duties may create a basis for disqualifying candidates with relevant criminal histories:</em></p>
<ul>
<li><em>Safeguarding confidential and sensitive Company data </em></li>
<li><em>Communication with others, including Rioters and third parties such as vendors, and/or players, including minors</em></li>
<li><em>Accessing Company assets, secure digital systems, and networks</em></li>
<li><em>Ensuring a safe interactive environment for players and other Rioters</em></li>
</ul>
<p><em>These duties are directly related to essential operations, safety, trust, and compliance obligations within our organization. Please note that job duties may evolve based on business needs and additional responsibilities may be assigned as necessary to maintain operational efficiency and security. </em></p>",6133,https://www.riotgames.com/en/work-with-us/job/8017695?gh_jid=8017695,,https://www.linkedin.com/jobs/view/4457793627,2026-09-23,35,35 applicants,,matched,title,2026-10-02,2026-10-02T11:34:18,2026-10-03,,10,startDate+linkedin,true,0,,,,,Publishing Platform,2026-09-23,,false,,,,,,
REQ-0009878,Senior Technical Program Manager - Publishing Platform,riotgames,Riot Games,,Posted 190 Days Ago,,,"Los Angeles, USA",1,"Los Angeles, USA",false,,United States,,0,"<p>Technical Program Managers<em> </em>at Riot lead passionate, cross-functional teams to achieve player value through the delivery of large programs that are aligned with Riot's strategic priorities. </p>
<p>As a <strong>Senior Technical Program Manager</strong> on the Program Management team in Publishing Platform, you will coordinate important development projects and lead the integration of Riot's games with Publishing Platform’s suite of products. You excel at condensing the million moving parts of platform development and game development into strategic points of focus between our development teams, smooth the process of platform development and integration before, during, and after launch. You will report to the Manager, Program Management.</p>
<h2>Responsibilities:</h2>
<ul>
<li>Align autonomous teams towards complex cross-pillar programs centered around Riot's strategic priorities.</li>
<li>Create program plans with cross functional teams such as creative, architecture, operations, technical teams, and leadership.</li>
<li>Plan and scope cross team projects within Publishing Platform.</li>
<li>Evangelize processes and delivery methodologies to ensure we accomplish our program goals.</li>
<li>Facilitate and manage Agile project management ceremonies and processes for large or team-of-team project teams.</li>
<li>Report on program performance, ensuring each program achieves milestones against its objective.</li>
<li>Organize program-level planning, communication, and team member rituals.</li>
<li>Standardize communications best practices, nomenclature, and tools between platform teams and their customers.</li>
<li>Manage risks and issues across programs and within teams.</li>
<li>Foster transparency and predictability by building and maintaining roadmaps for assigned programs.</li>
<li>Maintain partner relationships, providing visibility into workstreams and maintaining partner satisfaction.</li>
<li>Assist in the creation of product release and go-to-market plans.</li>
<li>Understand fiscal practices and controls, recording, and reporting on program expenditures & ROI.</li>
</ul>
<h2>Required Qualifications: </h2>
<ul>
<li>6+ years of relevant industry experience</li>
<li>Excellent teamwork, team leadership, communication, and stakeholder management</li>
<li>Experience with iterative development methodologies like Scrum & Agile, and have used supporting software (i.e. JIRA)</li>
<li>Experience in software development, infrastructure, or live operations management</li>
</ul>
<h2>Desired Qualifications:</h2>
<ul>
<li>Previous program experience in a large distributed organization.</li>
<li>Experience managing software/video game products through the entire life cycle – from conception, development and launch to maintaining and operating a live service.</li>
<li>Experience working on a variety of software products in the gaming or entertainment space.</li>
</ul>
<p><em>For this role, you'll find success through craft expertise and collaboration that prioritizes your fellow Rioters, who are the customers of your work. Being a dedicated fan of games is not necessary for this position!</em></p>
<h2><strong>Our Perks:</strong></h2>
<p>Riot focuses on work/life balance, shown by our open paid time off policy and other perks such as flexible work schedules. We offer medical, dental, and life insurance, parental leave for you, your spouse/domestic partner, and children, and a 401k with company match. Check out our <a href=""https://www.riotgames.com/en/work-with-us/overview""><strong>benefits pages</strong></a> for more information.</p>
<p>At Riot Games, we <a class=""c-link"" href=""https://www.riotgames.com/en/who-we-are/values"" target=""_blank"" data-stringify-link=""https://www.riotgames.com/en/who-we-are/values"" data-sk=""tooltip_parent"">put players first</a>. That mission drives every decision in our quest to create games and experiences that make it better to be a player. Whether you’re working directly on a new player-facing experience or you’re supporting the company as a whole, everyone at Riot is part of our mission. And just like in our games, we’re better when we work together. Our goal is to create collaborative teams where you are empowered to bring your unique perspective everyday. If that sounds like the kind of place you want to work, we’re looking forward to your application.</p>
<p> </p>
<p><em>It’s our policy to provide equal employment opportunity for all applicants and members of Riot Games, Inc. Riot Games makes reasonable accommodations for handicapped and disabled Rioters and does not unlawfully discriminate on the basis of race, color, religion, sex, sexual orientation, gender identity or expression, national origin, age, handicap, veteran status, marital status, criminal history, or any other category protected by applicable federal and state law. We consider for employment all qualified applicants, including those with criminal histories, in a manner consistent with applicable federal, state and local law, including the California Fair Chance Act, the City of Los Angeles Fair Chance Initiative for Hiring Ordinance, the Los Angeles County Fair Chance Ordinance for Employers, the San Francisco Fair Chance Ordinance, and the Washington Fair Chance Act.</em></p>
<p><em>Per the Los Angeles County Fair Chance Ordinance, the following core duties may create a basis for disqualifying candidates with relevant criminal histories:</em></p>
<ul>
<li><em>Safeguarding confidential and sensitive Company data </em></li>
<li><em>Communication with others, including Rioters and third parties such as vendors, and/or players, including minors</em></li>
<li><em>Accessing Company assets, secure digital systems, and networks</em></li>
<li><em>Ensuring a safe interactive environment for players and other Rioters</em></li>
</ul>
<p><em>These duties are directly related to essential operations, safety, trust, and compliance obligations within our organization. Please note that job duties may evolve based on business needs and additional responsibilities may be assigned as necessary to maintain operational efficiency and security. </em></p>",6147,https://www.riotgames.com/en/work-with-us/job/7723704?gh_jid=7723704,,https://www.linkedin.com/jobs/view/4452621620,2026-09-24,160,160 applicants,,matched,title,2026-10-02,2026-10-02T11:34:12,2026-10-03,,9,startDate+linkedin,true,0,,,,,Publishing Platform,2026-09-24,,false,,,,,,
REQ-0010163,"Senior User Experience Designer, Accessibility - Central QA Ops",riotgames,Riot Games,,Posted 59 Days Ago,,,"Los Angeles, USA",1,"Los Angeles, USA",false,,United States,,0,"<p>As a User Experience Designer, you will design, tweak, and optimize the player experience. Your analytical skills, player insight, and creativity aid in crafting in- and out-of-game experiences that engage and surprise players. You will collaborate with interdisciplinary teams and work with every tool at hand to innovate and iterate player-focused designs that’ll delight millions around the world.</p>
<p>As a <strong>Senior Accessibility User Experience Designer</strong>, you will function as a part of the Central Product Accessibility team and work with product teams across the organization to drive and facilitate accessible and inclusive design. This role will collaborate with design and engineering teams to inform the creation of accessible games and experiences. The Accessibility UX Designer should have a deep knowledge of accessible game design, and will be responsible for cross-training other designers and defining requirements and best practices. This position will report to the Director of Product Accessibility. </p>
<h2>Responsibilities:</h2>
<ul>
<li>Creating guidelines and tools to help designers, developers, and architects comply with accessibility standards </li>
<li>Create design requirements for both game and web products </li>
<li>Work with UX designers to define strategy, roadmap, and priorities</li>
<li>Perform accessibility reviews and provide feedback on designs and features </li>
<li>Incorporate accessibility requirements into design documents and specifications </li>
<li>Manage the photosensitive epilepsy flash rate testing process and training </li>
<li>Propose improvements to existing processes and features in order to increase usability in our products</li>
<li>Work with UX researchers to identify and gather data around features </li>
<li>Use data insights and user feedback to make recommendations to product teams </li>
<li>Create Accessibility personas and user stories</li>
<li>Triage and prioritize accessibility issues and provide guidance for product teams on how these issues can be remediated</li>
<li>Train and educate product teams on accessibility requirements </li>
<li>Audit games and web applications for compliance with best practices and accessibility standards</li>
<li>Keep up to date with current changes and trends in game, web, application, and software accessibility </li>
</ul>
<h2>Required Qualifications:</h2>
<ul>
<li>5+ years of UX design experience </li>
<li>3+ years of accessibility experience </li>
<li>Expert knowledge of accessible and inclusive design principles and methodologies</li>
<li>Have a strong understanding of core game design technologies (Unity, Unreal etc.) </li>
<li>Have experience with user experience software development using HTML, JavaScript, XML, CSS and other related UI technologies</li>
<li>Experience with UI prototyping tools such as Figma, Sketch or Adobe XD</li>
<li>Experience using common screen readers: JAWS, NVDA, VoiceOver</li>
<li>Experience using keyboard navigation and other assistive technology</li>
<li>Experience testing with flash-rate testing tools (eg. Harding, PEAT)</li>
<li>Knowledge and understanding of accessibility standards, principles and techniques, including (WCAG, WAI-ARIA, Section 508 C), with the ability to interpret and advise on these standards</li>
<li>Possess empathy for our diverse user and player base, a deep understanding of user-centered design, and strong analytical abilities</li>
<li>Ability to partner and collaborate with cross-functional teams to achieve product goals </li>
<li>Ability to translate end-user feedback into actionable items </li>
<li>Ability to deliver training to product teams </li>
<li>Experience using task and ticket management tools (e.g. JIRA, Confluence etc)</li>
<li>Excellent organizational and communication skills</li>
</ul>
<h2>Desired Qualifications: </h2>
<ul>
<li>Experience designing interfaces across various platforms (i.e. mobile, PC, console, etc.) with strong understanding of interaction modalities across phone, controller, keyboard, and mouse</li>
<li>Experience with accessible product, game and web design</li>
</ul>
<p><em>For this role, you'll find success through craft expertise, a collaborative spirit, and decision-making that prioritizes the delight of players. We will be looking at your past studies, experience, and your personal relationship with games. If you embody player empathy and care about players' experiences, this could be your role!</em></p>
<h2><strong>Our Perks:</strong></h2>
<p>Riot focuses on work/life balance, shown by our open paid time off policy and other perks such as flexible work schedules. We offer medical, dental, and life insurance, parental leave for you, your spouse/domestic partner, and children, and a 401k with company match. Check out our <a href=""https://www.riotgames.com/en/work-with-us/overview""><strong>benefits pages</strong></a> for more information.</p>
<p>At Riot Games, we <a class=""c-link"" href=""https://www.riotgames.com/en/who-we-are/values"" target=""_blank"" data-stringify-link=""https://www.riotgames.com/en/who-we-are/values"" data-sk=""tooltip_parent"">put players first</a>. That mission drives every decision in our quest to create games and experiences that make it better to be a player. Whether you’re working directly on a new player-facing experience or you’re supporting the company as a whole, everyone at Riot is part of our mission. And just like in our games, we’re better when we work together. Our goal is to create collaborative teams where you are empowered to bring your unique perspective everyday. If that sounds like the kind of place you want to work, we’re looking forward to your application.</p>
<p> </p>
<p><em>It’s our policy to provide equal employment opportunity for all applicants and members of Riot Games, Inc. Riot Games makes reasonable accommodations for handicapped and disabled Rioters and does not unlawfully discriminate on the basis of race, color, religion, sex, sexual orientation, gender identity or expression, national origin, age, handicap, veteran status, marital status, criminal history, or any other category protected by applicable federal and state law. We consider for employment all qualified applicants, including those with criminal histories, in a manner consistent with applicable federal, state and local law, including the California Fair Chance Act, the City of Los Angeles Fair Chance Initiative for Hiring Ordinance, the Los Angeles County Fair Chance Ordinance for Employers, the San Francisco Fair Chance Ordinance, and the Washington Fair Chance Act.</em></p>
<p><em>Per the Los Angeles County Fair Chance Ordinance, the following core duties may create a basis for disqualifying candidates with relevant criminal histories:</em></p>
<ul>
<li><em>Safeguarding confidential and sensitive Company data </em></li>
<li><em>Communication with others, including Rioters and third parties such as vendors, and/or players, including minors</em></li>
<li><em>Accessing Company assets, secure digital systems, and networks</em></li>
<li><em>Ensuring a safe interactive environment for players and other Rioters</em></li>
</ul>
<p><em>These duties are directly related to essential operations, safety, trust, and compliance obligations within our organization. Please note that job duties may evolve based on business needs and additional responsibilities may be assigned as necessary to maintain operational efficiency and security. </em></p>",7471,https://www.riotgames.com/en/work-with-us/job/8078155?gh_jid=8078155,,https://www.linkedin.com/jobs/view/4452625198,2026-09-23,118,118 applicants,,matched,title,2026-10-02,2026-10-02T11:37:25,2026-10-03,,10,startDate+linkedin,true,0,,,,,Riot Technology,2026-09-23,,false,,,,,,
6172,Software Engineering Intern - Summer 2027 (Remote),riotgames,Riot Games,,Posted 1 Days Ago,,,"Los Angeles, USA",1,"Los Angeles, USA",false,,United States,,0,"<h2><strong>Software Engineering Intern - Summer 2027 (Remote)</strong></h2>
<p>Software Engineers at Riot bring deep knowledge of specific technical areas and also value the opportunity to work in many broader domains. Our engineers are player-focused and aim to find solutions that make players excited to experience our games.</p>
<p>As a Software Engineer Intern, you’ll be exposed to both new and current technology while building innovative solutions to overcome high-volume obstacles and deliver player value.</p>
<p>Applying to this role will provide eligibility for all software engineering roles open across our products. We will do our best to match you with a product and team that fits your interests and experience, but note that it also depends on availability. </p>
<h2><strong>Potential Responsibilities:</strong></h2>
<ul>
<li>Collaborate closely with other developers to create player-facing features for our live games, such as League, TFT, or VALORANT</li>
<li>Build back-end services to allow our games to take advantage of shared social, client and platform features</li>
<li>Write code to handle processing real time data of our various game teams</li>
<li>Learn to operate services on a global scale for millions of players </li>
<li>Build and maintain SDKs and APIs that are used by internal game customers to power their games</li>
</ul>
<h2><strong>Required Qualifications:</strong></h2>
<ul>
<li>Graduating in the 2028 calendar year </li>
<li>Currently enrolled in a Computer Science, Engineering, or Technology related degree program</li>
<li>Coding experience with an object-oriented programming (OOP) language (e.g. Java, C++, C#)</li>
<li>Knowledge of data structures and algorithms</li>
<li>Minimum GPA of 2.5</li>
<li>Available to work full-time hours for the 12 week internship duration</li>
</ul>
<h2><strong>Desired Qualifications:</strong></h2>
<ul>
<li>Experience as a software developer, including internships or part-time </li>
<li>Experience with software development life cycle (SDLC) and agile development practices</li>
<li>Familiarity with software development best practices like unit testing, functional testing, integration testing, continuous integration and deployment (CI/CD)</li>
<li>Portfolio or website link (e.g github) with collection of original work and/or projects</li>
<li>Experience working on a video game or related project, particularly in Unity or Unreal Engine</li>
</ul>
<h2><strong>Work Authorization</strong></h2>
<ul>
<li>Candidates must be legally authorized to work in the United States for the duration of the program. </li>
<li>This position is not eligible for visa sponsorship. We do not sponsor visas for this position or internship conversions.</li>
</ul>
<p>For this role, you'll find success through craft expertise, a collaborative spirit, and decision-making that prioritizes the delight of players. We will certainly be looking at your past studies and experience, but for this role, we also look for dedicated people with a personal relationship with games. If you embody player empathy and care about the experiences of players, this could be the role for you!</p>
<p><strong>Applications Close November 6th, 2026</strong><br><br>Our Perks:</p>
<p>Riot Internships are paid, and interns can also participate in our 401(k) plan. You can expect in-game perks, and the ability to participate in our Play Fund, so you can broaden and deepen your knowledge of our players and community through games. The University Programs team also invites you to intern focused events so you can connect with your fellow interns and Rioters to make the most out of your experience.</p>
<p>Riot Games fosters a player and workplace experience that values teamwork embodied by the <a href=""https://www.leagueoflegends.com/en-us/event/league-of-legends-code-of-conduct/"">Summoner's Code</a> and <a href=""https://playvalorant.com/en-us/news/announcements/valorant-community-code/"">Community Code</a>. Our culture embraces differences as a strength, and our values are the guiding principles for how we approach work. We are committed to putting diversity and inclusion (D&I) at the center of everything we do and promoting a fair and collaborative culture where Rioters treat one another with dignity and respect. We encourage you to read more about our value of <a href=""https://www.riotgames.com/en/who-we-are/values"">thriving together</a> and our ongoing work to build the <a href=""https://www.riotgames.com/en/diversity-inclusion-and-culture"">most inclusive company in Gaming</a>.</p>
<p><em>It’s our policy to provide equal employment opportunity for all applicants and members of Riot Games, Inc. Riot Games makes reasonable accommodations for handicapped and disabled Rioters and does not unlawfully discriminate on the basis of race, color, religion, sex, sexual orientation, gender identity or expression, national origin, age, handicap, veteran status, marital status, criminal history, or any other category protected by applicable federal and state law. We consider for employment all qualified applicants, including those with criminal histories, in a manner consistent with applicable federal, state and local law, including the California Fair Chance Act, the City of Los Angeles Fair Chance Initiative for Hiring Ordinance, the Los Angeles County Fair Chance Ordinance for Employers, the San Francisco Fair Chance Ordinance, and the Washington Fair Chance Act.</em></p>
<p><em>Per the Los Angeles County Fair Chance Ordinance, the following core duties may create a basis for disqualifying candidates with relevant criminal histories:</em></p>
<ul>
<li><em>Safeguarding confidential and sensitive Company data</em></li>
<li><em>Communication with others, including Rioters and third parties such as vendors, and/or players, including minors</em></li>
<li><em>Accessing Company assets, secure digital systems, and networks</em></li>
<li><em>Ensuring a safe interactive environment for players and other Rioters</em></li>
</ul>
<p><em>These duties are directly related to essential operations, safety, trust, and compliance obligations within our organization. Please note that job duties may evolve based on business needs and additional responsibilities may be assigned as necessary to maintain operational efficiency and security. </em></p>
<p><strong>(Remote Only) </strong>The hourly rate for this internship is USD $58.37 hourly</p>",6417,https://www.riotgames.com/en/work-with-us/job/8222014?gh_jid=8222014,,https://www.linkedin.com/jobs/view/4472943992,2026-10-01,180,180 applicants,,matched,title,2026-10-02,2026-10-02T11:37:27,2026-10-03,,2,startDate+linkedin,true,0,,,,,Riot Game Studios,2026-10-01,,false,,,,,,
REQ-0010301,Sr. Community Management Lead - Riftbound,riotgames,Riot Games,,Posted 18 Days Ago,,,"Los Angeles, USA",1,"Los Angeles, USA",false,,United States,,0,"<p>Riot Games is looking for a community management lead to continue building and supporting Riftbound’s global player community.</p>
<p>As the community management lead for Riftbound, you will set the product’s community strategy and lead its execution across launches, product releases, organized play, live events, and evergreen engagement. You will manage and develop a team of community professionals, establish clear operating practices, and ensure player perspectives inform publishing and product decisions.</p>
<p>You will work closely with Brand, Creative, Social, Influencer, PR, Organized Play, Product teams, and partners to deliver coordinated, player-first experiences. You will also partner with regional teams to support locally relevant community strategies and maintain alignment across global programs.</p>
<p>You will report to the Editor-in-Chief, Riftbound Publishing team. </p>
<h2>Responsibilities:</h2>
<h3><strong>Community Strategy</strong></h3>
<ul>
<li>Set and lead Riftbound’s global community strategy in support of product and publishing goals.</li>
<li>Develop programs that strengthen player acquisition, onboarding, engagement, advocacy, and long-term community health.</li>
<li>Ensure community priorities are integrated into product launches, organized play, retail moments, campaigns, and live events.</li>
<li>Establish clear goals, operating plans, and success measures for Riftbound community initiatives.</li>
<li>Identify emerging player needs, community risks, opportunities, and guide the team’s response.</li>
<li>Balance the needs of competitive players, collectors, casual players, hobby communities, and new TCG audiences.</li>
</ul>
<h3><strong>Player Voice and Communications</strong></h3>
<ul>
<li>Serve as the senior community representative for Riftbound in product and publishing planning.</li>
<li>Ensure player sentiment, feedback, and community insights inform product development and business decisions.</li>
<li>Oversee player-facing communications across articles, social content, community channels, event messaging, and product updates.</li>
<li>Establish communication standards that are clear, authentic, culturally aware, and consistent with Riftbound’s voice.</li>
<li>Lead community response and escalation planning for sensitive or fast-moving issues.</li>
<li>Partner with Product, PR, Player Support, and regional teams to deliver coordinated communications.</li>
</ul>
<h3><strong>Community Programs</strong></h3>
<ul>
<li>Oversee community programs across digital platforms, organized play, hobby stores, live events, and creator ecosystems.</li>
<li>Guide the development of community activations that build meaningful relationships between players and Riot.</li>
<li>Partner with Organized Play and Commercial teams to connect digital engagement with retail and in-person play.</li>
<li>Develop scalable programs, toolkits, and guidance that regional teams can adapt for local audiences.</li>
<li>Evaluate program effectiveness using participation, sentiment, engagement, and community-health indicators.</li>
<li>Use performance insights and player feedback to improve future programs.</li>
</ul>
<h3><strong>Cross-Functional and Regional Leadership</strong></h3>
<ul>
<li>Partner with Brand, Creative, Influencer, Social, PR, Events, Organized Play, Product teams, and Partners.</li>
<li>Align stakeholders around community priorities, player needs, messaging, and execution plans.</li>
<li>Support regional community teams with strategic guidance, program frameworks, and escalation management.</li>
<li>Represent Riftbound within Riot’s broader Player Community leadership group.</li>
<li>Manage relationships with agencies, vendors, moderators, and community partners.</li>
<li>Share learnings and best practices that improve community work across Riot.</li>
</ul>
<h2>Required Qualifications:</h2>
<ul>
<li>7+ years of experience in community management, publishing, communications, social media, or a related field.</li>
<li>Experience setting and leading community strategy for a game, entertainment product, consumer brand, or hobby ecosystem.</li>
<li>Experience managing multiple community programs, campaigns, or live-service workstreams.</li>
<li>Strong understanding of player communities, digital platforms, community communications, and engagement practices.</li>
<li>Experience representing player needs to product, marketing, and leadership teams.</li>
<li>Experience managing sensitive community issues and cross-functional escalations.</li>
<li>Strong written, verbal, and stakeholder-management skills.</li>
<li>Experience establishing goals, operating processes, and performance measures.</li>
<li>Ability to operate independently and lead through ambiguity.</li>
</ul>
<h2>Desired Qualifications:</h2>
<ul>
<li>Familiarity with Riftbound: the League of Legends trading card game.</li>
<li>Experience with other trading card games, tabletop games, collectibles, organized play, or hobby entertainment.</li>
<li>Knowledge of TCG player communities, retailers, tournament organizers, judges, creators, and collectors.</li>
<li>Experience launching a new game, product, or community ecosystem.</li>
<li>Experience leading community programs across multiple regions.</li>
<li>Familiarity with social listening, sentiment analysis, community-health measurement, and audience insights.</li>
<li>Experience working with physical products, retail partners, or live events.</li>
<li>Personal interest in trading card games and player communities.</li>
</ul>
<p><em>For this role, you'll find success through craft expertise, a collaborative spirit, and decision-making that prioritizes the delight of players. We will be looking at your past studies, experience, and your personal relationship with games. If you embody player empathy and care about players' experiences, this could be your role!</em></p>
<p> </p>
<h2><strong>Our Perks:</strong></h2>
<p>Riot focuses on work/life balance, shown by our open paid time off policy and other perks such as flexible work schedules. We offer medical, dental, and life insurance, parental leave for you, your spouse/domestic partner, and children, and a 401k with company match. Check out our <a href=""https://www.riotgames.com/en/work-with-us/overview""><strong>benefits pages</strong></a> for more information.</p>
<p>At Riot Games, we <a class=""c-link"" href=""https://www.riotgames.com/en/who-we-are/values"" target=""_blank"" data-stringify-link=""https://www.riotgames.com/en/who-we-are/values"" data-sk=""tooltip_parent"">put players first</a>. That mission drives every decision in our quest to create games and experiences that make it better to be a player. Whether you’re working directly on a new player-facing experience or you’re supporting the company as a whole, everyone at Riot is part of our mission. And just like in our games, we’re better when we work together. Our goal is to create collaborative teams where you are empowered to bring your unique perspective everyday. If that sounds like the kind of place you want to work, we’re looking forward to your application.</p>
<p> </p>
<p><em>It’s our policy to provide equal employment opportunity for all applicants and members of Riot Games, Inc. Riot Games makes reasonable accommodations for handicapped and disabled Rioters and does not unlawfully discriminate on the basis of race, color, religion, sex, sexual orientation, gender identity or expression, national origin, age, handicap, veteran status, marital status, criminal history, or any other category protected by applicable federal and state law. We consider for employment all qualified applicants, including those with criminal histories, in a manner consistent with applicable federal, state and local law, including the California Fair Chance Act, the City of Los Angeles Fair Chance Initiative for Hiring Ordinance, the Los Angeles County Fair Chance Ordinance for Employers, the San Francisco Fair Chance Ordinance, and the Washington Fair Chance Act.</em></p>
<p><em>Per the Los Angeles County Fair Chance Ordinance, the following core duties may create a basis for disqualifying candidates with relevant criminal histories:</em></p>
<ul>
<li><em>Safeguarding confidential and sensitive Company data </em></li>
<li><em>Communication with others, including Rioters and third parties such as vendors, and/or players, including minors</em></li>
<li><em>Accessing Company assets, secure digital systems, and networks</em></li>
<li><em>Ensuring a safe interactive environment for players and other Rioters</em></li>
</ul>
<p><em>These duties are directly related to essential operations, safety, trust, and compliance obligations within our organization. Please note that job duties may evolve based on business needs and additional responsibilities may be assigned as necessary to maintain operational efficiency and security. </em></p>",8897,https://www.riotgames.com/en/work-with-us/job/8194780?gh_jid=8194780,,https://www.linkedin.com/jobs/view/4465258275,2026-09-15,103,103 applicants,,matched,title,2026-10-02,2026-10-02T11:34:44,2026-10-03,,18,startDate+linkedin,true,0,,,,,Publishing,2026-09-15,,false,,,,,,
REQ-0010236,"Sr. Director, Creative Direction - TFT",riotgames,Riot Games,,Posted 31 Days Ago,,,"Los Angeles, USA",1,"Los Angeles, USA",false,,United States,,0,"<p>Game Creative Directors at Riot define and oversee the overall creative strategy for a product. You’ll create inspiring creative direction across experiences that genuinely surprise and delight players. You will help build the product strategy and tie the product’s goals to the target audience. Creative direction is for the team; as the Creative Director acts as the intersection between aesthetics, story, and brand that evokes a visceral response in players. At that intersection you’ll lead with vision and demonstrate incredible taste with a high quality bar.</p>
<p>As a <strong>Senior Creative Director</strong>, you will be front and center in defining the creative direction of Teamfight Tactics, the world’s largest strategy game. In this role you will help lead a passionate, multi-discipline development team to own the Autobattler genre on PC and mobile by hyper-serving Teamfight Tactics players globally. Game Creative Directors are the most senior creative team leaders who define, communicate, align and maintain the overall creative direction of a product. Game Creative Directors will drive a holistic vision across all aspects of a game, working with every discipline and team to bring that creative vision to life. Game Creative Directors will manage the careers of developers and leaders from many creative crafts (art, audio, narrative, and technical art). You will be fostering a creative culture that focuses on players and delivering quality content.</p>
<h2>Responsibilities:</h2>
<ul>
<li>Serve as a creative partner to the Executive Producer (EP) and Game Director, ensuring alignment and parity with product strategy and creative direction.</li>
<li>Define, maintain, and communicate the creative vision for Teamfight Tactics in support of the overall game vision.</li>
<li>Shepherd the creative direction of the product from concept through completion.</li>
<li>Accountable for the consistency, cohesion, fidelity and overall excellence of the total creative experience.</li>
<li>Communicate the IP internally and externally in ways that inspire developers and players.</li>
<li>Provide a creative and IP lens to product, portfolio, and ecosystem decisions as a member of the Game Leadership Team. </li>
<li>Collaborate with production to build and improve processes that support timely, high-quality creative work.</li>
<li>Establish & uphold creative direction expectations, feedback philosophies, priorities and quality standards across the product for all creative craft leads.</li>
<li>Build and lead a strong creative leadership team representing key creative crafts, including Art, Audio, and Narrative. </li>
<li>Ensure creative leadership collaborates effectively across the team, including with product, production, engineering, quality, design, and publishing creative leadership. </li>
<li>Be accountable for the hiring, development, performance, growth, and overall culture of creative leaders and direct reports. </li>
<li>Ensure performance measurement and best practices are consistent with product leadership and the creative department.</li>
</ul>
<h2>Required Qualifications: </h2>
<ul>
<li>10+ years industry experience in holistic game development process </li>
<li>7+ years of management experience</li>
<li>Proven record of driving and delivering quality work in collaboration with art, narrative, audio and design</li>
<li>Excellent written and verbal communication skills</li>
<li>Experience managing multiple direct reports in Lead roles or higher</li>
<li>Knowledge of current game development and creative trends</li>
</ul>
<h2>Desired Qualifications:</h2>
<ul>
<li>Has shipped multiple full-games as a Creative Director or key Creative decision maker</li>
<li>Demonstrated experience, passion for, and understanding of strategy games</li>
<li>Experience with stylized multiplatform games, particularly on PC and mobile</li>
<li>Experience and passion for the League of Legends IP </li>
<li>Experience managing multiple direct reports in Director roles or higher</li>
<li>Experience managing franchise level product and creative decisions affecting multiple platforms and diverse audience needs</li>
<li>Experience developing a global game with an understanding of different regional gaming cultures</li>
<li>Experience collaborating with publishing or marketing teams and driving creative decisions across development and publishing</li>
</ul>
<p><em>For this role, you'll find success through craft expertise, a collaborative spirit, and decision-making that prioritizes the delight of players. We will be looking at your past studies, experience, and your personal relationship with games. If you embody player empathy and care about players' experiences, this could be your role!</em></p>
<h2><strong>Our Perks:</strong></h2>
<p>Riot focuses on work/life balance, shown by our open paid time off policy and other perks such as flexible work schedules. We offer medical, dental, and life insurance, parental leave for you, your spouse/domestic partner, and children, and a 401k with company match. Check out our <a href=""https://www.riotgames.com/en/work-with-us/overview""><strong>benefits pages</strong></a> for more information.</p>
<p>At Riot Games, we <a class=""c-link"" href=""https://www.riotgames.com/en/who-we-are/values"" target=""_blank"" data-stringify-link=""https://www.riotgames.com/en/who-we-are/values"" data-sk=""tooltip_parent"">put players first</a>. That mission drives every decision in our quest to create games and experiences that make it better to be a player. Whether you’re working directly on a new player-facing experience or you’re supporting the company as a whole, everyone at Riot is part of our mission. And just like in our games, we’re better when we work together. Our goal is to create collaborative teams where you are empowered to bring your unique perspective everyday. If that sounds like the kind of place you want to work, we’re looking forward to your application.</p>
<p> </p>
<p><em>It’s our policy to provide equal employment opportunity for all applicants and members of Riot Games, Inc. Riot Games makes reasonable accommodations for handicapped and disabled Rioters and does not unlawfully discriminate on the basis of race, color, religion, sex, sexual orientation, gender identity or expression, national origin, age, handicap, veteran status, marital status, criminal history, or any other category protected by applicable federal and state law. We consider for employment all qualified applicants, including those with criminal histories, in a manner consistent with applicable federal, state and local law, including the California Fair Chance Act, the City of Los Angeles Fair Chance Initiative for Hiring Ordinance, the Los Angeles County Fair Chance Ordinance for Employers, the San Francisco Fair Chance Ordinance, and the Washington Fair Chance Act.</em></p>
<p><em>Per the Los Angeles County Fair Chance Ordinance, the following core duties may create a basis for disqualifying candidates with relevant criminal histories:</em></p>
<ul>
<li><em>Safeguarding confidential and sensitive Company data </em></li>
<li><em>Communication with others, including Rioters and third parties such as vendors, and/or players, including minors</em></li>
<li><em>Accessing Company assets, secure digital systems, and networks</em></li>
<li><em>Ensuring a safe interactive environment for players and other Rioters</em></li>
</ul>
<p><em>These duties are directly related to essential operations, safety, trust, and compliance obligations within our organization. Please note that job duties may evolve based on business needs and additional responsibilities may be assigned as necessary to maintain operational efficiency and security. </em></p>",7749,https://www.riotgames.com/en/work-with-us/job/8138210?gh_jid=8138210,,,,,,,no_match,,2026-10-02,,2026-10-03,,,,true,0,,,,,League Studio,,,false,,,,,,
REQ-0009577,"Sr. Manager, Audio Direction - Unpublished R&D Product",riotgames,Riot Games,,Posted 196 Days Ago,,,"Los Angeles, USA",1,"Los Angeles, USA",false,,United States,,0,"<p>At Riot, our Audio Teams are dedicated to creating memorable and enduring sonic experiences for players. Sound is a vital element we use to imbue life into our games, cinematics, esports, albums, and various other projects. We are also continuously focused on elevating our team and techniques through experimentation and engaging with the games we are passionate about.</p>
<p>As the <strong>Sr. Manager, Audio Direction</strong> on an unpublished R&D Product, you will be responsible for building the game’s audio direction and driving the vision through all aspects of audio including Voice, SFX, and Music. You will lean on your years of experience to help build some of the most iconic audio in the world of gaming. Your skills, artistic ear and understanding of audio principles and process will lead the way in audio creation. You will partner with the Creative Director and other craft leads as well as Product Owners, Designers, and Engineers to create globally-appealing content that inspires your team and delights players. You will report directly to the Art Director.</p>
<h2>Responsibilities:<strong><br></strong></h2>
<ul>
<li>Create audio assets for highly iterative gameplay features using industry-standard methods and tools.</li>
<li>Develop audio vision and strategy, ensuring all audio content for the product is delivered.</li>
<li>Collaborate with product leadership to align audio around product mission and goals.</li>
<li>Clearly define and communicate audio goals including how they align with product goals to direct reports, product leadership and others.</li>
<li>Ensure your team has the appropriate process and pipelines in place for effective audio content delivery.</li>
<li>Create and execute on a hiring plan to ensure the audio team has the appropriate staff and resources to accomplish product goals.</li>
<li>Run weekly reviews, audio playtests, feedback consolidation, to create high-quality audio experiences that players appreciate.</li>
<li>Define/manage milestones, schedule, priorities, and work output against audio vision and product goals/direction for multiple teams from pre-production onward.</li>
<li>Manage 2-5 audio developers, including other managers/leads for performance and growth, through the use of PDP’s, recurring 1:1’s, and performance reviews.</li>
<li>Work with narrative/voice over team to develop consistent quality and output of all in-game and linear voice over content.</li>
<li>Use in-house engine tools and Wwise to implement assets directly into the game for characters, features and other systems. </li>
<li>Manage outsource partners for quality control and workload overflow.</li>
</ul>
<h2>Required Qualifications:</h2>
<ul>
<li>10+ years of industry experience working in game audio (SFX, VO, Music), including designing, mixing, implementing, mastering, and shipping audio </li>
<li>6+ years of professional experience directly working with audio middleware (i.e. Wwise, FMOD, Unreal Audio, etc).</li>
<li>5+ years of professional experience as a Lead Sound Designer</li>
<li>5+ years of proven experience managing and mentoring direct reports in the audio discipline</li>
<li>Experience navigating products from prototype through late production and launch in sustainable approach</li>
</ul>
<h2>Desired Qualifications:</h2>
<ul>
<li>Professional experience working with various game engines from licensed to proprietary (Unity, Unreal, etc.)</li>
<li>Expertise working in the holistic game audio process (sound design, voice-over, music, implementation, pipelines, technology, player experience, etc.).</li>
<li>Knowledge of programming or scripting languages (Unreal Blueprint, C++, etc.)</li>
<li>Strong sense of game design and gameplay</li>
<li>Excellent communication, time-management, and organizational skills</li>
<li>Comfortable and experienced with JIRA, and Perforce </li>
<li>Ability to navigate product stakeholder, studio leadership, discipline and team feedback</li>
</ul>
<p>As a part of the application process, you may be expected to provide a portfolio or demo reel of your work and may be asked to complete an audio test.</p>
<p><em>For this role, you'll find success through craft expertise, a collaborative spirit, and decision-making that prioritizes the delight of players. We will be looking at your past studies, experience, and your personal relationship with games. If you embody player empathy and care about players' experiences, this could be your role!</em></p>
<h2><strong>Our Perks:</strong></h2>
<p>Riot focuses on work/life balance, shown by our open paid time off policy and other perks such as flexible work schedules. We offer medical, dental, and life insurance, parental leave for you, your spouse/domestic partner, and children, and a 401k with company match. Check out our <a href=""https://www.riotgames.com/en/work-with-us/overview""><strong>benefits pages</strong></a> for more information.</p>
<p>At Riot Games, we <a class=""c-link"" href=""https://www.riotgames.com/en/who-we-are/values"" target=""_blank"" data-stringify-link=""https://www.riotgames.com/en/who-we-are/values"" data-sk=""tooltip_parent"">put players first</a>. That mission drives every decision in our quest to create games and experiences that make it better to be a player. Whether you’re working directly on a new player-facing experience or you’re supporting the company as a whole, everyone at Riot is part of our mission. And just like in our games, we’re better when we work together. Our goal is to create collaborative teams where you are empowered to bring your unique perspective everyday. If that sounds like the kind of place you want to work, we’re looking forward to your application.</p>
<p> </p>
<p><em>It’s our policy to provide equal employment opportunity for all applicants and members of Riot Games, Inc. Riot Games makes reasonable accommodations for handicapped and disabled Rioters and does not unlawfully discriminate on the basis of race, color, religion, sex, sexual orientation, gender identity or expression, national origin, age, handicap, veteran status, marital status, criminal history, or any other category protected by applicable federal and state law. We consider for employment all qualified applicants, including those with criminal histories, in a manner consistent with applicable federal, state and local law, including the California Fair Chance Act, the City of Los Angeles Fair Chance Initiative for Hiring Ordinance, the Los Angeles County Fair Chance Ordinance for Employers, the San Francisco Fair Chance Ordinance, and the Washington Fair Chance Act.</em></p>
<p><em>Per the Los Angeles County Fair Chance Ordinance, the following core duties may create a basis for disqualifying candidates with relevant criminal histories:</em></p>
<ul>
<li><em>Safeguarding confidential and sensitive Company data </em></li>
<li><em>Communication with others, including Rioters and third parties such as vendors, and/or players, including minors</em></li>
<li><em>Accessing Company assets, secure digital systems, and networks</em></li>
<li><em>Ensuring a safe interactive environment for players and other Rioters</em></li>
</ul>
<p><em>These duties are directly related to essential operations, safety, trust, and compliance obligations within our organization. Please note that job duties may evolve based on business needs and additional responsibilities may be assigned as necessary to maintain operational efficiency and security. </em></p>",7471,https://www.riotgames.com/en/work-with-us/job/7404513?gh_jid=7404513,,https://www.linkedin.com/jobs/view/4471240064,2026-09-29,36,36 applicants,,matched,title,2026-10-02,2026-10-02T11:37:28,2026-10-03,,4,startDate+linkedin,true,0,,,,,Riot Discovery Studio,2026-09-29,,false,,,,,,
REQ-0010085,"Sr. Manager, Game Production (Production Lead)  - Unpublished R&D Product",riotgames,Riot Games,,Posted 88 Days Ago,,,"Los Angeles, USA",1,"Los Angeles, USA",false,,United States,,0,"<p>Producers at Riot lead passionate cross-functional teams to craft creative content and incredible experiences for our players. We encourage teams to collaborate and drive development, smashing through obstacles to deliver products into players’ hands. We support concepting, building and delivering content at all stages of production</p>
<p>As a <strong>Sr. Manager, Game Production </strong>on an unannounced R&D product, you will own the production approach that turns creative ambition, product strategy, and team capabilities into clear plans, healthy operating rhythms, and shipped player value. You will help move games from early ideas through production, launch, and live operations. You will build production systems that create clarity without over-prescribing the work, helping the team adapt as the product, audience, and opportunity become clearer. You’ll work through ambiguity, energized by hard tradeoffs, and work across design, art, engineering, product, QA, analytics, publishing, and external development. You will partner closely with game leadership and discipline leads to build and own the production operating model for the game. This includes how teams plan, make commitments, manage dependencies, use vendors and co-development partners, and prepare for future stages of development. You will help the team scale from a small, adaptive group into a larger production organization without losing momentum, accountability, or care for players and team health. You will report to the Director, Game Production.</p>
<h2>Responsibilities:</h2>
<ul>
<li>Own the game’s production approach through each phase of development, helping the team make strong decisions today while preparing for future launch and live-service needs.</li>
<li>Translate product strategy and creative direction into actionable plans, milestones, rituals, and decision-making systems.</li>
<li>Partner with game leadership and discipline leads to align scope, quality, staffing, timelines, and delivery expectations.</li>
<li>Lead cross-functional production across design, art, engineering, product, QA, analytics, publishing, and external development.</li>
<li>Build scalable planning, dependency, risk, and accountability systems as the team grows.</li>
<li>Identify delivery risks, organizational gaps, and execution constraints early; drive resolution with the appropriate leaders and teams.</li>
<li>Manage production relationships with vendors, outsourcing teams, and co-development partners.</li>
<li>Maintain clear visibility for stakeholders on progress, tradeoffs, risks, and decisions.</li>
<li>Foster healthy team dynamics, strong feedback loops, psychological safety, and productive conflict.</li>
</ul>
<h2>Required Qualifications:</h2>
<ul>
<li>10+ years of professional experience working in game production.</li>
<li>6+ years of in production leadership roles on cross-disciplinary game teams.</li>
<li>Experience shipping at least one game or major game initiative with production responsibility from pre-production through launch.</li>
<li>Background in cross-platform and live-service game development or live operations.</li>
<li>Strong command of milestone planning, roadmap execution, dependency management, risk management, and launch readiness.</li>
<li>Proven ability to lead through ambiguity, scale, changing priorities, and complex production tradeoffs.</li>
<li>Strong cross-discipline fluency across game design, art, engineering, product, QA, analytics, publishing, and external development.</li>
<li>Vendor, outsourcing, or co-development management background.</li>
<li>Deep understanding of games, player audiences, team health, modern development tools, production technology, and emerging AI-enabled tools and workflows.</li>
</ul>
<h2>Desired Qualifications:</h2>
<ul>
<li>Experience as a Lead Producer, Principal Producer, Production Director, or equivalent senior production owner on a shipped game.</li>
<li>Shipped and operated multiple cross-platform, multiplayer, or live-service games.</li>
<li>Experience building production practices for a new game, new team, or ambiguous development environment as it scaled.</li>
<li>Familiarity with studio operations, business planning, workforce planning, budgeting, player insights, economy, content operations, release management, or liveops planning.</li>
</ul>
<p><em>For this role, you'll find success through craft expertise and a collaborative spirit that prioritizes the delight of players. We will look at your past studies and experience, but for this role, we also look for dedicated people with a personal relationship with games. If you embody player empathy and care about players' experiences, this is the role for you!</em></p>
<h2><strong>Our Perks:</strong></h2>
<p>Riot focuses on work/life balance, shown by our open paid time off policy and other perks such as flexible work schedules. We offer medical, dental, and life insurance, parental leave for you, your spouse/domestic partner, and children, and a 401k with company match. Check out our <a href=""https://www.riotgames.com/en/work-with-us/overview""><strong>benefits pages</strong></a> for more information.</p>
<p>At Riot Games, we <a class=""c-link"" href=""https://www.riotgames.com/en/who-we-are/values"" target=""_blank"" data-stringify-link=""https://www.riotgames.com/en/who-we-are/values"" data-sk=""tooltip_parent"">put players first</a>. That mission drives every decision in our quest to create games and experiences that make it better to be a player. Whether you’re working directly on a new player-facing experience or you’re supporting the company as a whole, everyone at Riot is part of our mission. And just like in our games, we’re better when we work together. Our goal is to create collaborative teams where you are empowered to bring your unique perspective everyday. If that sounds like the kind of place you want to work, we’re looking forward to your application.</p>
<p> </p>
<p><em>It’s our policy to provide equal employment opportunity for all applicants and members of Riot Games, Inc. Riot Games makes reasonable accommodations for handicapped and disabled Rioters and does not unlawfully discriminate on the basis of race, color, religion, sex, sexual orientation, gender identity or expression, national origin, age, handicap, veteran status, marital status, criminal history, or any other category protected by applicable federal and state law. We consider for employment all qualified applicants, including those with criminal histories, in a manner consistent with applicable federal, state and local law, including the California Fair Chance Act, the City of Los Angeles Fair Chance Initiative for Hiring Ordinance, the Los Angeles County Fair Chance Ordinance for Employers, the San Francisco Fair Chance Ordinance, and the Washington Fair Chance Act.</em></p>
<p><em>Per the Los Angeles County Fair Chance Ordinance, the following core duties may create a basis for disqualifying candidates with relevant criminal histories:</em></p>
<ul>
<li><em>Safeguarding confidential and sensitive Company data </em></li>
<li><em>Communication with others, including Rioters and third parties such as vendors, and/or players, including minors</em></li>
<li><em>Accessing Company assets, secure digital systems, and networks</em></li>
<li><em>Ensuring a safe interactive environment for players and other Rioters</em></li>
</ul>
<p><em>These duties are directly related to essential operations, safety, trust, and compliance obligations within our organization. Please note that job duties may evolve based on business needs and additional responsibilities may be assigned as necessary to maintain operational efficiency and security. </em></p>",7723,https://www.riotgames.com/en/work-with-us/job/8009376?gh_jid=8009376,,https://www.linkedin.com/jobs/view/4452634025,2026-09-23,91,91 applicants,,matched,title,2026-10-02,2026-10-02T11:37:29,2026-10-03,,10,startDate+linkedin,true,0,,,,,Riot Discovery Studio,2026-09-23,,false,,,,,,
REQ-0010258,"Sr. Manager, Game Production - Unpublished R&D Product",riotgames,Riot Games,,Posted 36 Days Ago,,,"Los Angeles, USA; Mercer Island, USA",1,"Los Angeles, USA; Mercer Island, USA",false,,United States,,0,"<p>Producers at Riot lead passionate cross-functional teams to craft creative content and incredible experiences for our players. We guide development, remove obstacles and drive projects to completion while ensuring teams operate sustainability in a collaborative environment.</p>
<p>As a<strong> Sr. Manager, Game Production</strong> on an unannounced R&D project, you will partner closely with creative leaders across Art, Audio, and Narrative to build and execute their long-term plans. You will serve as the primary driver of creative alignment, formalizing processes to ensure that creative disciplines can best partner with design, engineering and other teams. Through clear tracking, transparent reporting, and the establishment of durable production systems, you will build confidence with stakeholders while ensuring creative work is delivered with quality, clarity, and velocity.</p>
<h2>Responsibilities:</h2>
<ul>
<li>Partner closely with the Creative Director, Art Director, and creative craft leads (Characters, Environment, VFX, Animation, etc.) to build long-term development plans, aligning creative vision with product milestones and delivery timelines.</li>
<li>Formalize production processes, review gates, and communication frameworks to ensure creative disciplines partner effectively with other development disciplines across the project.</li>
<li>Lead, mentor, and grow a team of art, audio, and narrative producers, acting as a ""producer for producers"" to elevate the creative production craft and establish best-in-class workflows.</li>
<li>Translate established creative direction into executable production plans, helping transform a wide range of creative inputs into a unified foundation for execution.</li>
<li>Facilitate cross-discipline alignment throughout development, surfacing misalignment or risk early and routing decisions appropriately.</li>
<li>Partner with Production and Discipline Leadership to plan creative capacity, manage resource allocation, and integrate external vendor work seamlessly into internal pipelines.</li>
<li>Ensure creative deep dives, immersion rituals, and required creative materials are actively used and integrated into the broader development cycle.</li>
</ul>
<h2>Required Qualifications:</h2>
<ul>
<li>8+ years of professional experience as a game producer.</li>
<li>4+ years in a leadership position, working directly on the production of a complex live game project.</li>
<li>Proven experience leading art, audio, and/or narrative production at scale, with a strong understanding of creative pipelines and review workflows.</li>
<li>Experience managing other producers or cross-functional teams, acting as a mentor and driver of production best practices.</li>
<li>Experience formalizing cross-discipline processes and aligning creative direction with technical and design milestones.</li>
</ul>
<h2>Desired Qualifications:</h2>
<ul>
<li>Experience with production tools like JIRA to track development and create reporting.</li>
</ul>
<p><em>For this role, you'll find success through craft expertise, a collaborative spirit, and decision-making that prioritizes the delight of players. We will be looking at your past studies, experience, and your personal relationship with games. If you embody player empathy and care about players' experiences, this could be your role!</em></p>
<h2><strong>Our Perks:</strong></h2>
<p>Riot focuses on work/life balance, shown by our open paid time off policy and other perks such as flexible work schedules. We offer medical, dental, and life insurance, parental leave for you, your spouse/domestic partner, and children, and a 401k with company match. Check out our <a href=""https://www.riotgames.com/en/work-with-us/overview""><strong>benefits pages</strong></a> for more information.</p>
<p>At Riot Games, we <a class=""c-link"" href=""https://www.riotgames.com/en/who-we-are/values"" target=""_blank"" data-stringify-link=""https://www.riotgames.com/en/who-we-are/values"" data-sk=""tooltip_parent"">put players first</a>. That mission drives every decision in our quest to create games and experiences that make it better to be a player. Whether you’re working directly on a new player-facing experience or you’re supporting the company as a whole, everyone at Riot is part of our mission. And just like in our games, we’re better when we work together. Our goal is to create collaborative teams where you are empowered to bring your unique perspective everyday. If that sounds like the kind of place you want to work, we’re looking forward to your application.</p>
<p> </p>
<p><em>It’s our policy to provide equal employment opportunity for all applicants and members of Riot Games, Inc. Riot Games makes reasonable accommodations for handicapped and disabled Rioters and does not unlawfully discriminate on the basis of race, color, religion, sex, sexual orientation, gender identity or expression, national origin, age, handicap, veteran status, marital status, criminal history, or any other category protected by applicable federal and state law. We consider for employment all qualified applicants, including those with criminal histories, in a manner consistent with applicable federal, state and local law, including the California Fair Chance Act, the City of Los Angeles Fair Chance Initiative for Hiring Ordinance, the Los Angeles County Fair Chance Ordinance for Employers, the San Francisco Fair Chance Ordinance, and the Washington Fair Chance Act.</em></p>
<p><em>Per the Los Angeles County Fair Chance Ordinance, the following core duties may create a basis for disqualifying candidates with relevant criminal histories:</em></p>
<ul>
<li><em>Safeguarding confidential and sensitive Company data </em></li>
<li><em>Communication with others, including Rioters and third parties such as vendors, and/or players, including minors</em></li>
<li><em>Accessing Company assets, secure digital systems, and networks</em></li>
<li><em>Ensuring a safe interactive environment for players and other Rioters</em></li>
</ul>
<p><em>These duties are directly related to essential operations, safety, trust, and compliance obligations within our organization. Please note that job duties may evolve based on business needs and additional responsibilities may be assigned as necessary to maintain operational efficiency and security. </em></p>",6351,https://www.riotgames.com/en/work-with-us/job/8157992?gh_jid=8157992,,https://www.linkedin.com/jobs/view/4458054190,2026-09-18,83,83 applicants,,matched,title,2026-10-02,2026-10-02T11:34:50,2026-10-03,,15,startDate+linkedin,true,0,,,,,Riot Discovery Studio,2026-09-18,,false,,,,,,
REQ-0010020,Sr. Principal Insights Analyst - Central Product Insights,riotgames,Riot Games,,Posted 79 Days Ago,,,"Los Angeles, USA",1,"Los Angeles, USA",false,,United States,,0,"<p>The Insights discipline helps empower Rioters' decision-making to be more data-informed. We're an interdisciplinary group of scientists, consultants, and strategists from all sorts of backgrounds who join together to represent and advocate for gamers around the world. We believe that illuminating the globally diverse experiences, behaviors, and needs of gamers is essential to Riot living up to our player-focused mission. We're a group united by our love of games, science, and helping others succeed.</p>
<p>As a <strong>Sr. Principal Insights Analyst </strong>on <strong>Central Product Insights (CPI),</strong> you will leverage deep expertise in game analytics to help our games deeply understand their products & players and to level up this craft across the portfolio of games at Riot. You'll partner with leaders on game teams across the portfolio and lifecycle as well as executives overseeing Riot’s entire games portfolio. You’ll conduct a wide range of complex analyses to help us understand the health of our products, players, and game experiences either individually or in partnership with analysts on game teams. You’ll build and manage scaled analytics tools, dashboards, and datasets that empower stakeholders across Riot’s entire portfolio. You’ll also help to define and elevate craft standards across the portfolio and guide discipline investments to help unlock the full capacity of analysts working on games.</p>
<h2>Responsibilities:</h2>
<ul>
<li>Tackle the most complex & impactful game analytics problems across the Riot Games portfolio including foundational cross-game analytics, product health deep dives, and investigations into multi-game player behaviors and patterns</li>
<li>Lead the development of new, scaled analytics-based insights tools, dashboards, and datasets focusing on common game behaviors and play patterns, in collaboration with stakeholder needs across the portfolio and central executive leadership</li>
<li>Mentor and develop game analysts, both on CPI and across the portfolio</li>
<li>Work with central and game teams to drive consistency and/or efficiency in key reports, recurring or one-off analyses, and shared design/strategy analytic lenses</li>
<li>Partner closely with Data Engineering to productionalize central analytics tables and pulls, and to guide the ongoing development of central data infrastructure meant to serve the needs of game analysts</li>
<li>Uphold game analytics craft standards across the portfolio, ensuring rigor and consistency / comparability</li>
<li>Drive improvements on tools & processes to maximize analysts’ efficiency and effectiveness across the portfolio</li>
<li>Support game leadership on staffing and workforce management for game analytics across the portfolio</li>
<li>Partner with insights leadership to ensure the craft of game analytics is well-supported across Riot overall</li>
</ul>
<h2>Required Qualifications:</h2>
<ul>
<li>Bachelor's degree in Economics, Statistics, Physics, Mathematics or a related discipline</li>
<li>10+ years of relevant analytics experience (an advanced degree can account for up to 2 years of experience)</li>
<li>3+ years experience working directly in analytics on games</li>
<li>Strong analytical skills across the entire stack (Tableau, SQL, Python/Pyspark)</li>
<li>Meaningful familiarity with game design/direction and product strategy</li>
<li>Experience conducting analytics to answer product or portfolio strategy questions</li>
<li>Experience synthesizing & socializing analytics results and distilling results into impactful recommendations for product/executive leadership</li>
<li>Excellent communication and interpersonal skills along with the strong ability to collaborate effectively at all levels and departments of the organization.</li>
<li>Able to work independently and lead complex projects which require coordinating multi-party worksteams</li>
<li>Ability to own and drive workstreams collaboratively with cross functional partners across game design, engineering, data engineering, and product</li>
<li>Strong communication and presentation skills with senior stakeholders</li>
</ul>
<h2>Desired Qualifications:</h2>
<ul>
<li>Experience working with competitive PvP titles</li>
<li>Experience setting up automation for data pulls or pipelines</li>
<li>Experience developing and deploying advanced statistical or machine learning models</li>
<li>Advanced degree in Economics, Finance, Computer Science, Applied Mathematics, Statistics, Management Information Systems, a related discipline, or comparable work experiences</li>
</ul>
<p><em>For this role, you'll find success through craft expertise and a collaborative spirit </em><em>that prioritizes the delight of players. We will look at your past studies and experience, but for this role, we also look for dedicated people with a personal relationship with games. If you embody player empathy and care about players' experiences, this is the role for you!</em></p>
<h2><strong>Our Perks:</strong></h2>
<p>Riot focuses on work/life balance, shown by our open paid time off policy and other perks such as flexible work schedules. We offer medical, dental, and life insurance, parental leave for you, your spouse/domestic partner, and children, and a 401k with company match. Check out our <a href=""https://www.riotgames.com/en/work-with-us/overview""><strong>benefits pages</strong></a> for more information.</p>
<p>At Riot Games, we <a class=""c-link"" href=""https://www.riotgames.com/en/who-we-are/values"" target=""_blank"" data-stringify-link=""https://www.riotgames.com/en/who-we-are/values"" data-sk=""tooltip_parent"">put players first</a>. That mission drives every decision in our quest to create games and experiences that make it better to be a player. Whether you’re working directly on a new player-facing experience or you’re supporting the company as a whole, everyone at Riot is part of our mission. And just like in our games, we’re better when we work together. Our goal is to create collaborative teams where you are empowered to bring your unique perspective everyday. If that sounds like the kind of place you want to work, we’re looking forward to your application.</p>
<p> </p>
<p><em>It’s our policy to provide equal employment opportunity for all applicants and members of Riot Games, Inc. Riot Games makes reasonable accommodations for handicapped and disabled Rioters and does not unlawfully discriminate on the basis of race, color, religion, sex, sexual orientation, gender identity or expression, national origin, age, handicap, veteran status, marital status, criminal history, or any other category protected by applicable federal and state law. We consider for employment all qualified applicants, including those with criminal histories, in a manner consistent with applicable federal, state and local law, including the California Fair Chance Act, the City of Los Angeles Fair Chance Initiative for Hiring Ordinance, the Los Angeles County Fair Chance Ordinance for Employers, the San Francisco Fair Chance Ordinance, and the Washington Fair Chance Act.</em></p>
<p><em>Per the Los Angeles County Fair Chance Ordinance, the following core duties may create a basis for disqualifying candidates with relevant criminal histories:</em></p>
<ul>
<li><em>Safeguarding confidential and sensitive Company data </em></li>
<li><em>Communication with others, including Rioters and third parties such as vendors, and/or players, including minors</em></li>
<li><em>Accessing Company assets, secure digital systems, and networks</em></li>
<li><em>Ensuring a safe interactive environment for players and other Rioters</em></li>
</ul>
<p><em>These duties are directly related to essential operations, safety, trust, and compliance obligations within our organization. Please note that job duties may evolve based on business needs and additional responsibilities may be assigned as necessary to maintain operational efficiency and security. </em></p>",7975,https://www.riotgames.com/en/work-with-us/job/7940524?gh_jid=7940524,,https://www.linkedin.com/jobs/view/4452624252,2026-09-24,97,97 applicants,,matched,title,2026-10-02,2026-10-02T11:37:31,2026-10-03,,9,startDate+linkedin,true,0,,,,,Product Insights,2026-09-24,,false,4,122574,129274,137137,subset,Insights Analyst II
REQ-0010015,Sr. Principal Machine Learning Engineer - Central Product Insights,riotgames,Riot Games,,Posted 2 Days Ago,,,"Los Angeles, USA",1,"Los Angeles, USA",false,,United States,,0,"<p>Riot has petabytes of data and state-of-the-art processing technologies to build products that elevate the player experience at a massive scale.</p>
<p>As a <strong>Sr. Principal ML Engineer </strong>within the Central Product team, you will define and drive the modeling architecture that powers personalization, matchmaking, and social experiences across the player ecosystem - in and around the game.Working alongside Product Leaders, Software Engineers & Data Engineers who lead foundational data systems for social graph, presence, chat, and matchmaking telemetry, you will lead the AI and modeling layer that transforms this data into intelligent, adaptive, and fair experiences for our players. </p>
<p>Your work ensures that every player connection - from friend recommendations to lobby matchmaking and in-game social features - feels meaningful, fair, and personalized through responsible, scalable machine learning systems.</p>
<h2>Responsibilities:</h2>
<ul>
<li>
<p><strong>Modeling Architecture for Player Intelligence Graph</strong></p>
<ul>
<li>Define and lead the modeling architecture that powers player personalization, matchmaking, social graph recommendations, and community discovery.</li>
<li>Develop models for churn model, revival models.</li>
<li>Drive multi-objective optimization frameworks balancing fairness, latency, diversity, and experience quality.</li>
<li>Establish and standardize evaluation protocols (match quality, satisfaction metrics, toxicity mitigation).</li>
</ul>
</li>
<li><strong>Real-Time Lifecycle, Personalization & Player Experience AI</strong>
<ul>
<li>Build real-time inference systems for personalized content, store offers, matchmaking and player interactions at scale.</li>
<li>Partner with the Data Engineers to integrate low-latency data pipelines and feature stores into online model serving.</li>
<li>Lead adoption of contextual bandits, reinforcement learning, and graph ML for adaptive, session-aware personalization.</li>
<li>Drive experimentation systems for live-service optimization (player retention, engagement, satisfaction).</li>
</ul>
</li>
<li><strong>Collaboration & Cross-Disciplinary Influence</strong>
<ul>
<li>Work in lockstep with the Product leaders, Software Engineers & Data Engineers to define data schema, pipeline, and feature requirements that support advanced modeling.</li>
<li>Collaborate deeply with Data Engineers to align ML and data-system architecture.</li>
<li>Co-define standards for data schema design, feature lineage, and model observability.</li>
<li>Jointly drive automation and reliability across the data + ML lifecycle — from ingestion to inference.</li>
<li>Ensure shared governance for real-time player data, ensuring quality, security, and compliance.</li>
</ul>
</li>
<li><strong>AI Governance</strong>
<ul>
<li>Define Responsible AI standards for matchmaking and social systems — including fairness, transparency, and explainability.</li>
<li>Implement bias mitigation and trust calibration mechanisms to ensure equitable player experiences.</li>
<li>Partner with Research and Player Dynamics teams to ensure ethical alignment and reduce emergent negative behaviors.</li>
<li>Lead post-launch evaluations of algorithmic impact on community health and player sentiment.</li>
</ul>
</li>
<li>
<p><strong>System Architecture & Optimization</strong></p>
<ul>
<li>Drive org-wide model optimization standards - latency, throughput, memory efficiency.</li>
<li>Architect systems for multi-model orchestration (e.g., skill, preference, and toxicity models working in concert).</li>
<li>Define telemetry standards for online model observability and drift detection.</li>
<li>Partner with platform teams to optimize inference cost and hardware utilization.</li>
</ul>
</li>
<li><strong>Mentorship & Cross-Disciplinary Leadership</strong>
<ul>
<li>Mentor senior ML engineers and data scientists, strengthening system design and experimentation practices.</li>
<li>Collaborate with Data Engineering, Game Engineering, and Player Insights teams to define unified data contracts.</li>
<li>Represent the ML discipline in cross-functional design reviews, ensuring data-driven decision making.</li>
<li>Contribute to hiring, interview calibration, and craft council development for ML excellence.</li>
</ul>
</li>
</ul>
<h2>Required Qualifications: </h2>
<ul>
<li>15+ years in Machine Learning or Applied AI; 3+ years in a principal or staff-level technical leadership role.</li>
<li>Proven experience in real-time, large-scale ML systems - matchmaking, recommendations, or personalization.</li>
<li>Deep expertise in graph ML, reinforcement learning, and representation learning.</li>
<li>Proficiency in PyTorch, TensorFlow, JAX, and modern data/serving frameworks (Ray, Kafka, Flink, Redis).</li>
<li>Strong understanding of A/B testing, experiment design, and player experience metrics.</li>
<li>Track record of defining cross-team ML standards and leading technical direction.</li>
</ul>
<h2>Desired Qualifications:</h2>
<ul>
<li>Background in game development, player behavior modeling, or social ecosystems.</li>
<li>Experience in trust & safety, toxicity detection, or community health models.</li>
<li>Familiarity with Vertex AI, SageMaker, or internal orchestration systems for real-time inference.</li>
<li>Demonstrated success integrating ML systems with live-service game backends.</li>
</ul>
<p><em>For this role, you'll find success through craft expertise, a collaborative spirit, and decision-making that prioritizes the delight of players. We will be looking at your past studies, experience, and your personal relationship with games. If you embody player empathy and care about players' experiences, this could be your role!</em></p>
<h2><strong>Our Perks:</strong></h2>
<p>Riot focuses on work/life balance, shown by our open paid time off policy and other perks such as flexible work schedules. We offer medical, dental, and life insurance, parental leave for you, your spouse/domestic partner, and children, and a 401k with company match. Check out our <a href=""https://www.riotgames.com/en/work-with-us/overview""><strong>benefits pages</strong></a> for more information.</p>
<p>At Riot Games, we <a class=""c-link"" href=""https://www.riotgames.com/en/who-we-are/values"" target=""_blank"" data-stringify-link=""https://www.riotgames.com/en/who-we-are/values"" data-sk=""tooltip_parent"">put players first</a>. That mission drives every decision in our quest to create games and experiences that make it better to be a player. Whether you’re working directly on a new player-facing experience or you’re supporting the company as a whole, everyone at Riot is part of our mission. And just like in our games, we’re better when we work together. Our goal is to create collaborative teams where you are empowered to bring your unique perspective everyday. If that sounds like the kind of place you want to work, we’re looking forward to your application.</p>
<p> </p>
<p><em>It’s our policy to provide equal employment opportunity for all applicants and members of Riot Games, Inc. Riot Games makes reasonable accommodations for handicapped and disabled Rioters and does not unlawfully discriminate on the basis of race, color, religion, sex, sexual orientation, gender identity or expression, national origin, age, handicap, veteran status, marital status, criminal history, or any other category protected by applicable federal and state law. We consider for employment all qualified applicants, including those with criminal histories, in a manner consistent with applicable federal, state and local law, including the California Fair Chance Act, the City of Los Angeles Fair Chance Initiative for Hiring Ordinance, the Los Angeles County Fair Chance Ordinance for Employers, the San Francisco Fair Chance Ordinance, and the Washington Fair Chance Act.</em></p>
<p><em>Per the Los Angeles County Fair Chance Ordinance, the following core duties may create a basis for disqualifying candidates with relevant criminal histories:</em></p>
<ul>
<li><em>Safeguarding confidential and sensitive Company data </em></li>
<li><em>Communication with others, including Rioters and third parties such as vendors, and/or players, including minors</em></li>
<li><em>Accessing Company assets, secure digital systems, and networks</em></li>
<li><em>Ensuring a safe interactive environment for players and other Rioters</em></li>
</ul>
<p><em>These duties are directly related to essential operations, safety, trust, and compliance obligations within our organization. Please note that job duties may evolve based on business needs and additional responsibilities may be assigned as necessary to maintain operational efficiency and security. </em></p>",8741,https://www.riotgames.com/en/work-with-us/job/7927946?gh_jid=7927946,,https://www.linkedin.com/jobs/view/4471776925,2026-09-30,25,among first 25,,matched,title,2026-10-02,2026-10-02T11:37:32,2026-10-03,,3,startDate+linkedin,true,0,,,,,Product Insights,2026-09-30,,true,5,157123,158808,213512,subset,Machine Learning  Engineer II
REQ-0010281,Staff Application Engineer - Enterprise Data & AI (Intelligence Platform),riotgames,Riot Games,,Posted 14 Days Ago,,,"Los Angeles, USA",1,"Los Angeles, USA",false,,United States,,0,"<p>Riot’s Enterprise Technology organization ensures Rioters have what they need to unlock their full potential, from efficient business platforms to next-generation AI capabilities.</p>
<p>As a <strong>Staff Data and AI Engineer</strong> on the Enterprise Data & AI team, you will build the governed data foundations that power enterprise analytics, automation, and applied AI. Your primary focus will be data architecture and data engineering, where you will be responsible for designing and operating production data pipelines in Databricks, integrating & curating data through a medallion architecture, and defining semantic and domain models in Unity Catalog with subject-matter experts.</p>
<p>You will also build agents and retrieval-augmented applications directly on this governed data using Databricks capabilities such as Unity Catalog functions, Mosaic AI, and model serving. You will own your systems from architecture through production operations, applying strong engineering, data quality, security, evaluation, and observability practices throughout</p>
<p>The ideal candidate is a hands-on data and software engineer who can turn ambiguous enterprise needs into reliable data products and focused AI-enabled solutions.</p>
<p>The role will report to the Senior Manager, Enterprise Data and AI.</p>
<h2>Responsibilities:</h2>
<h3>Data Pipelines and Semantic Layer (Primary)</h3>
<ul>
<li>Build and operate pipelines that ingest source-system data into Databricks using a medallion architecture across bronze, silver, and gold layers, with lineage, provenance, access controls, and logging.</li>
<li>Partner with subject-matter experts to define and evolve domain, ontology, and semantic models in Unity Catalog, then curate reliable data products into those models.</li>
<li>Own data quality for the pipelines and products you build, implementing tests, monitoring, and alerting so issues surface before they reach downstream consumers.</li>
<li>Integrate enterprise systems through APIs, events, and middleware while applying appropriate authentication, retries, reconciliation, and auditability.</li>
</ul>
<h3>Agents on the Databricks Data Layer (Secondary)</h3>
<ul>
<li>Build production agents and retrieval-augmented applications grounded in governed Databricks data, using Unity Catalog functions as tools and Mosaic AI or model-serving capabilities.</li>
<li>Add authorization, approvals, and auditability for consequential actions performed through agents or AI-enabled orchestrations.</li>
<li>Create evaluation sets and observability for the agents you ship, including groundedness, latency, cost, and production feedback, and use the results to improve them.</li>
</ul>
<h3>Engineering Fundamentals</h3>
<ul>
<li>Apply solid engineering practices, including automated testing, code review, CI/CD, documentation, on-call support, and concise design notes.</li>
<li>Own architecture decisions for your systems and communicate material tradeoffs clearly to technical and business partners.</li>
</ul>
<h2>Required Qualifications: </h2>
<ul>
<li>Bachelor’s degree in a related field, or equivalent practical experience.</li>
<li>8+ years of experience in data engineering, software or application engineering, or an adjacent enterprise technology role.</li>
<li>Hands-on experience building production data pipelines, including ingestion, semantic or domain modeling, data quality, and lineage.</li>
<li>Hands-on Databricks experience, including Unity Catalog, medallion architecture, and Mosaic AI or model serving.</li>
<li>Hands-on experience shipping production AI solutions, such as retrieval-augmented, conversational, or agentic applications, grounded in data pipelines you built.</li>
<li>Proficiency in Python and strong software engineering fundamentals, including testing, code review, CI/CD, deployment, and production support.</li>
<li>Experience integrating enterprise systems through APIs, events, or middleware, including authentication, retries, reconciliation, and auditability.</li>
<li>Experience with an LLM or cloud AI platform such as Vertex AI, Anthropic, or OpenAI and an automation platform such as Workato, n8n, Camunda, or similar.</li>
<li>Working knowledge of data governance, privacy, and security practices applied to production data pipelines and products.</li>
</ul>
<h2>Desired Qualifications:</h2>
<ul>
<li>Experience with the Mosaic AI Agent Framework or Unity Catalog functions used as agent tools.</li>
<li>Experience with enterprise or federated search, vector databases, or permission-aware retrieval.</li>
<li>Experience with agent frameworks such as LangGraph, Pydantic AI, LangChain, or CrewAI.</li>
<li>Experience with LLM or agent evaluation and observability, such as MLflow tracing.</li>
<li>Experience with dimensional modeling or master data management.</li>
<li>Experience integrating Workday, ServiceNow, Coupa, Concur, Oracle, OneStream, or Ironclad.</li>
<li>Experience with GCP or AWS data services, dbt, containers, or serverless computing.</li>
</ul>
<p><em>For this role, you’ll find success through craft expertise, a collaborative spirit, and decision-making that prioritizes your fellow Rioters, who are the customers of your work. Being a dedicated fan of games is not necessary for this position.</em></p>
<h2><strong>Our Perks:</strong></h2>
<p>Riot focuses on work/life balance, shown by our open paid time off policy and other perks such as flexible work schedules. We offer medical, dental, and life insurance, parental leave for you, your spouse/domestic partner, and children, and a 401k with company match. Check out our <a href=""https://www.riotgames.com/en/work-with-us/overview""><strong>benefits pages</strong></a> for more information.</p>
<p>At Riot Games, we <a class=""c-link"" href=""https://www.riotgames.com/en/who-we-are/values"" target=""_blank"" data-stringify-link=""https://www.riotgames.com/en/who-we-are/values"" data-sk=""tooltip_parent"">put players first</a>. That mission drives every decision in our quest to create games and experiences that make it better to be a player. Whether you’re working directly on a new player-facing experience or you’re supporting the company as a whole, everyone at Riot is part of our mission. And just like in our games, we’re better when we work together. Our goal is to create collaborative teams where you are empowered to bring your unique perspective everyday. If that sounds like the kind of place you want to work, we’re looking forward to your application.</p>
<p> </p>
<p><em>It’s our policy to provide equal employment opportunity for all applicants and members of Riot Games, Inc. Riot Games makes reasonable accommodations for handicapped and disabled Rioters and does not unlawfully discriminate on the basis of race, color, religion, sex, sexual orientation, gender identity or expression, national origin, age, handicap, veteran status, marital status, criminal history, or any other category protected by applicable federal and state law. We consider for employment all qualified applicants, including those with criminal histories, in a manner consistent with applicable federal, state and local law, including the California Fair Chance Act, the City of Los Angeles Fair Chance Initiative for Hiring Ordinance, the Los Angeles County Fair Chance Ordinance for Employers, the San Francisco Fair Chance Ordinance, and the Washington Fair Chance Act.</em></p>
<p><em>Per the Los Angeles County Fair Chance Ordinance, the following core duties may create a basis for disqualifying candidates with relevant criminal histories:</em></p>
<ul>
<li><em>Safeguarding confidential and sensitive Company data </em></li>
<li><em>Communication with others, including Rioters and third parties such as vendors, and/or players, including minors</em></li>
<li><em>Accessing Company assets, secure digital systems, and networks</em></li>
<li><em>Ensuring a safe interactive environment for players and other Rioters</em></li>
</ul>
<p><em>These duties are directly related to essential operations, safety, trust, and compliance obligations within our organization. Please note that job duties may evolve based on business needs and additional responsibilities may be assigned as necessary to maintain operational efficiency and security. </em></p>",8287,https://www.riotgames.com/en/work-with-us/job/8187605?gh_jid=8187605,,https://www.linkedin.com/jobs/view/4466942230,2026-09-19,25,among first 25,,matched,title,2026-10-02,2026-10-02T11:34:43,2026-10-03,,14,startDate+linkedin,true,0,,,,,Enterprise Technology,2026-09-19,,true,,,,,,
REQ-0010278,"Staff Application Engineer, OneStream",riotgames,Riot Games,,Posted 22 Days Ago,,,"Los Angeles, USA",1,"Los Angeles, USA",false,,United States,,0,"<p>Riot's Enterprise Technology organization ensures Rioters have what they need to unlock their full potential by providing expertise on cybersecurity to protect the experience of millions of players, offering corporate solutions to increase productivity and guide teams on complex data privacy regulations. The Finance Tech team is focused on modernizing and integrating financial systems, optimizing workflows, and ensuring long-term sustainability for Riot’s Finance Technology ecosystem.</p>
<p>That’s where you come in: You will partner closely with Finance, Game Ops teams, and external vendors to implement best-in-class solutions, and drive technology, process and data maturity for this domain.</p>
<p>As the <strong>Staff OneStream Application Engineer (Finance Tech</strong>), you will be responsible for enhancing Riot’s OneStream platform: establishing best practices focusing on enhancements, architecture, performance, data management, and integrations. This role will ensure that OneStream is scalable, well-integrated, and aligned with business needs.</p>
<p>The ideal candidate has a strong technical background and a proven track record of delivering business value through enterprise performance management (EPM) solutions. They developed scalable processes and led global EPM implementations and integrations across diverse financial systems.</p>
<p>The role will report to the Manager, Application Engineering (Finance Tech) and work closely with a Junior OneStream Engineering team member.</p>
<h2>Responsibilities:</h2>
<ul>
<li>Solution Design & Implementation
<ul>
<li>Design, configure, and deploy scalable and sustainable OneStream solutions to meet evolving business process, performance, and reporting requirements</li>
<li>Serve as SME on OneStream capabilities, including MarketPlace solutions, platform enhancements, and upgrade release planning</li>
<li>Create and maintain technical documentation, including data flow diagrams, cube design specs, integration mapping, and UAT to support ongoing system lifecycle management</li>
</ul>
</li>
<li>Architecture & Performance Optimization
<ul>
<li>Define and implement best practices for metadata management, cube design, security modeling, and system performance tuning.</li>
<li>Perform regular performance tuning, testing and debugging, data load optimization, and system audits to maintain platform efficiency and integrity</li>
<li>Support OneStream product roadmap planning in collaboration with business system owners and other Enterprise system architects</li>
</ul>
</li>
<li>Administration & Governance
<ul>
<li>Establish best practices and support OneStream administration activities for development, metadata & hierarchy management, security modeling, and cube design</li>
<li>Develop and support change management process to ensure standardized practices, user training, and adoption</li>
<li>Coach and mentor technical and non-technical users in the effective use of OneStream tools and workflows</li>
</ul>
</li>
</ul>
<h2>Required Qualifications: </h2>
<ul>
<li>Bachelor’s degree in Computer Science, Computer Engineering, Information Systems, Finance, Accounting, or a related field — or equivalent practical experience</li>
<li>8+ years of hands-on experience with EPM platforms (e.g. Oracle Hyperion, SAP BPC), including solution architecture, system and process design, and deployment.</li>
<li>4+ years of experience with hands-on implementation and development experience with OneStream at a global scale, including architectural design, security modeling, and performance tuning best practices</li>
<li>Deep experience with Master Data Management (MDM) in financial systems, including managing key dimensions, maintaining hierarchies, overseeing approval workflows, and ensuring metadata consistency across OneStream and connected systems (e.g. Workday, Oracle, Coupa)</li>
<li>High proficiency in writing business rules with SQL & VB.Net, designing Dashboard XFBR rules, dynamic calculations, and member formulas</li>
<li>Experience in developing and managing complex integrations with other domains such as Procurement/Coupa, Expense Management/Concur, HR/Workday etc.</li>
<li>Proven ability in enterprise-wide hierarchy management and designing new OneStream data cubes that blends multiple data sources</li>
<li>Expertise in implementing and maintaining dashboards, Cube Views and using XFGetCell and other OneStream reporting capabilities</li>
</ul>
<h2>Desired Qualifications:</h2>
<ul>
<li>Certified OneStream Professional (OCP) Lead Architect</li>
<li>Strong understanding of GAAP, IFRS, and regulatory audit compliance</li>
<li>Experience with implementing OneStream AI capabilities and deploying MarketPlace solutions</li>
<li>Experience with integration platforms (Workato, MuleSoft, Dell Boomi, etc.).</li>
<li>Experience with tech intensive, fast change environment, and transformation projects</li>
</ul>
<p><em>For this role, you'll find success through craft expertise, a collaborative spirit, and decision-making that prioritizes your fellow Rioters, who are the customers of your work. Being a dedicated fan of games is not necessary for this position!</em></p>
<p> </p>
<h2><strong>Our Perks:</strong></h2>
<p>Riot focuses on work/life balance, shown by our open paid time off policy and other perks such as flexible work schedules. We offer medical, dental, and life insurance, parental leave for you, your spouse/domestic partner, and children, and a 401k with company match. Check out our <a href=""https://www.riotgames.com/en/work-with-us/overview""><strong>benefits pages</strong></a> for more information.</p>
<p>At Riot Games, we <a class=""c-link"" href=""https://www.riotgames.com/en/who-we-are/values"" target=""_blank"" data-stringify-link=""https://www.riotgames.com/en/who-we-are/values"" data-sk=""tooltip_parent"">put players first</a>. That mission drives every decision in our quest to create games and experiences that make it better to be a player. Whether you’re working directly on a new player-facing experience or you’re supporting the company as a whole, everyone at Riot is part of our mission. And just like in our games, we’re better when we work together. Our goal is to create collaborative teams where you are empowered to bring your unique perspective everyday. If that sounds like the kind of place you want to work, we’re looking forward to your application.</p>
<p> </p>
<p><em>It’s our policy to provide equal employment opportunity for all applicants and members of Riot Games, Inc. Riot Games makes reasonable accommodations for handicapped and disabled Rioters and does not unlawfully discriminate on the basis of race, color, religion, sex, sexual orientation, gender identity or expression, national origin, age, handicap, veteran status, marital status, criminal history, or any other category protected by applicable federal and state law. We consider for employment all qualified applicants, including those with criminal histories, in a manner consistent with applicable federal, state and local law, including the California Fair Chance Act, the City of Los Angeles Fair Chance Initiative for Hiring Ordinance, the Los Angeles County Fair Chance Ordinance for Employers, the San Francisco Fair Chance Ordinance, and the Washington Fair Chance Act.</em></p>
<p><em>Per the Los Angeles County Fair Chance Ordinance, the following core duties may create a basis for disqualifying candidates with relevant criminal histories:</em></p>
<ul>
<li><em>Safeguarding confidential and sensitive Company data </em></li>
<li><em>Communication with others, including Rioters and third parties such as vendors, and/or players, including minors</em></li>
<li><em>Accessing Company assets, secure digital systems, and networks</em></li>
<li><em>Ensuring a safe interactive environment for players and other Rioters</em></li>
</ul>
<p><em>These duties are directly related to essential operations, safety, trust, and compliance obligations within our organization. Please note that job duties may evolve based on business needs and additional responsibilities may be assigned as necessary to maintain operational efficiency and security. </em></p>",8187,https://www.riotgames.com/en/work-with-us/job/8178049?gh_jid=8178049,,https://www.linkedin.com/jobs/view/4463926548,2026-09-11,25,among first 25,,matched,title,2026-10-02,2026-10-02T11:37:33,2026-10-03,,22,startDate+linkedin,true,0,,,,,Enterprise Technology,2026-09-11,,true,,,,,,
REQ-0010093,Staff Data and AI Engineer - Enterprise,riotgames,Riot Games,,Posted 88 Days Ago,,,"Los Angeles, USA",1,"Los Angeles, USA",false,,United States,,0,"<p>Riot’s Enterprise Technology organization ensures Rioters have what they need to unlock their full potential, from efficient business platforms to next-generation AI capabilities.</p>
<p>As a <strong>Staff Data and AI Engineer</strong> on the Enterprise Data & AI team, you will operate at the intersection of data engineering, data architecture, and AI solutions for Riot Enterprise. You will be instrumental in designing and building the enterprise data warehouse, developing scalable data integrations (connecting platforms like OneStream, Oracle, Workday, and Databricks), and delivering critical Enterprise agentic analytics and AI services.</p>
<p>The ideal candidate blends hands-on technical expertise with a strategic, platform-oriented mindset. You will be responsible for creating robust technical solutions, including scalable data pipelines, comprehensive data warehouse models, and AI enabled workflow and process automations. This work involves close collaboration with Enterprise leaders, architects, and system owners, and data specialists to translate corporate strategic and operations business requirements into secure, high-value, and maintainable solutions.</p>
<p>The role will report to the Senior Manager, Enterprise Data and AI.</p>
<h2><span style=""font-size: 14pt;"">Responsibilities:</span></h2>
<ul>
<li>Partner with stakeholders across Finance, HR, Legal, IT, and Operations to understand business workflows, clarify requirements, and translate them into technical designs, with an immediate focus on process automation, conversational agents, and data integrations for key corporate systems.</li>
<li>Design, build, and maintain the data and platform components of Riot’s Enterprise AI ecosystem, contributing to reference architectures for RAG/agents (indexing, vector stores, caching) and orchestration frameworks.</li>
<li>Contribute to conceptual and logical data models for enterprise domains and help connect those models to business capabilities, processes, and downstream applications.</li>
<li>Design, build, and maintain data pipelines, transformations, integrations, and warehouse-oriented data products across enterprise platforms and data systems.</li>
<li>Support reporting, analytics, and application capabilities by helping shape reliable data foundations and implementation patterns.</li>
</ul>
<h2><span style=""font-size: 14pt;"">Required Qualifications:</span></h2>
<ul>
<li>Bachelor’s degree in Computer Engineering, Computer Science, Information Systems, or related field (or equivalent experience delivering enterprise technology solutions).</li>
<li>8+ years of experience in enterprise applications, data engineering, or platform engineering spaces, including delivery of data and automation solutions at scale.</li>
<li>Experience delivering AI (traditional or generative) or advanced agentic automation solutions at scale.</li>
<li>Strong technical knowledge of orchestration platforms (Workato, n8n, Camunda) and AI platforms (e.g., Google Vertex/Agent Platform, Anthropic Claude Platform, OpenAI Platform) and their enterprise applications, including Retrieval-Augmented Generation (RAG), as well as knowledge management, data governance, quality, and architecture in enterprise contexts.</li>
<li>Hands-on experience building or supporting data pipelines and integrations across enterprise applications, APIs, middleware, and data platforms.</li>
<li>Required hands-on experience with Databricks for developing, transforming, and operationalizing data workflows or warehouse-oriented solutions.</li>
<li>Strong familiarity with data transformation and data warehousing methodologies, including dimensional modeling and medallion architecture patterns.</li>
<li>Strong technical knowledge of enterprise platforms (e.g., Workday, ServiceNow, Coupa, Concur, Oracle, IronClad) and respective integration options.</li>
</ul>
<h2><span style=""font-size: 14pt;"">Desired Qualifications:</span></h2>
<ul>
<li>Experience supporting master data, reporting, analytics, or business intelligence use cases.</li>
<li>Strong hands-on experience with Workato, including implementing agentic workflows and AI-powered operational analytics and automations.</li>
<li>Familiarity with frameworks for agent development (e.g., LangChain, Pydantic AI) and orchestration platforms (e.g., LangGraph, CrewAI, Vertex AI Agent Builder, Microsoft AutoGen, or similar).</li>
<li>Experience building or integrating enterprise knowledge search platforms (e.g., federated search, vector DBs, retrieval-augmented generation) for enterprise use cases.</li>
<li>Experience with cloud data and application technologies such as AWS data services, dbt, or event-driven integration patterns.</li>
<li>Experience leading change in complex organizations and mentoring teammates or helping less technical partners adopt better data and systems practices.<br><br></li>
</ul>
<p><em>For this role, you'll find success through craft expertise, a collaborative spirit, and choices that focus on your fellow Rioters, who are the customers of your work. Being a dedicated fan of games is not necessary for this position!<br><br></em></p>
<h2><span style=""font-size: 14pt;""><strong>Our Perks:</strong></span></h2>
<p>Riot focuses on work/life balance, shown by our open paid time off policy and other perks such as flexible work schedules. We offer medical, dental, and life insurance, parental leave for you, your spouse/domestic partner, and children, and a 401k with company match. Check out our <a href=""https://www.riotgames.com/en/work-with-us/overview""><strong>benefits pages</strong></a> for more information.</p>
<p>At Riot Games, we <a class=""c-link"" href=""https://www.riotgames.com/en/who-we-are/values"" target=""_blank"" data-stringify-link=""https://www.riotgames.com/en/who-we-are/values"" data-sk=""tooltip_parent"">put players first</a>. That mission drives every decision in our quest to create games and experiences that make it better to be a player. Whether you’re working directly on a new player-facing experience or you’re supporting the company as a whole, everyone at Riot is part of our mission. And just like in our games, we’re better when we work together. Our goal is to create collaborative teams where you are empowered to bring your unique perspective everyday. If that sounds like the kind of place you want to work, we’re looking forward to your application.</p>
<p> </p>
<p><em>It’s our policy to provide equal employment opportunity for all applicants and members of Riot Games, Inc. Riot Games makes reasonable accommodations for handicapped and disabled Rioters and does not unlawfully discriminate on the basis of race, color, religion, sex, sexual orientation, gender identity or expression, national origin, age, handicap, veteran status, marital status, criminal history, or any other category protected by applicable federal and state law. We consider for employment all qualified applicants, including those with criminal histories, in a manner consistent with applicable federal, state and local law, including the California Fair Chance Act, the City of Los Angeles Fair Chance Initiative for Hiring Ordinance, the Los Angeles County Fair Chance Ordinance for Employers, the San Francisco Fair Chance Ordinance, and the Washington Fair Chance Act.</em></p>
<p><em>Per the Los Angeles County Fair Chance Ordinance, the following core duties may create a basis for disqualifying candidates with relevant criminal histories:</em></p>
<ul>
<li><em>Safeguarding confidential and sensitive Company data </em></li>
<li><em>Communication with others, including Rioters and third parties such as vendors, and/or players, including minors</em></li>
<li><em>Accessing Company assets, secure digital systems, and networks</em></li>
<li><em>Ensuring a safe interactive environment for players and other Rioters</em></li>
</ul>
<p><em>These duties are directly related to essential operations, safety, trust, and compliance obligations within our organization. Please note that job duties may evolve based on business needs and additional responsibilities may be assigned as necessary to maintain operational efficiency and security. </em></p>",8181,https://www.riotgames.com/en/work-with-us/job/8014875?gh_jid=8014875,,https://www.linkedin.com/jobs/view/4452613997,2026-09-24,99,99 applicants,,matched,title,2026-10-02,2026-10-02T11:37:00,2026-10-03,,9,startDate+linkedin,true,0,,,,,Enterprise Technology,2026-09-24,,false,,,,,,
REQ-0010055,Staff Machine Learning Engineer (Applied Modeling) - League of Legends,riotgames,Riot Games,,Posted 84 Days Ago,,,"Los Angeles, USA",1,"Los Angeles, USA",false,,United States,,0,"<p>At Riot, we are investing in League of Legends to grow the game for generations to come. As player needs become more varied and our experiences become more dynamic, machine learning is an increasingly important part of how we help players discover the right experiences, make better decisions in and around the game, and find fair, compelling matches.</p>
<p>As a <strong>Staff Machine Learning Engineer </strong>in League of Legends, you will build applied machine learning systems that directly improve player experience. You will work across player and product problems through data, modeling, experimentation, launch, and iteration, partnering closely with League product, design, Insights, game engineering, and service engineering teams. Your work could span across personalized player experiences, in-game systems, and matchmaking.</p>
<p>You will report to the Senior Manager, ML Engineering in League of Legends and operate as a deeply embedded technical partner to the game team. You will also help strengthen craft standards, knowledge sharing, and technical quality across Riot’s growing ML engineering discipline<strong>. This role will be based out of our Los Angeles headquarters. </strong></p>
<h2>Responsibilities:</h2>
<ul>
<li>Own end-to-end ML solutions for player-facing problems across personalization, game systems, and matchmaking, from problem framing through production launch and ongoing iteration.</li>
<li>Set technical direction for a League ML domain and create reusable modeling, evaluation, and operating patterns that raise the bar beyond your immediate team.  </li>
<li>Build models, recommenders, ranking systems, and decision logic that help players discover the right champions, builds, modes, content, and return paths based on their needs and context.</li>
<li>Develop ML approaches that improve in-game systems and matchmaking quality, balancing player experience, fairness, reliability, and operational constraints.</li>
<li>Partner closely with product managers, designers, analysts, and engineers to shape ambiguous opportunities into clear technical plans and shipped player-facing features.</li>
<li>Translate gameplay, behavioral, and product telemetry into reliable signals and evaluation frameworks.</li>
<li>Design and run experiments to evaluate model quality, player impact, and system tradeoffs.</li>
<li>Work directly with game and service engineers to integrate models into League systems and services, including helping define instrumentation and telemetry when needed.</li>
<li>Operate independently across multiple partner groups, driving multi-month work with limited day-to-day oversight.</li>
<li>Contribute to the ML engineering community at Riot through peer reviews, documentation, craft standards, and shared learnings.</li>
<li>Help establish robust monitoring, observability, and support practices for live ML systems as they scale.</li>
</ul>
<h2>Required Qualifications:</h2>
<ul>
<li>Bachelor’s degree or higher in Computer Science, Machine Learning, Statistics, or a related quantitative field, or equivalent practical experience.</li>
<li>6+ years of experience delivering ML systems in production, including 3+ years in applied modeling or ML research roles.</li>
<li>Evidence that your modeling choices have been adopted beyond your immediate team — whether through reusable patterns, shared architectures, or influence on how others approach problems.</li>
<li>History of working with complex or unconventional data sources where off-the-shelf feature engineering doesn’t apply.</li>
<li>Experience in production environments with interacting models, feedback loops, or systems where model behavior has downstream consequences beyond a single prediction.</li>
<li>Comfort with ambiguity — you’ve shipped in situations where the success metric, the right approach, or both were unclear at the start.</li>
<li>Track record mentoring engineers across roles and levels; evidence of raising the bar for people around you.</li>
<li>Excellent written and verbal communication.</li>
<li>Background in reinforcement learning, imitation learning, generative models, or simulation-based training in interactive environments is a plus.</li>
<li>Experience bridging research and production — translating papers or prototypes into reliable shipped systems — is a plus.</li>
<li>Familiarity with ML platform components (model serving, feature stores, ML observability) is a plus.</li>
<li>Passion for player experience, games, or creative technology.</li>
</ul>
<h2>Desired Qualifications:</h2>
<ul>
<li>Experience building ML systems for games, live service products, consumer personalization, or other player-facing digital products.</li>
<li>Experience with matchmaking, recommendations, multi-objective optimization, or other systems that must balance competing goals.</li>
<li>Familiarity with causal inference, uplift modeling, contextual bandits, reinforcement learning, or other approaches useful for adaptive player experiences.</li>
<li>Experience integrating models into latency-sensitive or high-reliability production environments.</li>
<li>Experience defining telemetry or instrumentation needs in close partnership with software engineers.</li>
<li>Familiarity with responsible AI practices, including fairness, safety, transparency, and operational trustworthiness.</li>
<li>Comfort collaborating across a central craft organization and an embedded product team model.</li>
</ul>
<h2>For this role, you’ll find success through:</h2>
<ul>
<li>Strong applied ML craft</li>
<li>Independent execution in ambiguous spaces</li>
<li>Thoughtful collaboration with product, design, engineering, and Insights partners</li>
<li>Decision-making that prioritizes player value and long-term system health</li>
</ul>
<p><em>For this role, you'll find success through craft expertise, a collaborative spirit, and decision-making that prioritizes the delight of players. We will be looking at your past studies, experience, and your personal relationship with games. If you embody player empathy and care about players' experiences, this could be your role!</em></p>
<p> </p>
<h2><strong>Our Perks:</strong></h2>
<p>Riot focuses on work/life balance, shown by our open paid time off policy and other perks such as flexible work schedules. We offer medical, dental, and life insurance, parental leave for you, your spouse/domestic partner, and children, and a 401k with company match. Check out our <a href=""https://www.riotgames.com/en/work-with-us/overview""><strong>benefits pages</strong></a> for more information.</p>
<p>At Riot Games, we <a class=""c-link"" href=""https://www.riotgames.com/en/who-we-are/values"" target=""_blank"" data-stringify-link=""https://www.riotgames.com/en/who-we-are/values"" data-sk=""tooltip_parent"">put players first</a>. That mission drives every decision in our quest to create games and experiences that make it better to be a player. Whether you’re working directly on a new player-facing experience or you’re supporting the company as a whole, everyone at Riot is part of our mission. And just like in our games, we’re better when we work together. Our goal is to create collaborative teams where you are empowered to bring your unique perspective everyday. If that sounds like the kind of place you want to work, we’re looking forward to your application.</p>
<p> </p>
<p><em>It’s our policy to provide equal employment opportunity for all applicants and members of Riot Games, Inc. Riot Games makes reasonable accommodations for handicapped and disabled Rioters and does not unlawfully discriminate on the basis of race, color, religion, sex, sexual orientation, gender identity or expression, national origin, age, handicap, veteran status, marital status, criminal history, or any other category protected by applicable federal and state law. We consider for employment all qualified applicants, including those with criminal histories, in a manner consistent with applicable federal, state and local law, including the California Fair Chance Act, the City of Los Angeles Fair Chance Initiative for Hiring Ordinance, the Los Angeles County Fair Chance Ordinance for Employers, the San Francisco Fair Chance Ordinance, and the Washington Fair Chance Act.</em></p>
<p><em>Per the Los Angeles County Fair Chance Ordinance, the following core duties may create a basis for disqualifying candidates with relevant criminal histories:</em></p>
<ul>
<li><em>Safeguarding confidential and sensitive Company data </em></li>
<li><em>Communication with others, including Rioters and third parties such as vendors, and/or players, including minors</em></li>
<li><em>Accessing Company assets, secure digital systems, and networks</em></li>
<li><em>Ensuring a safe interactive environment for players and other Rioters</em></li>
</ul>
<p><em>These duties are directly related to essential operations, safety, trust, and compliance obligations within our organization. Please note that job duties may evolve based on business needs and additional responsibilities may be assigned as necessary to maintain operational efficiency and security. </em></p>",9131,https://www.riotgames.com/en/work-with-us/job/7981132?gh_jid=7981132,,https://www.linkedin.com/jobs/view/4452626191,2026-09-23,62,62 applicants,,matched,title,2026-10-02,2026-10-02T11:36:56,2026-10-03,,10,startDate+linkedin,true,0,,,,,League Studio,2026-09-23,,false,5,157123,158808,213512,subset,Machine Learning  Engineer II
REQ-0010053,"Staff Machine Learning Engineer - Game Tech Group, ML Platform",riotgames,Riot Games,,Posted 119 Days Ago,,,"Los Angeles, USA",1,"Los Angeles, USA",false,,United States,,0,"<p>Riot engineers bring deep knowledge of specific technical areas but also value the opportunity to work in many broader domains. As a Staff Machine Learning Engineer at Riot, you’ll also dive into projects that focus on team cohesiveness and cross-team goals. You’ll lead without authority and provide other engineers with a clear illustration of extraordinary engineering.</p>
<p>Riot Games is building the next generation of its ML Platform to support AI and machine learning systems across game development, player experiences, and internal tools. We’re looking for a Staff Machine Learning Engineer to help design and scale the infrastructure powering a wide range of ML workloads and evolving AI systems across Riot. The ML Platform team builds and operates the shared infrastructure behind Riot’s AI ecosystem, including model serving, orchestration, feature management, and deployment workflows. Our goal is to help teams across Riot move ML systems from experimentation into reliable production services quickly and confidently. As a <strong>Staff Machine Learning Engineer </strong>on the ML Platform team, you will architect systems for model deployment, observability, and lifecycle management while helping shape the long-term direction of Riot’s ML platform. You will apply modern MLOps practices to improve reliability, scalability, and developer experience for teams building AI-powered products across Riot. You will report to the Engineering Manager.</p>
<h2>Responsibilities:</h2>
<ul>
<li>Design and operate AI & ML inference infrastructure, including deployment pipelines and CPU/GPU-aware orchestration</li>
<li>Develop CI/CD workflows that enable rapid iteration and safe promotion from development to production</li>
<li>Optimize infrastructure supporting varied model architectures, from foundation models to gradient boosted trees, for high throughput, low latency, and high availability</li>
<li>Establish and evolve ML deployment best practices, including multi-version models, blue/green rollouts, shadow deployments, and rollback strategies</li>
<li>Improve developer experience by reducing operational complexity and simplifying platform onboarding</li>
<li>Influence long-term platform architecture and help shape technical direction across Riot’s ML ecosystem</li>
<li>Collaborate with researchers and game teams to understand product needs and build reusable platform capabilities</li>
<li>Use modern AI-assisted development tools and workflows thoughtfully to accelerate iteration, while maintaining engineering quality and reliability</li>
</ul>
<h2>Required Qualifications: </h2>
<ul>
<li>6+ years of experience in engineering, with time spent on ML/AI, platform or infrastructure teams</li>
<li>Experience operating inference platforms such as KServe and production ML infrastructure including Feast, Milvus, or similar open-source systems</li>
<li>Experience with one or more inference serving frameworks, including NVIDIA Triton/Dynamo, TorchServe, or similar systems</li>
<li>Familiarity with GPU orchestration, performance tuning, and cost-aware scheduling</li>
<li>Experience with CI/CD workflows, infrastructure-as-code (e.g., Terraform), and artifact management</li>
<li>Experience building and operating services within distributed or service-oriented architectures</li>
</ul>
<h2>Desired Qualifications:</h2>
<ul>
<li>Experience building ML infrastructure within a real-time, or latency-sensitive environment</li>
<li>Hands-on experience with optimizing ML & AI deployments (LLMs, diffusion models, etc.) for throughput, latency and reliability</li>
<li>Familiarity with agentic workflows and orchestration frameworks for LLM-based systems</li>
<li>Passion for player experience, game systems, or creative technology development</li>
</ul>
<p><em>For this role, you'll find success through craft expertise, a collaborative spirit, and decision-making that prioritizes the delight of players. We will be looking at your past studies, experience, and your personal relationship with games. If you embody player empathy and care about players' experiences, this could be your role!</em></p>
<h2><strong>Our Perks:</strong></h2>
<p>Riot focuses on work/life balance, shown by our open paid time off policy and other perks such as flexible work schedules. We offer medical, dental, and life insurance, parental leave for you, your spouse/domestic partner, and children, and a 401k with company match. Check out our <a href=""https://www.riotgames.com/en/work-with-us/overview""><strong>benefits pages</strong></a> for more information.</p>
<p>At Riot Games, we <a class=""c-link"" href=""https://www.riotgames.com/en/who-we-are/values"" target=""_blank"" data-stringify-link=""https://www.riotgames.com/en/who-we-are/values"" data-sk=""tooltip_parent"">put players first</a>. That mission drives every decision in our quest to create games and experiences that make it better to be a player. Whether you’re working directly on a new player-facing experience or you’re supporting the company as a whole, everyone at Riot is part of our mission. And just like in our games, we’re better when we work together. Our goal is to create collaborative teams where you are empowered to bring your unique perspective everyday. If that sounds like the kind of place you want to work, we’re looking forward to your application.</p>
<p><em>It’s our policy to provide equal employment opportunity for all applicants and members of Riot Games, Inc. Riot Games makes reasonable accommodations for handicapped and disabled Rioters and does not unlawfully discriminate on the basis of race, color, religion, sex, sexual orientation, gender identity or expression, national origin, age, handicap, veteran status, marital status, criminal history, or any other category protected by applicable federal and state law. We consider for employment all qualified applicants, including those with criminal histories, in a manner consistent with applicable federal, state and local law, including the California Fair Chance Act, the City of Los Angeles Fair Chance Initiative for Hiring Ordinance, the Los Angeles County Fair Chance Ordinance for Employers, the San Francisco Fair Chance Ordinance, and the Washington Fair Chance Act.</em></p>
<p><em>Per the Los Angeles County Fair Chance Ordinance, the following core duties may create a basis for disqualifying candidates with relevant criminal histories:</em></p>
<ul>
<li><em>Safeguarding confidential and sensitive Company data </em></li>
<li><em>Communication with others, including Rioters and third parties such as vendors, and/or players, including minors</em></li>
<li><em>Accessing Company assets, secure digital systems, and networks</em></li>
<li><em>Ensuring a safe interactive environment for players and other Rioters</em></li>
</ul>
<p><em>These duties are directly related to essential operations, safety, trust, and compliance obligations within our organization. Please note that job duties may evolve based on business needs and additional responsibilities may be assigned as necessary to maintain operational efficiency and security. </em></p>",7120,https://www.riotgames.com/en/work-with-us/job/7977840?gh_jid=7977840,,https://www.linkedin.com/jobs/view/4452613993,2026-09-23,34,34 applicants,,matched,title,2026-10-02,2026-10-02T11:34:35,2026-10-03,,10,startDate+linkedin,true,0,,,,,Riot Technology,2026-09-23,,false,5,157123,158808,213512,subset,Machine Learning  Engineer II
REQ-0010091,"Staff Software Engineer, Build Platforms - VALORANT",riotgames,Riot Games,,Posted 101 Days Ago,,,"Los Angeles, USA; Mercer Island, USA",1,"Los Angeles, USA; Mercer Island, USA",false,,United States,,0,"<p>Riot engineers bring deep knowledge of specific technical areas but also value the opportunity to work in many broader domains. As a Software Engineer, you’ll also dive into projects that focus on team cohesiveness and cross-team goals. You’ll lead without authority and provide other engineers with a clear illustration of extraordinary engineering.</p>
<p><strong>VALORANT is Riot's take on a character-based tactical shooter (learn more about VALORANT </strong><a href=""https://playvalorant.com/en-us/""><strong>here</strong></a><strong>).</strong>  As a <strong>Staff Software Engineer</strong> on the <strong>VALORANT Build Platforms team</strong>, you will develop and improve the technologies that enable us to deliver VALORANT into our players’ hands. You will improve the iteration flow for hundreds of developers, including designers, artists, and engineers. You will act as a pipeline-aware problem solver in the Unreal development ecosystem, reducing friction across local development, validation, cook, release, and CI. Your work will lay a critical foundation for teams across the globe as they delight players with new features, skins, maps, and agents.</p>
<h2>Responsibilities:</h2>
<ul>
<li>Drive the technical direction and decision-making at the team level, advising on aspects of delivery such as architecture, maintenance, cost, and scale.</li>
<li>Identify and resolve cross-system bottlenecks across local workflows, Unreal build/cook systems, CI, release infrastructure, and developer-facing tools.</li>
<li>Work with VALORANT developers and stakeholders to align on priorities and deliverables.</li>
<li>Lead efforts to break down and execute on multi-month engineering efforts, partnering with central technology teams to leverage their expertise.</li>
<li>Participate in the team's support rotation.</li>
</ul>
<h2>Required Qualifications:</h2>
<ul>
<li>6+ years of experience as a software engineer.</li>
<li>BS degree or equivalent experience.</li>
<li>Experience architecting and maintaining developer-facing products and platforms, supporting complex workflows and emerging requirements.</li>
<li>Experience building automated build, test, and release pipelines.</li>
<li>Strong empathy for improving the developer experience and reducing friction within the iteration loop.</li>
<li>Expertise with C++, C#, Java, or Go.</li>
<li>Ability to communicate complex technical subjects to all levels.</li>
<li>Willingness to jump into unfamiliar technologies and take on new challenges.</li>
<li>Experience mentoring other engineers.</li>
</ul>
<h2>Desired Qualifications:</h2>
<ul>
<li>Professional experience working with cloud technologies.</li>
<li>Experience working directly with Unreal Engine game build systems.</li>
<li>Experience with Perforce workflows, large Unreal workspaces, content cooking, packaging, or build artifact debugging.</li>
<li>Game DevOps experience is a plus.</li>
<li>BuildGraph and Horde experience is a plus.</li>
<li>Professional experience serving as a technical lead for a team of engineers.</li>
<li>Professional experience building large-scale backend systems or game services.</li>
</ul>
<p><em>For this role, you'll find success through craft expertise, a collaborative spirit, and decision-making that prioritizes the delight of players. We will be looking at your past studies, experience, and your personal relationship with games. If you embody player empathy and care about the experiences of players, this could be the role for you!</em></p>
<p> </p>
<h2><strong>Our Perks:</strong></h2>
<p>Riot focuses on work/life balance, shown by our open paid time off policy and other perks such as flexible work schedules. We offer medical, dental, and life insurance, parental leave for you, your spouse/domestic partner, and children, and a 401k with company match. Check out our <a href=""https://www.riotgames.com/en/work-with-us/overview""><strong>benefits pages</strong></a> for more information.</p>
<p>At Riot Games, we <a class=""c-link"" href=""https://www.riotgames.com/en/who-we-are/values"" target=""_blank"" data-stringify-link=""https://www.riotgames.com/en/who-we-are/values"" data-sk=""tooltip_parent"">put players first</a>. That mission drives every decision in our quest to create games and experiences that make it better to be a player. Whether you’re working directly on a new player-facing experience or you’re supporting the company as a whole, everyone at Riot is part of our mission. And just like in our games, we’re better when we work together. Our goal is to create collaborative teams where you are empowered to bring your unique perspective everyday. If that sounds like the kind of place you want to work, we’re looking forward to your application.</p>
<p> </p>
<p><em>It’s our policy to provide equal employment opportunity for all applicants and members of Riot Games, Inc. Riot Games makes reasonable accommodations for handicapped and disabled Rioters and does not unlawfully discriminate on the basis of race, color, religion, sex, sexual orientation, gender identity or expression, national origin, age, handicap, veteran status, marital status, criminal history, or any other category protected by applicable federal and state law. We consider for employment all qualified applicants, including those with criminal histories, in a manner consistent with applicable federal, state and local law, including the California Fair Chance Act, the City of Los Angeles Fair Chance Initiative for Hiring Ordinance, the Los Angeles County Fair Chance Ordinance for Employers, the San Francisco Fair Chance Ordinance, and the Washington Fair Chance Act.</em></p>
<p><em>Per the Los Angeles County Fair Chance Ordinance, the following core duties may create a basis for disqualifying candidates with relevant criminal histories:</em></p>
<ul>
<li><em>Safeguarding confidential and sensitive Company data </em></li>
<li><em>Communication with others, including Rioters and third parties such as vendors, and/or players, including minors</em></li>
<li><em>Accessing Company assets, secure digital systems, and networks</em></li>
<li><em>Ensuring a safe interactive environment for players and other Rioters</em></li>
</ul>
<p><em>These duties are directly related to essential operations, safety, trust, and compliance obligations within our organization. Please note that job duties may evolve based on business needs and additional responsibilities may be assigned as necessary to maintain operational efficiency and security. </em></p>",6518,https://www.riotgames.com/en/work-with-us/job/8011859?gh_jid=8011859,,https://www.linkedin.com/jobs/view/4457790647,2026-09-17,37,37 applicants,,matched,title,2026-10-02,2026-10-02T11:36:54,2026-10-03,,16,startDate+linkedin,true,0,,,,,VALORANT Studio,2026-09-17,,false,19,164318,184558,184558,subset,Software Engineer II
REQ-0010266,"Staff Software Engineer, Build Services - Teamfight Tactics",riotgames,Riot Games,,Posted 35 Days Ago,,,"Los Angeles, USA; Mercer Island, USA",1,"Los Angeles, USA; Mercer Island, USA",false,,United States,,0,"<p>Riot engineers bring deep knowledge of specific technical areas but also value the opportunity to work in a variety of broader domains. As Software Engineers, we work with both new and current technology, creating innovative solutions to overcome high-volume obstacles and to deliver player value.</p>
<p>As a <strong>Staff Software Engineer (Build/Services) </strong>on the Teamfight Tactics Core Tech team, you will provide technical leadership, architectural design, and hands-on implementation for core systems supporting build processes, CI/CD pipelines, test automation, release management, and developer tools. Your role will be pivotal in establishing and optimizing foundational systems that ensure efficient, reliable, and scalable game development and deployment. You will report to a Senior Engineering manager on the Teamfight Tactics team.</p>
<h2>Responsibilities:</h2>
<ul>
<li>Develop and maintain patterns, tooling, and standards for foundational systems.</li>
<li>Maintain and optimize critical foundational systems to support game development and deployment, with a focus on build processes, performance monitoring, art and gameplay tools, and cross-functional deployment solutions.</li>
<li>Contribute to the CI/CD pipeline configuration and test automation efforts (e.g., performance monitoring, functional testing) to enhance product stability and delivery efficiency.</li>
<li>Build and maintain tools to support efficient release and version management, enhancing workflows for consistent and reliable game product delivery.</li>
<li>Participate in technical and architectural discussions, collaborating closely with the gameplay, backend, and core tech teams on scalable, cross-functional solutions.</li>
<li>Champion engineering excellence, ensuring high standards in code quality, maintainability, and documentation, with a focus on clear, scalable, and sustainable code.</li>
<li>Cultivate technical growth by mentoring engineers and sustaining a culture of collaboration and engineering excellence.</li>
<li>Own build engineering operations, including managing monitoring dashboards, Slack integrations, and improving code submission tooling.</li>
<li>Maintain and track build metrics across build machines and development environments, and provide robust CI build support for both production deployment and internal developer workflows.</li>
</ul>
<h2>Required Qualifications:</h2>
<ul>
<li>6+ years experience in professional software development</li>
<li>4+ years of professional experience in C++/Java</li>
<li>3+ years of professional experience with Unreal Engine and Horde (Experience shipping a project with these is a plus)</li>
<li>Demonstrated experience with both Mobile and PC/desktop build environments</li>
<li>3+ Perforce experience</li>
<li>Demonstrated experience in game build processes, CI/CD pipeline configuration, and test automation</li>
<li>Strong OO C/C++/C# programming experience and data driven design principles</li>
<li>Product sense, pragmatism, and developer empathy in making tech decisions</li>
<li>BS in Computer Science, or proven understanding of Computer Science fundamentals</li>
</ul>
<h2>Desired Qualifications:</h2>
<ul>
<li>Online SaaS (software as a service) game development experience</li>
<li>Experience building developer workflows</li>
<li>Mobile or multi-platform performance profiling</li>
<li>Experience working across multiple teams and initiatives, with a track record of contributing to central technology groups and larger-scale organizational goals.</li>
</ul>
<p><em>For this role, you'll find success through craft expertise, a collaborative spirit, and decision-making that prioritizes the delight of players. We will be looking at your past studies, experience, and your personal relationship with games. If you embody player empathy and care about players' experiences, this could be your role!</em></p>
<p> </p>
<h2><strong>Our Perks:</strong></h2>
<p>Riot focuses on work/life balance, shown by our open paid time off policy and other perks such as flexible work schedules. We offer medical, dental, and life insurance, parental leave for you, your spouse/domestic partner, and children, and a 401k with company match. Check out our <a href=""https://www.riotgames.com/en/work-with-us/overview""><strong>benefits pages</strong></a> for more information.</p>
<p>At Riot Games, we <a class=""c-link"" href=""https://www.riotgames.com/en/who-we-are/values"" target=""_blank"" data-stringify-link=""https://www.riotgames.com/en/who-we-are/values"" data-sk=""tooltip_parent"">put players first</a>. That mission drives every decision in our quest to create games and experiences that make it better to be a player. Whether you’re working directly on a new player-facing experience or you’re supporting the company as a whole, everyone at Riot is part of our mission. And just like in our games, we’re better when we work together. Our goal is to create collaborative teams where you are empowered to bring your unique perspective everyday. If that sounds like the kind of place you want to work, we’re looking forward to your application.</p>
<p> </p>
<p><em>It’s our policy to provide equal employment opportunity for all applicants and members of Riot Games, Inc. Riot Games makes reasonable accommodations for handicapped and disabled Rioters and does not unlawfully discriminate on the basis of race, color, religion, sex, sexual orientation, gender identity or expression, national origin, age, handicap, veteran status, marital status, criminal history, or any other category protected by applicable federal and state law. We consider for employment all qualified applicants, including those with criminal histories, in a manner consistent with applicable federal, state and local law, including the California Fair Chance Act, the City of Los Angeles Fair Chance Initiative for Hiring Ordinance, the Los Angeles County Fair Chance Ordinance for Employers, the San Francisco Fair Chance Ordinance, and the Washington Fair Chance Act.</em></p>
<p><em>Per the Los Angeles County Fair Chance Ordinance, the following core duties may create a basis for disqualifying candidates with relevant criminal histories:</em></p>
<ul>
<li><em>Safeguarding confidential and sensitive Company data </em></li>
<li><em>Communication with others, including Rioters and third parties such as vendors, and/or players, including minors</em></li>
<li><em>Accessing Company assets, secure digital systems, and networks</em></li>
<li><em>Ensuring a safe interactive environment for players and other Rioters</em></li>
</ul>
<p><em>These duties are directly related to essential operations, safety, trust, and compliance obligations within our organization. Please note that job duties may evolve based on business needs and additional responsibilities may be assigned as necessary to maintain operational efficiency and security. </em></p>",6902,https://www.riotgames.com/en/work-with-us/job/8163299?gh_jid=8163299,,https://www.linkedin.com/jobs/view/4458433562,2026-09-19,30,30 applicants,,matched,title,2026-10-02,2026-10-02T11:36:50,2026-10-03,,14,startDate+linkedin,true,0,,,,,League Studio,2026-09-19,,false,19,164318,184558,184558,subset,Software Engineer II
REQ-0009531,"Staff Software Engineer, Console - Unpublished R&D Product",riotgames,Riot Games,,Posted 330 Days Ago,,,"Los Angeles, USA; Sydney, Australia",1,"Los Angeles, USA; Sydney, Australia",false,,United States,,0,"<p>Riot engineers bring deep knowledge of specific technical areas but also value the opportunity to work in a variety of broader domains.  We work with both new and current technology, creating innovative solutions to overcome high-volume obstacles and to deliver player value.  As a Staff Software Engineer, you’ll drive important features and provide other engineers with a clear illustration of extraordinary engineering.</p>
<p>As a <strong>Staff Software Engineer, Console </strong>on an unpublished R&D product, you will lead the way on console development for one of Riot’s most exciting new games. You will work closely with other experts in engineering, QA, art and design to ensure the game is meeting the team’s creative and quality marks on multiple platforms. In this role you will be hands-on in developing and debugging core features of the game, integrating console-specific systems, delivering the gamepad experience, and addressing certification requirements. You will work with state-of-the-art technology, and explore new solutions to surprise and delight our players as we bring this new game to life. You will report to the Senior Engineering Manager of the Tech Foundations team within an R&D game project.</p>
<h2>Responsibilities:</h2>
<ul>
<li>Work closely with QA, engineers, designers and artists to understand and address the technical, creative and artistic requirements of the game on console</li>
<li>Investigate, understand and solve complex technical problems specific to console</li>
<li>Profile and optimize performance and memory usage on console platforms</li>
<li>Integrate first party features for each console platform into the game</li>
<li>Drive the implementation of technical certification requirements on each platform</li>
<li>Participate in the planning and execution of engineering work for console including requirements gathering, technical discovery, work breakdown and estimation</li>
<li>Drive exceptional quality by adhering to and evolving the team’s practices of engineering excellence, including code maintainability, quality, monitoring, code reviews, and documentation</li>
<li>Provide mentorship to new engineers as the team scales, and provide feedback that supports their technical growth</li>
</ul>
<h2>Required Qualifications:</h2>
<ul>
<li>8+ years of professional experience in software engineering, including experience delivering live or shipped products at scale</li>
<li>3+ years experience working on console-specific game development</li>
<li>Experience shipping one or more console platform titles</li>
<li>Experience in performance profiling and optimization on console</li>
<li>Experience implementing TCRs/TRCs for one or more console platforms</li>
<li>Proven ability to navigate ambiguity and solve complex problems with minimal support</li>
<li>Experience collaborating with teammates across multiple disciplines</li>
<li>Strong communication skills across technical and non-technical audiences</li>
<li>B.S. in computer science or equivalent experience</li>
</ul>
<h2>Desired Qualifications:</h2>
<ul>
<li>Experience building multiplayer games</li>
<li>Experience implementing or porting UI on console platforms</li>
<li>Experience implementing the gamepad experience for one or more console games</li>
<li>Experience with input handling (Common UI, Enhanced Input)</li>
<li>Experience in graphics/rendering</li>
</ul>
<p><em>For this role, you'll find success through craft expertise and a collaborative spirit that prioritizes the delight of players. We will look at your past studies and experience, but for this role, we also look for dedicated people with a personal relationship with games. If you embody player empathy and care about players' experiences, this is the role for you!</em></p>
<p> </p>
<h2><strong>Our Perks:</strong></h2>
<p>Riot focuses on work/life balance, shown by our open paid time off policy and other perks such as flexible work schedules. We offer medical, dental, and life insurance, parental leave for you, your spouse/domestic partner, and children, and a 401k with company match. Check out our <a href=""https://www.riotgames.com/en/work-with-us/overview""><strong>benefits pages</strong></a> for more information.</p>
<p>At Riot Games, we <a class=""c-link"" href=""https://www.riotgames.com/en/who-we-are/values"" target=""_blank"" data-stringify-link=""https://www.riotgames.com/en/who-we-are/values"" data-sk=""tooltip_parent"">put players first</a>. That mission drives every decision in our quest to create games and experiences that make it better to be a player. Whether you’re working directly on a new player-facing experience or you’re supporting the company as a whole, everyone at Riot is part of our mission. And just like in our games, we’re better when we work together. Our goal is to create collaborative teams where you are empowered to bring your unique perspective everyday. If that sounds like the kind of place you want to work, we’re looking forward to your application.</p>
<p> </p>
<p><em>It’s our policy to provide equal employment opportunity for all applicants and members of Riot Games, Inc. Riot Games makes reasonable accommodations for handicapped and disabled Rioters and does not unlawfully discriminate on the basis of race, color, religion, sex, sexual orientation, gender identity or expression, national origin, age, handicap, veteran status, marital status, criminal history, or any other category protected by applicable federal and state law. We consider for employment all qualified applicants, including those with criminal histories, in a manner consistent with applicable federal, state and local law, including the California Fair Chance Act, the City of Los Angeles Fair Chance Initiative for Hiring Ordinance, the Los Angeles County Fair Chance Ordinance for Employers, the San Francisco Fair Chance Ordinance, and the Washington Fair Chance Act.</em></p>
<p><em>Per the Los Angeles County Fair Chance Ordinance, the following core duties may create a basis for disqualifying candidates with relevant criminal histories:</em></p>
<ul>
<li><em>Safeguarding confidential and sensitive Company data </em></li>
<li><em>Communication with others, including Rioters and third parties such as vendors, and/or players, including minors</em></li>
<li><em>Accessing Company assets, secure digital systems, and networks</em></li>
<li><em>Ensuring a safe interactive environment for players and other Rioters</em></li>
</ul>
<p><em>These duties are directly related to essential operations, safety, trust, and compliance obligations within our organization. Please note that job duties may evolve based on business needs and additional responsibilities may be assigned as necessary to maintain operational efficiency and security. </em></p>",6782,https://www.riotgames.com/en/work-with-us/job/7364013?gh_jid=7364013,,,,,,,no_match,,2026-10-02,,2026-10-03,,,,true,0,,,,,Riot Discovery Studio,,,false,19,164318,184558,184558,subset,Software Engineer II
REQ-0009990,"Staff Software Engineer, Developer Experience & Workflows - VALORANT",riotgames,Riot Games,,Posted 122 Days Ago,,,"Los Angeles, USA; Mercer Island, USA",1,"Los Angeles, USA; Mercer Island, USA",false,,United States,,0,"<p>Riot engineers bring deep knowledge of specific technical areas but also value the opportunity to work in a variety of broader domains. As a Software Engineer, you’ll also dive into projects that focus on team cohesiveness and cross-team objectives. You’ll lead without authority and provide other engineers with a clear illustration of extraordinary engineering.</p>
<p>Engineers join Riot to become masters of their craft. They bring a deep passion for helping bring joy to players via technical solutions. In Foundations, we focus on the game engine, content pipelines, developer workflows, and other critical core capabilities. </p>
<p>As a <strong>Staff Software Engineer</strong> on <strong>VALORANT’s Foundations Developer Experience & Workflows team</strong>, you will work directly on VAL’s development team, hand-in-hand with engineers, designers, artists, producers, and QA to build systems that enable them to move faster, work with greater confidence, and deliver amazing new experiences to players. To do this, you will design and evolve the platforms, tools, and workflows that power how VALORANT’s game developers create, iterate on, and validate content for both PC and console. Your work will span a diverse set of technical areas, adapting VALORANT’s development platform to meet needs wherever they emerge. This includes leveraging AI to accelerate development while establishing the appropriate guardrails for trust, quality, and reliability. This role will report to the Engineering Manager on the Foundations Developer Experience & Workflows team.</p>
<h2>Responsibilities:</h2>
<ul>
<li>Create tools and systems that improve developer experience and efficiency.</li>
<li>Work with stakeholders across the organization to address their pain points and exceed their expectations for what development on VALORANT can be.</li>
<li>Influence software engineering best practices for development.</li>
<li>Develop sustainable solutions that are testable, robust, and will ensure a consistent player experience across platforms.</li>
<li>Provide mentorship to more junior members of the team.</li>
<li>Contribute to development efforts through effective breakdown and execution on multi-month development efforts.</li>
</ul>
<h2>Required Qualifications:</h2>
<ul>
<li>6+ years of professional experience in software engineering, including experience delivering live or shipped games at scale</li>
<li>2+ years professional experience with Unreal Engine</li>
<li>2+ years professional experience with C++</li>
<li>Bachelor's degree in Computer Science and/or equivalent experience</li>
<li>Have collaborated on cross-team development efforts (3+ months in scope), including requirements gathering, planning, and release</li>
</ul>
<h2>Desired Qualifications:</h2>
<ul>
<li>Experience serving on a team that builds player-facing areas of a live game, such as characters, maps, modes, systems, or other in-game experiences.</li>
<li>Experience building shared game development tooling</li>
</ul>
<p><em>For this role, you'll find success through craft expertise, a collaborative spirit, and decision-making that prioritizes the delight of players. We will be looking at your past studies, experience, and your personal relationship with games. If you embody player empathy and care about the experiences of players, this could be the role for you!</em></p>
<h2><strong>Our Perks:</strong></h2>
<p>Riot focuses on work/life balance, shown by our open paid time off policy and other perks such as flexible work schedules. We offer medical, dental, and life insurance, parental leave for you, your spouse/domestic partner, and children, and a 401k with company match. Check out our <a href=""https://www.riotgames.com/en/work-with-us/overview""><strong>benefits pages</strong></a> for more information.</p>
<p>At Riot Games, we <a class=""c-link"" href=""https://www.riotgames.com/en/who-we-are/values"" target=""_blank"" data-stringify-link=""https://www.riotgames.com/en/who-we-are/values"" data-sk=""tooltip_parent"">put players first</a>. That mission drives every decision in our quest to create games and experiences that make it better to be a player. Whether you’re working directly on a new player-facing experience or you’re supporting the company as a whole, everyone at Riot is part of our mission. And just like in our games, we’re better when we work together. Our goal is to create collaborative teams where you are empowered to bring your unique perspective everyday. If that sounds like the kind of place you want to work, we’re looking forward to your application.</p>
<p> </p>
<p><em>It’s our policy to provide equal employment opportunity for all applicants and members of Riot Games, Inc. Riot Games makes reasonable accommodations for handicapped and disabled Rioters and does not unlawfully discriminate on the basis of race, color, religion, sex, sexual orientation, gender identity or expression, national origin, age, handicap, veteran status, marital status, criminal history, or any other category protected by applicable federal and state law. We consider for employment all qualified applicants, including those with criminal histories, in a manner consistent with applicable federal, state and local law, including the California Fair Chance Act, the City of Los Angeles Fair Chance Initiative for Hiring Ordinance, the Los Angeles County Fair Chance Ordinance for Employers, the San Francisco Fair Chance Ordinance, and the Washington Fair Chance Act.</em></p>
<p><em>Per the Los Angeles County Fair Chance Ordinance, the following core duties may create a basis for disqualifying candidates with relevant criminal histories:</em></p>
<ul>
<li><em>Safeguarding confidential and sensitive Company data </em></li>
<li><em>Communication with others, including Rioters and third parties such as vendors, and/or players, including minors</em></li>
<li><em>Accessing Company assets, secure digital systems, and networks</em></li>
<li><em>Ensuring a safe interactive environment for players and other Rioters</em></li>
</ul>
<p><em>These duties are directly related to essential operations, safety, trust, and compliance obligations within our organization. Please note that job duties may evolve based on business needs and additional responsibilities may be assigned as necessary to maintain operational efficiency and security. </em></p>",6366,https://www.riotgames.com/en/work-with-us/job/7906062?gh_jid=7906062,,https://www.linkedin.com/jobs/view/4457791680,2026-09-17,27,27 applicants,,matched,title,2026-10-02,2026-10-02T11:36:49,2026-10-03,,16,startDate+linkedin,true,0,,,,,VALORANT Studio,2026-09-17,,false,19,164318,184558,184558,subset,Software Engineer II
REQ-0010274,"Staff Software Engineer, Enterprise AI",riotgames,Riot Games,,Posted 28 Days Ago,,,"Los Angeles, USA",1,"Los Angeles, USA",false,,United States,,0,"<p>Riot’s Enterprise Technology organization ensures Rioters have what they need to unlock their full potential by building secure, reliable, and scalable internal systems that keep the company running smoothly. </p>
<p>As a <strong>Staff Full-Stack Software Engineer</strong> specializing in AI, you will personally design and build the AI agent capabilities and product experiences for an internal enterprise intelligence platform. This includes the retrieval, orchestration, and reasoning layer that sits on top of a semantic data layer built and maintained by a partner data engineering team. You’ll turn these capabilities into search, chat, and workflow experiences that help leaders find information and make decisions faster. This is a hands-on, coding-majority role. You’ll build the agents, prompts, tool integrations, and full-stack product surface yourself. </p>
<p>You’ll work directly with product owners, system leads, and domain experts across HR, Finance, IT, Legal, and Workplace to understand real workflows. You’ll also work closely with a partner data engineering team that owns ingestion, the semantic layer, and the underlying data model. You will consume and help shape requirements for that layer rather than building it yourself. Your work will directly improve how Rioters hire, plan, spend, onboard, and operate at scale. </p>
<p>The ideal candidate is a deeply experienced full-stack software engineer who has personally shipped AI-enabled products at scale, is comfortable building in ambiguous and evolving problem spaces, and takes ownership of systems from the first commit through production operation. </p>
<p>The role will report to the Manager of Enterprise Systems Engineering.</p>
<h2>Responsibilities:</h2>
<ul>
<li>Build and maintain an orchestrator + specialist-agent architecture (retrieval, tool use, structured outputs, multi-step reasoning) on top of a semantic data layer owned by a partner data team. </li>
<li>Design and implement retrieval and grounding for RAG/semantic search use cases: embeddings, reranking, citation of evidence, and techniques to reduce hallucination.</li>
<li>Integrate agents with internal and external tools/APIs (function/tool calling) to let them take real actions, not just answer questions. </li>
<li>Build the full-stack application layer, APIs, and UI that exposes AI-powered search, chat, and workflow experiences to end users. </li>
<li>Instrument AI features with observability for quality, latency, token usage, and cost, and use it to drive iteration and tuning. </li>
<li>Iterate on prompts and model choices quickly, with sensible fallback behavior when a model, tool, or retrieval step fails or returns low-confidence output. </li>
<li>Apply solid engineering fundamentals: source control, code review, automated testing (unit, integration, functional), CI/CD, and on-call for the systems you own.</li>
</ul>
<h2>Required Qualifications: </h2>
<ul>
<li>Bachelor's degree in Computer Engineering, Computer Science, Information Systems, or related field (or equivalent professional experience delivering enterprise technology solutions). </li>
<li>8+ years of professional experience in full-stack software development </li>
<li>Practical, end-to-end experience building RAG or agentic systems: retrieval, tool-calling, structured outputs, multi-step reasoning, and verification/evaluation loops, not just familiarity with LLM APIs. </li>
<li>Experience designing and running evaluation approaches for nondeterministic systems: curated datasets, automated metrics, human review, and production feedback.</li>
<li>Experience establishing basic AI observability (quality, safety, reliability, latency, token usage, cost) for features you build. </li>
<li>Working understanding of AI security and responsible-use risks, prompt injection, tool abuse, data leakage, access control, model limitations, sufficient to build safeguards into what you ship. </li>
<li>Deep hands-on programming experience in Node, TypeScript, React. </li>
<li>Experience with modern frameworks (e.g., NextJS, NestJS). </li>
<li>Experience building RESTful and GraphQL APIs, working with relational (e.g., PostgreSQL, MySQL) and non-relational (e.g., Redis) databases. </li>
<li>Comfortable with cloud infrastructure and deployment: AWS, containers (Docker), orchestration (Kubernetes), CI/CD pipelines. </li>
<li>Familiar with software engineering best practices: automated testing, code review, monitoring/observability, security and performance considerations.</li>
</ul>
<h2>Desired Qualifications:</h2>
<ul>
<li>Deep practical knowledge of retrieval-augmented generation and semantic search, including embedding and reranking models, retrieval design, grounding, citations, and evaluation. </li>
<li>Experience with agent platforms (e.g., LangGraph, AutoGen, CrewAI, or comparable), vector databases, and multi-agent orchestration patterns. </li>
<li>Working familiarity with Python and lakehouse/data-catalog concepts (e.g., Databricks, Unity Catalog), enough to collaborate effectively with the data engineering team, without needing to own pipeline build-out. </li>
<li>Experience shipping an internal AI product from scratch as part of a small, fast-moving team, comfortable with a ""scrappy MVP, iterate"" delivery style rather than a fully-specified roadmap.</li>
</ul>
<p><em>For this role, you'll find success through craft expertise, a collaborative spirit, and decision-making that prioritizes your fellow Rioters, who are the customers of your work. Being a dedicated fan of games is not necessary for this position!</em></p>
<p> </p>
<h2><strong>Our Perks:</strong></h2>
<p>Riot focuses on work/life balance, shown by our open paid time off policy and other perks such as flexible work schedules. We offer medical, dental, and life insurance, parental leave for you, your spouse/domestic partner, and children, and a 401k with company match. Check out our <a href=""https://www.riotgames.com/en/work-with-us/overview""><strong>benefits pages</strong></a> for more information.</p>
<p>At Riot Games, we <a class=""c-link"" href=""https://www.riotgames.com/en/who-we-are/values"" target=""_blank"" data-stringify-link=""https://www.riotgames.com/en/who-we-are/values"" data-sk=""tooltip_parent"">put players first</a>. That mission drives every decision in our quest to create games and experiences that make it better to be a player. Whether you’re working directly on a new player-facing experience or you’re supporting the company as a whole, everyone at Riot is part of our mission. And just like in our games, we’re better when we work together. Our goal is to create collaborative teams where you are empowered to bring your unique perspective everyday. If that sounds like the kind of place you want to work, we’re looking forward to your application.</p>
<p> </p>
<p><em>It’s our policy to provide equal employment opportunity for all applicants and members of Riot Games, Inc. Riot Games makes reasonable accommodations for handicapped and disabled Rioters and does not unlawfully discriminate on the basis of race, color, religion, sex, sexual orientation, gender identity or expression, national origin, age, handicap, veteran status, marital status, criminal history, or any other category protected by applicable federal and state law. We consider for employment all qualified applicants, including those with criminal histories, in a manner consistent with applicable federal, state and local law, including the California Fair Chance Act, the City of Los Angeles Fair Chance Initiative for Hiring Ordinance, the Los Angeles County Fair Chance Ordinance for Employers, the San Francisco Fair Chance Ordinance, and the Washington Fair Chance Act.</em></p>
<p><em>Per the Los Angeles County Fair Chance Ordinance, the following core duties may create a basis for disqualifying candidates with relevant criminal histories:</em></p>
<ul>
<li><em>Safeguarding confidential and sensitive Company data </em></li>
<li><em>Communication with others, including Rioters and third parties such as vendors, and/or players, including minors</em></li>
<li><em>Accessing Company assets, secure digital systems, and networks</em></li>
<li><em>Ensuring a safe interactive environment for players and other Rioters</em></li>
</ul>
<p><em>These duties are directly related to essential operations, safety, trust, and compliance obligations within our organization. Please note that job duties may evolve based on business needs and additional responsibilities may be assigned as necessary to maintain operational efficiency and security. </em></p>",8600,https://www.riotgames.com/en/work-with-us/job/8174908?gh_jid=8174908,,https://www.linkedin.com/jobs/view/4461425132,2026-09-26,60,60 applicants,,matched,title,2026-10-02,2026-10-02T11:36:45,2026-10-03,,7,startDate+linkedin,true,0,,,,,Enterprise Technology,2026-09-26,,false,19,164318,184558,184558,subset,Software Engineer II
REQ-0010150,Staff Software Engineer - Esports Platforms,riotgames,Riot Games,,Posted 71 Days Ago,,,"Los Angeles, USA",1,"Los Angeles, USA",false,,United States,,0,"<p>Riot engineers bring deep knowledge of specific technical areas but also value the opportunity to work in a variety of broader domains. We work with both new and current technology, creating innovative solutions to overcome high-volume obstacles and to deliver player value. </p>
<p>Riot Games Esports is setting the standard for the industry. We're looking for passionate individuals with a desire to build products that serve as a gateway to sports fandom. As a <strong>Staff Software Engineer </strong>in the Esports Platforms team, you will work with a team of producers, designers, and engineers to prototype, build, and own products to foster the Esports ecosystem. The web application this role owns, develops, and maintains sits at the heart of Riot Esports. You’ll shape the experience of professional and amateur competitive players, from tournament creation to the most exciting moments, such as getting into a match.</p>
<h2>Responsibilities:</h2>
<ul>
<li>Drive the development of Esports applications primarily using web technologies, while integrating with Esports and Game Services, providing technical guidance and hands-on code contributions</li>
<li>Provide technical leadership within the team and adjacent teams to deliver high-quality, scalable, and reliable engineering solutions</li>
<li>Contribute to technical planning and architecture decisions, balancing long-term sustainability with near-term delivery needs</li>
<li>Partner closely with cross-functional partners (product, production, QA, design, data) to deliver great Esports experiences</li>
<li>Mentor other engineers on technical and interpersonal skills</li>
<li>Write clear documentation and communicate technical details across disciplines</li>
<li>Participate in the on-call rotation, triage & resolve live incidents and propose solutions through RCAs</li>
</ul>
<h2>Required Qualifications:</h2>
<ul>
<li>6+ years of industry experience in software engineering, with demonstrated technical leadership on complex projects</li>
<li>Bachelor's, Master’s degree in Computer Science or a related field, or comparable experience in software development.</li>
<li>Strong proficiency with web technologies, with working experience in Typescript, React & NextJS</li>
<li>Have been responsible for driving the design and leading of development of large-sized efforts (6-month+ scope), including requirements gathering, planning, development, testing, and release </li>
<li>Solid communication and collaboration skills, with experience working across disciplines and teams</li>
<li>Demonstrated examples of setting engineering policy and standards across teams or initiative</li>
</ul>
<h2>Desired Qualifications:</h2>
<ul>
<li>Experience with PaaS Vendors like Netlify or Vercel</li>
<li>Experience with GraphQL</li>
<li>Experience with test automation frameworks like Playwright or Cypress</li>
<li>Familiarity with Riot’s Esports titles</li>
<li>Familiarity with tournaments and tournament formats</li>
</ul>
<p><em>For this role, you'll find success through craft expertise, a collaborative spirit, and decision-making that prioritizes your fellow Rioters, who are the customers of your work. Being a dedicated fan of games is not necessary for this position!</em></p>
<h2><strong>Our Perks:</strong></h2>
<p>Riot focuses on work/life balance, shown by our open paid time off policy and other perks such as flexible work schedules. We offer medical, dental, and life insurance, parental leave for you, your spouse/domestic partner, and children, and a 401k with company match. Check out our <a href=""https://www.riotgames.com/en/work-with-us/overview""><strong>benefits pages</strong></a> for more information.</p>
<p>At Riot Games, we <a class=""c-link"" href=""https://www.riotgames.com/en/who-we-are/values"" target=""_blank"" data-stringify-link=""https://www.riotgames.com/en/who-we-are/values"" data-sk=""tooltip_parent"">put players first</a>. That mission drives every decision in our quest to create games and experiences that make it better to be a player. Whether you’re working directly on a new player-facing experience or you’re supporting the company as a whole, everyone at Riot is part of our mission. And just like in our games, we’re better when we work together. Our goal is to create collaborative teams where you are empowered to bring your unique perspective everyday. If that sounds like the kind of place you want to work, we’re looking forward to your application.</p>
<p> </p>
<p><em>It’s our policy to provide equal employment opportunity for all applicants and members of Riot Games, Inc. Riot Games makes reasonable accommodations for handicapped and disabled Rioters and does not unlawfully discriminate on the basis of race, color, religion, sex, sexual orientation, gender identity or expression, national origin, age, handicap, veteran status, marital status, criminal history, or any other category protected by applicable federal and state law. We consider for employment all qualified applicants, including those with criminal histories, in a manner consistent with applicable federal, state and local law, including the California Fair Chance Act, the City of Los Angeles Fair Chance Initiative for Hiring Ordinance, the Los Angeles County Fair Chance Ordinance for Employers, the San Francisco Fair Chance Ordinance, and the Washington Fair Chance Act.</em></p>
<p><em>Per the Los Angeles County Fair Chance Ordinance, the following core duties may create a basis for disqualifying candidates with relevant criminal histories:</em></p>
<ul>
<li><em>Safeguarding confidential and sensitive Company data </em></li>
<li><em>Communication with others, including Rioters and third parties such as vendors, and/or players, including minors</em></li>
<li><em>Accessing Company assets, secure digital systems, and networks</em></li>
<li><em>Ensuring a safe interactive environment for players and other Rioters</em></li>
</ul>
<p><em>These duties are directly related to essential operations, safety, trust, and compliance obligations within our organization. Please note that job duties may evolve based on business needs and additional responsibilities may be assigned as necessary to maintain operational efficiency and security. </em></p>",6249,https://www.riotgames.com/en/work-with-us/job/8076086?gh_jid=8076086,,https://www.linkedin.com/jobs/view/4452636001,2026-09-24,75,75 applicants,,matched,title,2026-10-02,2026-10-02T11:34:53,2026-10-03,,9,startDate+linkedin,true,0,,,,,Publishing Platform,2026-09-24,,false,19,164318,184558,184558,subset,Software Engineer II
REQ-0010347,"Staff Software Engineer,  Infrastructure - Central Technology",riotgames,Riot Games,,Posted 4 Days Ago,,,"Los Angeles, USA",1,"Los Angeles, USA",false,,United States,,0,"<p>Riot engineers bring deep knowledge of specific technical areas but also value the opportunity to work in a variety of broader domains. As Software Engineers, we work with both new and current technology, creating innovative solutions to overcome high-volume obstacles and to deliver player value.</p>
<p>As part of the Riot Infrastructure Team, you’ll join a core group of engineers responsible for building and evolving the infrastructure that enables Riot’s games to operate globally at scale. As a <strong>Staff Software Engineer </strong>on the Infrastructure team, you’ll focus on reducing toil and inefficiency for Riot engineers through tooling and automation, particularly as we explore new opportunities enabled by AI. The solutions you build could range from Slack bots, AI agents, and MCP servers to systems that automate game deployments and other critical workflows. You’ll collaborate with teams across Infrastructure and throughout Riot to identify high-impact problem areas, shape technical solutions, and build tools and automation that make a meaningful difference in how engineers get their work done.</p>
<h2>Responsibilities:</h2>
<ul>
<li>Design solutions and features based on requirements and agreements with our stakeholders using our standard frameworks and best practices</li>
<li>Drive improvements to our standards and best practices where necessary</li>
<li>Continually looking for efficiency and improvement opportunities within our infrastructure, propose solutions and rally support for your proposal.</li>
<li>Work with senior leadership across organizations to ensure successful implementation</li>
<li>Lead by example on quality design and coding standards </li>
<li>Help grow the team through mentoring and leveling up of less experienced teammates</li>
<li>Build healthy relationships with other engineering teams at Riot to foster cross-team collaboration.</li>
</ul>
<h2>Required Qualifications: </h2>
<ul>
<li>7+ years experience as a software engineer with focus on infrastructure or tooling in a fast-paced, large-scale environment</li>
<li>Expertise with full software development life cycle</li>
<li>Expertise in one or more object oriented languages (i.e. Python, Go, Java, C++)</li>
<li>Strong experience working with containers and Kubernetes</li>
<li>Experience with large-scale development/deployment on Cloud (i.e. AWS/GCP)</li>
<li>Experience with large-scale Deployment technologies (i.e. Cloudbees Jenkins, GitHub Actions)</li>
<li>Experience with AI tools such as Codex, Windsurf, Co-Pilot</li>
<li>Understand core infrastructure services, distributed systems, microservices, and software at a large scale</li>
</ul>
<h2>Desired Qualifications:</h2>
<ul>
<li>Experience in fast pasted and matrixed organizations</li>
<li>Experience operating and supporting agile development, production services, and high availability</li>
<li>Understand networking - HTTP down to the network layer (TCP/IP, routing, etc.)</li>
<li>Experience working with international team members and colleagues</li>
</ul>
<p><em>For this role, you'll find success through craft expertise, a collaborative spirit, and decision-making that prioritizes your fellow Rioters, who are the customers of your work. Being a dedicated fan of games is not necessary for this position!</em></p>
<h2><strong>Our Perks:</strong></h2>
<p>Riot focuses on work/life balance, shown by our open paid time off policy and other perks such as flexible work schedules. We offer medical, dental, and life insurance, parental leave for you, your spouse/domestic partner, and children, and a 401k with company match. Check out our <a href=""https://www.riotgames.com/en/work-with-us/overview""><strong>benefits pages</strong></a> for more information.</p>
<p>At Riot Games, we <a class=""c-link"" href=""https://www.riotgames.com/en/who-we-are/values"" target=""_blank"" data-stringify-link=""https://www.riotgames.com/en/who-we-are/values"" data-sk=""tooltip_parent"">put players first</a>. That mission drives every decision in our quest to create games and experiences that make it better to be a player. Whether you’re working directly on a new player-facing experience or you’re supporting the company as a whole, everyone at Riot is part of our mission. And just like in our games, we’re better when we work together. Our goal is to create collaborative teams where you are empowered to bring your unique perspective everyday. If that sounds like the kind of place you want to work, we’re looking forward to your application.</p>
<p> </p>
<p><em>It’s our policy to provide equal employment opportunity for all applicants and members of Riot Games, Inc. Riot Games makes reasonable accommodations for handicapped and disabled Rioters and does not unlawfully discriminate on the basis of race, color, religion, sex, sexual orientation, gender identity or expression, national origin, age, handicap, veteran status, marital status, criminal history, or any other category protected by applicable federal and state law. We consider for employment all qualified applicants, including those with criminal histories, in a manner consistent with applicable federal, state and local law, including the California Fair Chance Act, the City of Los Angeles Fair Chance Initiative for Hiring Ordinance, the Los Angeles County Fair Chance Ordinance for Employers, the San Francisco Fair Chance Ordinance, and the Washington Fair Chance Act.</em></p>
<p><em>Per the Los Angeles County Fair Chance Ordinance, the following core duties may create a basis for disqualifying candidates with relevant criminal histories:</em></p>
<ul>
<li><em>Safeguarding confidential and sensitive Company data </em></li>
<li><em>Communication with others, including Rioters and third parties such as vendors, and/or players, including minors</em></li>
<li><em>Accessing Company assets, secure digital systems, and networks</em></li>
<li><em>Ensuring a safe interactive environment for players and other Rioters</em></li>
</ul>
<p><em>These duties are directly related to essential operations, safety, trust, and compliance obligations within our organization. Please note that job duties may evolve based on business needs and additional responsibilities may be assigned as necessary to maintain operational efficiency and security. </em></p>",6306,https://www.riotgames.com/en/work-with-us/job/8234673?gh_jid=8234673,,https://www.linkedin.com/jobs/view/4471213138,2026-09-28,27,27 applicants,,matched,title,2026-10-02,2026-10-02T11:34:23,2026-10-03,,5,startDate+linkedin,true,0,,,,,Riot Technology,2026-09-28,,false,19,164318,184558,184558,subset,Software Engineer II
REQ-0010081,"Staff Software Engineer, Platform Services - Central Technology, Anti-Cheat",riotgames,Riot Games,,Posted 102 Days Ago,,,"Los Angeles, USA",1,"Los Angeles, USA",false,,United States,,0,"<p>Riot Engineers on Anti-Cheat are builders, trailblazers, and stewards of competitive integrity. We protect the legitimacy of Riot’s multiplayer games by designing resilient platforms, developing robust internal tools, and staying ahead of adversarial threats without losing sight of the player experience.</p>
<p>As a <strong>Staff Software Engineer </strong>on Vanguard’s Platform Services team, you will operate at the intersection of platform services, internal developer tooling, and ecosystem design. You’ll be responsible for supporting a platform that serves millions of players, supporting internal tools that serve hundreds of Player Support agents and developing cutting edge technology to help prevent, detect and deter cheaters from getting into our games. This is a hands-on staff role for an engineer who thrives on rolling up their sleeves and building services in a fast-paced and innovative environment. You will help lead through technical expertise and soft skills, influencing the direction of the team both through code and a deep drive to understand and improve the product. You will partner closely with engineers, stakeholders, and anti-cheat experts across the entire Vanguard stack to build performant and impactful tools and services in support of our Players. You will report to the Engineering Manager of Platform Services within Anti-Cheat</p>
<h2>Responsibilities:</h2>
<ul>
<li>Design, build, and evolve shared backend platform services that power Vanguard systems across client, services, and internal tooling</li>
<li>Own APIs and service contracts used by multiple teams, ensuring reliability, clarity, and long-term maintainability</li>
<li>Lead the development of internal tools and web applications used for operations, investigations, configuration, and visibility</li>
<li>Identify and reduce systemic risks across the platform (scalability, operability, security, maintainability)</li>
<li>Design and operate distributed backend systems with high availability and strong security guarantees</li>
<li>Partner in incident response, root cause analysis, and long-term reliability improvements</li>
<li>Improve CI/CD pipelines, observability, and operational workflows for platform services</li>
<li>Collaborate across Anti-Cheat, Security, and Game teams as a trusted technical partner</li>
</ul>
<h2>Required Qualifications:</h2>
<ul>
<li>Staff-level experience building and owning backend platforms and internal tools used by multiple teams</li>
<li>Strong experience with backend service development and distributed systems <br>(e.g., AWS, Docker, Kubernetes)</li>
<li>Significant experience building internal tools or web applications using modern web stacks (e.g.,Golang, React, Node.js, TypeScript)</li>
<li>Experience designing and maintaining APIs and shared services in a large or growing ecosystem</li>
<li>Comfort operating and debugging live, production systems</li>
<li>Strong architectural judgment and experience influencing key technical decisions</li>
<li>Excellent communication skills and a collaborative mindset</li>
</ul>
<h2>Desired Qualifications:</h2>
<ul>
<li>Experience working on platform teams or internal developer tooling</li>
<li>Experience designing systems with security and adversarial thinking in mind</li>
<li>Background supporting high-availability services or operational tooling</li>
<li>Experience mentoring engineers at all levels</li>
<li>Experience building developer platforms or sandbox environments for rapid experimentation</li>
<li>A strong understanding of LLMs, Agentic AI based development, and their respective strengths and weaknesses</li>
</ul>
<p><em>For this role, you'll find success through craft expertise, a collaborative spirit, and decision-making that prioritizes the delight of players. We will be looking at your past studies, experience, and your personal relationship with games. If you embody player empathy and care about players' experiences, this could be your role!</em></p>
<h2><strong>Our Perks:</strong></h2>
<p>Riot focuses on work/life balance, shown by our open paid time off policy and other perks such as flexible work schedules. We offer medical, dental, and life insurance, parental leave for you, your spouse/domestic partner, and children, and a 401k with company match. Check out our <a href=""https://www.riotgames.com/en/work-with-us/overview""><strong>benefits pages</strong></a> for more information.</p>
<p>At Riot Games, we <a class=""c-link"" href=""https://www.riotgames.com/en/who-we-are/values"" target=""_blank"" data-stringify-link=""https://www.riotgames.com/en/who-we-are/values"" data-sk=""tooltip_parent"">put players first</a>. That mission drives every decision in our quest to create games and experiences that make it better to be a player. Whether you’re working directly on a new player-facing experience or you’re supporting the company as a whole, everyone at Riot is part of our mission. And just like in our games, we’re better when we work together. Our goal is to create collaborative teams where you are empowered to bring your unique perspective everyday. If that sounds like the kind of place you want to work, we’re looking forward to your application.</p>
<p> </p>
<p><em>It’s our policy to provide equal employment opportunity for all applicants and members of Riot Games, Inc. Riot Games makes reasonable accommodations for handicapped and disabled Rioters and does not unlawfully discriminate on the basis of race, color, religion, sex, sexual orientation, gender identity or expression, national origin, age, handicap, veteran status, marital status, criminal history, or any other category protected by applicable federal and state law. We consider for employment all qualified applicants, including those with criminal histories, in a manner consistent with applicable federal, state and local law, including the California Fair Chance Act, the City of Los Angeles Fair Chance Initiative for Hiring Ordinance, the Los Angeles County Fair Chance Ordinance for Employers, the San Francisco Fair Chance Ordinance, and the Washington Fair Chance Act.</em></p>
<p><em>Per the Los Angeles County Fair Chance Ordinance, the following core duties may create a basis for disqualifying candidates with relevant criminal histories:</em></p>
<ul>
<li><em>Safeguarding confidential and sensitive Company data </em></li>
<li><em>Communication with others, including Rioters and third parties such as vendors, and/or players, including minors</em></li>
<li><em>Accessing Company assets, secure digital systems, and networks</em></li>
<li><em>Ensuring a safe interactive environment for players and other Rioters</em></li>
</ul>
<p><em>These duties are directly related to essential operations, safety, trust, and compliance obligations within our organization. Please note that job duties may evolve based on business needs and additional responsibilities may be assigned as necessary to maintain operational efficiency and security. </em></p>",6981,https://www.riotgames.com/en/work-with-us/job/8003927?gh_jid=8003927,,https://www.linkedin.com/jobs/view/4452633021,2026-09-24,56,56 applicants,,matched,title,2026-10-02,2026-10-02T11:34:56,2026-10-03,,9,startDate+linkedin,true,0,,,,,Riot Technology,2026-09-24,,false,19,164318,184558,184558,subset,Software Engineer II
REQ-0009954," Staff Software Engineer, Riot Client - Publishing Platform",riotgames,Riot Games,,Posted 156 Days Ago,,,"Los Angeles, USA",1,"Los Angeles, USA",false,,United States,,0,"<p>Riot engineers bring deep knowledge of specific technical areas but also value the opportunity to work in many broader domains. As a Staff Software Engineer at Riot, you’ll also dive into projects that focus on team cohesiveness and cross-team goals. You’ll lead without authority and provide other engineers with a clear illustration of extraordinary engineering.<br><br>Riot Client is the gateway for millions of players to play, discover, and install Riot games, and every single desktop player goes through the Riot Client on their way to experience one of Riot’s games, ensuring their needs, whether they be providing more ways to discover games, engage with Riot’s culture & community, or getting into their game as fast as possible, is the primary goal of the Riot Client team. Introduced in 2021, the multi-game Riot Client is becoming a destination for players to engage with Riot games, events and communities, and is a fast-evolving desktop software that provides capabilities in game distribution, content publishing, social and internal development efficiency. Your work will be players' first touchpoint with the wide range of experiences that Riot has to offer, including League of Legends, Wild Rift, Teamfight Tactics, VALORANT, Legends of Runeterra, 2XKO, and beyond, and it is also an essential tool for internal game developers including live games and R&D games. As a <strong>Staff Software Engineer</strong> on the<strong> Riot Client </strong>team, you will drive technical excellence by delivering high-quality solutions and fostering a collaborative, forward-thinking engineering culture. You’ll guide and mentor engineers across the software development lifecycle, contributing both hands-on and through technical leadership. Working closely with cross-functional partners and collaborating across teams at Riot, you’ll help shape sound architectural decisions that elevate the player experience. Your contributions will be key to advancing Riot’s out-of-game ecosystem, enabling the next generation of Riot Client capabilities across game distribution, content, social features, and developer productivity.</p>
<h2>Responsibilities:</h2>
<ul>
<li>Drive the development of desktop application features primarily using web technologies (React, Node.js), while integrating with C++ components, providing technical guidance and hands-on code contributions</li>
<li>Provide technical leadership within the team and adjacent teams to deliver high-quality, scalable, and reliable engineering solutions</li>
<li>Contribute to technical planning and architecture decisions, balancing long-term sustainability with near-term delivery needs</li>
<li>Understand and navigate the Riot Client dependency landscape, helping guide improvements and evolution of the application</li>
<li>Partner closely with cross-functional partners (product, production, QA, design, data) to deliver great player experiences</li>
<li>Drive collaboration with partner teams to align on technical approaches and support shared solutions</li>
<li>Mentor other engineers on technical and interpersonal skills</li>
</ul>
<h2>Required Qualifications: </h2>
<ul>
<li>7+ years of industry experience in software engineering, with demonstrated technical leadership on complex projects</li>
<li>Bachelor's, Master’s degree in Computer Science or a related field, or comparable experience in software development.</li>
<li>Strong proficiency with web technologies, with working experience integrating and contributing to C++ components</li>
<li>Have been responsible for driving the design and leading of development of large-sized efforts (6-month+ scope), including requirements gathering, planning, development, testing, and release </li>
<li>Solid communication and collaboration skills, with experience working across disciplines and teams</li>
</ul>
<h2>Desired Qualifications:</h2>
<ul>
<li>Experience with Electron </li>
<li>Experience in build pipelines</li>
</ul>
<p><em>For this role, you'll find success through craft expertise, a collaborative spirit, and decision-making that prioritizes your fellow Rioters, who are the customers of your work. Being a dedicated fan of games is not necessary for this position!</em></p>
<p> </p>
<h2><strong>Our Perks:</strong></h2>
<p>Riot focuses on work/life balance, shown by our open paid time off policy and other perks such as flexible work schedules. We offer medical, dental, and life insurance, parental leave for you, your spouse/domestic partner, and children, and a 401k with company match. Check out our <a href=""https://www.riotgames.com/en/work-with-us/overview""><strong>benefits pages</strong></a> for more information.</p>
<p>At Riot Games, we <a class=""c-link"" href=""https://www.riotgames.com/en/who-we-are/values"" target=""_blank"" data-stringify-link=""https://www.riotgames.com/en/who-we-are/values"" data-sk=""tooltip_parent"">put players first</a>. That mission drives every decision in our quest to create games and experiences that make it better to be a player. Whether you’re working directly on a new player-facing experience or you’re supporting the company as a whole, everyone at Riot is part of our mission. And just like in our games, we’re better when we work together. Our goal is to create collaborative teams where you are empowered to bring your unique perspective everyday. If that sounds like the kind of place you want to work, we’re looking forward to your application.</p>
<p> </p>
<p><em>It’s our policy to provide equal employment opportunity for all applicants and members of Riot Games, Inc. Riot Games makes reasonable accommodations for handicapped and disabled Rioters and does not unlawfully discriminate on the basis of race, color, religion, sex, sexual orientation, gender identity or expression, national origin, age, handicap, veteran status, marital status, criminal history, or any other category protected by applicable federal and state law. We consider for employment all qualified applicants, including those with criminal histories, in a manner consistent with applicable federal, state and local law, including the California Fair Chance Act, the City of Los Angeles Fair Chance Initiative for Hiring Ordinance, the Los Angeles County Fair Chance Ordinance for Employers, the San Francisco Fair Chance Ordinance, and the Washington Fair Chance Act.</em></p>
<p><em>Per the Los Angeles County Fair Chance Ordinance, the following core duties may create a basis for disqualifying candidates with relevant criminal histories:</em></p>
<ul>
<li><em>Safeguarding confidential and sensitive Company data </em></li>
<li><em>Communication with others, including Rioters and third parties such as vendors, and/or players, including minors</em></li>
<li><em>Accessing Company assets, secure digital systems, and networks</em></li>
<li><em>Ensuring a safe interactive environment for players and other Rioters</em></li>
</ul>
<p><em>These duties are directly related to essential operations, safety, trust, and compliance obligations within our organization. Please note that job duties may evolve based on business needs and additional responsibilities may be assigned as necessary to maintain operational efficiency and security. </em></p>",7224,https://www.riotgames.com/en/work-with-us/job/7844349?gh_jid=7844349,,https://www.linkedin.com/jobs/view/4452621622,2026-09-24,27,27 applicants,,matched,title,2026-10-02,2026-10-02T11:35:00,2026-10-03,,9,startDate+linkedin,true,0,,,,,Publishing Platform,2026-09-24,,false,19,164318,184558,184558,subset,Software Engineer II
REQ-0010335,"Staff Software Engineer - Teamfight Tactics, Mobile",riotgames,Riot Games,,Posted 8 Days Ago,,,"Los Angeles, USA",1,"Los Angeles, USA",false,,United States,,0,"<p>Riot engineers bring deep expertise in specific technical areas while valuing opportunities to work across a broad range of domains. As Software Engineers, we work with both established and emerging technologies, creating scalable and sustainable solutions to complex technical challenges while delivering meaningful value to players.</p>
<p>As a <strong>Staff Software Engineer, Mobile (C++ / Unreal)</strong> on the <strong>Teamfight Tactics</strong> team, you will work as part of a multidisciplinary team of engineers, artists, designers, QA, and other partners to build and support key areas of the game, with a particular focus on iOS and Android. You will primarily work in C++, while applying your native iOS and/or Android expertise to develop features, diagnose complex mobile-specific issues, and resolve engine and platform problems impacting the player experience. You will also help shape technical direction and engineering practices for mobile development across the team. You will report to an Engineering Manager on the CoreTech team.</p>
<h2>Responsibilities:</h2>
<ul>
<li>Design, implement, and maintain C++ systems and features supporting our game on mobile platforms.</li>
<li>Diagnose and resolve complex issues spanning game code, Unreal Engine, native mobile platforms, and platform-specific integrations.</li>
<li>Partner with multidisciplinary teams to deliver high-quality features and experiences for players on iOS and Android.</li>
<li>Provide technical leadership for mobile engineering, helping drive architectural decisions and solutions to complex or ambiguous technical problems.</li>
<li>Influence engineering best practices within and beyond the team, including technical design reviews, coding standards, code reviews, tooling, testing, and build and deployment processes.</li>
<li>Improve the performance, stability, reliability, and maintainability of the mobile game experience.</li>
<li>Develop sustainable solutions that improve the health of the codebase and leave systems better than you found them.</li>
<li>Collaborate with technical and non-technical partners to understand requirements, evaluate tradeoffs, and deliver effective solutions.</li>
<li>Mentor engineers and help raise the technical capabilities of the broader team.</li>
<li>Participate in the team's on-call and support rotation.</li>
</ul>
<h2>Required Qualifications: </h2>
<ul>
<li>6+ years of professional software engineering experience in mobile, game development, or related fields.</li>
<li>Significant professional experience developing and debugging native applications or systems on iOS and/or Android.</li>
<li>Strong proficiency with C++, including experience using C++ in a mobile, game, or performance-sensitive environment.</li>
<li>Experience diagnosing complex issues that cross application, engine, platform, and native-code boundaries.</li>
<li>Experience debugging, profiling, and optimizing mobile applications or games, including performance, memory, stability, and device-specific issues.</li>
<li>Experience working with a game engine such as Unreal Engine or Unity.</li>
<li>Demonstrated ability to lead technical initiatives, make architectural decisions, and solve complex problems with broad or ambiguous requirements.</li>
<li>Experience collaborating across disciplines such as Engineering, Design, Art, QA, and Production.</li>
<li>Ability to work collaboratively with teams distributed across multiple time zones.</li>
<li>Product sense, pragmatism, and player empathy when making technical decisions.</li>
<li>Familiarity with iterative development methodologies such as Agile, Scrum, or equivalent development practices.</li>
<li>BS in Computer Science, or proven understanding of Computer Science fundamentals</li>
</ul>
<h2>Desired Qualifications:</h2>
<ul>
<li>Familiarity with Teamfight Tactics.</li>
<li>Deep expertise in native iOS and/or Android development, including platform APIs, application lifecycle, build systems, debugging tools, and platform-specific performance considerations.</li>
<li>Experience developing with Unreal Engine, including debugging or extending engine-level C++ systems.</li>
<li>Experience investigating and resolving issues at the boundary between Unreal Engine and native mobile platforms.</li>
<li>Experience with mobile build, packaging, deployment, and release pipelines.</li>
</ul>
<p><em>For this role, you'll find success through craft expertise, a collaborative spirit, and decision-making that prioritizes the delight of players. We will be looking at your past studies, experience, and your personal relationship with games. If you embody player empathy and care about players' experiences, this could be your role!</em></p>
<p> </p>
<h2><strong>Our Perks:</strong></h2>
<p>Riot focuses on work/life balance, shown by our open paid time off policy and other perks such as flexible work schedules. We offer medical, dental, and life insurance, parental leave for you, your spouse/domestic partner, and children, and a 401k with company match. Check out our <a href=""https://www.riotgames.com/en/work-with-us/overview""><strong>benefits pages</strong></a> for more information.</p>
<p>At Riot Games, we <a class=""c-link"" href=""https://www.riotgames.com/en/who-we-are/values"" target=""_blank"" data-stringify-link=""https://www.riotgames.com/en/who-we-are/values"" data-sk=""tooltip_parent"">put players first</a>. That mission drives every decision in our quest to create games and experiences that make it better to be a player. Whether you’re working directly on a new player-facing experience or you’re supporting the company as a whole, everyone at Riot is part of our mission. And just like in our games, we’re better when we work together. Our goal is to create collaborative teams where you are empowered to bring your unique perspective everyday. If that sounds like the kind of place you want to work, we’re looking forward to your application.</p>
<p> </p>
<p><em>It’s our policy to provide equal employment opportunity for all applicants and members of Riot Games, Inc. Riot Games makes reasonable accommodations for handicapped and disabled Rioters and does not unlawfully discriminate on the basis of race, color, religion, sex, sexual orientation, gender identity or expression, national origin, age, handicap, veteran status, marital status, criminal history, or any other category protected by applicable federal and state law. We consider for employment all qualified applicants, including those with criminal histories, in a manner consistent with applicable federal, state and local law, including the California Fair Chance Act, the City of Los Angeles Fair Chance Initiative for Hiring Ordinance, the Los Angeles County Fair Chance Ordinance for Employers, the San Francisco Fair Chance Ordinance, and the Washington Fair Chance Act.</em></p>
<p><em>Per the Los Angeles County Fair Chance Ordinance, the following core duties may create a basis for disqualifying candidates with relevant criminal histories:</em></p>
<ul>
<li><em>Safeguarding confidential and sensitive Company data </em></li>
<li><em>Communication with others, including Rioters and third parties such as vendors, and/or players, including minors</em></li>
<li><em>Accessing Company assets, secure digital systems, and networks</em></li>
<li><em>Ensuring a safe interactive environment for players and other Rioters</em></li>
</ul>
<p><em>These duties are directly related to essential operations, safety, trust, and compliance obligations within our organization. Please note that job duties may evolve based on business needs and additional responsibilities may be assigned as necessary to maintain operational efficiency and security. </em></p>",7727,https://www.riotgames.com/en/work-with-us/job/8225544?gh_jid=8225544,,https://www.linkedin.com/jobs/view/4469707292,2026-09-24,25,among first 25,,matched,title,2026-10-02,2026-10-02T11:35:06,2026-10-03,,9,startDate+linkedin,true,0,,,,,League Studio,2026-09-24,,true,19,164318,184558,184558,subset,Software Engineer II
REQ-0010326,"Staff Software Engineer, Tools (Full-Stack) - Central Creative",riotgames,Riot Games,,Posted 2 Days Ago,,,"Los Angeles, USA",1,"Los Angeles, USA",false,,United States,,0,"<p>Riot engineers bring deep knowledge of specific technical areas but also value the opportunity to work in a variety of broader domains. As a Staff Software Engineer, you’ll drive important technical initiatives and provide other engineers with a clear illustration of extraordinary engineering.  We work with both new and current technology, creating innovative solutions to overcome high-volume obstacles and to deliver player value.</p>
<p>As a <strong>Staff Software Engineer (Full-Stack) </strong>on the Central Creative Tools team, you will work closely with artists, discipline leads, and other engineers to gather requirements and implement the long-term vision for the team’s tooling.  In this role you will be hands-on in conceptualizing, planning, implementing, and maintaining the tools that power content creation workflows utilizing Digital Asset Management (DAM) to make creatives more efficient. You will report to the Director of Technical Art on the team.</p>
<h2>Responsibilities:</h2>
<ul>
<li>Implement the foundational elements of the studio’s Digital Asset Management (DAM) system to support each game team’s creative tools ecosystem</li>
<li>Be hands-on in development, writing excellent code that sets a high standard for other engineers.</li>
<li>Evaluate, integrate, and operate AI-assisted engineering tools that improve code quality, reliability, security, performance, and developer productivity across the software delivery lifecycle</li>
<li>Lead the technical execution of multi-month to year-plus work efforts across the business unit, holding teams to established standards.</li>
<li>Help teams navigate ambiguity and complexity by breaking down problems, identifying risks, and clearly communicating trade-offs.</li>
<li>Implement the technical vision, architecture, and execution for the tools engineering team in accordance with overall goals of team leadership.</li>
<li>Collaborate effectively with production, design, art, and other engineering teams to deliver tools that are purpose-driven, robust, and scalable</li>
<li>Champion tooling best practices across multiple teams including design, tech art, UX, and gameplay engineering</li>
<li>Review and identify new and shared developer tooling technologies, both internal and external, as possible opportunities for the team</li>
<li>Provide documentation and trainings on new tools and workflows to internal customers</li>
<li>Partner with game developers, infrastructure engineers, and QA teams to align release processes with development needs.</li>
</ul>
<h2>Required Qualifications: </h2>
<ul>
<li>6+ years of professional experience in software engineering, including experience delivering live or shipped products at scale</li>
<li>Experience supporting AI/ML platforms, inference services, model-serving systems, data pipelines, or GPU-backed workloads</li>
<li>3+ years working on game development tools</li>
<li>Experience in Unreal Engine and awareness of upcoming tools from Epic</li>
<li>B.S. in computer science or equivalent experience</li>
<li>Proven ability to navigate ambiguity and influence cross-functional stakeholders</li>
<li>Strong communication skills across technical and non-technical audiences</li>
<li>Knowledge within a diverse set of public cloud technologies: AWS RDS, S3, EC2, etc.</li>
<li>Proficiency in GoLang, C++ and C#, and familiarity with Java / Typescript.</li>
<li>Experience working with large game teams and large code bases</li>
<li>Experience collaborating with teammates across multiple disciplines</li>
</ul>
<h2>Desired Qualifications:</h2>
<ul>
<li>Experience working in Digital Asset Management (DAM) systems</li>
<li>Experience of working with desktop applications</li>
<li>Professional experience creating tools in Unreal 5</li>
<li>Experience collaborating with teammates across multiple disciplines</li>
<li>Product sense, pragmatism, and player empathy in making tech decisions</li>
</ul>
<p><em>For this role, you'll find success through craft expertise, a collaborative spirit, and decision-making that prioritizes the delight of players. We will be looking at your past studies, experience, and your personal relationship with games. If you embody player empathy and care about players' experiences, this could be your role!</em></p>
<h2><strong>Our Perks:</strong></h2>
<p>Riot focuses on work/life balance, shown by our open paid time off policy and other perks such as flexible work schedules. We offer medical, dental, and life insurance, parental leave for you, your spouse/domestic partner, and children, and a 401k with company match. Check out our <a href=""https://www.riotgames.com/en/work-with-us/overview""><strong>benefits pages</strong></a> for more information.</p>
<p>At Riot Games, we <a class=""c-link"" href=""https://www.riotgames.com/en/who-we-are/values"" target=""_blank"" data-stringify-link=""https://www.riotgames.com/en/who-we-are/values"" data-sk=""tooltip_parent"">put players first</a>. That mission drives every decision in our quest to create games and experiences that make it better to be a player. Whether you’re working directly on a new player-facing experience or you’re supporting the company as a whole, everyone at Riot is part of our mission. And just like in our games, we’re better when we work together. Our goal is to create collaborative teams where you are empowered to bring your unique perspective everyday. If that sounds like the kind of place you want to work, we’re looking forward to your application.</p>
<p><em>It’s our policy to provide equal employment opportunity for all applicants and members of Riot Games, Inc. Riot Games makes reasonable accommodations for handicapped and disabled Rioters and does not unlawfully discriminate on the basis of race, color, religion, sex, sexual orientation, gender identity or expression, national origin, age, handicap, veteran status, marital status, criminal history, or any other category protected by applicable federal and state law. We consider for employment all qualified applicants, including those with criminal histories, in a manner consistent with applicable federal, state and local law, including the California Fair Chance Act, the City of Los Angeles Fair Chance Initiative for Hiring Ordinance, the Los Angeles County Fair Chance Ordinance for Employers, the San Francisco Fair Chance Ordinance, and the Washington Fair Chance Act.</em></p>
<p><em>Per the Los Angeles County Fair Chance Ordinance, the following core duties may create a basis for disqualifying candidates with relevant criminal histories:</em></p>
<ul>
<li><em>Safeguarding confidential and sensitive Company data </em></li>
<li><em>Communication with others, including Rioters and third parties such as vendors, and/or players, including minors</em></li>
<li><em>Accessing Company assets, secure digital systems, and networks</em></li>
<li><em>Ensuring a safe interactive environment for players and other Rioters</em></li>
</ul>
<p><em>These duties are directly related to essential operations, safety, trust, and compliance obligations within our organization. Please note that job duties may evolve based on business needs and additional responsibilities may be assigned as necessary to maintain operational efficiency and security. </em></p>",7274,https://www.riotgames.com/en/work-with-us/job/8221973?gh_jid=8221973,,https://www.linkedin.com/jobs/view/4472389079,2026-10-01,25,among first 25,,matched,title,2026-10-02,2026-10-02T11:36:51,2026-10-03,,2,startDate+linkedin,true,0,,,,,Creative Tools,2026-10-01,,true,19,164318,184558,184558,subset,Software Engineer II
REQ-0010327,"Staff Software Engineer, Tools (Services) - Central Creative",riotgames,Riot Games,,Posted 2 Days Ago,,,"Los Angeles, USA",1,"Los Angeles, USA",false,,United States,,0,"<p>Riot engineers bring deep knowledge of specific technical areas but also value the opportunity to work in a variety of broader domains. As a Staff Software Engineer, you’ll drive important technical initiatives and provide other engineers with a clear illustration of extraordinary engineering.  We work with both new and current technology, creating innovative solutions to overcome high-volume obstacles and to deliver player value.</p>
<p>As a <strong>Staff Software Engineer (Services)</strong> on the Central Creative Tools team, you will work closely with artists, discipline leads, and other engineers to gather requirements and implement the long-term vision for the team’s tooling.  In this role you will be hands-on in conceptualizing, planning, implementing, and maintaining the tools that power content creation workflows utilizing Digital Asset Management (DAM) to make creatives more efficient. You will report to the Director of Technical Art on the team.</p>
<h2>Responsibilities:</h2>
<ul>
<li>Implement the foundational elements of the studio’s Digital Asset Management (DAM) system to support each game team’s creative tools ecosystem</li>
<li>Be hands-on in development, writing excellent code that sets a high standard for other engineers.</li>
<li>Evaluate, integrate, and operate AI-assisted engineering tools that improve code quality, reliability, security, performance, and developer productivity across the software delivery lifecycle</li>
<li>Implement new components and feature sets for our data platform solutions in multiple problem spaces including backend services, deployment, and monitoring</li>
<li>Help teams navigate ambiguity and complexity by breaking down problems, identifying risks, and clearly communicating trade-offs.</li>
<li>Champion the technical vision, architecture, and execution for the tools engineering team with production and management</li>
<li>Collaborate effectively with production, design, art, and other engineering teams to deliver tools that are purpose-driven, robust, and scalable</li>
<li>Provide documentation and trainings on new tools and workflows to internal customers</li>
<li>Partner with game developers, infrastructure engineers, and QA teams to align release processes with development needs.</li>
</ul>
<h2>Required Qualifications: </h2>
<ul>
<li>6+ years of professional experience in software engineering, including experience delivering live or shipped products at scale</li>
<li>3+ years working on game development tools</li>
<li>Experience supporting AI/ML platforms, inference services, model-serving systems, data pipelines, or GPU-backed workloads</li>
<li>Experience with distributed system architectures and with maintaining large scale cloud services within a diverse set of public cloud technologies: AWS RDS, S3, EC2, etc.</li>
<li>B.S. in computer science or equivalent experience</li>
<li>Proven ability to navigate ambiguity and influence cross-functional stakeholders</li>
<li>Strong communication skills across technical and non-technical audiences</li>
<li>Proficiency in GoLang, Java, C++ and C#.</li>
<li>Experience working with large game teams</li>
<li>Experience working with large code bases</li>
<li>Experience collaborating with teammates across multiple disciplines</li>
</ul>
<h2>Desired Qualifications:</h2>
<ul>
<li>Experience working in Digital Asset Management (DAM) systems</li>
<li>Experience of working with desktop applications</li>
<li>Experience collaborating with teammates across multiple disciplines</li>
<li>Product sense, pragmatism, and player empathy in making tech decisions</li>
</ul>
<p><em>For this role, you'll find success through craft expertise, a collaborative spirit, and decision-making that prioritizes the delight of players. We will be looking at your past studies, experience, and your personal relationship with games. If you embody player empathy and care about players' experiences, this could be your role!</em></p>
<h2><strong>Our Perks:</strong></h2>
<p>Riot focuses on work/life balance, shown by our open paid time off policy and other perks such as flexible work schedules. We offer medical, dental, and life insurance, parental leave for you, your spouse/domestic partner, and children, and a 401k with company match. Check out our <a href=""https://www.riotgames.com/en/work-with-us/overview""><strong>benefits pages</strong></a> for more information.</p>
<p>At Riot Games, we <a class=""c-link"" href=""https://www.riotgames.com/en/who-we-are/values"" target=""_blank"" data-stringify-link=""https://www.riotgames.com/en/who-we-are/values"" data-sk=""tooltip_parent"">put players first</a>. That mission drives every decision in our quest to create games and experiences that make it better to be a player. Whether you’re working directly on a new player-facing experience or you’re supporting the company as a whole, everyone at Riot is part of our mission. And just like in our games, we’re better when we work together. Our goal is to create collaborative teams where you are empowered to bring your unique perspective everyday. If that sounds like the kind of place you want to work, we’re looking forward to your application.</p>
<p><em>It’s our policy to provide equal employment opportunity for all applicants and members of Riot Games, Inc. Riot Games makes reasonable accommodations for handicapped and disabled Rioters and does not unlawfully discriminate on the basis of race, color, religion, sex, sexual orientation, gender identity or expression, national origin, age, handicap, veteran status, marital status, criminal history, or any other category protected by applicable federal and state law. We consider for employment all qualified applicants, including those with criminal histories, in a manner consistent with applicable federal, state and local law, including the California Fair Chance Act, the City of Los Angeles Fair Chance Initiative for Hiring Ordinance, the Los Angeles County Fair Chance Ordinance for Employers, the San Francisco Fair Chance Ordinance, and the Washington Fair Chance Act.</em></p>
<p><em>Per the Los Angeles County Fair Chance Ordinance, the following core duties may create a basis for disqualifying candidates with relevant criminal histories:</em></p>
<ul>
<li><em>Safeguarding confidential and sensitive Company data </em></li>
<li><em>Communication with others, including Rioters and third parties such as vendors, and/or players, including minors</em></li>
<li><em>Accessing Company assets, secure digital systems, and networks</em></li>
<li><em>Ensuring a safe interactive environment for players and other Rioters</em></li>
</ul>
<p><em>These duties are directly related to essential operations, safety, trust, and compliance obligations within our organization. Please note that job duties may evolve based on business needs and additional responsibilities may be assigned as necessary to maintain operational efficiency and security. </em></p>",6949,https://www.riotgames.com/en/work-with-us/job/8221975?gh_jid=8221975,,https://www.linkedin.com/jobs/view/4472390019,2026-10-01,25,among first 25,,matched,title,2026-10-02,2026-10-02T11:34:47,2026-10-03,,2,startDate+linkedin,true,0,,,,,Creative Tools,2026-10-01,,true,19,164318,184558,184558,subset,Software Engineer II
REQ-0010088,Systems Engineer (Esports),riotgames,Riot Games,,Posted 101 Days Ago,,,"Los Angeles, USA",1,"Los Angeles, USA",false,,United States,,0,"<p>At Riot Games, we’re committed to delivering unforgettable esports experiences to fans around the globe. Riot engineers bring deep knowledge of specific technical areas but also value the opportunity to work across multiple domains. As a <strong>Systems Engineer </strong>in the Esports Event Technology (EET) Team, you will support a team focused on building, supporting and maintaining the infrastructure, tooling and applications that power Riot's esports events around the world. You will work in a self-guiding, cross-functional team with highly skilled individuals to ensure that Riot's infrastructure is capable of supporting all Riot Esports initiatives. </p>
<p>This role may require international travel to support global and regional events. Expected travel ranges from 10% to 40% depending on event schedules and business needs.</p>
<h2>Responsibilities:</h2>
<ul>
<li>Act as the SME for core infrastructure systems, platforms, and services</li>
<li>Design, support and evolve our global esports infrastructure</li>
<li>Collaborate within a diverse, cross functional team across engineering and operations</li>
<li>Develop technical standards and enable operations teams through documentation, automation, and coaching</li>
<li>Participate in global event support as needed, including occasional non standard working hours</li>
</ul>
<h2>Required Qualifications:</h2>
<ul>
<li>5+ years as a Systems, Support or Infrastructure Engineering roles </li>
<li>Experience with Ansible and Terraform for automation and configuration management</li>
<li>Experience building and maintaining CI/CD pipelines (e.g., Jenkins)</li>
<li>Experience with virtualization technologies (e.g., VMware, Hyper-V, Proxmox, AHV).</li>
<li>Experience designing and operating containerized workloads (e.g., Docker)</li>
<li>Experience with imaging and deployment tools (e.g., FOG, SCCM, Autopilot)</li>
<li>Expertise in Linux and Windows systems</li>
<li>Track record of reducing operational toil through automation<br><br></li>
</ul>
<h2>Desired Qualifications:</h2>
<ul>
<li>Experience building or maintaining global infrastructure, systems at scale</li>
<li>Experience defining and implementing monitoring, alerting, and observability standards</li>
<li>Proficiency in scripting and automation (e.g., PowerShell, Bash)</li>
<li>Experience using Git for version control</li>
<li>Experience with operating infrastructure in cloud platforms (e.g., AWS, Azure)</li>
<li>Relevant certifications such as RHCE or RHCSA, or equivalent hands-on experience, are a plus</li>
</ul>
<p><em>For this role, you'll find success through craft expertise, a collaborative spirit, and decision-making that prioritizes the delight of players. We will be looking at your past studies, experience, and your personal relationship with games. If you embody player empathy and care about the experiences of players, this could be the role for you!</em></p>
<h2><strong>Our Perks:</strong></h2>
<p>Riot focuses on work/life balance, shown by our open paid time off policy and other perks such as flexible work schedules. We offer medical, dental, and life insurance, parental leave for you, your spouse/domestic partner, and children, and a 401k with company match. Check out our <a href=""https://www.riotgames.com/en/work-with-us/overview""><strong>benefits pages</strong></a> for more information.</p>
<p>At Riot Games, we <a class=""c-link"" href=""https://www.riotgames.com/en/who-we-are/values"" target=""_blank"" data-stringify-link=""https://www.riotgames.com/en/who-we-are/values"" data-sk=""tooltip_parent"">put players first</a>. That mission drives every decision in our quest to create games and experiences that make it better to be a player. Whether you’re working directly on a new player-facing experience or you’re supporting the company as a whole, everyone at Riot is part of our mission. And just like in our games, we’re better when we work together. Our goal is to create collaborative teams where you are empowered to bring your unique perspective everyday. If that sounds like the kind of place you want to work, we’re looking forward to your application.</p>
<p> </p>
<p><em>It’s our policy to provide equal employment opportunity for all applicants and members of Riot Games, Inc. Riot Games makes reasonable accommodations for handicapped and disabled Rioters and does not unlawfully discriminate on the basis of race, color, religion, sex, sexual orientation, gender identity or expression, national origin, age, handicap, veteran status, marital status, criminal history, or any other category protected by applicable federal and state law. We consider for employment all qualified applicants, including those with criminal histories, in a manner consistent with applicable federal, state and local law, including the California Fair Chance Act, the City of Los Angeles Fair Chance Initiative for Hiring Ordinance, the Los Angeles County Fair Chance Ordinance for Employers, the San Francisco Fair Chance Ordinance, and the Washington Fair Chance Act.</em></p>
<p><em>Per the Los Angeles County Fair Chance Ordinance, the following core duties may create a basis for disqualifying candidates with relevant criminal histories:</em></p>
<ul>
<li><em>Safeguarding confidential and sensitive Company data </em></li>
<li><em>Communication with others, including Rioters and third parties such as vendors, and/or players, including minors</em></li>
<li><em>Accessing Company assets, secure digital systems, and networks</em></li>
<li><em>Ensuring a safe interactive environment for players and other Rioters</em></li>
</ul>
<p><em>These duties are directly related to essential operations, safety, trust, and compliance obligations within our organization. Please note that job duties may evolve based on business needs and additional responsibilities may be assigned as necessary to maintain operational efficiency and security. </em></p>",5915,https://www.riotgames.com/en/work-with-us/job/8011835?gh_jid=8011835,,https://www.linkedin.com/jobs/view/4452620749,2026-09-23,200,Over 200 applicants,,matched,title,2026-10-02,2026-10-02T11:34:16,2026-10-03,,10,startDate+linkedin,true,0,,,,,Global Production Services,2026-09-23,,true,,,,,,
REQ-0010348,"Technical Producer II, Infrastructure - Central Technology",riotgames,Riot Games,,Posted 4 Days Ago,,,"Los Angeles, USA",1,"Los Angeles, USA",false,,United States,,0,"<p>As Technical Producers at Riot, we lead passionate technical teams to create products and experiences that want to achieve maximum developer and player value. We guide development, smash through obstacles, and push projects across the finish line while making sure that our teams are sustainable and have a great collaborative environment.</p>
<p>As a <strong>Technical Producer II</strong> on the Riot Infrastructure team, you'll drive direction and delivery across the platforms the rest of Riot ships on: live game services in every region, internal tools Rioters build to do their jobs, and a fast-growing set of AI workloads. Much of the work ahead is extending those platforms to support emergent or underserved use cases, and you'll help decide what that should look like. You'll partner closely with engineering leads across Infrastructure and the teams across Riot who depend on what we deliver.</p>
<h2>Responsibilities:</h2>
<ul>
<li>Help shape product experiences that make it easier for teams to build, deploy, operate, and scale systems globally.</li>
<li>Provide input on how our platforms need to evolve as AI adoption accelerates.</li>
<li>Support all development phases of infrastructure products, platforms, services, and operational experiences.</li>
<li>Own requirements for your problem area: what to build, what ""good"" looks like, and how we'll know we got there.</li>
<li>Work with engineering to design against user requirements, evaluate trade-offs, and pressure-test implementations.</li>
<li>Coordinate dependencies and escalate risks and blockers appropriately, with context and a proposed path forward.</li>
<li>Use customer feedback, product signals, test results, and operational data to validate problems and drive priorities.</li>
<li>Monitor product and service health, including user experience, cost, usage, performance, and operational effort, and help turn signals into improvements.</li>
<li>Improve team practices and product feedback loops so decisions are clearer, delivery is more predictable, and customer experience is more consistent.</li>
</ul>
<h2>Required Qualifications: </h2>
<ul>
<li>4+ years of experience as a technical producer, product manager, or project manager, or in a comparable role supporting a technical product, platform, or service.</li>
<li>Bachelor's degree in computer science or a related field, or equivalent experience.</li>
<li>Competent understanding of technical systems, tools, and engineering practices in at least one relevant infrastructure or platform area.</li>
<li>Ability to understand technical requirements and how technical choices affect reliability, operations, and developer and player experience.</li>
<li>Ability to set product and technical requirements within a defined space and evaluate designs or architecture against those requirements.</li>
<li>Ability to identify and explain technical tradeoffs and their cost, operational, and customer impact to a technical and non-technical audience.</li>
<li>Demonstrated judgment in facilitating technical decisions with engineering, infrastructure, and game-team leadership.</li>
<li>Experience owning a roadmap, product plan, or execution plan through more than one stage of the product lifecycle, including launch and post-launch improvement.</li>
<li>Ability to define success criteria and use feedback, metrics, and operational data to guide prioritization and delivery.</li>
<li>Strong written and verbal communication and follow-through with partners and customers.</li>
</ul>
<h2>Desired Qualifications:</h2>
<ul>
<li>Experience with infrastructure, cloud, developer tooling, or live-service products.</li>
<li>Demonstrated judgment in facilitating technical decisions with engineering, infrastructure, and game-team leadership.</li>
<li>Experience serving engineers, game developers, or other internal customers and incorporating their feedback into product decisions.</li>
<li>Experience improving developer productivity, operational quality, or self-service for a central platform.</li>
<li>Experience applying data, experimentation, automation, or AI-enabled workflows to deliver customer value or improve efficiency.</li>
<li>Experience working across infrastructure and game teams in a globally distributed, high-scale, or live-service environment.</li>
</ul>
<p><em>For this role, you'll find success through craft expertise, a collaborative spirit, and decision-making that prioritizes your fellow Rioters, who are the customers of your work. Being a dedicated fan of games is not necessary for this position!</em></p>
<h2><strong>Our Perks:</strong></h2>
<p>Riot focuses on work/life balance, shown by our open paid time off policy and other perks such as flexible work schedules. We offer medical, dental, and life insurance, parental leave for you, your spouse/domestic partner, and children, and a 401k with company match. Check out our <a href=""https://www.riotgames.com/en/work-with-us/overview""><strong>benefits pages</strong></a> for more information.</p>
<p>At Riot Games, we <a class=""c-link"" href=""https://www.riotgames.com/en/who-we-are/values"" target=""_blank"" data-stringify-link=""https://www.riotgames.com/en/who-we-are/values"" data-sk=""tooltip_parent"">put players first</a>. That mission drives every decision in our quest to create games and experiences that make it better to be a player. Whether you’re working directly on a new player-facing experience or you’re supporting the company as a whole, everyone at Riot is part of our mission. And just like in our games, we’re better when we work together. Our goal is to create collaborative teams where you are empowered to bring your unique perspective everyday. If that sounds like the kind of place you want to work, we’re looking forward to your application.</p>
<p><em>It’s our policy to provide equal employment opportunity for all applicants and members of Riot Games, Inc. Riot Games makes reasonable accommodations for handicapped and disabled Rioters and does not unlawfully discriminate on the basis of race, color, religion, sex, sexual orientation, gender identity or expression, national origin, age, handicap, veteran status, marital status, criminal history, or any other category protected by applicable federal and state law. We consider for employment all qualified applicants, including those with criminal histories, in a manner consistent with applicable federal, state and local law, including the California Fair Chance Act, the City of Los Angeles Fair Chance Initiative for Hiring Ordinance, the Los Angeles County Fair Chance Ordinance for Employers, the San Francisco Fair Chance Ordinance, and the Washington Fair Chance Act.</em></p>
<p><em>Per the Los Angeles County Fair Chance Ordinance, the following core duties may create a basis for disqualifying candidates with relevant criminal histories:</em></p>
<ul>
<li><em>Safeguarding confidential and sensitive Company data </em></li>
<li><em>Communication with others, including Rioters and third parties such as vendors, and/or players, including minors</em></li>
<li><em>Accessing Company assets, secure digital systems, and networks</em></li>
<li><em>Ensuring a safe interactive environment for players and other Rioters</em></li>
</ul>
<p><em>These duties are directly related to essential operations, safety, trust, and compliance obligations within our organization. Please note that job duties may evolve based on business needs and additional responsibilities may be assigned as necessary to maintain operational efficiency and security. </em></p>",7561,https://www.riotgames.com/en/work-with-us/job/8234677?gh_jid=8234677,,https://www.linkedin.com/jobs/view/4471214121,2026-09-28,38,38 applicants,,matched,title,2026-10-02,2026-10-02T11:34:11,2026-10-03,,5,startDate+linkedin,true,0,,,,,Riot Technology,2026-09-28,,false,,,,,,
REQ-0010358,"Technical Producer II - League of Legends, Tech & Tools",riotgames,Riot Games,,Posted 2 Days Ago,,,"Los Angeles, USA",1,"Los Angeles, USA",false,,United States,,0,"<p>Technical Producers at Riot lead passionate development teams to create products and experiences that want to achieve maximum developer and player value. We guide development, smash through obstacles, and push projects across the finish line while making sure that our teams are sustainable and have a great collaborative environment.</p>
<p>As a <strong>Technical Producer II on the League Engine</strong>, you will lead a team to deliver crucial tools & systems used to develop League of Legends.  You will be the custodian of strong delivery processes internal to the team and ensure that collaboration with external teams runs smoothly. You will oversee product backlogs, delivery, build work systems, maintain execution, and provide leadership with visibility on complex deliverables.  You will also ensure the team works at a sustainable pace while navigating changing product requirements. You will report to the Manager of Technical Production.</p>
<h2>Responsibilities:</h2>
<ul>
<li>Run the day to day production, operation, and development processes for the team</li>
<li>Improve work systems, team performance metrics, and goal setting</li>
<li>Assess the team's health and composition to ensure that the team is set up for success</li>
<li>Increase efficiency in how we do development through simplification and standardization</li>
<li>Gauge feasibility of product roadmap and partner with product and engineering leaders to right-size product scope and timelines</li>
<li>Partner with the Product Lead, Engineering Manager, Technical Lead and greater Program Leadership to help develop the technical product vision and execute the development strategy for the team</li>
<li>Create and contribute ideas to areas beyond your immediate ownership across different teams and disciplines</li>
<li>Drive delivery excellence across the team by mentoring developers on production practices and processes</li>
</ul>
<h2>Required Qualifications: </h2>
<ul>
<li>Minimum of 4 years of experience as a Producer, Product Manager, or Development Manager on medium to large technical teams</li>
<li>Bachelor's degree in Computer Science or a related field, or equivalent experience with strong technical knowledge and problem-solving skills</li>
<li>Excellent team leadership and ability to execute technical product vision</li>
<li>Experience applying Agile and Lean development processes such as Scrum and Kanban</li>
<li>Strong working knowledge in Jira use, configuration, and limitations</li>
<li>Proven ability to navigate complex partner relationships to ensure alignment across multiple development teams</li>
</ul>
<h2>Desired Qualifications:</h2>
<ul>
<li>Game development / understanding of how artists, engineers, and game designers build assets and game features for a modern game</li>
<li>Shipping and/or operating a game as a live service</li>
<li>Familiarity with Riot’s Games and League of Legends</li>
</ul>
<p><em>For this role, you'll find success through craft expertise, a collaborative spirit, and decision-making that prioritizes the delight of players. We will be looking at your past studies, experience, and your personal relationship with games. If you embody player empathy and care about players' experiences, this could be your role!</em></p>
<h2><strong>Our Perks:</strong></h2>
<p>Riot focuses on work/life balance, shown by our open paid time off policy and other perks such as flexible work schedules. We offer medical, dental, and life insurance, parental leave for you, your spouse/domestic partner, and children, and a 401k with company match. Check out our <a href=""https://www.riotgames.com/en/work-with-us/overview""><strong>benefits pages</strong></a> for more information.</p>
<p>At Riot Games, we <a class=""c-link"" href=""https://www.riotgames.com/en/who-we-are/values"" target=""_blank"" data-stringify-link=""https://www.riotgames.com/en/who-we-are/values"" data-sk=""tooltip_parent"">put players first</a>. That mission drives every decision in our quest to create games and experiences that make it better to be a player. Whether you’re working directly on a new player-facing experience or you’re supporting the company as a whole, everyone at Riot is part of our mission. And just like in our games, we’re better when we work together. Our goal is to create collaborative teams where you are empowered to bring your unique perspective everyday. If that sounds like the kind of place you want to work, we’re looking forward to your application.</p>
<p> </p>
<p><em>It’s our policy to provide equal employment opportunity for all applicants and members of Riot Games, Inc. Riot Games makes reasonable accommodations for handicapped and disabled Rioters and does not unlawfully discriminate on the basis of race, color, religion, sex, sexual orientation, gender identity or expression, national origin, age, handicap, veteran status, marital status, criminal history, or any other category protected by applicable federal and state law. We consider for employment all qualified applicants, including those with criminal histories, in a manner consistent with applicable federal, state and local law, including the California Fair Chance Act, the City of Los Angeles Fair Chance Initiative for Hiring Ordinance, the Los Angeles County Fair Chance Ordinance for Employers, the San Francisco Fair Chance Ordinance, and the Washington Fair Chance Act.</em></p>
<p><em>Per the Los Angeles County Fair Chance Ordinance, the following core duties may create a basis for disqualifying candidates with relevant criminal histories:</em></p>
<ul>
<li><em>Safeguarding confidential and sensitive Company data </em></li>
<li><em>Communication with others, including Rioters and third parties such as vendors, and/or players, including minors</em></li>
<li><em>Accessing Company assets, secure digital systems, and networks</em></li>
<li><em>Ensuring a safe interactive environment for players and other Rioters</em></li>
</ul>
<p><em>These duties are directly related to essential operations, safety, trust, and compliance obligations within our organization. Please note that job duties may evolve based on business needs and additional responsibilities may be assigned as necessary to maintain operational efficiency and security. </em></p>",6268,https://www.riotgames.com/en/work-with-us/job/8241802?gh_jid=8241802,,https://www.linkedin.com/jobs/view/4472368954,2026-10-01,25,among first 25,,matched,title,2026-10-02,2026-10-02T11:37:35,2026-10-03,,2,startDate+linkedin,true,0,,,,,League Studio,2026-10-01,,true,,,,,,
REQ-0010116,"Technical Producer II - Publishing Platform, Commerce",riotgames,Riot Games,,Posted 73 Days Ago,,,"Los Angeles, USA; Mercer Island, USA",1,"Los Angeles, USA; Mercer Island, USA",false,,United States,,0,"<p>Technical Producers at Riot lead passionate technical teams to create products and experiences that achieve maximum player and fan value. They guide development, clear blockers, create processes, and push projects across the finish line while making sure that the teams are sustainable and have a great collaborative environment.</p>
<p>As a <strong>Technical Producer II</strong> for the Commerce Initiative teams on Publishing Platform, you will be the custodian of strong delivery processes for a team that uses a mix of internal development and external partners. You will report to the Senior Manager, Production and will partner with Product and Engineering Managers to drive efficiency, accuracy and accountability for planned and emergent initiatives. You will ensure stakeholder visibility as you track progress, deliver features, mitigate risks and help organize priorities. You will be responsible for ensuring roadmaps are accurate, delivery meets quality expectations and team health is maintained.</p>
<h2>Responsibilities:</h2>
<ul>
<li>Lead the production practice for the team.</li>
<li>Execute work systems, monitor team health, and drive efficiency to ensure team delivery success.</li>
<li>Gauge feasibility of product roadmap and partner with product and engineering leaders to mitigate risks, right-size product scope and establish realistic timelines.</li>
<li>Partner with the Product Lead, Engineering Manager, and Designers to help develop the technical product vision and execute the development strategy for the team.</li>
<li>Create and contribute ideas to areas beyond your immediate ownership across different teams and disciplines.</li>
<li>Identify dependencies with external teams and coordinate to ensure they are delivered on time.</li>
<li>Communicate team health and progress to the organization through regular reporting rituals.</li>
<li>Provide essential product feedback and insight to the team and leadership through playtesting and other feedback mechanisms</li>
<li>Manage stakeholder expectations through interpreting and communicating stages to invested audiences</li>
</ul>
<h2>Required Qualifications: </h2>
<ul>
<li>4+ years of experience leading development and delivery efforts for medium-to-large teams</li>
<li>Experience working with engineers to deliver technical features, specifically on services and tools</li>
<li>Experience working with teams, especially remote, across multiple disciplines, time zones, and cultures</li>
<li>Interest in developing deep understanding of Riot’s Games as a player</li>
<li>Bachelor's degree in Computer Science or a related field, or equivalent experience with strong technical knowledge and problem-solving skills.</li>
<li>Experience working on technical initiatives and digital product development with a capability to engage with customers and development teams in technical discussions</li>
<li>Experience leading teams through feature development using agile methodologies (planning, execution, delivery, post-release support)</li>
<li>Extremely organized with proficiency in Jira, Notion and other project management tools</li>
</ul>
<h2>Desired Qualifications:</h2>
<ul>
<li>Experience working in med-large size organizations where collaboration across organizational boundaries is critical to success.</li>
<li>Experience with Product and Design tools such as Miro and Figma</li>
</ul>
<p><em>For this role, you'll find success through craft expertise, a collaborative spirit, and decision-making that prioritizes your fellow Rioters, who are the customers of your work. Being a dedicated fan of games is not necessary for this position!</em></p>
<h2><strong>Our Perks:</strong></h2>
<p>Riot focuses on work/life balance, shown by our open paid time off policy and other perks such as flexible work schedules. We offer medical, dental, and life insurance, parental leave for you, your spouse/domestic partner, and children, and a 401k with company match. Check out our <a href=""https://www.riotgames.com/en/work-with-us/overview""><strong>benefits pages</strong></a> for more information.</p>
<p>At Riot Games, we <a class=""c-link"" href=""https://www.riotgames.com/en/who-we-are/values"" target=""_blank"" data-stringify-link=""https://www.riotgames.com/en/who-we-are/values"" data-sk=""tooltip_parent"">put players first</a>. That mission drives every decision in our quest to create games and experiences that make it better to be a player. Whether you’re working directly on a new player-facing experience or you’re supporting the company as a whole, everyone at Riot is part of our mission. And just like in our games, we’re better when we work together. Our goal is to create collaborative teams where you are empowered to bring your unique perspective everyday. If that sounds like the kind of place you want to work, we’re looking forward to your application.</p>
<p> </p>
<p><em>It’s our policy to provide equal employment opportunity for all applicants and members of Riot Games, Inc. Riot Games makes reasonable accommodations for handicapped and disabled Rioters and does not unlawfully discriminate on the basis of race, color, religion, sex, sexual orientation, gender identity or expression, national origin, age, handicap, veteran status, marital status, criminal history, or any other category protected by applicable federal and state law. We consider for employment all qualified applicants, including those with criminal histories, in a manner consistent with applicable federal, state and local law, including the California Fair Chance Act, the City of Los Angeles Fair Chance Initiative for Hiring Ordinance, the Los Angeles County Fair Chance Ordinance for Employers, the San Francisco Fair Chance Ordinance, and the Washington Fair Chance Act.</em></p>
<p><em>Per the Los Angeles County Fair Chance Ordinance, the following core duties may create a basis for disqualifying candidates with relevant criminal histories:</em></p>
<ul>
<li><em>Safeguarding confidential and sensitive Company data </em></li>
<li><em>Communication with others, including Rioters and third parties such as vendors, and/or players, including minors</em></li>
<li><em>Accessing Company assets, secure digital systems, and networks</em></li>
<li><em>Ensuring a safe interactive environment for players and other Rioters</em></li>
</ul>
<p><em>These duties are directly related to essential operations, safety, trust, and compliance obligations within our organization. Please note that job duties may evolve based on business needs and additional responsibilities may be assigned as necessary to maintain operational efficiency and security. </em></p>",6645,https://www.riotgames.com/en/work-with-us/job/8049863?gh_jid=8049863,,https://www.linkedin.com/jobs/view/4457798636,2026-09-18,97,97 applicants,,matched,title,2026-10-02,2026-10-02T11:34:40,2026-10-03,,15,startDate+linkedin,true,0,,,,,Publishing Platform,2026-09-18,,false,,,,,,
REQ-0010250,Senior VFX Artist - Unpublished R&D Product,Riot Games,Riot Games,,Posted 1 Days Ago,,,"Los Angeles, USA",1,"Los Angeles, USA",false,,united states,,0,"<p>As part of the Real-Time VFX team, you’ll design and help implement the sleek, dynamic and dramatic special effects that add atmosphere and depth to gameplay. With your experience, you’ll create aesthetically astounding visual effects that communicate essential game information. You’ll use your artistic and technical skills to breathe life into undead spells, channel primal emotions and capture the essence of hundreds of champions.</p>
<p>As a<strong> Senior VFX Artist </strong>on the Riot Discovery Studio (RDS) team, you will report to the Sr. VFX Manager and play a key role on a small VFX team delivering high-spectacle gameplay experiences. Under the direction of the VFX Lead, you will use your creative and technical expertise to design, execute, and implement a wide range of gameplay and environmental visual effects. You’ll partner closely with VFX, Design, and other disciplines to establish best practices, champion visual quality and gameplay clarity, and translate your expertise into scalable solutions as the team transitions into production. Beyond asset creation, you will help strengthen the VFX discipline by sharing craft expertise, leading discipline initiatives, and serving as a bridge between VFX and cross-functional partners. You will also support team leadership with operational and discipline-development efforts that help the team work effectively and sustainably. RDS operates in a highly iterative environment, so you’ll need to navigate ambiguity and respond thoughtfully to frequent shifts in content, creative direction, and priorities. As the team continues to define its VFX direction and production practices, your work and expertise will directly influence the quality bar and help establish what great VFX looks like for the product.</p>
<h2><strong>Responsibilities:</strong></h2>
<ul>
<li>Design and deliver polished, dynamic visual effects that enhance atmosphere, depth, and gameplay while aligning with the project’s creative and stylistic goals.</li>
<li>Balance visual impact with gameplay clarity, ensuring effects accurately communicate actions, states, and player-facing information.</li>
<li>Autonomously create high-quality VFX by applying a broad range of craft skills, including painting, drawing, animation, and modeling as needed.</li>
<li>Establish and apply VFX best practices and scalable solutions, such as VFX theme kits, that support a broad range of production and product goals.</li>
<li>Represent the VFX discipline across cross-functional teams, providing subject matter expertise and advocating for the needs, capabilities, and opportunities of visual effects to have maximum player impact.</li>
<li>Uphold VFX craft quality standards through mentorship, constructive feedback, documentation, and accountability within the discipline.</li>
<li>Collaborate closely and proactively with VFX teammates, balancing complementary expertise and contributing to the ongoing development of the team and discipline.</li>
<li>When possible, contribute to the broader Riot VFX community by shaping initiatives, sharing expertise, and advancing discipline-wide goals.</li>
<li>Support healthy and effective team operations by participating in team rituals, meeting commitments and deadlines, identifying opportunities for improvement, and assisting product leadership with operational needs when necessary.</li>
<li>Take ownership of professional growth by maintaining and regularly engaging with a development plan in partnership with your manager.</li>
</ul>
<h2><strong>Required Skills:</strong></h2>
<ul>
<li>BA in Game Art Development (or equivalent experience)</li>
<li>5+ years of games industry experience as a real-time VFX Artist</li>
<li>5+ years of professional experience and use of Unreal, Unity, or any relevant game engine</li>
<li>Proficiency with relevant DCC tools such as Maya, Photoshop, or Substance Designer, and implementation of this work into a game engine. </li>
<li>Professional experience working on immersive, fast-paced, VFX that informs visual choices while maintaining clean, crisp gameplay readability</li>
<li>Experience mentoring and supporting other artists, providing thoughtful feedback and guidance, and collaborating effectively across disciplines. </li>
</ul>
<h2><strong>Desired Skills:</strong></h2>
<ul>
<li>Developing VFX for various platforms (i.e. PC, console, etc.) </li>
<li>Proficiency using Adobe Animate, AfterEffects, Houdini, FumeFX, Embergen, and Substance Painter</li>
</ul>
<p>As a part of the application process, candidates will be expected to provide a portfolio or demo reel of their work and may be asked to complete an art test.</p>
<p><em>For this role, you'll find success through craft expertise and a collaborative spirit that prioritizes the delight of players. We will look at your past studies and experience, but for this role, we also look for dedicated people with a personal relationship with games. If you embody player empathy and care about players' experiences, this is the role for you!</em></p>
<h2><strong>Our Perks:</strong></h2>
<p>Riot focuses on work/life balance, shown by our open paid time off policy and other perks such as flexible work schedules. We offer medical, dental, and life insurance, parental leave for you, your spouse/domestic partner, and children, and a 401k with company match. Check out our <a href=""https://www.riotgames.com/en/work-with-us/overview""><strong>benefits pages</strong></a> for more information.</p>
<p>At Riot Games, we <a class=""c-link"" href=""https://www.riotgames.com/en/who-we-are/values"" target=""_blank"" data-stringify-link=""https://www.riotgames.com/en/who-we-are/values"" data-sk=""tooltip_parent"">put players first</a>. That mission drives every decision in our quest to create games and experiences that make it better to be a player. Whether you’re working directly on a new player-facing experience or you’re supporting the company as a whole, everyone at Riot is part of our mission. And just like in our games, we’re better when we work together. Our goal is to create collaborative teams where you are empowered to bring your unique perspective everyday. If that sounds like the kind of place you want to work, we’re looking forward to your application.</p>
<p> </p>
<p><em>It’s our policy to provide equal employment opportunity for all applicants and members of Riot Games, Inc. Riot Games makes reasonable accommodations for handicapped and disabled Rioters and does not unlawfully discriminate on the basis of race, color, religion, sex, sexual orientation, gender identity or expression, national origin, age, handicap, veteran status, marital status, criminal history, or any other category protected by applicable federal and state law. We consider for employment all qualified applicants, including those with criminal histories, in a manner consistent with applicable federal, state and local law, including the California Fair Chance Act, the City of Los Angeles Fair Chance Initiative for Hiring Ordinance, the Los Angeles County Fair Chance Ordinance for Employers, the San Francisco Fair Chance Ordinance, and the Washington Fair Chance Act.</em></p>
<p><em>Per the Los Angeles County Fair Chance Ordinance, the following core duties may create a basis for disqualifying candidates with relevant criminal histories:</em></p>
<ul>
<li><em>Safeguarding confidential and sensitive Company data </em></li>
<li><em>Communication with others, including Rioters and third parties such as vendors, and/or players, including minors</em></li>
<li><em>Accessing Company assets, secure digital systems, and networks</em></li>
<li><em>Ensuring a safe interactive environment for players and other Rioters</em></li>
</ul>
<p><em>These duties are directly related to essential operations, safety, trust, and compliance obligations within our organization. Please note that job duties may evolve based on business needs and additional responsibilities may be assigned as necessary to maintain operational efficiency and security. </em></p>",8032,https://www.riotgames.com/en/work-with-us/job/8148791?gh_jid=8148791,,https://www.linkedin.com/jobs/view/4473402291,2026-10-03,25,among first 25,,matched,,2026-10-03,2026-10-03T12:32:40,2026-10-03,,0,startDate+linkedin,true,0,,,,,,2026-10-03,,true,,,,,,
REQ-0010366,Senior Brand Manager,Riot Games,Riot Games,,Posted 1 Days Ago,,,"Los Angeles, USA",1,"Los Angeles, USA",false,,united states,,0,"<p>As a Senior Brand Manager on VALORANT, you will independently architect end-to-end global brand strategies, lead complex campaign planning, and provide high-level creative stewardship across marquee multi-platform publishing beats.  While this role primarily anchors our core PC and Console campaign ecosystem (major Episode/Act beats, Agent launches, skinline moments, and competitive beats), you will also step in to lead or support marquee cross-platform initiatives including VALORANT Mobile in China, as well as cross-ecosystem beats. </p>
<p>You will operate with high autonomy—shaping full-year campaign roadmaps, setting strategic positioning, guiding matrixed teams, and continuously challenging creative partners to elevate work beyond status-quo norms.</p>
<h3><strong>Key Responsibilities</strong></h3>
<ul>
<li><strong>Brand Strategy & Positioning:</strong> Define and drive end-to-end global campaign strategy, and player journey design for VALORANT’s major live-service, esports, and platform beats.</li>
<li><strong>Gold-Standard Briefing & Creative Stewardship:</strong> Deliver decision-enabling, insight-driven campaign briefs. Partner directly with Creative, Production, and Craft leads, continuously challenging creative execution throughout production to maintain an elevated quality bar.</li>
<li><strong>Cross-Functional & Regional Leadership:</strong> Guide matrixed cross-functional teams (Production, Comms, Social, Influencer, Growth, Dev, Esports) and steward Regional Brand Leads across global publishing hubs to ensure regional relevance alongside global campaign cohesion.</li>
<li><strong>Measurement, Analysis & Optimization:</strong> Partner with Insights to establish campaign KPIs, evaluate post-campaign performance, and synthesize complex audience data into actionable learnings that inform future full-year publishing roadmaps.</li>
<li><strong>Full-Year Campaign & Budget Management:</strong> Manage publishing budgets for owned workstreams, prioritize resources under ambiguity, and build full-year campaign roadmaps in alignment with game dev timelines.</li>
</ul>
<h3><strong>Required Qualifications</strong></h3>
<ul>
<li><strong>Experience:</strong> 5+ years of experience in brand strategy, game publishing, or marketing within gaming or entertainment, with a proven track record of full, end-to-end campaign ownership.</li>
<li><strong>PC & Console Ecosystem Focus:</strong> 3+ years directly engaging gaming audiences, with deep familiarity in live-service FPS, competitive shooters, or core PC/Console ecosystems.</li>
<li><strong>Large-Scale Campaign Leadership:</strong> Demonstrated experience leading complex, integrated marketing campaigns involving product marketing, community, social, esports, and external agencies.</li>
<li><strong>Strategic & Creative Rigor:</strong> Exceptional ability to write sharp, decision-enabling briefs and translate complex player insights into clear strategic direction.</li>
<li><strong>Cross-Functional Influence:</strong> Proven success guiding matrixed teams, resolving cross-departmental friction, and influencing senior stakeholders without relying on direct authority.</li>
</ul>
<h3><strong>Desired Qualifications</strong></h3>
<ul>
<li>Deep familiarity with the VALORANT IP, its competitive ecosystem, and tactical shooter culture.</li>
<li>Multi-platform publishing experience spanning PC, Console, and Mobile environments.</li>
<li>Prior experience working directly alongside game development teams within live-ops environments.</li>
</ul>
<p><em>For this role, you'll find success through craft expertise, a collaborative spirit, and decision-making that prioritizes the delight of players. We will be looking at your past studies, experience, and your personal relationship with games. If you embody player empathy and care about players' experiences, this could be your role!</em></p>
<h2><strong>Our Perks:</strong></h2>
<p>Riot focuses on work/life balance, shown by our open paid time off policy and other perks such as flexible work schedules. We offer medical, dental, and life insurance, parental leave for you, your spouse/domestic partner, and children, and a 401k with company match. Check out our<a href=""https://www.riotgames.com/en/work-with-us/overview""> <strong>benefits pages</strong></a> for more information.</p>
<p>At Riot Games, we <a href=""https://www.riotgames.com/en/who-we-are/values"">put players first</a>. That mission drives every decision in our quest to create games and experiences that make it better to be a player. Whether you’re working directly on a new player-facing experience or you’re supporting the company as a whole, everyone at Riot is part of our mission. And just like in our games, we’re better when we work together. Our goal is to create collaborative teams where you are empowered to bring your unique perspective everyday. If that sounds like the kind of place you want to work, we’re looking forward to your application.</p>
<p> </p>
<p><em>It’s our policy to provide equal employment opportunity for all applicants and members of Riot Games, Inc. Riot Games makes reasonable accommodations for handicapped and disabled Rioters and does not unlawfully discriminate on the basis of race, color, religion, sex, sexual orientation, gender identity or expression, national origin, age, handicap, veteran status, marital status, criminal history, or any other category protected by applicable federal and state law. We consider for employment all qualified applicants, including those with criminal histories, in a manner consistent with applicable federal, state and local law, including the California Fair Chance Act, the City of Los Angeles Fair Chance Initiative for Hiring Ordinance, the Los Angeles County Fair Chance Ordinance for Employers, the San Francisco Fair Chance Ordinance, and the Washington Fair Chance Act.</em></p>
<p><em>Per the Los Angeles County Fair Chance Ordinance, the following core duties may create a basis for disqualifying candidates with relevant criminal histories:</em></p>
<ul>
<li><em>Safeguarding confidential and sensitive Company data</em></li>
<li><em>Communication with others, including Rioters and third parties such as vendors, and/or players, including minors</em></li>
<li><em>Accessing Company assets, secure digital systems, and networks</em></li>
<li><em>Ensuring a safe interactive environment for players and other Rioters</em></li>
</ul>
<p><em>These duties are directly related to essential operations, safety, trust, and compliance obligations within our organization. Please note that job duties may evolve based on business needs and additional responsibilities may be assigned as necessary to maintain operational efficiency and security. </em></p>
<p><br><br><br></p>",6778,https://www.riotgames.com/en/work-with-us/job/8247937?gh_jid=8247937,,https://www.linkedin.com/jobs/view/4473172574,2026-10-02,26,26 applicants,,matched,,2026-10-03,2026-10-03T12:32:39,2026-10-03,,1,startDate+linkedin,true,0,,,,,,2026-10-02,,false,,,,,,
