reqId,title,company,hiringOrg,timeType,postedOn,startDate,postingAgeDays,primaryLocation,nLocations,locations,remoteFlag,stateCodes,country,questionnaireId,similarJobsCount,description,descriptionLength,url,detailError,linkedinUrl,linkedinPostedDate,numApplicants,applicantLabel,dateDeltaDays,corroborationStatus,matchMethod,firstSeenDate,corroboratedOn,dumpDate,endDate,daysOnMarket,daysOnMarketBasis,censored,repostCount,lastResetDate,applicationDeadline,daysLeftToApply,workerSubType,jobFamilyGroup,earliestEvidenceDate,crossSourceRepostEvidence,applicantCensored,h1bFilings,h1bWageP25,h1bWageP50,h1bWageP75,h1bMatchBasis,h1bMatchTitle
1826,Business Development Associate,weee,Weee! Inc,,Posted 11 Days Ago,,,"Houston, Texas, United States",1,"Houston, Texas, United States",false,,United States,,0,"<div class=""content-intro""><h3><strong>About Weee!</strong></h3>
<p><span style=""font-weight: 400;"">Weee! is the largest and fastest-growing ethnic e-grocer in the United States, operating in one of the largest underserved categories in retail with affordable access to exciting ethnic food. By partnering with local suppliers, redesigning the value chain and leveraging social buying, Weee! is reshaping the grocery business entirely. You can read more about us on </span><a href=""https://www.businessinsider.com/weee-softbank-grocery-delivery-425-million-series-e-4-billion-valuation-2022-2""><span style=""font-weight: 400;"">Business Insider</span></a><span style=""font-weight: 400;"">, </span><a href=""https://www.reuters.com/markets/us/e-grocer-weee-raises-425-million-funding-round-led-by-softbank-2022-02-28/""><span style=""font-weight: 400;"">Reuters</span></a><span style=""font-weight: 400;""> and </span><a href=""https://techcrunch.com/2022/02/28/weee-delivers-second-big-funding-round-in-a-year-this-time-backed-by-softbank/""><span style=""font-weight: 400;"">TechCrunch</span></a><span style=""font-weight: 400;"">.</span></p>
<p><span style=""font-weight: 400;"">Weee! is headquartered in Fremont, CA, and is currently available coast to coast with exceptional growth (5x YoY) across geographies, categories and ethnicities. We have raised $800M+ in funding to date from leading investors including <a href=""https://visionfund.com/portfolio"" target=""_blank"">Softbank Vision Funds</a>, </span><a href=""https://techcrunch.com/2020/08/17/weee-35-million-raise-from-dst/""><span style=""font-weight: 400;"">DST</span></a><span style=""font-weight: 400;"">, Blackstone, Tiger Global, Lightspeed Ventures, Goodwater Capital, XVC and iFly. The opportunity now is to join a rocketship as we prepare for the next stage of growth, and an eventual public listing.</span></p></div><p><strong>This role is onsite 5 days a week in Houston, TX</strong></p>
<p><strong>About the Role</strong></p>
<p>As a Business Development Associate, you will be responsible for growing the regional sales and revenue of the local marketplace. In order to do so, you will be procuring famous/popular local restaurants, bakeries and other food providers, reaching out to potential partners, closing the deal and onboard them. You are starting at an exciting time while having the opportunity to build on the momentum and work with cross-functional teams and our global team.</p>
<p><strong>Responsibilities</strong></p>
<ul>
<li>Research, establish relationships and engage with local restaurants and bakeries to enhance the local marketplace assortment.</li>
<li>Own and drive GMV growth in your region.</li>
<li>Identify business challenges, implement strategies to expand vendor partnerships, and grow revenue.</li>
<li>Continuously identify strategies to expand the vendor base and grow business revenue.</li>
<li>Collaborate with BD manager and vendors to develop effective promotions, and take initiatives on operational improvements. </li>
<li>Guide vendors in ensuring product listing accuracy on Weee’s platform</li>
<li>Gather feedback from vendors and effectively communicate to the BD manager, technology, product, and customer service teams to improve the platform and address concerns.</li>
<li>Partner with the marketing team to create compelling promotional banners and content.</li>
<li>Partner with the local operations team to ensure smooth daily activities.</li>
</ul>
<p><strong>Qualifications</strong></p>
<ul>
<li>Customer focused with a sales driven mindset</li>
<li>Adapt to new situations quickly and think on your feet</li>
<li>Skilled at motivating potential partners to see the benefits Weee!’s local marketplace platform</li>
<li>Sales experience in a fast-paced or startup environment preferred</li>
<li>Bilingual proficiency in Chinese and English preferred, to effectively communicate with vendor communities.</li>
</ul>
<p><strong>Benefits</strong></p>
<ul>
<li style=""font-weight: 400;""><span style=""font-weight: 400;"">Comprehensive health insurance package, including medical, dental, and vision.  PPO/HMO packages</span></li>
<li style=""font-weight: 400;""><span style=""font-weight: 400;"">401k, 4% company match</span></li>
<li style=""font-weight: 400;""><span style=""font-weight: 400;"">Equity and Bonus </span></li>
<li style=""font-weight: 400;""><span style=""font-weight: 400;"">Vacation, sick and holiday time off</span></li>
<li style=""font-weight: 400;""><span style=""font-weight: 400;"">Monthly mobile stipend</span></li>
<li style=""font-weight: 400;""><span style=""font-weight: 400;"">Monthly Weee! Points credits</span></li>
</ul>
<p><strong>Compensation Range</strong></p>
<ul>
<li>The US base salary range for this full-time position is $60,000 - $69,000</li>
<li>This role may be eligible to discretionary bonus, incentives and benefits </li>
<li>Our salary ranges are determined by role, level, and location</li>
</ul>
<p>The range displayed on each job posting reflects the minimum and maximum base salary for new hires for the position across all US locations. Within the range, individual pay is determined by multiple factors like job-related skills, experience and work locations. Your recruiter can share more about the specific salary range during the hiring process.</p>
<p>Please note that the compensation details listed in US role postings reflect the base salary only, and do not include any variable compensation elements.</p>
<p>Weee! is an equal opportunity employer welcoming all qualified applicants regardless of race, color, religion, sex, sexual orientation, gender identity, national origin, disability status, protected veteran status or any other basis prohibited by law.  Discrimination or harassment of any kind is not tolerated at Weee!. If you need to inquire about an accommodation or need assistance with completing the application, please email us at <a href=""mailto:applicantaccommodation@sayweee.com"" target=""_blank"">applicantaccommodation@sayweee.com</a>.</p>
<p><span style=""font-weight: 400;"">For more jobs and to find out more about Weee!, visit our career page: </span><a href=""https://about.sayweee.com/careers""><span style=""font-weight: 400;"">https://about.sayweee.com/careers</span></a></p><div class=""content-conclusion""><p><a href=""https://visionfund.com/portfolio"" target=""_blank"">Softbank Vision Funds</a></p>
<p><a href=""https://docs.google.com/document/d/1B0nGJBXSOloNJs_-pU_cPFUnQ_Lbhru6IwxvFL79mJc/edit?tab=t.0"">California Employee Privacy Policy Intro/FAQ  3.19.2026</a></p>
<p><a href=""https://docs.google.com/document/d/1fbLf8JguJ_Da11Tr9LUfUrbTX9ZiVhz5/edit"">Weee! Privacy Policy for California Employees Applicants Contractors (March 2026)</a></p></div>",6712,https://job-boards.greenhouse.io/weee/jobs/7993314003,,https://www.linkedin.com/jobs/view/4468781386,2026-09-22,25,among first 25,,matched,title,2026-10-02,2026-10-02T11:28:23,2026-10-02,,10,startDate+linkedin,true,0,,,,,Local Marketplace,2026-09-22,,true,,,,,,
1830,Facility Manager,weee,Weee! Inc,,Posted 3 Days Ago,,,"Clifton, New Jersey, United States",1,"Clifton, New Jersey, United States",false,,United States,,0,"<div class=""content-intro""><h3><strong>About Weee!</strong></h3>
<p><span style=""font-weight: 400;"">Weee! is the largest and fastest-growing ethnic e-grocer in the United States, operating in one of the largest underserved categories in retail with affordable access to exciting ethnic food. By partnering with local suppliers, redesigning the value chain and leveraging social buying, Weee! is reshaping the grocery business entirely. You can read more about us on </span><a href=""https://www.businessinsider.com/weee-softbank-grocery-delivery-425-million-series-e-4-billion-valuation-2022-2""><span style=""font-weight: 400;"">Business Insider</span></a><span style=""font-weight: 400;"">, </span><a href=""https://www.reuters.com/markets/us/e-grocer-weee-raises-425-million-funding-round-led-by-softbank-2022-02-28/""><span style=""font-weight: 400;"">Reuters</span></a><span style=""font-weight: 400;""> and </span><a href=""https://techcrunch.com/2022/02/28/weee-delivers-second-big-funding-round-in-a-year-this-time-backed-by-softbank/""><span style=""font-weight: 400;"">TechCrunch</span></a><span style=""font-weight: 400;"">.</span></p>
<p><span style=""font-weight: 400;"">Weee! is headquartered in Fremont, CA, and is currently available coast to coast with exceptional growth (5x YoY) across geographies, categories and ethnicities. We have raised $800M+ in funding to date from leading investors including <a href=""https://visionfund.com/portfolio"" target=""_blank"">Softbank Vision Funds</a>, </span><a href=""https://techcrunch.com/2020/08/17/weee-35-million-raise-from-dst/""><span style=""font-weight: 400;"">DST</span></a><span style=""font-weight: 400;"">, Blackstone, Tiger Global, Lightspeed Ventures, Goodwater Capital, XVC and iFly. The opportunity now is to join a rocketship as we prepare for the next stage of growth, and an eventual public listing.</span></p></div><p><strong>This role is onsite 5 days a week in Clifton, NJ</strong></p>
<p><strong>Facility Manager</strong></p>
<p><strong>About the role</strong></p>
<p>As a Facility Manager, you are responsible for making sure systems of the built environment, or facility, work harmoniously. You make sure the places in which people work, play, learn and live are safe, comfortable, productive and sustainable. You will contribute to the organization’s bottom line through your responsibility for maintaining what are often an organization’s largest and most valuable assets, such as property, buildings, equipment and other environments that house personnel, productivity, inventory and other elements of operation.</p>
<p><strong>Responsibilities:</strong></p>
<p><strong>Safety and compliance</strong></p>
<ul>
<li>Uphold OSHA, EPA and site safety standards and industry codes at both sites</li>
<li>Own fire and life safety: fire suppression, sprinkler and alarm testing</li>
<li>Share accountability for OSHA Process Safety Management (PSM) and EPA Risk Management Program (RMP) compliance for the Clifton ammonia system</li>
<li>Enforce lock-out/tag-out and safe work practices; act as a HazMat responder when needed</li>
<li>Own the Safety Data Sheet (SDS) binder at both sites</li>
</ul>
<p><strong>Maintenance and building systems</strong></p>
<ul>
<li>Build and run a preventative maintenance and life-cycle program for HVAC and other facility systems to cut unplanned downtime</li>
<li>Lead and document daily, weekly, monthly and annual inspections</li>
<li>Manage racking inspections and upkeep, plus trash and cardboard compactors</li>
<li>Advise on and track energy efficiency and sustainability initiatives</li>
</ul>
<p><strong>Powered industrial trucks (PIT)</strong></p>
<ul>
<li>Own PIT daily safety checks, preventative maintenance, and operator training and certification at both sites</li>
</ul>
<p><strong>Refrigeration co-management (Clifton)</strong></p>
<ul>
<li>Partner with the Chief Refrigeration Engineer on the ammonia freezer and glycol cooler systems, covering compliance, PM scheduling, budget and vendor coordination</li>
</ul>
<p><strong>Security and team leadership</strong></p>
<ul>
<li>Manage the security function and the facility/maintenance team at both sites, including staffing, training and performance</li>
<li>Train warehouse staff and supervisors on facility SOPs, PIT certification and emergency action procedures</li>
</ul>
<p><strong>Emergency response</strong></p>
<ul>
<li>Respond quickly to alarms, system failures, shutdowns and emergencies at either site, including off-hours</li>
<li>Maintain plans that reduce the impact of natural disasters and other disruptions</li>
</ul>
<p><strong>Vendors and budget</strong></p>
<ul>
<li>Procure bids, negotiate and review service contracts, and manage providers across both sites</li>
<li>Prepare and track facility budgets, expenses and maintenance costs; report regularly and drive cost-reduction initiatives</li>
</ul>
<p><strong>Qualifications</strong></p>
<ul>
<li>Bachelor's degree in Facilities Management, Facilities Engineering or related qualification such as project management, business management or construction management, or a related field</li>
<li>5+ years of work experience in a warehouse management role</li>
<li>Experience leading a security function and a facility/maintenance team</li>
<li>Working knowledge of OSHA safety, HazMat protocols and environmental compliance, including familiarity with OSHA PSM and EPA RMP for ammonia facilities</li>
<li>Experience running PIT programs: daily safety checks, preventative maintenance, and operator training and certification</li>
<li>Facility services experience across security, fire, janitorial and equipment maintenance</li>
<li>Strong electrical and mechanical troubleshooting skills for general facility systems</li>
<li>Experience managing facility budgets, contracts and vendors across multiple sites</li>
<li>Ability to partner well with technical specialists on systems outside your direct scope</li>
<li>Excellent organization, attention to detail, reporting and communication skills</li>
<li>Proficiency with Microsoft Office and Google Workspace</li>
<li>Ability to lift up to 50 lbs, climb ladders and work in cold/freezer environments</li>
<li>Availability to respond to emergencies 24/7 when required</li>
</ul>
<h2><span style=""font-size: 12pt;""><strong>Nice to have</strong></span></h2>
<ul>
<li>Working knowledge of ammonia refrigeration and/or glycol cooler systems</li>
<li>HazMat Responder certification</li>
<li>OSHA or Food Safety certification</li>
<li>Six Sigma (Green Belt) or project management certification</li>
</ul>
<p><strong>Benefits</strong></p>
<ul>
<li style=""font-weight: 400;""><span style=""font-weight: 400;"">Comprehensive health insurance package, including medical, dental, and vision.  PPO/HMO packages</span></li>
<li style=""font-weight: 400;""><span style=""font-weight: 400;"">401k, 4% company match</span></li>
<li style=""font-weight: 400;""><span style=""font-weight: 400;"">Equity and Bonus </span></li>
<li style=""font-weight: 400;""><span style=""font-weight: 400;"">Vacation, sick and holiday time off</span></li>
<li style=""font-weight: 400;""><span style=""font-weight: 400;"">Monthly mobile stipend</span></li>
<li style=""font-weight: 400;""><span style=""font-weight: 400;"">Monthly Weee! Points credits</span></li>
</ul>
<p><strong>Compensation Range</strong></p>
<ul>
<li>The US base salary range for this full-time position is $97,000 - $114,000</li>
<li>This role may be eligible to discretionary bonus, incentives and benefits </li>
<li>Our salary ranges are determined by role, level, and location</li>
</ul>
<p>The range displayed on each job posting reflects the minimum and maximum base salary for new hires for the position across all US locations. Within the range, individual pay is determined by multiple factors like job-related skills, experience and work locations. Your recruiter can share more about the specific salary range during the hiring process.</p>
<p>Please note that the compensation details listed in US role postings reflect the base salary only, and do not include any variable compensation elements.</p>
<p>Weee! is an equal opportunity employer welcoming all qualified applicants regardless of race, color, religion, sex, sexual orientation, gender identity, national origin, disability status, protected veteran status or any other basis prohibited by law.  Discrimination or harassment of any kind is not tolerated at Weee!. If you need to inquire about an accommodation or need assistance with completing the application, please email us at <a href=""mailto:applicantaccommodation@sayweee.com"" target=""_blank"">applicantaccommodation@sayweee.com</a>.</p>
<p><span style=""font-weight: 400;"">For more jobs and to find out more about Weee!, visit our career page: </span><a href=""https://about.sayweee.com/careers""><span style=""font-weight: 400;"">https://about.sayweee.com/careers</span></a></p>
<p><span style=""font-weight: 400;"">#INDWH</span></p><div class=""content-conclusion""><p><a href=""https://visionfund.com/portfolio"" target=""_blank"">Softbank Vision Funds</a></p>
<p><a href=""https://docs.google.com/document/d/1B0nGJBXSOloNJs_-pU_cPFUnQ_Lbhru6IwxvFL79mJc/edit?tab=t.0"">California Employee Privacy Policy Intro/FAQ  3.19.2026</a></p>
<p><a href=""https://docs.google.com/document/d/1fbLf8JguJ_Da11Tr9LUfUrbTX9ZiVhz5/edit"">Weee! Privacy Policy for California Employees Applicants Contractors (March 2026)</a></p></div>",9417,https://job-boards.greenhouse.io/weee/jobs/8005859003,,,,,,,no_match,,2026-10-02,,2026-10-02,,,,true,0,,,,,Regional Facilities,,,false,,,,,,
1728,ICQA II,weee,Weee! Inc,,Posted 330 Days Ago,,,"Landover, Maryland, United States",1,"Landover, Maryland, United States",false,,United States,,0,"<div class=""content-intro""><h3><strong>About Weee!</strong></h3>
<p><span style=""font-weight: 400;"">Weee! is the largest and fastest-growing ethnic e-grocer in the United States, operating in one of the largest underserved categories in retail with affordable access to exciting ethnic food. By partnering with local suppliers, redesigning the value chain and leveraging social buying, Weee! is reshaping the grocery business entirely. You can read more about us on </span><a href=""https://www.businessinsider.com/weee-softbank-grocery-delivery-425-million-series-e-4-billion-valuation-2022-2""><span style=""font-weight: 400;"">Business Insider</span></a><span style=""font-weight: 400;"">, </span><a href=""https://www.reuters.com/markets/us/e-grocer-weee-raises-425-million-funding-round-led-by-softbank-2022-02-28/""><span style=""font-weight: 400;"">Reuters</span></a><span style=""font-weight: 400;""> and </span><a href=""https://techcrunch.com/2022/02/28/weee-delivers-second-big-funding-round-in-a-year-this-time-backed-by-softbank/""><span style=""font-weight: 400;"">TechCrunch</span></a><span style=""font-weight: 400;"">.</span></p>
<p><span style=""font-weight: 400;"">Weee! is headquartered in Fremont, CA, and is currently available coast to coast with exceptional growth (5x YoY) across geographies, categories and ethnicities. We have raised $800M+ in funding to date from leading investors including <a href=""https://visionfund.com/portfolio"" target=""_blank"">Softbank Vision Funds</a>, </span><a href=""https://techcrunch.com/2020/08/17/weee-35-million-raise-from-dst/""><span style=""font-weight: 400;"">DST</span></a><span style=""font-weight: 400;"">, Blackstone, Tiger Global, Lightspeed Ventures, Goodwater Capital, XVC and iFly. The opportunity now is to join a rocketship as we prepare for the next stage of growth, and an eventual public listing.</span></p></div><p><strong>This role is onsite 5 days a week in Landover, MD</strong></p>
<p><strong>About the Role</strong></p>
<p>The ICQA Specialist II will be responsible for overall inventory accuracy and managing shrinkage , including investigating customer complaint cases related to the inventory issues within the Fulfillment Centers.  The location will be in Landover, MD</p>
<p><strong>Roles & Responsibilities</strong></p>
<ul>
<li>Lead day-to-day work direction for ICQA Cycle Counters and Specialist I associates, including task assignment, productivity monitoring, and coaching</li>
<li>Conduct advanced inventory discrepancy research and root cause analysis; develop and implement corrective action plans</li>
<li>Analyze operational trends and build reporting tools using advanced Excel capabilities and tableau capabilities</li>
<li>Supervise execution of cycle counts, bin audits, and quality checks to ensure operational accuracy and compliance</li>
<li>Facilitate training for warehouse associates on operational SOPs to improve inventory related metrics</li>
<li>Plan physical inventory events including planning, execution, and reconciliation</li>
<li>Improve inventory-related processes and collaborate with department leaders to enhance KPI performance</li>
<li>Ensure safety, food-safety, and compliance standards are upheld at all times</li>
<li>Communicate performance results and systemic issues to leadership with clear documentation and recommendations</li>
</ul>
<p><strong>Qualifications</strong></p>
<ul>
<li>Bachelor’s degree or equivalent experience.</li>
<li>5+ years of warehouse or operations experience, with at least 2 years focused in inventory management</li>
<li>Demonstrated experience providing task leadership, mentorship, or people-focused supervision</li>
<li>Advanced proficiency in spreadsheet and data analytics and visualization</li>
<li>Strong investigative and analytical skills with the ability to interpret complex data</li>
<li>Excellent verbal and written communication skills</li>
<li>Proven ability to work effectively under pressure, handle multiple priorities, and meet deadlines in a fast-paced environment</li>
<li>Experience supporting process improvement or continuous improvement initiatives preferred</li>
</ul>
<p><strong>Requirements</strong></p>
<ul>
<li>Ability to work 5 days onsite</li>
<li>Ability to work <strong>shift schedules</strong>, including nights, weekends and holidays as business needs</li>
<li>Must be able to work in <strong>freezer (-10°F to 32°F)</strong>, <strong>refrigerated</strong>, and <strong>ambient</strong> warehouse environments for extended periods</li>
<li>Must be able to lift and move up to <strong>50lbs</strong> and perform physically active work throughout the shift</li>
<li>Ability to stand, walk, bend, and reach for extended durations</li>
<li>Must demonstrate reliability, adaptability, and resilience in high-volume operational settings</li>
<li>Ability to reach above shoulder level at 72 inches (6 feet) without assistance</li>
<li>Ability to work at elevated heights up to 30 feet</li>
</ul>
<p><strong>Benefits</strong></p>
<ul>
<li style=""font-weight: 400;""><span style=""font-weight: 400;"">Comprehensive health insurance package, including medical, dental, and vision.  PPO/HMO packages</span></li>
<li style=""font-weight: 400;""><span style=""font-weight: 400;"">401k, 4% company match</span></li>
<li style=""font-weight: 400;""><span style=""font-weight: 400;"">Equity and Bonus </span></li>
<li style=""font-weight: 400;""><span style=""font-weight: 400;"">Vacation, sick and holiday time off</span></li>
<li style=""font-weight: 400;""><span style=""font-weight: 400;"">Monthly mobile stipend</span></li>
<li style=""font-weight: 400;""><span style=""font-weight: 400;"">Monthly Weee! Points credits</span></li>
</ul>
<p><strong>Compensation Range</strong></p>
<ul>
<li>The US base salary range for this full-time position is $53,000 - $63,000</li>
<li>This role may be eligible to discretionary bonus, incentives and benefits </li>
<li>Our salary ranges are determined by role, level, and location</li>
</ul>
<p>The range displayed on each job posting reflects the minimum and maximum base salary for new hires for the position across all US locations. Within the range, individual pay is determined by multiple factors like job-related skills, experience and work locations. Your recruiter can share more about the specific salary range during the hiring process.</p>
<p>Please note that the compensation details listed in US role postings reflect the base salary only, and do not include any variable compensation elements.</p>
<p><em>Weee! is an equal opportunity employer welcoming all qualified applicants regardless of race, color, religion, sex, sexual orientation, gender identity, national origin, disability status, protected veteran status or any other basis prohibited by law.  Discrimination or harassment of any kind is not tolerated at Weee!. If you need to inquire about an accommodation or need assistance with completing the application, please email us at </em><a href=""mailto:applicantaccommodation@sayweee.com""><em>applicantaccommodation@sayweee.com</em></a><em>.</em></p>
<p>For more jobs and to find out more about Weee!, visit our career page: <a href=""https://about.sayweee.com/careers"">https://about.sayweee.com/careers</a></p><div class=""content-conclusion""><p><a href=""https://visionfund.com/portfolio"" target=""_blank"">Softbank Vision Funds</a></p>
<p><a href=""https://docs.google.com/document/d/1B0nGJBXSOloNJs_-pU_cPFUnQ_Lbhru6IwxvFL79mJc/edit?tab=t.0"">California Employee Privacy Policy Intro/FAQ  3.19.2026</a></p>
<p><a href=""https://docs.google.com/document/d/1fbLf8JguJ_Da11Tr9LUfUrbTX9ZiVhz5/edit"">Weee! Privacy Policy for California Employees Applicants Contractors (March 2026)</a></p></div>",7686,https://job-boards.greenhouse.io/weee/jobs/7514868003,,,,,,,no_match,,2026-10-02,,2026-10-02,,,,true,0,,,,,Fulfillment Center Operations,,,false,,,,,,
1822,IT Specialist,weee,Weee! Inc,,Posted 39 Days Ago,,,"Milpitas, California, United States",1,"Milpitas, California, United States",false,,United States,,0,"<div class=""content-intro""><h3><strong>About Weee!</strong></h3>
<p><span style=""font-weight: 400;"">Weee! is the largest and fastest-growing ethnic e-grocer in the United States, operating in one of the largest underserved categories in retail with affordable access to exciting ethnic food. By partnering with local suppliers, redesigning the value chain and leveraging social buying, Weee! is reshaping the grocery business entirely. You can read more about us on </span><a href=""https://www.businessinsider.com/weee-softbank-grocery-delivery-425-million-series-e-4-billion-valuation-2022-2""><span style=""font-weight: 400;"">Business Insider</span></a><span style=""font-weight: 400;"">, </span><a href=""https://www.reuters.com/markets/us/e-grocer-weee-raises-425-million-funding-round-led-by-softbank-2022-02-28/""><span style=""font-weight: 400;"">Reuters</span></a><span style=""font-weight: 400;""> and </span><a href=""https://techcrunch.com/2022/02/28/weee-delivers-second-big-funding-round-in-a-year-this-time-backed-by-softbank/""><span style=""font-weight: 400;"">TechCrunch</span></a><span style=""font-weight: 400;"">.</span></p>
<p><span style=""font-weight: 400;"">Weee! is headquartered in Fremont, CA, and is currently available coast to coast with exceptional growth (5x YoY) across geographies, categories and ethnicities. We have raised $800M+ in funding to date from leading investors including <a href=""https://visionfund.com/portfolio"" target=""_blank"">Softbank Vision Funds</a>, </span><a href=""https://techcrunch.com/2020/08/17/weee-35-million-raise-from-dst/""><span style=""font-weight: 400;"">DST</span></a><span style=""font-weight: 400;"">, Blackstone, Tiger Global, Lightspeed Ventures, Goodwater Capital, XVC and iFly. The opportunity now is to join a rocketship as we prepare for the next stage of growth, and an eventual public listing.</span></p></div><p> </p>
<p><strong>This role is onsite 5 days a week in Milpitas, CA</strong></p>
<p>As a warehouse IT specialist, you will help us maintain networks, security camera systems, badge systems, alarm systems, printers, desktops, laptops, and other IT assets. A successful candidate should have experience in IT project coordination, a solid technical background, and strong organizational and analytical skills.</p>
<p><strong>Responsibilities</strong></p>
<ul>
<li>Provide daily Tier 1 IT support for warehouse operations, including network, laptop/desktop, warehouse badge/alarm system, barcode and Wi-Fi printer, scanner, touch screen, PDA, UPS, and other IT-related equipment.</li>
<li>Manage IT equipment inventory, IT assets, and in-house Warehouse Management System (WMS) user access privileges.</li>
<li>Maintain, repair/replace, and ensure all IT equipment is in good working condition, including preventative maintenance.</li>
<li>Perform Daily, Weekly, Monthly IT and Warehouse Inspections.</li>
<li>Support and maintain IT infrastructure, including WAN/LAN networks, Access Points, MDF/IDF, video conferences, SAN, NAS, surveillance systems, security cameras, and warehouse system-related IT servers, storage, and applications.</li>
<li>Support employee onboarding and offboarding.</li>
<li>Create basic floor plans and elevation diagrams for building, MDF/IDF, and IT Infrastructure.</li>
<li>Create simple project plans for IT Infrastructure and buildouts.</li>
<li>Write SOPs and user manuals and provide IT training to end users.</li>
<li>Participate in the local implementation of HQ projects.</li>
<li>Other projects or tasks assigned by IT and Warehouse Managers and/or /Directors</li>
</ul>
<p><strong>Qualifications</strong></p>
<ul>
<li>4+ years of relevant work experience in IT support.</li>
<li>Proficient computer networking skills, such as managing the IT server room network switch/firewall.</li>
<li>Experienced in computer troubleshooting skills (Windows, Mac OS)</li>
<li>Possess good analytical, troubleshooting, and problem-solving skills.</li>
<li>Experienced in security camera systems & badge systems.</li>
<li>Nimble and patient with good communication skills.</li>
<li>Works independently without supervision</li>
<li>Warehouse-related IT support experience is preferred.</li>
<li>CCNA or equivalent</li>
</ul>
<p><strong>Work Schedule: </strong></p>
<ul>
<li>Office Hours: Monday  -  Friday, 9 AM - 5 PM (Flexible schedule based upon business needs)</li>
<li>On-Call: Monday  -  Friday, 5 PM - 9 AM; Saturday - Sunday, 24 hours </li>
</ul>
<p><strong>Benefits</strong></p>
<ul>
<li style=""font-weight: 400;""><span style=""font-weight: 400;"">Comprehensive health insurance package, including medical, dental, and vision.  PPO/HMO packages</span></li>
<li style=""font-weight: 400;""><span style=""font-weight: 400;"">401k, 4% company match</span></li>
<li style=""font-weight: 400;""><span style=""font-weight: 400;"">Equity and Bonus </span></li>
<li style=""font-weight: 400;""><span style=""font-weight: 400;"">Vacation, sick and holiday time off</span></li>
<li style=""font-weight: 400;""><span style=""font-weight: 400;"">Monthly mobile stipend</span></li>
<li style=""font-weight: 400;""><span style=""font-weight: 400;"">Monthly Weee! Points credits</span></li>
</ul>
<p><strong>Compensation Range</strong></p>
<ul>
<li>The US base salary range for this full-time position is $72,000 - $85,000</li>
<li>This role may be eligible to discretionary bonus, incentives and benefits </li>
<li>Our salary ranges are determined by role, level, and location</li>
</ul>
<p>The range displayed on each job posting reflects the minimum and maximum base salary for new hires for the position across all US locations. Within the range, individual pay is determined by multiple factors like job-related skills, experience and work locations. Your recruiter can share more about the specific salary range during the hiring process.</p>
<p>Please note that the compensation details listed in US role postings reflect the base salary only, and do not include any variable compensation elements.</p>
<p>Weee! is an equal opportunity employer welcoming all qualified applicants regardless of race, color, religion, sex, sexual orientation, gender identity, national origin, disability status, protected veteran status or any other basis prohibited by law.  Discrimination or harassment of any kind is not tolerated at Weee!. If you need to inquire about an accommodation or need assistance with completing the application, please email us at <a href=""mailto:applicantaccommodation@sayweee.com"" target=""_blank"">applicantaccommodation@sayweee.com</a>.</p>
<p> </p><div class=""content-conclusion""><p><a href=""https://visionfund.com/portfolio"" target=""_blank"">Softbank Vision Funds</a></p>
<p><a href=""https://docs.google.com/document/d/1B0nGJBXSOloNJs_-pU_cPFUnQ_Lbhru6IwxvFL79mJc/edit?tab=t.0"">California Employee Privacy Policy Intro/FAQ  3.19.2026</a></p>
<p><a href=""https://docs.google.com/document/d/1fbLf8JguJ_Da11Tr9LUfUrbTX9ZiVhz5/edit"">Weee! Privacy Policy for California Employees Applicants Contractors (March 2026)</a></p></div>",7006,https://job-boards.greenhouse.io/weee/jobs/7966020003,,https://www.linkedin.com/jobs/view/4457414050,2026-09-15,91,91 applicants,,matched,title,2026-10-02,2026-10-02T11:28:21,2026-10-02,,17,startDate+linkedin,true,0,,,,,Regional IT,2026-09-15,,false,,,,,,
1824,Logistics Coordinator,weee,Weee! Inc,,Posted 31 Days Ago,,,"Clifton, New Jersey, United States",1,"Clifton, New Jersey, United States",false,,United States,,0,"<div class=""content-intro""><h3><strong>About Weee!</strong></h3>
<p><span style=""font-weight: 400;"">Weee! is the largest and fastest-growing ethnic e-grocer in the United States, operating in one of the largest underserved categories in retail with affordable access to exciting ethnic food. By partnering with local suppliers, redesigning the value chain and leveraging social buying, Weee! is reshaping the grocery business entirely. You can read more about us on </span><a href=""https://www.businessinsider.com/weee-softbank-grocery-delivery-425-million-series-e-4-billion-valuation-2022-2""><span style=""font-weight: 400;"">Business Insider</span></a><span style=""font-weight: 400;"">, </span><a href=""https://www.reuters.com/markets/us/e-grocer-weee-raises-425-million-funding-round-led-by-softbank-2022-02-28/""><span style=""font-weight: 400;"">Reuters</span></a><span style=""font-weight: 400;""> and </span><a href=""https://techcrunch.com/2022/02/28/weee-delivers-second-big-funding-round-in-a-year-this-time-backed-by-softbank/""><span style=""font-weight: 400;"">TechCrunch</span></a><span style=""font-weight: 400;"">.</span></p>
<p><span style=""font-weight: 400;"">Weee! is headquartered in Fremont, CA, and is currently available coast to coast with exceptional growth (5x YoY) across geographies, categories and ethnicities. We have raised $800M+ in funding to date from leading investors including <a href=""https://visionfund.com/portfolio"" target=""_blank"">Softbank Vision Funds</a>, </span><a href=""https://techcrunch.com/2020/08/17/weee-35-million-raise-from-dst/""><span style=""font-weight: 400;"">DST</span></a><span style=""font-weight: 400;"">, Blackstone, Tiger Global, Lightspeed Ventures, Goodwater Capital, XVC and iFly. The opportunity now is to join a rocketship as we prepare for the next stage of growth, and an eventual public listing.</span></p></div><p> </p>
<p>This role is onsite 5 days a week in Clifton, New Jersey</p>
<p><strong>About this Role</strong></p>
<p>Logistics Coordinator plays a vital role in working with the delivery drivers on a day to day basis.</p>
<p><strong>Responsibilities:</strong></p>
<ul>
<li>Identify the orders for the next day and create a route plan for deliveries using Weee's routing software</li>
<li>Partner with Talent Acquisition team to ensure sufficient driver pool ready for the business  </li>
<li>Ability to understand drivers performance and providing the necessary support</li>
<li>Suggest opportunities to reduce costs and improve fleet operations</li>
<li>Daily, weekly, monthly reporting in regards to delivery performance for the warehouse</li>
<li>Assist with administrative and contracting tasks as assigned </li>
<li>Ability to drive company vans to various maintenance vendors if needed </li>
<li>Ability to deliver packages if needed</li>
<li>Ability to perform basic fleet maintenance </li>
<li>Maintain the cleanliness of the fleet and warehouse</li>
</ul>
<p><strong>Qualifications</strong></p>
<ul>
<li>High school diploma, GED, or equivalent work experience required.</li>
<li>2+ years of logistic or Warehouse operations experience</li>
<li>1+ years of experience using Excel, Google Suite, use of AI Tools, and ability to handle large amounts of data, creating pivot tables, data visualization and make informed decision</li>
<li>Must have a valid driver license</li>
<li>Ability to lift up to 50lbs</li>
<li>Ability to deliver packages as needed</li>
<li>Ability to stand for long hours and adapt to extreme weather conditions</li>
<li>Ability to work one day on the weekends.</li>
</ul>
<p><strong>Company Benefits</strong></p>
<ul>
<li>Comprehensive health insurance package, including medical, dental, and vision. PPO/HMO packages</li>
<li>401k, 4% company match</li>
<li>Vacation, sick and holiday time off</li>
<li>Monthly Weee! Points credit and phone reimbursement</li>
<li>Great growth opportunity</li>
</ul>
<p><strong>Compensation Range</strong></p>
<ul>
<li>The US base pay range for this full-time position is $22-$27/hr</li>
<li>This role may be eligible to discretionary bonus, incentives and benefits</li>
<li>Our salary ranges are determined by role, level, and location</li>
</ul>
<p>The range displayed on each job posting reflects the minimum and maximum base salary for new hires for the position across all US locations. Within the range, individual pay is determined by multiple factors like job-related skills, experience and work locations. Your recruiter can share more about the specific salary range during the hiring process.</p>
<p>Please note that the compensation details listed in US role postings reflect the base salary only, and do not include any variable compensation elements.</p>
<p><em>Weee! is an equal opportunity employer welcoming all qualified applicants regardless of race, color, religion, sex, sexual orientation, gender identity, national origin, disability status, protected veteran status or any other basis prohibited by law.  Discrimination or harassment of any kind is not tolerated at Weee!. If you need to inquire about an accommodation or need assistance with completing the application, please email us at </em><a href=""mailto:applicantaccommodation@sayweee.com""><em>applicantaccommodation@sayweee.com</em></a><em>.</em></p>
<p>For more jobs and to find out more about Weee!, visit our career page: <a href=""https://about.sayweee.com/careers"">https://about.sayweee.com/careers</a></p>
<p> </p>
<p>#INDWH</p>
<p> </p><div class=""content-conclusion""><p><a href=""https://visionfund.com/portfolio"" target=""_blank"">Softbank Vision Funds</a></p>
<p><a href=""https://docs.google.com/document/d/1B0nGJBXSOloNJs_-pU_cPFUnQ_Lbhru6IwxvFL79mJc/edit?tab=t.0"">California Employee Privacy Policy Intro/FAQ  3.19.2026</a></p>
<p><a href=""https://docs.google.com/document/d/1fbLf8JguJ_Da11Tr9LUfUrbTX9ZiVhz5/edit"">Weee! Privacy Policy for California Employees Applicants Contractors (March 2026)</a></p></div>",5928,https://job-boards.greenhouse.io/weee/jobs/7979953003,,,,,,,no_match,,2026-10-02,,2026-10-02,,,,true,0,,,,,Logistics Operations,,,false,,,,,,
1820,"People Partner Generalist, Fulfillment Centers & Logistics ",weee,Weee! Inc,,Posted 88 Days Ago,,,"Houston, Texas, United States",1,"Houston, Texas, United States",false,,United States,,0,"<div class=""content-intro""><h3><strong>About Weee!</strong></h3>
<p><span style=""font-weight: 400;"">Weee! is the largest and fastest-growing ethnic e-grocer in the United States, operating in one of the largest underserved categories in retail with affordable access to exciting ethnic food. By partnering with local suppliers, redesigning the value chain and leveraging social buying, Weee! is reshaping the grocery business entirely. You can read more about us on </span><a href=""https://www.businessinsider.com/weee-softbank-grocery-delivery-425-million-series-e-4-billion-valuation-2022-2""><span style=""font-weight: 400;"">Business Insider</span></a><span style=""font-weight: 400;"">, </span><a href=""https://www.reuters.com/markets/us/e-grocer-weee-raises-425-million-funding-round-led-by-softbank-2022-02-28/""><span style=""font-weight: 400;"">Reuters</span></a><span style=""font-weight: 400;""> and </span><a href=""https://techcrunch.com/2022/02/28/weee-delivers-second-big-funding-round-in-a-year-this-time-backed-by-softbank/""><span style=""font-weight: 400;"">TechCrunch</span></a><span style=""font-weight: 400;"">.</span></p>
<p><span style=""font-weight: 400;"">Weee! is headquartered in Fremont, CA, and is currently available coast to coast with exceptional growth (5x YoY) across geographies, categories and ethnicities. We have raised $800M+ in funding to date from leading investors including <a href=""https://visionfund.com/portfolio"" target=""_blank"">Softbank Vision Funds</a>, </span><a href=""https://techcrunch.com/2020/08/17/weee-35-million-raise-from-dst/""><span style=""font-weight: 400;"">DST</span></a><span style=""font-weight: 400;"">, Blackstone, Tiger Global, Lightspeed Ventures, Goodwater Capital, XVC and iFly. The opportunity now is to join a rocketship as we prepare for the next stage of growth, and an eventual public listing.</span></p></div><p><strong>This role is onsite 5 days a week in Houston, TX</strong></p>
<p>This role partners closely with site leadership to deliver strong frontline people support.  This role ensures smooth day to day HR execution, high engagement and retention, effective employee relations, and full compliance while helping the operation scale through growth and change.  </p>
<h2><strong>Responsibilities</strong></h2>
<ul>
<li>Manage the employee lifecycle for Fulfillment Center, Logistics, and Regional employees from onboarding through offboarding, including orientation, performance management, corrective action, and terminations.</li>
<li>Serve as the on-site People Partner Generalist for TX sites with regional support across both locations providing daily HR support across benefits, payroll, attendance, policies, compliance, and employee relations.</li>
<li>Support implementation of corporate-wide policies, procedures, systems, and initiatives, including change management efforts such as WMS implementation and operational growth initiatives.</li>
<li>Provide coaching, direction, and counsel to frontline managers and supervisors to proactively anticipate, prevent, and resolve a wide range of HR issues; independently lead investigations and employee relations cases and escalate as needed to the Senior Manager, Employee Relations.</li>
<li>Manage workers’ compensation cases from incident through resolution in partnership with vendors, insurers, and the Insurance & Risk Manager.</li>
<li>Partner with site leadership to drive employee engagement and retention initiatives for frontline teams and reinforce leadership expectations around fair and consistent people management.</li>
<li>Identify trends in employee relations, attendance, safety, and turnover; proactively assess risk and recommend practical, business-aligned solutions.</li>
<li>Deliver, coordinate, and track required training to ensure compliance with local, state, OSHA, and company requirements; provide individual and group training on HR policies, procedures, performance management, and leadership capability.</li>
<li>Support program management efforts including Supervisor Trainee Program coordination, development plan tracking, compliance initiatives, and process improvement.</li>
<li>Answer and assist site leadership and regional teams with general HR questions and requests while ensuring compliance and consistency.</li>
<li>Assist with HR reporting, documentation, case tracking, and compliance records to maintain accurate and organized HR operations.</li>
</ul>
<p><strong>Qualifications</strong></p>
<ul>
<li>Bachelor’s Degree required or equivalent experience</li>
<li>2+ years of HR Generalist or People Partner experience in field-based, multi-site, fulfillment, logistics, or operational environments.</li>
<li>Experience managing day-to-day HR administration including employee relations, workers’ compensation, compliance, onboarding, and performance management.</li>
<li>Working knowledge of employment law and OSHA requirements.</li>
<li>Demonstrated ability to support hourly and frontline workforces in fast-paced operational settings.</li>
<li>Strong communication, prioritization, and problem-solving skills with the ability to balance empathy and firm, fair decision-making.</li>
<li>Highly organized with strong attention to detail, especially in case documentation and compliance tracking.</li>
<li>Self-starting, resourceful, and action-oriented with the ability to operate independently while knowing when to escalate.</li>
<li>Comfortable in high-growth, fast-moving, and sometimes ambiguous environments.</li>
<li>Ability to travel across TX locations; </li>
<li>Weekend work may be required.</li>
<li>HR certification (SHRM-CP or PHR) preferred.</li>
<li>Bilingual (English and Spanish or Mandarin) preferred</li>
</ul>
<p><strong>Benefits</strong></p>
<ul>
<li style=""font-weight: 400;""><span style=""font-weight: 400;"">Comprehensive health insurance package, including medical, dental, and vision.  PPO/HMO packages</span></li>
<li style=""font-weight: 400;""><span style=""font-weight: 400;"">401k, 4% company match</span></li>
<li style=""font-weight: 400;""><span style=""font-weight: 400;"">Equity and Bonus </span></li>
<li style=""font-weight: 400;""><span style=""font-weight: 400;"">Vacation, sick and holiday time off</span></li>
<li style=""font-weight: 400;""><span style=""font-weight: 400;"">Monthly mobile stipend</span></li>
<li style=""font-weight: 400;""><span style=""font-weight: 400;"">Monthly Weee! Points credits</span></li>
</ul>
<p><strong>Compensation Range</strong></p>
<ul>
<li>The US base salary range for this full-time position is $70,000 - $82,000</li>
<li>This role may be eligible to discretionary bonus, incentives and benefits </li>
<li>Our salary ranges are determined by role, level, and location</li>
</ul>
<p>The range displayed on each job posting reflects the minimum and maximum base salary for new hires for the position across all US locations. Within the range, individual pay is determined by multiple factors like job-related skills, experience and work locations. Your recruiter can share more about the specific salary range during the hiring process.</p>
<p>Please note that the compensation details listed in US role postings reflect the base salary only, and do not include any variable compensation elements.</p>
<p>Weee! is an equal opportunity employer welcoming all qualified applicants regardless of race, color, religion, sex, sexual orientation, gender identity, national origin, disability status, protected veteran status or any other basis prohibited by law.  Discrimination or harassment of any kind is not tolerated at Weee!. If you need to inquire about an accommodation or need assistance with completing the application, please email us at <a href=""mailto:applicantaccommodation@sayweee.com"" target=""_blank"">applicantaccommodation@sayweee.com</a>.</p>
<p><span style=""font-weight: 400;"">For more jobs and to find out more about Weee!, visit our career page: </span><a href=""https://about.sayweee.com/careers""><span style=""font-weight: 400;"">https://about.sayweee.com/careers</span></a></p>
<p><span style=""font-weight: 400;"">#INDWH</span></p><div class=""content-conclusion""><p><a href=""https://visionfund.com/portfolio"" target=""_blank"">Softbank Vision Funds</a></p>
<p><a href=""https://docs.google.com/document/d/1B0nGJBXSOloNJs_-pU_cPFUnQ_Lbhru6IwxvFL79mJc/edit?tab=t.0"">California Employee Privacy Policy Intro/FAQ  3.19.2026</a></p>
<p><a href=""https://docs.google.com/document/d/1fbLf8JguJ_Da11Tr9LUfUrbTX9ZiVhz5/edit"">Weee! Privacy Policy for California Employees Applicants Contractors (March 2026)</a></p></div>",8548,https://job-boards.greenhouse.io/weee/jobs/7790805003,,,,,,,no_match,,2026-10-02,,2026-10-02,,,,true,0,,,,,People,,,false,,,,,,
1827,Refrigeration Operator ,weee,Weee! Inc,,Posted 18 Days Ago,,,"Clifton, New Jersey, United States",1,"Clifton, New Jersey, United States",false,,United States,,0,"<div class=""content-intro""><h3><strong>About Weee!</strong></h3>
<p><span style=""font-weight: 400;"">Weee! is the largest and fastest-growing ethnic e-grocer in the United States, operating in one of the largest underserved categories in retail with affordable access to exciting ethnic food. By partnering with local suppliers, redesigning the value chain and leveraging social buying, Weee! is reshaping the grocery business entirely. You can read more about us on </span><a href=""https://www.businessinsider.com/weee-softbank-grocery-delivery-425-million-series-e-4-billion-valuation-2022-2""><span style=""font-weight: 400;"">Business Insider</span></a><span style=""font-weight: 400;"">, </span><a href=""https://www.reuters.com/markets/us/e-grocer-weee-raises-425-million-funding-round-led-by-softbank-2022-02-28/""><span style=""font-weight: 400;"">Reuters</span></a><span style=""font-weight: 400;""> and </span><a href=""https://techcrunch.com/2022/02/28/weee-delivers-second-big-funding-round-in-a-year-this-time-backed-by-softbank/""><span style=""font-weight: 400;"">TechCrunch</span></a><span style=""font-weight: 400;"">.</span></p>
<p><span style=""font-weight: 400;"">Weee! is headquartered in Fremont, CA, and is currently available coast to coast with exceptional growth (5x YoY) across geographies, categories and ethnicities. We have raised $800M+ in funding to date from leading investors including <a href=""https://visionfund.com/portfolio"" target=""_blank"">Softbank Vision Funds</a>, </span><a href=""https://techcrunch.com/2020/08/17/weee-35-million-raise-from-dst/""><span style=""font-weight: 400;"">DST</span></a><span style=""font-weight: 400;"">, Blackstone, Tiger Global, Lightspeed Ventures, Goodwater Capital, XVC and iFly. The opportunity now is to join a rocketship as we prepare for the next stage of growth, and an eventual public listing.</span></p></div><p><strong>This role is part-time position in Clifton, NJ;  Need someone to cover Thursday and Friday from 6pm to 6am. </strong></p>
<p><strong>Refrigeration (Ammonia) System operators.</strong></p>
<p><strong>Responsibilities:</strong></p>
<ul>
<li>Maintain the Ammonia refrigeration and other freon based cooling systems including, but not limited to operation, maintenance, and repairs.</li>
<li>Maintain and operate single, two stage, cascade ammonia systems and subsystems</li>
<li>Monitor and identify abnormal operating pressures, temperatures, and conditions within the refrigeration system, adjust, repairs and/or schedule service as required</li>
<li>Thoroughly understanding and able to handle refrigeration system components, including vacuum pumps, chillers, evaporators, condensers, compressors, controls, and valves etc.</li>
<li>Perform and delegate to daily, weekly, monthly, annually inspections, and preventative maintenance on the refrigeration equipment and other cooler machinery on and off-site as needed</li>
<li>Perform other maintenance duties such as plumbing, replacing valves, installing fixtures, detecting, and repairing leaks as needed</li>
<li>Handle hazardous materials as directed and follow guidance of OSHA and EPA</li>
<li>Monitor and record all system readings to document operation of the equipment and the system and provide reports and troubleshooting</li>
<li>Respond to emergency breakdowns of the refrigeration systems</li>
<li>Procure quotations and bids for the order of work scopes, repairs, parts, and construction projects as needed</li>
<li>Ensure continuous training and competency of refrigeration updates and standards</li>
<li>Train personnel for routine check and system following the SOP</li>
<li>Thoroughly understand and can act upon based on EAP and technical guidance during emergency and system malfunction situations</li>
<li>Handle unscheduled and emergency shut down of equipment</li>
<li>Ensure all refrigeration equipment is functioning in a safe and optimal manner</li>
<li>Ensures continuous operation of all the facility utility systems and supports preventative maintenance programs. </li>
<li>Assists in the record-keeping and training requirements for all components of the Ammonia refrigeration system in compliance with State and federal guidelines. </li>
<li>Must perform duties as assigned by the facility Manager. & Chief Engineer  </li>
</ul>
<p><strong>Qualifications</strong></p>
<p><strong>Must posses a Blue SealToxic To Operating license issued by the state of New Jersey </strong></p>
<ul>
<li>5+ of Ammonia and freon based refrigeration experience</li>
<li>4+ years of active experience with cooling processes, ammonia refrigeration, and other freon based facilities within a produce and food processing and storage facility is a plus</li>
<li>Experience with screw and reciprocating compressors, recirculation pumps, HVAC units, air compressors, and associated control systems</li>
<li>Work experience in ammonia system pump-downs and repairs</li>
<li>Knowledge of chemical testing for cooling towers and ammonia system preferred</li>
<li>Strong electrical and mechanical troubleshooting skills</li>
<li>Ability to understand refrigeration blueprints, P&ID, and cut sheets </li>
<li>Hazmat Responder Certification preferred</li>
<li>Trained and experienced in lock-out, tag-out, and safe work practices</li>
<li>Must be able to respond to emergencies if needed 24/7 including after hours and weekends. </li>
<li>Best-practice and professional knowledge of industrial maintenance and standards</li>
<li>Able to perform in a fast-paced environment</li>
<li>Must be detailed-oriented, cost-conscious, and deadline sensitive</li>
</ul>
<p><strong>Physical requirements</strong></p>
<ul>
<li>Able to climb stairs and ladders and fall-protection trained</li>
<li>Able to work at variable heights</li>
<li>Able to lift, push, and pull 50 lbs. in weight</li>
</ul>
<p><strong>Environmental conditions</strong></p>
<ul>
<li>Roof height and outdoors; cold, wet, and cold storage temperatures</li>
</ul>
<p><strong>Compensation Range</strong></p>
<ul>
<li>The US base hourly range for this full-time position is $37/hr - $43/hr</li>
<li>This role may be eligible to discretionary bonus, incentives and benefits </li>
<li>Our salary ranges are determined by role, level, and location</li>
</ul>
<p>The range displayed on each job posting reflects the minimum and maximum base salary for new hires for the position across all US locations. Within the range, individual pay is determined by multiple factors like job-related skills, experience and work locations. Your recruiter can share more about the specific salary range during the hiring process.</p>
<p>Please note that the compensation details listed in US role postings reflect the base salary only, and do not include any variable compensation elements.</p>
<p>Weee! is an equal opportunity employer welcoming all qualified applicants regardless of race, color, religion, sex, sexual orientation, gender identity, national origin, disability status, protected veteran status or any other basis prohibited by law.  Discrimination or harassment of any kind is not tolerated at Weee!. If you need to inquire about an accommodation or need assistance with completing the application, please email us at <a href=""mailto:applicantaccommodation@sayweee.com"" target=""_blank"">applicantaccommodation@sayweee.com</a>.</p>
<p><span style=""font-weight: 400;"">For more jobs and to find out more about Weee!, visit our career page: </span><a href=""https://about.sayweee.com/careers""><span style=""font-weight: 400;"">https://about.sayweee.com/careers</span></a></p>
<p> </p>
<p><span style=""font-weight: 400;"">#INDWH</span></p><div class=""content-conclusion""><p><a href=""https://visionfund.com/portfolio"" target=""_blank"">Softbank Vision Funds</a></p>
<p><a href=""https://docs.google.com/document/d/1B0nGJBXSOloNJs_-pU_cPFUnQ_Lbhru6IwxvFL79mJc/edit?tab=t.0"">California Employee Privacy Policy Intro/FAQ  3.19.2026</a></p>
<p><a href=""https://docs.google.com/document/d/1fbLf8JguJ_Da11Tr9LUfUrbTX9ZiVhz5/edit"">Weee! Privacy Policy for California Employees Applicants Contractors (March 2026)</a></p></div>",8084,https://job-boards.greenhouse.io/weee/jobs/7993334003,,,,,,,no_match,,2026-10-02,,2026-10-02,,,,true,0,,,,,Fulfillment Center Operations,,,false,,,,,,
1829,Regional Buyer I,weee,Weee! Inc,,Posted 10 Days Ago,,,"Landover, Maryland, United States",1,"Landover, Maryland, United States",false,,United States,,0,"<div class=""content-intro""><h3><strong>About Weee!</strong></h3>
<p><span style=""font-weight: 400;"">Weee! is the largest and fastest-growing ethnic e-grocer in the United States, operating in one of the largest underserved categories in retail with affordable access to exciting ethnic food. By partnering with local suppliers, redesigning the value chain and leveraging social buying, Weee! is reshaping the grocery business entirely. You can read more about us on </span><a href=""https://www.businessinsider.com/weee-softbank-grocery-delivery-425-million-series-e-4-billion-valuation-2022-2""><span style=""font-weight: 400;"">Business Insider</span></a><span style=""font-weight: 400;"">, </span><a href=""https://www.reuters.com/markets/us/e-grocer-weee-raises-425-million-funding-round-led-by-softbank-2022-02-28/""><span style=""font-weight: 400;"">Reuters</span></a><span style=""font-weight: 400;""> and </span><a href=""https://techcrunch.com/2022/02/28/weee-delivers-second-big-funding-round-in-a-year-this-time-backed-by-softbank/""><span style=""font-weight: 400;"">TechCrunch</span></a><span style=""font-weight: 400;"">.</span></p>
<p><span style=""font-weight: 400;"">Weee! is headquartered in Fremont, CA, and is currently available coast to coast with exceptional growth (5x YoY) across geographies, categories and ethnicities. We have raised $800M+ in funding to date from leading investors including <a href=""https://visionfund.com/portfolio"" target=""_blank"">Softbank Vision Funds</a>, </span><a href=""https://techcrunch.com/2020/08/17/weee-35-million-raise-from-dst/""><span style=""font-weight: 400;"">DST</span></a><span style=""font-weight: 400;"">, Blackstone, Tiger Global, Lightspeed Ventures, Goodwater Capital, XVC and iFly. The opportunity now is to join a rocketship as we prepare for the next stage of growth, and an eventual public listing.</span></p></div><p><strong>This role is onsite 5 days a week in Landover, MD</strong></p>
<h2><strong>About the role</strong></h2>
<p>The Regional Buyer I sources, plans, and replenishes the regional assortment to drive sales, margin, and customer satisfaction. You'll bring the ""art"" to the ""science"": pairing market intuition and negotiation skill with data and analytics to get customers the products they love.</p>
<p>You'll step in quickly, own on-the-ground execution in the region, and can grow into the Regional Merchandising Manager's right hand.</p>
<h2><strong>Responsibilities</strong></h2>
<p><strong>Sourcing and assortment</strong></p>
<ul>
<li>Source seasonal and year-round products locally, using customer preference data and trend forecasts to find standout items that differentiate the assortment.</li>
<li>Research competitors' assortment, pricing, and promotions to identify gaps and opportunities.</li>
</ul>
<p><strong>Vendor management</strong></p>
<ul>
<li>Build long-term, trust-based vendor partnerships that secure competitive pricing, better terms, consistent quality, and reliable supply.</li>
<li>Monitor vendor performance at the regional level through scorecards.</li>
</ul>
<p><strong>Planning and inventory</strong></p>
<ul>
<li>Define purchase-order strategies with the Regional Merchandising Manager, aligned to business goals.</li>
<li>Plan orders and replenishment from sales history and forecasts, weighing inventory levels, logistics lead times, and supply constraints to prevent stockouts and overstock.</li>
<li>Build a forward-looking promotional and inventory flow plan based on seasonality, vendor supply, and market insights.</li>
</ul>
<p><strong>Quality and cross-functional collaboration</strong></p>
<ul>
<li>Partner with Warehouse on product inspection, quality assurance, and cold-storage standards to reduce spoilage and defects.</li>
<li>Work with Customer Service, Central Merchandising, Marketing, Operations, and Supply Chain to resolve inventory, quality, and customer issues.</li>
</ul>
<p><strong>Performance and reporting</strong></p>
<ul>
<li>Track weekly revenue, margin, product availability, and other KPIs, and turn the insights into continuous improvement.</li>
<li>Prepare and present reports to senior leadership, such as P&L impact, inventory projections, and vendor scorecards.</li>
</ul>
<h2><strong>Qualifications</strong></h2>
<p>1+ years in grocery/perishables buying, category management, or sourcing (wholesale or retail)</p>
<p><strong>Required</strong></p>
<ul>
<li>Knowledge of product quality standards and supply chain dynamics.</li>
<li>Hands-on experience with vendor negotiation and inventory management.</li>
<li>Strong Excel and procurement-tool skills for data analysis and reporting.</li>
<li>Working knowledge of ERP systems and relational databases.</li>
</ul>
<p><strong>Nice to have</strong></p>
<ul>
<li>Bachelor's degree in Business, Business Analytics, Supply Chain, Marketing, or a related field.</li>
<li>Experience with Asian grocery categories.</li>
<li>Experience in a multicultural or bilingual business environment; fluency in Mandarin or Spanish.</li>
<li>Food Safety Certification.</li>
<li>Familiarity with internal merchandising tools.</li>
</ul>
<p><strong>Benefits</strong></p>
<ul>
<li style=""font-weight: 400;""><span style=""font-weight: 400;"">Comprehensive health insurance package, including medical, dental, and vision.  PPO/HMO packages</span></li>
<li style=""font-weight: 400;""><span style=""font-weight: 400;"">401k, 4% company match</span></li>
<li style=""font-weight: 400;""><span style=""font-weight: 400;"">Equity and Bonus </span></li>
<li style=""font-weight: 400;""><span style=""font-weight: 400;"">Vacation, sick and holiday time off</span></li>
<li style=""font-weight: 400;""><span style=""font-weight: 400;"">Monthly mobile stipend</span></li>
<li style=""font-weight: 400;""><span style=""font-weight: 400;"">Monthly Weee! Points credits</span></li>
</ul>
<p><strong>Compensation Range</strong></p>
<ul>
<li>The US base salary range for this full-time position is $63,000 - $72,000</li>
<li>This role may be eligible to discretionary bonus, incentives and benefits </li>
<li>Our salary ranges are determined by role, level, and location</li>
</ul>
<p>The range displayed on each job posting reflects the minimum and maximum base salary for new hires for the position across all US locations. Within the range, individual pay is determined by multiple factors like job-related skills, experience and work locations. Your recruiter can share more about the specific salary range during the hiring process.</p>
<p>Please note that the compensation details listed in US role postings reflect the base salary only, and do not include any variable compensation elements.</p>
<p>Weee! is an equal opportunity employer welcoming all qualified applicants regardless of race, color, religion, sex, sexual orientation, gender identity, national origin, disability status, protected veteran status or any other basis prohibited by law.  Discrimination or harassment of any kind is not tolerated at Weee!. If you need to inquire about an accommodation or need assistance with completing the application, please email us at <a href=""mailto:applicantaccommodation@sayweee.com"" target=""_blank"">applicantaccommodation@sayweee.com</a>.</p>
<p><span style=""font-weight: 400;"">For more jobs and to find out more about Weee!, visit our career page: </span><a href=""https://about.sayweee.com/careers""><span style=""font-weight: 400;"">https://about.sayweee.com/careers</span></a></p><div class=""content-conclusion""><p><a href=""https://visionfund.com/portfolio"" target=""_blank"">Softbank Vision Funds</a></p>
<p><a href=""https://docs.google.com/document/d/1B0nGJBXSOloNJs_-pU_cPFUnQ_Lbhru6IwxvFL79mJc/edit?tab=t.0"">California Employee Privacy Policy Intro/FAQ  3.19.2026</a></p>
<p><a href=""https://docs.google.com/document/d/1fbLf8JguJ_Da11Tr9LUfUrbTX9ZiVhz5/edit"">Weee! Privacy Policy for California Employees Applicants Contractors (March 2026)</a></p></div>",7898,https://job-boards.greenhouse.io/weee/jobs/8002787003,,https://www.linkedin.com/jobs/view/4469068683,2026-09-23,25,among first 25,,matched,title,2026-10-02,2026-10-02T11:28:53,2026-10-02,,9,startDate+linkedin,true,0,,,,,Regional Merchandising,2026-09-23,,true,,,,,,
1803,Safety Supervisor,weee,Weee! Inc,,Posted 176 Days Ago,,,"Clifton, New Jersey, United States",1,"Clifton, New Jersey, United States",false,,United States,,0,"<div class=""content-intro""><h3><strong>About Weee!</strong></h3>
<p><span style=""font-weight: 400;"">Weee! is the largest and fastest-growing ethnic e-grocer in the United States, operating in one of the largest underserved categories in retail with affordable access to exciting ethnic food. By partnering with local suppliers, redesigning the value chain and leveraging social buying, Weee! is reshaping the grocery business entirely. You can read more about us on </span><a href=""https://www.businessinsider.com/weee-softbank-grocery-delivery-425-million-series-e-4-billion-valuation-2022-2""><span style=""font-weight: 400;"">Business Insider</span></a><span style=""font-weight: 400;"">, </span><a href=""https://www.reuters.com/markets/us/e-grocer-weee-raises-425-million-funding-round-led-by-softbank-2022-02-28/""><span style=""font-weight: 400;"">Reuters</span></a><span style=""font-weight: 400;""> and </span><a href=""https://techcrunch.com/2022/02/28/weee-delivers-second-big-funding-round-in-a-year-this-time-backed-by-softbank/""><span style=""font-weight: 400;"">TechCrunch</span></a><span style=""font-weight: 400;"">.</span></p>
<p><span style=""font-weight: 400;"">Weee! is headquartered in Fremont, CA, and is currently available coast to coast with exceptional growth (5x YoY) across geographies, categories and ethnicities. We have raised $800M+ in funding to date from leading investors including <a href=""https://visionfund.com/portfolio"" target=""_blank"">Softbank Vision Funds</a>, </span><a href=""https://techcrunch.com/2020/08/17/weee-35-million-raise-from-dst/""><span style=""font-weight: 400;"">DST</span></a><span style=""font-weight: 400;"">, Blackstone, Tiger Global, Lightspeed Ventures, Goodwater Capital, XVC and iFly. The opportunity now is to join a rocketship as we prepare for the next stage of growth, and an eventual public listing.</span></p></div><p><strong>This role is onsite 5 days a week in Clifton, NJ</strong></p>
<p><strong>About the Role</strong></p>
<p>The Safety Supervisor will be responsible for overseeing and ensuring the implementation of safety protocols and procedures within the local organization. Their primary goal is to create a safe working environment for employees and minimize the risk of accidents, injuries, and occupational hazards.</p>
<p>The Safety Supervisor will report to the HQ Environmental Health and Safety Manager in leading the safety and health efforts within the company, by supporting the implementation and evaluation of critical safety processes, programs, and procedures to achieve goals, objectives, and continuous improvement related to compliance and injury reduction.</p>
<p><strong>Responsibilities</strong></p>
<ul>
<li>Monitor and maintain compliance with federal & state OSHA, EPA, NFPA, ANSI and other federal and state entity requirements</li>
<li>Provide relevant content and subject matter expertise to support: required safety-related training; effective implementation of safety programs; and prevention of accidents</li>
<li>Support site safety goals through implementation of safe work practices and coaching of employees and supervisors in safe practices</li>
<li>Work in a team environment where responsibility for injury/illness prevention, compliance assurance, safety auditing, incident investigation, and employee training are shared between the leadership team and the EHS supervisor</li>
<li>Work with the management team and employees to instill a genuine culture of safety awareness and personal responsibility for safe behaviors and work practices</li>
<li>Assist with employee engagement efforts, including oversight of safety committees</li>
<li>Provide direct support to employees within the site, with the ability to perform work activities in a variety of industrial and warehouse settings/environments, requiring activities such as, but not limited to: climbing ladders and stairs, walking and standing for long periods of time, working occasionally in hot and cold environments; and wearing advanced PPE such as fall protection and respirators and added clothing</li>
<li>Daily job includes: Enforcing safety policies; Conducting risk assessments; Training and educating employees; Inspecting, auditing, and monitoring safety practices; Investigating accidents and incidents; Maintaining safety records and documentation; Collaborating with local management; Staying updated on safety regulations and best practices</li>
</ul>
<p><strong>Qualifications</strong></p>
<ul>
<li>Minimum of 3 years of progressive experience in an environmental health and safety role</li>
<li>Associate degree in Occupational Safety, Environmental Health and Safety, Industrial Safety, or related field</li>
<li>Current OSHA 10-Hour General Industry or Construction certification</li>
<li>Advanced proficiency with Microsoft Office Suite, including Excel (data analysis, pivot tables, formulas), PowerPoint (presentations, training materials), and Word (documentation, reports)</li>
<li>Experience and/or familiarity with related governing agency requirements (i.e., OSHA, NFPA, EPA, DOT)</li>
<li>Demonstrated communicating, training, public speaking and problem-solving skills</li>
<li>Experience and/or familiarity with powered industrial truck driving (i.e., Forklift, Order-picker, Reach Truck, Electric Pallet Jack)</li>
<li>Experience supporting a Process Safety Management Program</li>
<li>Knowledge of environmental regulations including but not limited to air, wastewater, storm water, solid and waste management</li>
</ul>
<p><strong>Preferred Qualifications</strong></p>
<ul>
<li>Bachelor's degree in Environmental Health and Safety, Occupational Safety and Health, Industrial Hygiene, or related field</li>
<li>Working knowledge of Anhydrous Ammonia refrigeration systems and associated safety protocols</li>
</ul>
<p><strong>Benefits</strong></p>
<ul>
<li style=""font-weight: 400;""><span style=""font-weight: 400;"">Comprehensive health insurance package, including medical, dental, and vision.  PPO/HMO packages</span></li>
<li style=""font-weight: 400;""><span style=""font-weight: 400;"">401k, 4% company match</span></li>
<li style=""font-weight: 400;""><span style=""font-weight: 400;"">Equity and Bonus </span></li>
<li style=""font-weight: 400;""><span style=""font-weight: 400;"">Vacation, sick and holiday time off</span></li>
<li style=""font-weight: 400;""><span style=""font-weight: 400;"">Monthly mobile stipend</span></li>
<li style=""font-weight: 400;""><span style=""font-weight: 400;"">Monthly Weee! Points credits</span></li>
</ul>
<p><strong>Compensation Range</strong></p>
<ul>
<li>The US base salary range for this full-time position is $77,000 - $91,000</li>
<li>This role may be eligible to discretionary bonus, incentives and benefits </li>
<li>Our salary ranges are determined by role, level, and location</li>
</ul>
<p>The range displayed on each job posting reflects the minimum and maximum base salary for new hires for the position across all US locations. Within the range, individual pay is determined by multiple factors like job-related skills, experience and work locations. Your recruiter can share more about the specific salary range during the hiring process.</p>
<p>Please note that the compensation details listed in US role postings reflect the base salary only, and do not include any variable compensation elements.</p>
<p>Weee! is an equal opportunity employer welcoming all qualified applicants regardless of race, color, religion, sex, sexual orientation, gender identity, national origin, disability status, protected veteran status or any other basis prohibited by law.  Discrimination or harassment of any kind is not tolerated at Weee!. If you need to inquire about an accommodation or need assistance with completing the application, please email us at <a href=""mailto:applicantaccommodation@sayweee.com"" target=""_blank"">applicantaccommodation@sayweee.com</a>.</p>
<p><span style=""font-weight: 400;"">For more jobs and to find out more about Weee!, visit our career page: </span><a href=""https://about.sayweee.com/careers""><span style=""font-weight: 400;"">https://about.sayweee.com/careers</span></a></p>
<p> </p>
<p> </p>
<p><span style=""font-weight: 400;"">#INDWH</span></p><div class=""content-conclusion""><p><a href=""https://visionfund.com/portfolio"" target=""_blank"">Softbank Vision Funds</a></p>
<p><a href=""https://docs.google.com/document/d/1B0nGJBXSOloNJs_-pU_cPFUnQ_Lbhru6IwxvFL79mJc/edit?tab=t.0"">California Employee Privacy Policy Intro/FAQ  3.19.2026</a></p>
<p><a href=""https://docs.google.com/document/d/1fbLf8JguJ_Da11Tr9LUfUrbTX9ZiVhz5/edit"">Weee! Privacy Policy for California Employees Applicants Contractors (March 2026)</a></p></div>",8669,https://job-boards.greenhouse.io/weee/jobs/7695753003,,,,,,,no_match,,2026-10-02,,2026-10-02,,,,true,0,,,,,IT and Facilities,,,false,,,,,,
1828,Senior IT Specialist,weee,Weee! Inc,,Posted 11 Days Ago,,,"La Mirada, California, United States",1,"La Mirada, California, United States",false,,United States,,0,"<div class=""content-intro""><h3><strong>About Weee!</strong></h3>
<p><span style=""font-weight: 400;"">Weee! is the largest and fastest-growing ethnic e-grocer in the United States, operating in one of the largest underserved categories in retail with affordable access to exciting ethnic food. By partnering with local suppliers, redesigning the value chain and leveraging social buying, Weee! is reshaping the grocery business entirely. You can read more about us on </span><a href=""https://www.businessinsider.com/weee-softbank-grocery-delivery-425-million-series-e-4-billion-valuation-2022-2""><span style=""font-weight: 400;"">Business Insider</span></a><span style=""font-weight: 400;"">, </span><a href=""https://www.reuters.com/markets/us/e-grocer-weee-raises-425-million-funding-round-led-by-softbank-2022-02-28/""><span style=""font-weight: 400;"">Reuters</span></a><span style=""font-weight: 400;""> and </span><a href=""https://techcrunch.com/2022/02/28/weee-delivers-second-big-funding-round-in-a-year-this-time-backed-by-softbank/""><span style=""font-weight: 400;"">TechCrunch</span></a><span style=""font-weight: 400;"">.</span></p>
<p><span style=""font-weight: 400;"">Weee! is headquartered in Fremont, CA, and is currently available coast to coast with exceptional growth (5x YoY) across geographies, categories and ethnicities. We have raised $800M+ in funding to date from leading investors including <a href=""https://visionfund.com/portfolio"" target=""_blank"">Softbank Vision Funds</a>, </span><a href=""https://techcrunch.com/2020/08/17/weee-35-million-raise-from-dst/""><span style=""font-weight: 400;"">DST</span></a><span style=""font-weight: 400;"">, Blackstone, Tiger Global, Lightspeed Ventures, Goodwater Capital, XVC and iFly. The opportunity now is to join a rocketship as we prepare for the next stage of growth, and an eventual public listing.</span></p></div><p><strong>This role is onsite 5 days a week in LA Mirada, CA</strong></p>
<h3><strong>Senior Warehouse IT Specialist </strong></h3>
<p>As a warehouse IT specialist, you will be responsible for helping us design, deploy, implement, and maintain warehouse networks, security camera systems, badge systems, alarm systems, printers, desktops, laptops, and other IT assets. A successful candidate should have experience in IT project coordination, a solid technical background, and strong organizational and analytical skills.</p>
<p><strong>Responsibilities</strong></p>
<ul>
<li>Provide exceptional Tier 2 IT support for warehouse operations, including network, laptop/desktop/server, warehouse badge/alarm system, barcode & Wi-Fi printer, scanner, touch screen, PDA, UPS, and other IT-related equipment.</li>
<li>Manage IT equipment inventory, IT assets, and in-house Warehouse Management System (WMS) user access privileges.</li>
<li>Perform Weekly, Monthly, Quarterly, and Yearly IT and Warehouse Inspections.</li>
<li>Inspect, audit, maintain, and repair/replace all IT equipment to ensure it is in good working condition.</li>
<li>Design, document, deploy, install, maintain, and support IT infrastructure, including WAN/LAN networks, Access Points, MDF/IDF, video conferencing systems, SAN/NAS, surveillance systems, security cameras, and warehouse system-related IT servers, storage, and applications.</li>
<li>Manage employee onboarding and offboarding.</li>
<li>Create and design complex floor plans and elevation diagrams for building, MDF/IDF and IT Infrastructure.</li>
<li>Create complex project plans for IT Infrastructure and buildouts.</li>
<li>Create standardized IT Warehouse processes and operational procedures.</li>
<li>Write SOPs and user manuals and provide IT training to end users.</li>
<li>Participate in the local implementation of HQ projects as needed.</li>
<li>Other projects or tasks assigned by IT and Warehouse Managers and/or /Directors</li>
</ul>
<p><strong>Qualifications</strong></p>
<ul>
<li>Bachelor's Degree in Computer Science or equivalent</li>
<li>8+ years of relevant work experience in IT and networking</li>
<li>Excellent network skills, such as managing IT server rooms and network switches/firewalls.</li>
<li>Excellent computer troubleshooting skills (Windows, Mac OS).</li>
<li>Possesses exceptional analytical, troubleshooting, and problem-solving skills.</li>
<li>Implement and maintain a security camera system & badge system.</li>
<li>Nimble and patient with good communication skills.</li>
<li>Works independently without supervision</li>
<li>Warehouse-related IT support experience is preferred.</li>
<li>CCNP or equivalent</li>
</ul>
<p><strong>Work Schedule: </strong></p>
<ul>
<li>Office Hours: Monday  -  Friday, 9 AM - 5 PM (Flexible based upon business needs)</li>
<li>On-Call: Monday  -  Friday, 5 PM - 9 AM<br>Saturday - Sunday, 9 AM - 9 AM</li>
</ul>
<p><strong>Benefits</strong></p>
<ul>
<li style=""font-weight: 400;""><span style=""font-weight: 400;"">Comprehensive health insurance package, including medical, dental, and vision.  PPO/HMO packages</span></li>
<li style=""font-weight: 400;""><span style=""font-weight: 400;"">401k, 4% company match</span></li>
<li style=""font-weight: 400;""><span style=""font-weight: 400;"">Equity and Bonus </span></li>
<li style=""font-weight: 400;""><span style=""font-weight: 400;"">Vacation, sick and holiday time off</span></li>
<li style=""font-weight: 400;""><span style=""font-weight: 400;"">Monthly mobile stipend</span></li>
<li style=""font-weight: 400;""><span style=""font-weight: 400;"">Monthly Weee! Points credits</span></li>
</ul>
<p><strong>Compensation Range</strong></p>
<ul>
<li>The US base salary range for this full-time position is $79,000 - $93,000</li>
<li>This role may be eligible to discretionary bonus, incentives and benefits </li>
<li>Our salary ranges are determined by role, level, and location</li>
</ul>
<p>The range displayed on each job posting reflects the minimum and maximum base salary for new hires for the position across all US locations. Within the range, individual pay is determined by multiple factors like job-related skills, experience and work locations. Your recruiter can share more about the specific salary range during the hiring process.</p>
<p>Please note that the compensation details listed in US role postings reflect the base salary only, and do not include any variable compensation elements.</p>
<p>Weee! is an equal opportunity employer welcoming all qualified applicants regardless of race, color, religion, sex, sexual orientation, gender identity, national origin, disability status, protected veteran status or any other basis prohibited by law.  Discrimination or harassment of any kind is not tolerated at Weee!. If you need to inquire about an accommodation or need assistance with completing the application, please email us at <a href=""mailto:applicantaccommodation@sayweee.com"" target=""_blank"">applicantaccommodation@sayweee.com</a>.</p>
<p><span style=""font-weight: 400;"">For more jobs and to find out more about Weee!, visit our career page: </span><a href=""https://about.sayweee.com/careers""><span style=""font-weight: 400;"">https://about.sayweee.com/careers</span></a></p>
<p> </p>
<div>
<p>#INDWH</p>
</div>
<div> </div>
<p> </p><div class=""content-conclusion""><p><a href=""https://visionfund.com/portfolio"" target=""_blank"">Softbank Vision Funds</a></p>
<p><a href=""https://docs.google.com/document/d/1B0nGJBXSOloNJs_-pU_cPFUnQ_Lbhru6IwxvFL79mJc/edit?tab=t.0"">California Employee Privacy Policy Intro/FAQ  3.19.2026</a></p>
<p><a href=""https://docs.google.com/document/d/1fbLf8JguJ_Da11Tr9LUfUrbTX9ZiVhz5/edit"">Weee! Privacy Policy for California Employees Applicants Contractors (March 2026)</a></p></div>",7630,https://job-boards.greenhouse.io/weee/jobs/7994932003,,,,,,,no_match,,2026-10-02,,2026-10-02,,,,true,0,,,,,Regional IT,,,false,,,,,,
1815,Senior Warehouse Operations Manager,weee,Weee! Inc,,Posted 136 Days Ago,,,"Clifton, New Jersey, United States",1,"Clifton, New Jersey, United States",false,,United States,,0,"<div class=""content-intro""><h3><strong>About Weee!</strong></h3>
<p><span style=""font-weight: 400;"">Weee! is the largest and fastest-growing ethnic e-grocer in the United States, operating in one of the largest underserved categories in retail with affordable access to exciting ethnic food. By partnering with local suppliers, redesigning the value chain and leveraging social buying, Weee! is reshaping the grocery business entirely. You can read more about us on </span><a href=""https://www.businessinsider.com/weee-softbank-grocery-delivery-425-million-series-e-4-billion-valuation-2022-2""><span style=""font-weight: 400;"">Business Insider</span></a><span style=""font-weight: 400;"">, </span><a href=""https://www.reuters.com/markets/us/e-grocer-weee-raises-425-million-funding-round-led-by-softbank-2022-02-28/""><span style=""font-weight: 400;"">Reuters</span></a><span style=""font-weight: 400;""> and </span><a href=""https://techcrunch.com/2022/02/28/weee-delivers-second-big-funding-round-in-a-year-this-time-backed-by-softbank/""><span style=""font-weight: 400;"">TechCrunch</span></a><span style=""font-weight: 400;"">.</span></p>
<p><span style=""font-weight: 400;"">Weee! is headquartered in Fremont, CA, and is currently available coast to coast with exceptional growth (5x YoY) across geographies, categories and ethnicities. We have raised $800M+ in funding to date from leading investors including <a href=""https://visionfund.com/portfolio"" target=""_blank"">Softbank Vision Funds</a>, </span><a href=""https://techcrunch.com/2020/08/17/weee-35-million-raise-from-dst/""><span style=""font-weight: 400;"">DST</span></a><span style=""font-weight: 400;"">, Blackstone, Tiger Global, Lightspeed Ventures, Goodwater Capital, XVC and iFly. The opportunity now is to join a rocketship as we prepare for the next stage of growth, and an eventual public listing.</span></p></div><p><strong>This role is onsite 5 days a week in Clifton, NJ</strong></p>
<p><strong>About the Role</strong></p>
<p><span style=""font-weight: 400;"">The Senior Operations Manager will oversee our flagship New Jersey operation, which is the company’s largest by volume and revenue. This is a high-stakes leadership role responsible for two distinct facilities.</span></p>
<p><strong>Responsibilities</strong></p>
<p><strong>Operations & Growth</strong></p>
<ul>
<li>Lead warehouse operations across inbound, outbound, inventory, and quality control</li>
<li>Optimize performance metrics and workflows to support rapid scaling</li>
<li>Make data-driven decisions to identify and solve operational bottlenecks</li>
<li>Plan labor needs and manage capacity during peak periods</li>
</ul>
<p><strong>Leadership & Team Building</strong></p>
<ul>
<li>Recruit, coach, and develop supervisors, leads, and warehouse associates</li>
<li>Provide hands-on floor leadership to build high-performing teams</li>
<li>Schedule and assign employees while maintaining accountability for results</li>
<li>Create urgency and followership across all warehouse teams</li>
</ul>
<p><strong>Systems & Process</strong></p>
<ul>
<li>Master Weee!'s operational systems, SOPs, and key performance metrics</li>
<li>Manage inventory accuracy through physical counts and system reconciliation</li>
<li>Plan warehouse layouts, equipment maintenance, and operational improvements</li>
<li>Leverage WMS and productivity systems to drive performance insights</li>
</ul>
<p><strong>Compliance & Safety</strong></p>
<ul>
<li>Ensure compliance with warehousing, shipping, and OSHA safety requirements</li>
<li>Establish security procedures and safety protocols</li>
<li>Maintain flexible shift coverage for continuous operations</li>
</ul>
<p><strong>Profit & Loss Management</strong></p>
<ul>
<li>Manage operating costs including daily supplies (office/warehouse/janitorial), packaging materials, and equipment repairs</li>
<li>Analyze cost variances and implement corrective actions</li>
<li>Drive cost-efficient operations while maintaining quality standards</li>
</ul>
<p><strong>Qualifications</strong></p>
<ul>
<li>Bachelor's degree in Engineering, Operations, Supply Chain or equivalent experience</li>
<li>15+ years warehouse/fulfillment experience in high-volume or fast paced environments</li>
<li>10+ years in a supervisory or management role</li>
<li>Experience with Warehouse Management Systems (WMS)</li>
<li>Strong understanding of inventory control and cycle counting processes</li>
<li>Demonstrated success in reducing labor costs or improving productivity metrics</li>
<li>Familiarity with labor planning, scheduling and workforce optimization</li>
<li>Advanced Excel skills and strong computer proficiency</li>
<li>Knowledge of health and safety regulations (OSHA)</li>
</ul>
<p><strong>Preferred Skills</strong></p>
<ul>
<li>Bilingual in English and Spanish</li>
<li>Flexibility to work varied schedules</li>
<li>Six Sigma Certification</li>
<li>Food Safety Certification</li>
<li>OSHA Certification</li>
<li>Project Management Certification</li>
</ul>
<p><strong>Benefits</strong></p>
<ul>
<li style=""font-weight: 400;""><span style=""font-weight: 400;"">Comprehensive health insurance package, including medical, dental, and vision.  PPO/HMO packages</span></li>
<li style=""font-weight: 400;""><span style=""font-weight: 400;"">401k, 4% company match</span></li>
<li style=""font-weight: 400;""><span style=""font-weight: 400;"">Equity and Bonus </span></li>
<li style=""font-weight: 400;""><span style=""font-weight: 400;"">Vacation, sick and holiday time off</span></li>
<li style=""font-weight: 400;""><span style=""font-weight: 400;"">Monthly mobile stipend</span></li>
<li style=""font-weight: 400;""><span style=""font-weight: 400;"">Monthly Weee! Points credits</span></li>
</ul>
<p><strong>Compensation Range</strong></p>
<ul>
<li>The US base salary range for this full-time position is $117,000 to 138,000</li>
<li>This role may be eligible to discretionary bonus, incentives and benefits </li>
<li>Our salary ranges are determined by role, level, and location</li>
</ul>
<p>The range displayed on each job posting reflects the minimum and maximum base salary for new hires for the position across all US locations. Within the range, individual pay is determined by multiple factors like job-related skills, experience and work locations. Your recruiter can share more about the specific salary range during the hiring process.</p>
<p>Please note that the compensation details listed in US role postings reflect the base salary only, and do not include any variable compensation elements.</p>
<p>Weee! is an equal opportunity employer welcoming all qualified applicants regardless of race, color, religion, sex, sexual orientation, gender identity, national origin, disability status, protected veteran status or any other basis prohibited by law.  Discrimination or harassment of any kind is not tolerated at Weee!. If you need to inquire about an accommodation or need assistance with completing the application, please email us at <a href=""mailto:applicantaccommodation@sayweee.com"" target=""_blank"">applicantaccommodation@sayweee.com</a>.</p>
<p><span style=""font-weight: 400;"">For more jobs and to find out more about Weee!, visit our career page: </span><a href=""https://about.sayweee.com/careers""><span style=""font-weight: 400;"">https://about.sayweee.com/careers</span></a></p>
<p> </p>
<p><span style=""font-weight: 400;"">#INDWH</span></p><div class=""content-conclusion""><p><a href=""https://visionfund.com/portfolio"" target=""_blank"">Softbank Vision Funds</a></p>
<p><a href=""https://docs.google.com/document/d/1B0nGJBXSOloNJs_-pU_cPFUnQ_Lbhru6IwxvFL79mJc/edit?tab=t.0"">California Employee Privacy Policy Intro/FAQ  3.19.2026</a></p>
<p><a href=""https://docs.google.com/document/d/1fbLf8JguJ_Da11Tr9LUfUrbTX9ZiVhz5/edit"">Weee! Privacy Policy for California Employees Applicants Contractors (March 2026)</a></p></div>",7853,https://job-boards.greenhouse.io/weee/jobs/7740928003,,https://www.linkedin.com/jobs/view/4415985329,2026-09-25,200,Over 200 applicants,,matched,title,2026-10-02,2026-10-02T11:28:54,2026-10-02,,7,startDate+linkedin,true,0,,,,,Warehouse Management,2026-09-25,,true,,,,,,
1821,Warehouse Operations Manager,weee,Weee! Inc,,Posted 86 Days Ago,,,"Clifton, New Jersey, United States",1,"Clifton, New Jersey, United States",false,,United States,,0,"<div class=""content-intro""><h3><strong>About Weee!</strong></h3>
<p><span style=""font-weight: 400;"">Weee! is the largest and fastest-growing ethnic e-grocer in the United States, operating in one of the largest underserved categories in retail with affordable access to exciting ethnic food. By partnering with local suppliers, redesigning the value chain and leveraging social buying, Weee! is reshaping the grocery business entirely. You can read more about us on </span><a href=""https://www.businessinsider.com/weee-softbank-grocery-delivery-425-million-series-e-4-billion-valuation-2022-2""><span style=""font-weight: 400;"">Business Insider</span></a><span style=""font-weight: 400;"">, </span><a href=""https://www.reuters.com/markets/us/e-grocer-weee-raises-425-million-funding-round-led-by-softbank-2022-02-28/""><span style=""font-weight: 400;"">Reuters</span></a><span style=""font-weight: 400;""> and </span><a href=""https://techcrunch.com/2022/02/28/weee-delivers-second-big-funding-round-in-a-year-this-time-backed-by-softbank/""><span style=""font-weight: 400;"">TechCrunch</span></a><span style=""font-weight: 400;"">.</span></p>
<p><span style=""font-weight: 400;"">Weee! is headquartered in Fremont, CA, and is currently available coast to coast with exceptional growth (5x YoY) across geographies, categories and ethnicities. We have raised $800M+ in funding to date from leading investors including <a href=""https://visionfund.com/portfolio"" target=""_blank"">Softbank Vision Funds</a>, </span><a href=""https://techcrunch.com/2020/08/17/weee-35-million-raise-from-dst/""><span style=""font-weight: 400;"">DST</span></a><span style=""font-weight: 400;"">, Blackstone, Tiger Global, Lightspeed Ventures, Goodwater Capital, XVC and iFly. The opportunity now is to join a rocketship as we prepare for the next stage of growth, and an eventual public listing.</span></p></div><p><span style=""font-size: 14pt;""><strong>This role is onsite 5 days a week in Clifton, NJ; The shift starts at 3pm EST</strong></span></p>
<p><span style=""font-size: 14pt;""><strong>Warehouse Operations Manager</strong></span></p>
<p><span style=""font-size: 14pt;""><strong>About the role</strong></span><br><span style=""font-size: 14pt;"">The Warehouse Operations Manager will ensure the Clifton facility operates safely, efficiently, and accurately. This role will prioritize workplace safety, oversee inventory control, and manage on-time order fulfillment to maintain high service standards and customer satisfaction. By streamlining processes, reducing operational waste, and enforcing compliance, the position will help control costs while building the capacity to support future growth</span></p>
<p><strong><span style=""font-size: 14pt;"">Responsibilities:</span></strong></p>
<ul>
<li style=""font-size: 14pt;""><span style=""font-size: 14pt;"">Safety, inventory accuracy, Labor efficiency, and people management</span></li>
<li style=""font-size: 14pt;""><span style=""font-size: 14pt;"">Lead the Clifton Fulfillment Operations – Serve as the senior leader for the site, ensuring smooth, safe, and efficient daily operations with strong service levels.</span></li>
<li style=""font-size: 14pt;""><span style=""font-size: 14pt;"">People Leadership & Development – Mentor and coach team leaders and supervisors; set clear expectations, build structured development and succession plans, and drive a high-performance culture through feedback and accountability.</span></li>
<li style=""font-size: 14pt;""><span style=""font-size: 14pt;"">Labor Planning & Productivity – Optimize staffing and schedules using forecasts and internal tools; deploy labor to demand, meet productivity KPIs, boost engagement, and address performance gaps quickly.</span></li>
<li style=""font-size: 14pt;""><span style=""font-size: 14pt;"">Operational Excellence & Inventory Accuracy – Eliminate bottlenecks by enforcing SOPs and standard work; improve receiving/picking/put away quality, conduct root-cause analysis on discrepancies, and maintain flow to reduce delays and errors.</span></li>
<li style=""font-size: 14pt;""><span style=""font-size: 14pt;"">Safety & Compliance – Prioritize a safe work environment with proactive monitoring, training, audits, and adherence to all compliance requirements to minimize incidents and liability.</span></li>
<li style=""font-size: 14pt;""><span style=""font-size: 14pt;"">Cross-Functional Alignment, Change & Cost Control – Coordinate with logistics and other fulfillment centers to prevent bottlenecks, stock outs, and shipment delays; lead equipment/technology/procedure changes that improve efficiency; identify and remove waste in labor, space, and materials to impact the bottom line.</span></li>
<li style=""font-size: 14pt;""><span style=""font-size: 14pt;"">Work in an environment where the noise level varies and can be loud</span></li>
<li style=""font-size: 14pt;""><span style=""font-size: 14pt;"">Work in an environment where the temperature can be low.(refrigerator temperature at or below 40° F (4° C). The freezer temperature should be 0° F (-18° C)</span></li>
<li style=""font-size: 14pt;""><span style=""font-size: 14pt;"">Able to stand/walk for up to 12 hours during shifts</span></li>
</ul>
<p><strong><span style=""font-size: 14pt;"">Qualifications:</span></strong></p>
<ul>
<li style=""font-size: 14pt;""><span style=""font-size: 14pt;"">Bachelor’s degree (or equivalent experience)</span></li>
<li style=""font-size: 14pt;""><span style=""font-size: 14pt;"">8+ years in warehouse or manufacturing operations</span></li>
<li style=""font-size: 14pt;""><span style=""font-size: 14pt;"">5+ years in a supervisory or management role</span></li>
<li style=""font-size: 14pt;""><span style=""font-size: 14pt;"">Experience with Warehouse Management Systems (WMS)</span></li>
<li style=""font-size: 14pt;""><span style=""font-size: 14pt;"">Proficient computer skills (Excel, reporting tools)</span></li>
<li style=""font-size: 14pt;""><span style=""font-size: 14pt;"">Knowledge of health & safety regulations (OSHA)</span></li>
<li style=""font-size: 14pt;""><span style=""font-size: 14pt;"">Experience managing high-volume or fast-paced distribution environments</span></li>
<li style=""font-size: 14pt;""><span style=""font-size: 14pt;"">Proven track record of leading large teams (100+ associates)</span></li>
<li style=""font-size: 14pt;""><span style=""font-size: 14pt;"">Strong understanding of inventory control and cycle counting processes</span></li>
<li style=""font-size: 14pt;""><span style=""font-size: 14pt;"">Demonstrated success in reducing labor costs or improving productivity metrics</span></li>
<li style=""font-size: 14pt;""><span style=""font-size: 14pt;"">Familiarity with labor planning, scheduling, and workforce optimization</span></li>
</ul>
<p><strong><span style=""font-size: 14pt;"">Nice to have:</span></strong></p>
<ul>
<li style=""font-size: 14pt;""><span style=""font-size: 14pt;"">Bilingual (Spanish)</span></li>
<li style=""font-size: 14pt;""><span style=""font-size: 14pt;"">Six Sigma (Green Belt)</span></li>
<li style=""font-size: 14pt;""><span style=""font-size: 14pt;"">Food Safety Certification</span></li>
<li style=""font-size: 14pt;""><span style=""font-size: 14pt;"">OSHA Certification</span></li>
<li style=""font-size: 14pt;""><span style=""font-size: 14pt;""> Project management certification</span></li>
<li style=""font-size: 14pt;""><span style=""font-size: 14pt;"">Prior experience in Automated warehouses/manufacturing </span></li>
</ul>
<p><strong><span style=""font-size: 14pt;"">Company Benefit:</span></strong></p>
<ul>
<li style=""font-size: 14pt;""><span style=""font-size: 14pt;"">Comprehensive health insurance package, including medical, dental, and vision</span></li>
<li style=""font-size: 14pt;""><span style=""font-size: 14pt;"">401k match</span></li>
<li style=""font-size: 14pt;""><span style=""font-size: 14pt;"">Bi-annual Performance bonus</span></li>
<li style=""font-size: 14pt;""><span style=""font-size: 14pt;"">Vacation and holiday time off</span></li>
<li style=""font-size: 14pt;""><span style=""font-size: 14pt;"">Monthly Weee! Points credit</span></li>
</ul>
<p><strong><span style=""font-size: 14pt;"">Compensation Range:</span></strong></p>
<ul>
<li style=""font-size: 14pt;""><span style=""font-size: 14pt;"">The US base salary range for this full-time position is $93,000 - $109,000</span></li>
<li style=""font-size: 14pt;""><span style=""font-size: 14pt;"">This role may be eligible to discretionary bonus, incentives and benefits</span></li>
<li style=""font-size: 14pt;""><span style=""font-size: 14pt;"">Our salary ranges are determined by role, level, and location</span></li>
</ul>
<p><span style=""font-size: 14pt;"">The range displayed on each job posting reflects the minimum and maximum base salary for new hires for the position across all US locations. Within the range, individual pay is determined by multiple factors like job-related skills, experience and work locations. Your recruiter can share more about the specific salary range during the hiring process.</span><br><span style=""font-size: 14pt;"">Please note that the compensation details listed in US role postings reflect the base salary only, and do not include any variable compensation elements.</span></p>
<p><span style=""font-size: 14pt;"">Weee! is an equal opportunity employer welcoming all qualified applicants regardless of race, color, religion, sex, sexual orientation, gender identity, national origin, disability status, protected veteran status or any other basis prohibited by law.  Discrimination or harassment of any kind is not tolerated at Weee!. If you need to inquire about an accommodation or need assistance with completing the application, please email us at <a href=""mailto:applicantaccommodation@sayweee.com"">applicantaccommodation@sayweee.com</a>.</span></p>
<p><br><span style=""font-size: 14pt;"">For more jobs and to find out more about Weee!, visit our career page: <a href=""https://about.sayweee.com/careers"">https://about.sayweee.com/careers</a></span></p>
<p> </p>
<p>#INDWH</p><div class=""content-conclusion""><p><a href=""https://visionfund.com/portfolio"" target=""_blank"">Softbank Vision Funds</a></p>
<p><a href=""https://docs.google.com/document/d/1B0nGJBXSOloNJs_-pU_cPFUnQ_Lbhru6IwxvFL79mJc/edit?tab=t.0"">California Employee Privacy Policy Intro/FAQ  3.19.2026</a></p>
<p><a href=""https://docs.google.com/document/d/1fbLf8JguJ_Da11Tr9LUfUrbTX9ZiVhz5/edit"">Weee! Privacy Policy for California Employees Applicants Contractors (March 2026)</a></p></div>",10402,https://job-boards.greenhouse.io/weee/jobs/7797902003,,,,,,,no_match,,2026-10-02,,2026-10-02,,,,true,0,,,,,Warehouse Management,,,false,,,,,,
1802,Warehouse Supervisor I - Ambient/Cooler or Freezer,weee,Weee! Inc,,Posted 23 Days Ago,,,"Chicago, Illinois, United States; Hodgkins, Illinois, United States",1,"Chicago, Illinois, United States; Hodgkins, Illinois, United States",false,,United States,,0,"<div class=""content-intro""><h3><strong>About Weee!</strong></h3>
<p><span style=""font-weight: 400;"">Weee! is the largest and fastest-growing ethnic e-grocer in the United States, operating in one of the largest underserved categories in retail with affordable access to exciting ethnic food. By partnering with local suppliers, redesigning the value chain and leveraging social buying, Weee! is reshaping the grocery business entirely. You can read more about us on </span><a href=""https://www.businessinsider.com/weee-softbank-grocery-delivery-425-million-series-e-4-billion-valuation-2022-2""><span style=""font-weight: 400;"">Business Insider</span></a><span style=""font-weight: 400;"">, </span><a href=""https://www.reuters.com/markets/us/e-grocer-weee-raises-425-million-funding-round-led-by-softbank-2022-02-28/""><span style=""font-weight: 400;"">Reuters</span></a><span style=""font-weight: 400;""> and </span><a href=""https://techcrunch.com/2022/02/28/weee-delivers-second-big-funding-round-in-a-year-this-time-backed-by-softbank/""><span style=""font-weight: 400;"">TechCrunch</span></a><span style=""font-weight: 400;"">.</span></p>
<p><span style=""font-weight: 400;"">Weee! is headquartered in Fremont, CA, and is currently available coast to coast with exceptional growth (5x YoY) across geographies, categories and ethnicities. We have raised $800M+ in funding to date from leading investors including <a href=""https://visionfund.com/portfolio"" target=""_blank"">Softbank Vision Funds</a>, </span><a href=""https://techcrunch.com/2020/08/17/weee-35-million-raise-from-dst/""><span style=""font-weight: 400;"">DST</span></a><span style=""font-weight: 400;"">, Blackstone, Tiger Global, Lightspeed Ventures, Goodwater Capital, XVC and iFly. The opportunity now is to join a rocketship as we prepare for the next stage of growth, and an eventual public listing.</span></p></div><p></p>
<div>
<h3><strong>About Weee!</strong></h3>
<p>Weee! is the largest and fastest-growing ethnic e-grocer in the United States, operating in one of the largest underserved categories in retail with affordable access to exciting ethnic food. By partnering with local suppliers, redesigning the value chain and leveraging social buying, Weee! is reshaping the grocery business entirely. You can read more about us on <a href=""https://www.businessinsider.com/weee-softbank-grocery-delivery-425-million-series-e-4-billion-valuation-2022-2"">Business Insider</a>, <a href=""https://www.reuters.com/markets/us/e-grocer-weee-raises-425-million-funding-round-led-by-softbank-2022-02-28/"">Reuters</a> and <a href=""https://techcrunch.com/2022/02/28/weee-delivers-second-big-funding-round-in-a-year-this-time-backed-by-softbank/"">TechCrunch</a>.</p>
<p>Weee! is headquartered in Fremont, CA, and is currently available coast to coast with exceptional growth (5x YoY) across geographies, categories and ethnicities. We have raised $800M+ in funding to date from leading investors including <a href=""https://visionfund.com/portfolio"" target=""_blank"">Softbank Vision Funds</a>, <a href=""https://techcrunch.com/2020/08/17/weee-35-million-raise-from-dst/"">DST</a>, Blackstone, Tiger Global, Lightspeed Ventures, Goodwater Capital, XVC and iFly. The opportunity now is to join a rocketship as we prepare for the next stage of growth, and an eventual public listing.</p>
<p> </p>
</div>
<div>
<p><strong>This role is onsite in Hodgkins, IL and the shift starts at 3PM CST.</strong></p>
<p> </p>
<p><strong>About the role</strong></p>
<p>The ideal candidate will be responsible for managing warehouse operations in <strong>Hodgkins, IL</strong>. These operations include shipping, inventory, delivery. Your goal will be to increase operational efficiency and ensure a safe environment. </p>
<p><strong>Responsibilities</strong></p>
<ul>
<li>Maintain receiving, warehousing, and distribution operations by initiating, coordinating, and enforcing program, operational, and personnel policies and procedures</li>
<li>Evaluate performance metrics to ensure quality delivery and cost-efficient work-flow processes</li>
<li>Comply with federal, state, and local warehousing, material handling, and shipping requirements by understanding and studying existing and new legislation; enforcing adherence to requirements; advising management on needed actions</li>
<li>Safeguard warehouse operations and contents by establishing and monitoring security procedures and protocols</li>
<li>Control inventory levels by conducting physical counts; reconciling with data storage system</li>
<li>Maintains physical condition of warehouse by planning and implementing new design layouts; inspecting equipment; issuing work orders for repair and requisitions for replacement</li>
<li>Achieve financial objectives by preparing an annual budget; scheduling expenditures; analyzing variances; initiating corrective actions</li>
<li>Complete warehouse operational requirements by scheduling and assigning employees; following up on work results</li>
<li>Contribute to team effort by accomplishing related results as needed</li>
</ul>
<p><strong>Qualifications</strong></p>
<ul>
<li>5 years of warehouse experience preferred</li>
<li>Food and Beverage Industry experience strongly preferred</li>
<li>Able to multitask and manage deadlines in a fast-paced environment. Excellent organizational skills are a must</li>
<li>Accuracy and attention to detail is a must</li>
<li>Bilingual in English and Spanish preferred</li>
</ul>
<p><strong>Benefits</strong></p>
<ul>
<li>Comprehensive health insurance package, including medical, dental, and vision.  PPO/HMO packages</li>
<li>401k, 4% company match</li>
<li>Equity and Bonus </li>
<li>Vacation, sick and holiday time off</li>
<li>Monthly mobile stipend</li>
<li>Monthly Weee! Points credits</li>
</ul>
<p><strong>Compensation Range</strong></p>
<ul>
<li>The US base salary range for this full-time position is $24/hr to $28/hr</li>
<li>This role may be eligible to discretionary bonus, incentives and benefits </li>
<li>Our salary ranges are determined by role, level, and location</li>
</ul>
<p>The range displayed on each job posting reflects the minimum and maximum base salary for new hires for the position across all US locations. Within the range, individual pay is determined by multiple factors like job-related skills, experience and work locations. Your recruiter can share more about the specific salary range during the hiring process.</p>
<p>Please note that the compensation details listed in US role postings reflect the base salary only, and do not include any variable compensation elements.</p>
<p>Weee! is an equal opportunity employer welcoming all qualified applicants regardless of race, color, religion, sex, sexual orientation, gender identity, national origin, disability status, protected veteran status or any other basis prohibited by law.  Discrimination or harassment of any kind is not tolerated at Weee!. If you need to inquire about an accommodation or need assistance with completing the application, please email us at <a href=""mailto:applicantaccommodation@sayweee.com"" target=""_blank"">applicantaccommodation@sayweee.com</a>.</p>
<p>For more jobs and to find out more about Weee!, visit our career page: <a href=""https://about.sayweee.com/careers"">https://about.sayweee.com/careers</a></p>
</div>
<p></p><div class=""content-conclusion""><p><a href=""https://visionfund.com/portfolio"" target=""_blank"">Softbank Vision Funds</a></p>
<p><a href=""https://docs.google.com/document/d/1B0nGJBXSOloNJs_-pU_cPFUnQ_Lbhru6IwxvFL79mJc/edit?tab=t.0"">California Employee Privacy Policy Intro/FAQ  3.19.2026</a></p>
<p><a href=""https://docs.google.com/document/d/1fbLf8JguJ_Da11Tr9LUfUrbTX9ZiVhz5/edit"">Weee! Privacy Policy for California Employees Applicants Contractors (March 2026)</a></p></div>",7790,https://job-boards.greenhouse.io/weee/jobs/7990691003,,,,,,,no_match,,2026-10-02,,2026-10-02,,,,true,0,,,,,Warehouse Management,,,false,,,,,,
1801,Warehouse Supervisor I- Ambient/Cooler or Freezer,weee,Weee! Inc,,Posted 176 Days Ago,,,"Clifton, New Jersey, United States",1,"Clifton, New Jersey, United States",false,,United States,,0,"<div class=""content-intro""><h3><strong>About Weee!</strong></h3>
<p><span style=""font-weight: 400;"">Weee! is the largest and fastest-growing ethnic e-grocer in the United States, operating in one of the largest underserved categories in retail with affordable access to exciting ethnic food. By partnering with local suppliers, redesigning the value chain and leveraging social buying, Weee! is reshaping the grocery business entirely. You can read more about us on </span><a href=""https://www.businessinsider.com/weee-softbank-grocery-delivery-425-million-series-e-4-billion-valuation-2022-2""><span style=""font-weight: 400;"">Business Insider</span></a><span style=""font-weight: 400;"">, </span><a href=""https://www.reuters.com/markets/us/e-grocer-weee-raises-425-million-funding-round-led-by-softbank-2022-02-28/""><span style=""font-weight: 400;"">Reuters</span></a><span style=""font-weight: 400;""> and </span><a href=""https://techcrunch.com/2022/02/28/weee-delivers-second-big-funding-round-in-a-year-this-time-backed-by-softbank/""><span style=""font-weight: 400;"">TechCrunch</span></a><span style=""font-weight: 400;"">.</span></p>
<p><span style=""font-weight: 400;"">Weee! is headquartered in Fremont, CA, and is currently available coast to coast with exceptional growth (5x YoY) across geographies, categories and ethnicities. We have raised $800M+ in funding to date from leading investors including <a href=""https://visionfund.com/portfolio"" target=""_blank"">Softbank Vision Funds</a>, </span><a href=""https://techcrunch.com/2020/08/17/weee-35-million-raise-from-dst/""><span style=""font-weight: 400;"">DST</span></a><span style=""font-weight: 400;"">, Blackstone, Tiger Global, Lightspeed Ventures, Goodwater Capital, XVC and iFly. The opportunity now is to join a rocketship as we prepare for the next stage of growth, and an eventual public listing.</span></p></div><p><strong>This role is onsite in Clifton, NJ and the shift starts at 3AM EST.</strong></p>
<p><strong>About the role</strong></p>
<p>The ideal candidate will be responsible for managing warehouse operations in Clifton, NJ. These operations include shipping, inventory, delivery. Your goal will be to increase operational efficiency and ensure a safe environment. </p>
<p><strong>Responsibilities</strong></p>
<ul>
<li>Maintain receiving, warehousing, and distribution operations by initiating, coordinating, and enforcing program, operational, and personnel policies and procedures</li>
<li>Evaluate performance metrics to ensure quality delivery and cost-efficient work-flow processes</li>
<li>Comply with federal, state, and local warehousing, material handling, and shipping requirements by understanding and studying existing and new legislation; enforcing adherence to requirements; advising management on needed actions</li>
<li>Safeguard warehouse operations and contents by establishing and monitoring security procedures and protocols</li>
<li>Control inventory levels by conducting physical counts; reconciling with data storage system</li>
<li>Maintains physical condition of warehouse by planning and implementing new design layouts; inspecting equipment; issuing work orders for repair and requisitions for replacement</li>
<li>Achieve financial objectives by preparing an annual budget; scheduling expenditures; analyzing variances; initiating corrective actions</li>
<li>Complete warehouse operational requirements by scheduling and assigning employees; following up on work results</li>
<li>Contribute to team effort by accomplishing related results as needed</li>
</ul>
<p><strong>Qualifications</strong></p>
<ul>
<li>5 years of warehouse experience preferred</li>
<li>Food and Beverage Industry experience strongly preferred</li>
<li>Able to multitask and manage deadlines in a fast-paced environment. Excellent organizational skills are a must</li>
<li>Accuracy and attention to detail is a must</li>
<li>Bilingual in English and Spanish preferred</li>
</ul>
<p><strong>Benefits</strong></p>
<ul>
<li>Comprehensive health insurance package, including medical, dental, and vision.  PPO/HMO packages</li>
<li>401k, 4% company match</li>
<li>Equity and Bonus </li>
<li>Vacation, sick and holiday time off</li>
<li>Monthly mobile stipend</li>
<li>Monthly Weee! Points credits</li>
</ul>
<p><strong>Compensation Range</strong></p>
<ul>
<li>The US base salary range for this full-time position is $24.5/hr to $28/hr</li>
<li>This role may be eligible to discretionary bonus, incentives and benefits </li>
<li>Our salary ranges are determined by role, level, and location</li>
</ul>
<p>The range displayed on each job posting reflects the minimum and maximum base salary for new hires for the position across all US locations. Within the range, individual pay is determined by multiple factors like job-related skills, experience and work locations. Your recruiter can share more about the specific salary range during the hiring process.</p>
<p>Please note that the compensation details listed in US role postings reflect the base salary only, and do not include any variable compensation elements.</p>
<p>Weee! is an equal opportunity employer welcoming all qualified applicants regardless of race, color, religion, sex, sexual orientation, gender identity, national origin, disability status, protected veteran status or any other basis prohibited by law.  Discrimination or harassment of any kind is not tolerated at Weee!. If you need to inquire about an accommodation or need assistance with completing the application, please email us at <a href=""mailto:applicantaccommodation@sayweee.com"" target=""_blank"">applicantaccommodation@sayweee.com</a>.</p>
<p>For more jobs and to find out more about Weee!, visit our career page: <a href=""https://about.sayweee.com/careers"">https://about.sayweee.com/careers</a></p>
<p> </p>
<p>#INDWH</p><div class=""content-conclusion""><p><a href=""https://visionfund.com/portfolio"" target=""_blank"">Softbank Vision Funds</a></p>
<p><a href=""https://docs.google.com/document/d/1B0nGJBXSOloNJs_-pU_cPFUnQ_Lbhru6IwxvFL79mJc/edit?tab=t.0"">California Employee Privacy Policy Intro/FAQ  3.19.2026</a></p>
<p><a href=""https://docs.google.com/document/d/1fbLf8JguJ_Da11Tr9LUfUrbTX9ZiVhz5/edit"">Weee! Privacy Policy for California Employees Applicants Contractors (March 2026)</a></p></div>",6293,https://job-boards.greenhouse.io/weee/jobs/7691438003,,,,,,,no_match,,2026-10-02,,2026-10-02,,,,true,0,,,,,Warehouse Management,,,false,,,,,,
