reqId,title,company,hiringOrg,timeType,postedOn,startDate,postingAgeDays,primaryLocation,nLocations,locations,remoteFlag,stateCodes,country,questionnaireId,similarJobsCount,description,descriptionLength,url,detailError,linkedinUrl,linkedinPostedDate,numApplicants,applicantLabel,dateDeltaDays,corroborationStatus,matchMethod,firstSeenDate,corroboratedOn,dumpDate,endDate,daysOnMarket,daysOnMarketBasis,censored,repostCount,lastResetDate,applicationDeadline,daysLeftToApply,workerSubType,jobFamilyGroup,earliestEvidenceDate,crossSourceRepostEvidence,applicantCensored,h1bFilings,h1bWageP25,h1bWageP50,h1bWageP75,h1bMatchBasis,h1bMatchTitle
14238,"Associate Director, CMC Project Management",WuXi AppTec,WuXi AppTec,,,2026-09-29,10,United States,1,United States,false,,US,,0,"The A.D. Project Manager will be responsible for managing projects within STA, WuXi’s API, and Drug Product development and manufacturing division.  Leads the orderly progression of projects from the proposal stage through project completion by interacting with the client, technical team, and business development team.  The incumbent will also participate in business development activities such as visiting existing or new clients and promoting STA’s services in conferences/trade shows.

Please note this is a remote (work from home) position within the US and requires English and Mandarin language skills.

• Lead all project initiation and planning efforts. Participate in the implementation and execution of a given project.

• Establishes project objectives, timelines, and deliverables. Defines project tasks and resource requirements.

• Closely monitor/control project progression to ensure the project is completed on schedule and within budget. Reports project progress to all key stakeholders.

• Supports the technical team to investigate any project challenges by using necessary risk assessment tools & techniques, then implements corrective measures.

• Serves as liaison with client contacts, manages day-to-day communications and organizes project team meetings.

• Represents the company in project meetings, prepares meeting agenda and minutes, and follows up on action items.

• Evaluates and assesses project results and provides recommendations for future improvements.

• Provides support to the business development team by joining customer visits, conferences, or trade shows.

• Contribute to Proposals and timelines with inputs from key stakeholders for new client relationships and change orders for existing client relationships.

Education and Experience:

• Master's (MS) or PhD in life sciences; chemistry preferred

• A minimum of 5 years of pharmaceutical or CRO/CMO industry experience, preferably in API process R&D and manufacturing and/or Drug Product R&D and manufacturing.

• Prior experience in project management or managing external research collaborations, with PMP certification desired.

• Candidate should possess strong and effective project management, problem-solving, and interpersonal skills and have a proven track record working cross-functionally across a wide variety of technical, business, and operational areas.

• Demonstrates a good understanding of the pharmaceutical industry and small molecule drug development.

• Minimum of 5 years of relevant pharmaceutical or biotech industry experience in CMC process development and/or GMP manufacturing.

• Working knowledge and understanding of current regulations and industry trends for small molecule, manufacturing, and testing. Oligonucleotide and Solid State Peptide experience a plus.

• Experience in a Contract Research Organization (CRO) or Contract Manufacturing Organization (CMO) is preferred, but not required.

• Must have working knowledge of MS Office products, especially MS Project.

Independence/Accountability:

• Must be a self-starter, self-motivated, and highly flexible in this home based position with ~25% travel

• Must be organized and detail-oriented

• Problem Solving

• Proven experience in creating and carrying out successful plans and processes to solve complex problems

Leadership Activities:

• Work closely with team members across all CMC-related business units and with the STA management team to ensure coordination of all efforts and real-time communication with all stakeholders.

Communication Skills:

• Proficiency in both English and Mandarin is required.

• Excellent communication skills (verbal, written, and presentation skills).",3692,https://www.wuxiappteccareers.com/job/344/associate-director-cmc-project-management-client-delivery-us/,,,,,,,no_match,,2026-10-01,,2026-10-09,,10,startDate,false,0,,,,,,2026-09-29,,false,,,,,,
14140,"Associate Director CMC Project Management TIDES, Development",WuXi AppTec,WuXi AppTec,,,2026-07-17,84,United States,1,United States,false,,US,,0,"Summary of Job: Responsible for managing projects within WuXi TIDES. Leads the orderly progression of projects from the proposal stage through project completion by interacting with the client, technical team, and business development team. The incumbent will also participate in business development activities such as visiting existing or new clients and promoting WuXi TIDES’ services in conferences/trade shows.

WuXi TIDES, a leading Contract Research and Development Manufacturing Organization (CRDMO), is an integral part of theWuXi AppTec’s subsidiary WuXi STA. WuXi TIDES offers our worldwide partners efficient, flexible, and high-quality solutions for the drug development of oligonucleotides, peptides and related synthetic conjugates (“TIDES” drug). We greatly simplify the TIDES drug development by providing all discovery, CMC development, and the entire manufacturing supply chain under one roof.

Please note:  This job requires bilingual language skills in Mandarin and English.

• Lead all project initiation and planning efforts. Participate in the implementation and execution of a given project. Establish project objectives, timelines, and deliverables. Define project tasks and resource requirements. Closely monitor/control project progression to ensure the project is completed on schedule and within budget. Report project progress to all key stakeholders.

• Support the technical team to investigate any project challenges by necessary risk assessment tools and techniques, then implement corrective measures.

• Serve as liaison with client contacts, manage day-to-day communications, and organize project team meetings.

• Represent the company in project meetings, prepare meeting agendas and minutes, and follow up on action items.

• Evaluate and assess project results and provide recommendations for future improvements.

• Provide support to the business development team by joining customer visits, conferences, or tradeshows.

• Facilitate the generation of Quotations/Proposals/Change Orders with inputs from key stakeholders for existing relationships.

Customary Education and Experience:

• Master's (MS) or PhD in life sciences; chemistry preferred

• A minimum of 5 years pharmaceutical or CRO/CMO industry experience, preferably in API process R&D and manufacturing, and/or Drug Product R&D and manufacturing.

• Prior experience in project management or managing external research collaborations, with PMP certification desired.

Technical Skills / Knowledge:

• Candidate should possess strong and effective project management, problem-solving, and interpersonal skills and have a proven track record working cross-functionally across a wide variety of technical, business, and operational areas.

• Demonstrates good understanding of the pharmaceutical industry and drug development.

• Minimum of 5 years of relevant pharmaceutical or biotech industry experience in discovery chemistry, CMC process development and/or GMP manufacturing.

• Working knowledge and understanding of current regulations and industry trends for oligonucleotide and Solid State Peptide experience is a plus.

• Experience in a Contract Research Organization (CRO) or Contract Manufacturing Organization (CMO) is preferred, but not required.

• Must have working knowledge of MS Office products, especially MS Project.

Independence/Accountability:

• Must be a self-starter, self-motivated, and highly flexible in this home-based position with up to 10% travel.

• Must be organized and detail-oriented.

Problem Solving:

• Proven experience in creating and carrying out successful plans and processes to solve complex problems.

Leadership Activities:

• Work closely with team members across all CMC-related business units and with the WuXi-TIDES management team to ensure coordination of all efforts and real-time communication with all stakeholders.

Communication Skills:

• Proficiency in both English and Mandarin is required.

• Excellent communication skills (verbal, written, and presentation skills).

An Equal Opportunity Employer. All qualified applicants will receive consideration for employment without regard to race, color, religion, sex, sexual orientation, gender identity, national origin, or protected veteran status and will not be discriminated against on the basis of disability",4331,https://www.wuxiappteccareers.com/job/269/associate-director-cmc-project-management-tides-development-client-delivery-us/,,https://www.linkedin.com/jobs/view/4441356658,2026-09-20,64,64 applicants,65,matched,title,2026-10-01,2026-10-01T11:58:22,2026-10-09,,84,startDate,true,0,,,,,,2026-07-17,,false,,,,,,
14216,Automation Lead,WuXi AppTec,WuXi AppTec,,,2026-09-09,30,"Middletown, DE",1,"Middletown, DE",false,,US,,0,"The Automation Lead will be a key member of the Engineering Department and serve as the primary automation Subject Matter Expert (SME) for the sterile manufacturing facility. This role will be responsible for the design, implementation, commissioning, qualification, maintenance, and lifecycle management of automation and control systems supporting sterile manufacturing operations.

The primary scope of responsibility includes automation systems for sterile manufacturing equipment, Environmental Monitoring Systems (EMS), and automation of critical utility systems, including Water for Injection (WFI) generation and distribution, clean steam, compressed gases, and other applicable GMP utility systems. The Automation Lead will support the automation lifecycle from system design and vendor coordination through FAT, SAT, commissioning, qualification, start-up, routine operation, troubleshooting, cybersecurity, and continuous improvement.

This position is an individual contributor role with no direct reports.

Technical Oversight

• Serve as the primary automation SME for the sterile manufacturing facility, including automation and control systems for sterile manufacturing equipment, Environmental Monitoring Systems (EMS), and GMP utility systems.

• Provide technical and engineering support throughout the automation lifecycle, including automation architecture and design review, software and hardware design, FAT, SAT, installation, commissioning, start-up, and routine operation.

• Develop and maintain in-depth knowledge of PLC, HMI, SCADA, DCS, Historian systems, industrial networks, data communication interfaces, control strategies, alarm management, and electronic data management applicable to assigned systems.

• Serve as the automation SME for critical utility systems, including WFI generation and distribution, clean steam, compressed air, nitrogen, and other applicable GMP utilities.

• Lead technical troubleshooting and root cause analysis for automation failures, control system issues, communication problems, alarms, and recurring equipment performance issues, and support implementation of effective corrective actions.

• Drive automation system reliability, performance optimization, lifecycle upgrades, backup and recovery strategies, alarm rationalization, and continuous improvement initiatives in collaboration with Manufacturing, Maintenance, IT, and other Engineering functions.

• Support product technology transfer and scale-up activities by ensuring appropriate automation recipes, control strategies, system interfaces, and electronic data requirements are established and maintained.

• As a member of the global engineering team, actively connect with and contribute to global automation and digital engineering projects, standards, planning, and implementation.

Technical Leadership

• Provide technical guidance and coaching to automation engineers and other technical staff.

• Foster strong cross-functional collaboration with Manufacturing, Quality, Engineering, Supply Chain, and Program Management teams.

• Establish a culture of accountability, continuous improvement, technical excellence, and proactive problem solving.

• Support resource planning and workload prioritization to meet business and project objectives.

Regulatory Compliance

• Ensure assigned automation systems and engineering activities are executed in compliance with cGMP requirements, applicable FDA requirements, EU GMP Annex 11, and internal quality standards.

• Review and approve automation-related technical documentation, including design specifications, protocols, reports, SOPs, change controls, and deviation investigations, as appropriate.

• Partner with Quality, Validation, IT/OT, Engineering, and Manufacturing to maintain the validated state and ongoing compliance of assigned automation and computerized systems.

Cross-Functional Collaboration and Technical Support

• Act as a key technical interface between internal departments, equipment vendors, system integrators, and IT/OT to support efficient issue resolution and long-term system performance.

• Provide technical guidance and coaching to engineers, production technicians, and manufacturing support staff on automation systems and troubleshooting.

• Partner with Manufacturing, Quality, Validation, IT/OT, and Engineering to support system readiness, qualification, start-up, and sustained operation.

• Support development and execution of automation-related SOPs, technical procedures, and training.

• Support deviation investigations, CAPA implementation, change control assessments, and technical impact evaluations related to automation and computerized systems.

• Excellent written and verbal communication skills, with strong attention to detail and clarity.

• Bachelor’s or Master’s degree in Automation Engineering, Electrical Engineering, Control Engineering, Computer Engineering, or a related technical discipline.

• Minimum of 5 years of experience in automation or controls engineering within the pharmaceutical, biotechnology, or other highly regulated manufacturing industries.

• Hands-on experience with industrial automation systems, including PLC, HMI, SCADA, DCS, Historian systems, industrial communication networks, and control system troubleshooting.

• Experience with automation systems supporting pharmaceutical manufacturing equipment and GMP utility systems is strongly preferred.

• Experience with automation design, FAT, SAT, commissioning, qualification, start-up, and lifecycle management of GMP computerized systems.

• Deep understanding of cGMP requirements, risk-based approaches, data integrity principles, and global regulatory expectations for computerized systems.

• Strong knowledge of applicable regulatory and industry expectations, including FDA 21 CFR Part 11, EU GMP Annex 11, GAMP principles, cybersecurity, and electronic records management.

• Proven experience supporting start-up or expansion of pharmaceutical or biotechnology manufacturing facilities is highly preferred.

• Demonstrated technical troubleshooting and problem-solving skills, with the ability to work effectively across Engineering, Manufacturing, Quality, Validation, IT/OT, and external vendors.

An Equal Opportunity Employer. All qualified applicants will receive consideration for employment without regard to race, color, religion, sex, sexual orientation, gender identity, national origin, or protected veteran status and will not be discriminated against based on disability

This job description does not state or imply that the above are the only duties and responsibilities assigned to this position.  Employees holding this position will be required to perform any other job-related duties as requested by Management.",6774,https://www.wuxiappteccareers.com/job/326/automation-lead-engineering-us-de-middletown/,,https://www.linkedin.com/jobs/view/4464134281,2026-09-09,25,among first 25,0,matched,title,2026-10-01,2026-10-01T11:57:42,2026-10-09,,30,startDate,false,0,,,,,,2026-09-09,,true,,,,,,
14161,Business Development Director,WuXi AppTec,WuXi AppTec,,,2026-07-29,72,United States,1,United States,false,,US,,0,"Responsible for driving the company’s continued growth and carrying the sales targets for Toxicology and DMPK offerings from the Laboratory Testing Division. These services encompass services at discovery, development, and clinical stages.  Serves as the primary commercial point of contact for the Division with key Pharma & Biotech stakeholders and decision-makers, as well as key opinion leaders.

This position will be located on the East Coast, preferably in Boston.

• Source, close and support IND and NDA services deals with existing and new clients in the Pharma & Biotech market.

• Identify regional pockets with the highest growth potential and execute accordingly.

• Execute local marketing and product launch programs in conjunction with the corporate product management and marketing team.

• Create new opportunities and develop new relationships to expand and grow our customer base.

• Effectively and professionally communicates with both internal and external stakeholders.

• Candidate should be open to coaching and mentoring of effective techniques and sales strategies.

• Continually monitor progress towards the objectives of the strategy.

• Responsible for creating and managing all aspects of the customer relationship.

• Proactively works to optimize the tracking and recording of business opportunities and progress towards KPIs, via Salesforce. Expected to utilize Salesforce, daily, to record call activity and manage the sales pipeline.

• This position may require travel by airplane and/or car up to 50% of the year. This position may require overtime and/or weekend work.

• Other duties as assigned.

Technical Skills / Knowledge:

• Demonstrates expertise in integrated service offerings of the Laboratory Testing Division at Wuxi AppTec

• Ability to represent the company and its business interests at the highest levels: with key Pharma & Biotech stakeholders and decision makers, key opinion leaders.

• Demonstrates expertise in market-specific environments like market specific trends, regulatory frameworks and legal boundaries, competitive landscapes, influential medical societies, etc.

Independence/ Accountability:

• Competitive spirit with high integrity.

• Passion for changing medicine and delivering results.

Problem Solving:

• Leverages a proven track record of closing deals and building client relationships at high levels.

• Comfortable in high-complexity sales situations and willing to take on customer’s challenges and maximally leverage company’s offerings to address customer’s needs.

• Comfortable in technically oriented sales and strive to provide the best value to customers.

Leadership Activities:

• Demonstrates a strong drive to win, high integrity, and ideally broad industry connections that can best position him/her-self for success.

Communication Skills:

• Very strong interpersonal and presentation skills

• Strong analytical ability, comfort with science and numbers

• Very strong writing skills

• Preferred 5-10 years of experience acquiring and developing key accounts and driving top-line CRO, Pharma, Biotech services revenue growth, through collaboration or independent efforts in a territory.

• Minimum Bachelor’s degree in Life Science fields; MBA, M.S., or PhD from Life Science field a plus.

• International business or cross-cultural experience, ability to work with international teams.

• Travel (including international) as required by the position (up to 50%).

An Equal Opportunity Employer. All qualified applicants will receive consideration for employment without regard to race, color, religion, sex, sexual orientation, gender identity, national origin, or protected veteran status and will not be discriminated against on the basis of disability

This job description does not state or imply that the above are the only duties and responsibilities assigned to this position.  Employees holding this position will be required to perform any other job-related duties as requested by Management.",4008,https://www.wuxiappteccareers.com/job/284/business-development-director-business-development-us/,,https://www.linkedin.com/jobs/view/4446430726,2026-09-11,25,among first 25,44,matched,title,2026-10-01,2026-10-01T11:57:50,2026-10-09,,72,startDate,true,0,,,,,,2026-07-29,,true,,,,,,
14204,Business Development Manager,WuXi AppTec,WuXi AppTec,,,2026-09-28,11,United States,1,United States,false,,US,,0,"This position is responsible for leading the business development activities within STA, WuXi’s CMC small molecule development and manufacturing division. The position works closely with STA’s other BD team members and senior management team in China to develop and execute the most effective strategy to increase small molecule Drug product, API and intermediate sales in their area of geographic responsibility.

This position manages sites for key accounts and is also responsible for business development for any new accounts.  This position works proactively with other BU team members, such as other BD team members, Marketing, Project Management, Technical Groups and Operations to assure objectives and goals are achieved.

• Develop plans and programs for existing accounts in his/her geography to gain market share in existing businesses, cross sell process development and manufacturing services and increase site penetration of all key accounts.

• Develop strategies and tactics to gain new business

• Achieve PO targets for key accounts and new accounts.

• Record progress of BD activities and provide regular updates to management.

• Work closely with all WuXi business units, project management teams and marketing to ensure coordination of efforts and ensure good communication with all parties. Help set up BU visits, attend trade shows and stay involved when customers visit China.

• Collects and utilizes various data sources to provide competitive intelligence, tracking and analysis of the competitive landscape in assigned locations.

• Min. of 3 years of relevant industry experience in chemical or pharmaceutical development and/or manufacturing. Experience in or managing CRO, CMO or CDMOs.

• 3+ years of technical, sales, project management and/or business development experience.  Must have a proven track record of success meeting or exceeded goals/targets.  Experience successfully navigating large matrix organizations. Experience developing new accounts through various prospecting tactics.

• Provide technical guidance and expertise in the area(s) of small molecule process development ,pre-formluation developability assessment, formulation development and clinical supplies with a working knowledge of drug development from IND to NDA.

• Experience selling products/services that typically require longer sales cycles (9 – 24 months). Strong knowledge of selling skills and selling strategies.  Proven ability to meet or exceed company annual sales goals.

• Must be a self starter, self-motivated, highly flexible, with excellent communications skills (verbal, written, and presentation skills). Must be organized and detailed-oriented.

• Proven experience in creating successful business development plans and processes. Marketing experience preferred but not required.

• Previous team leader or managerial poston with direct reports a plus

• Excellent communication skills both in verbal and in writing. Familiar with Salesfource and proficent with MS Office Products to include; Outlook, PowerPoint, Project and Excel are required.

• BA/BS in Life Science (preferably in Chemistry related field), Business, Marketing or related Technical degree, or equivalent training and/or experience.

• Master’s in Business Administration (MBA) or Masters (MS) in Life Sciences a plus, but not required",3340,https://www.wuxiappteccareers.com/job/342/business-development-manager-business-development-us/,,https://www.linkedin.com/jobs/view/4471249480,2026-09-29,25,among first 25,1,matched,title,2026-10-01,2026-10-01T11:57:51,2026-10-09,,11,startDate,false,0,,,,,,2026-09-28,,true,,,,,,
14220,Chemical and Industrial Hygiene Manager,WuXi AppTec,WuXi AppTec,,,2026-09-14,25,"Cranbury, NJ",1,"Cranbury, NJ",false,,US,,0,"The Manager of Chemical and Industrial Hygiene will be a shared service position that acts as the Chemical Hygiene manager for all Wuxi Apptec locations in the U.S.  This will include creating and maintaining a Chemical Hygiene Plan for all sites and performing/overseeing all necessary Industrial Hygiene sampling to support those site plans.  This manager will also serve as the primary EHS contact for the Cranbury NJ and Natick, MA locations.

• Is the accountable person for development and execution of U.S. site Chemical Hygiene Plans.

• Will perform chemical IH sampling for each site as needed.

• Will perform API or Surrogate equivalent testing to validate control levels for OEB banding categories as part of site Potent Compound programs.

• Recommends and leads improvements in processes, design, procedures, and control methods associated with chemical and API exposures.

• Leads and conducts employee training in Chemical Safety.

• Will own and oversee the shared service MSDS database for all locations.

• Provides strategic leadership and works with management on identified Chemical Safety issues/recommendations/opportunities to foster continuous improvement of EHS programs and cultrure.

• Interact and serve as WuXi Chemical Safety SME supporting all regulatory agencies and client

• Perform annual Corporate audits for Chemical exposure at all relevant locations.

• Develops, implements, and manages all components of the EHS management systems for the Cranbury and Natick locations. This will include but not limit to LOTO, PPE, Noise, Machine guarding, Potent compounds, etc.

• Will oversee the accident investigation process, audit performance and CAPA tracking methods as well as any associated metric tracking for Cranbury and Natick.

• Manages and oversees the site hazardous waste program including collection, accumulation, shipments, as well as all required documentation at the Cranbury and Natick locations.

• Works on routine assignments per written procedures, where ability to recognize deviation from accepted practice is

• Accomplishes staff results by communicating updated organizational information, job expectations & supporting their work

• Coaches, counsels, and conducts disciplinary actions

• Develops, coordinates, and follows organizational systems, policies, procedures, and follows labor and capacity standards

• Contributes to the overall operations and to the achievement of departmental goals

• Perform job specific tasks in compliance with applicable Regulations, International Standards, and WuXi AppTec Policies and Standard Operating

• Thorough understanding of Good Laboratory Practices and Good Manufacturing Practices

• Other duties as assigned

• May be required to assist in other departments

Experience / Education

• BS/BA in Chemical Engineering preferred; or combination of relevant Experience & Education

• 10+ years relevant chemical engineering or industrial hygiene experience

• Preferred CIH certification

Knowledge / Skills / Abilities:

• Proficient in Oral & Written communication skills

• Need to be able to read, write and understand English

• Proficient in Microsoft (Excel, Word, Outlook)

• Travel is required 20%, Domestic, Potential for occasional International travel.

• Subject matter expert in regulatory requirements under; NIOSH, OSHA, EPA, CDC, NRC, …

Physical Requirements:

• Must be able to work in an office environment with minimal noise

• Must be able to work in Lab setting with Biohazards /various Chemicals

• Must be able to wear appropriate PPE

• Must be able to work in environment with variable noise levels

• Ability to stand /Sit/walk for long periods of time

• Ability to Lift 20 lbs occasionally

• Ability to crouch, bend, twist, and reach

• Ability to push/pull 50 lbs / occasionally

• Clarity of Vision

• Ability to identify and distinguish colors

• Must be able to perform activities with repetitive motions

• Ability to climb Ladders / Stairs / Scaffolding

• Ability to work in variable temperatures high to freezing

• Inside/outside working conditions

An Equal Opportunity Employer. All qualified applicants will receive consideration for employment without regard to race, color, religion, sex, sexual orientation, gender identity, national origin, or protected veteran status and will not be discriminated against on the basis of disability

This job description does not state or imply that the above are the only duties and responsibilities assigned to this position. Employees holding this position will be required to perform any other job-related duties as requested by Management.",4636,https://www.wuxiappteccareers.com/job/332/chemical-and-industrial-hygiene-manager-facilities-us-nj-cranbury-6-cedarbrook-dr/,,https://www.linkedin.com/jobs/view/4466185167,2026-09-15,25,among first 25,1,matched,title,2026-10-01,2026-10-01T11:57:29,2026-10-09,,25,startDate,false,0,,,,,,2026-09-14,,true,,,,,,
14183,"Digitalization Lead, MES/ SAP",WuXi AppTec,WuXi AppTec,,,2026-08-14,56,"Middletown, DE",1,"Middletown, DE",false,,US,,0,"We are seeking a high-energy, results-driven Digitalization Lead to spearhead the digital transformation roadmap at our Middletown manufacturing site. In this role, you will actively drive the end-to-end implementation, integration, and optimization of core enterprise and shop-floor systems, including ERP, LIMS, and MES. Serving as a critical bridge between local operations and global teams, you will deploy technical solutions that maximize operational efficiency while strictly maintaining FDA compliance, GMP validation, and data integrity standards. The ideal candidate brings a heavy blend of IT technical expertise and rigorous project management execution, backed by professional bilingual fluency in both English and Chinese to seamlessly coordinate across international boundaries.

• Develop site digitalization roadmap, focusing on integration of ERP, LIMS, MES, etc.

• Lead & manage end-to-end ERP (e.g., SAP/Oracle) implementation, upgrade, and maintenance, ensuring pharmaceutical compliance.

• Lead & manage end-to-end manufacturing execution and operation management system (e.g., MES/WMS) implementation, upgrade, and maintenance, ensuring pharmaceutical compliance.

• Collaborate across IT, Manufacturing, Quality, and Supply Chain to organize resources for project management & execution.

• Ensure digital solutions comply with FDA/EMA data integrity principles (ALCOA+) and computer system validation (CSV) under GxP/GMP standards.

• Manage multiple projects with accountability for budget, timeline, risk mitigation, and milestone delivery.

• Establish project governance structures, reporting progress regularly to site leadership or steering committees.

• Bachelor’s/Master’s in Computer Science, IT, or related field.

• 5+ years of digital project management experience specifically within a pharmaceutical manufacturing, biotech, or CDMO environment with deep knowledge of GMP/GxP.

• 3+ years of hands-on experience in large-scale ERP system implementations (e.g., SAP, Oracle), with a strong grasp of manufacturing and supply chain modules.

• Deep understanding of pharmaceutical regulatory frameworks, including Current Good Manufacturing Practices (cGMP), 21 CFR Part 11

• Proven organizational skills in managing cross-functional teams and vendors.

• Strong project management capability; PMP/Prince2 certification preferred.

• Native or professional fluency in English is required; Mandarin is a plus, to effectively coordinate with global teams and stakeholders.

• Experience in multinational pharma or CDMO manufacturing sites preferred.

• Knowledge of drug discovery and pharmaceutical process development processes preferred.

An Equal Opportunity Employer. All qualified applicants will receive consideration for employment without regard to race, color, religion, sex, sexual orientation, gender identity, national origin, or protected veteran status and will not be discriminated against on the basis of disability

This job description does not state or imply that the above are the only duties and responsibilities assigned to this position. Employees holding this position will be required to perform any other job-related duties as requested by Management.",3215,https://www.wuxiappteccareers.com/job/299/digitalization-lead-mes-sap-engineering-us-de-middletown/,,https://www.linkedin.com/jobs/view/4453593441,2026-09-26,25,among first 25,43,matched,title,2026-10-01,2026-10-01T11:57:20,2026-10-09,,56,startDate,true,0,,,,,,2026-08-14,,true,,,,,,
14168,Lead Facilities Maintenance Technician,WuXi AppTec,WuXi AppTec,,,2026-08-03,67,"Middletown, DE",1,"Middletown, DE",false,,US,,0,"The Lead Facilities Maintenance Technician ensures the 24/7 operational readiness, reliability, and safety of mission-critical laboratory, data center, and facility infrastructure. This role blends multi-craft technical capabilities, electrical systems expertise, HVAC operations, and critical utility management with hands-on equipment care, team leadership, and contractor oversight. Serving as a primary interface between leadership, laboratory engineering, and external vendors, the Technician oversees complex facility infrastructure and year-round site grounds operations while driving modernization, executing preventive strategies, maintaining compliance, and monitoring automated systems.

Electrical, HVAC & Critical Utilities Maintenance

• Equipment & Facilities Preventive Maintenances: Execute routine preventive maintenance (PM) and corrective maintenance across a diverse asset portfolio, including lab equipment, HVAC systems, critical electrical infrastructure, emergency power systems (UPS), compressed gases, and Pure Water (PW) systems.

• Clean, System & Auxiliary Utilities Operations: Monitor, inspect, and maintain clean utilities—including water purification systems, clean steam generators, and specialized process systems—utilizing Building Management Systems (BMS) and Environmental Monitoring Systems (EMS). Perform routine checks and maintenance on auxiliary infrastructure feeding these utilities, including water softener salt levels, strainers, and fluid distribution components.

• Cooling & Environmental Control: Perform the maintenance, troubleshooting, and repair of Data Center cooling systems, CRAC units, Air Handling Units (AHUs), and condensing units.

• Airflow & Contamination Control: Manage airflow, environmental controls, and filter inspections to ensure air quality, system efficiency, and contamination mitigation across data centers, labs, and building spaces.

• Troubleshooting, Controls & Emergency Response: Diagnose, service, and repair mechanical, electrical, automated, and control system failures promptly to minimize downtime. Respond swiftly to facilities and equipment alarms or emergency repair requests.

• Power Monitoring & Safety Integration: Inspect power monitoring systems to ensure uninterrupted power supply and maintain facility fire safety panels and environmental control systems for rapid emergency response.

Multi-Craft Operations & Inter-Departmental Support

• Cross-Functional Utilities Support: Provide high-level technical and hands-on maintenance support to the primary responsible and accountable engineering/maintenance teams handling specialized plant utilities.

• Collaborative System Maintenance: Assist core operations teams in routine and corrective maintenance of critical plant assets, including Boilers, Deaerators, Cooling Towers, Air Compressors, Process Water Systems, Pumps, Mechanical Seals, and Heat Exchangers.

• Auxiliary Infrastructure Support: Maintain supporting utilities feeding primary facility systems, including managing water softener salt levels, strainers, and fluid distribution lines to ensure stable operation for responsible teams.

General Facilities & Grounds Maintenance

• Year-Round Grounds & Winter Operations: Manage all exterior property upkeep, coordinating vendor-led landscaping, pest control, and site maintenance while executing winterization and snow/ice removal protocols to keep walkways, entryways, and critical equipment access points clear for 24/7 facility and laboratory access.

• System Inspection & Repair: Conduct preventative maintenance and structural/cosmetic repairs, including drywall patching, plastering, painting, flooring, plumbing, and basic electrical tasks.

• Facilities Setup: Assemble, set up, or relocate machinery, plant/lab equipment, and office furniture as operations require.

Leadership, Compliance & Vendor Administration

• Vendor Support & Management: Escort, supervise, and coordinate with external vendors for specialized repairs, landscaping, pest control, security, janitorial, and waste management services.

• Team & Vendor Oversight: Lead and mentor junior facilities personnel, manage subcontractor performance, coordinate supplier deliveries, and enforce strict quality, lab compliance, and safety standards.

• Record Keeping & Inventory: Maintain meticulous records of inspections, work orders, system logs, and inventory levels for winter supplies, repair parts, and facility/lab equipment.

• Continuous Improvement: Perform quality checks on building and laboratory systems and evaluate new tools, products, and techniques to optimize operational efficiency.

Qualifications & Skills

• Experience: 5+ years of experience in multi-craft industrial or facilities maintenance within mission-critical, data center, laboratory, pharmaceutical, or high-reliability industrial environments. Proven leadership or vendor-management experience preferred.

• Technical Mastery: Advanced hands-on experience with commercial HVAC systems, UPS systems, emergency generators, switchgear, and Pure Water (PW) infrastructure. Strong working knowledge to support teams managing Boilers, clean steam, and industrial air compressors.

• Automated Systems: Proficiency in operating and troubleshooting via Building Management Systems (BMS) and Environmental Monitoring Systems (EMS).

• Problem-Solving & Communication: Strong mechanical, electrical, and structural diagnostic skills combined with clear communication and collaborative skills to effectively partner across cross-functional maintenance teams and supervise vendors.

• Physical & Operational Requirements: Ability to work in a 24/7 operational environment, perform active physical work (including outdoor winter weather response), and support emergency call-outs.

An Equal Opportunity Employer. All qualified applicants will receive consideration for employment without regard to race, color, religion, sex, sexual orientation, gender identity, national origin, or protected veteran status and will not be discriminated against on the basis of disability

This job description does not state or imply that the above are the only duties and responsibilities assigned to this position. Employees holding this position will be required to perform any other job-related duties as requested by Management.",6331,https://www.wuxiappteccareers.com/job/288/lead-facilities-maintenance-technician-research-associate-us-de-middletown/,,https://www.linkedin.com/jobs/view/4448256001,2026-09-15,25,among first 25,43,matched,title,2026-10-01,2026-10-01T11:57:36,2026-10-09,,67,startDate,true,0,,,,,,2026-08-03,,true,,,,,,
14167,Lead Instrumentation and Electrical Technician,WuXi AppTec,WuXi AppTec,,,2026-08-04,66,"Middletown, DE",1,"Middletown, DE",false,,US,,0,"We are seeking highly skilled and qualified Lead Instrumentation and Electrical Technician to serve as a cornerstone of maintenance for our clinical and commercial production efforts at our CRDMO facility in Middletown, DE. A multi-craft expert who excels in complex maintenance management systems and front-line troubleshooting, across a wide variety of equipment and regulatory requirements. Reporting to the Electrical Controls and Equipment Maintenance Manager, this individual will lead the execution of maintenance on critical plant utilities, manufacturing and facilities equipment. The ideal candidate will perform as a primary subject matter expert on instrumentation and electrical systems for Maintenance, Facilities and Engineering while ensuring optimum performance of site assets.

Responsibilities

• Maintenance Execution: Utilize and manage Computerized Maintenance Management System. Perform preventive/predictive and corrective Maintenance work in coordination with production, EHS, Facilities and Engineering.

• Multi-Craft Maintenance: Perform routine and corrective maintenance on utilities equipment, including Boilers, Chillers, Cooling Towers, Air Compressors, Process Water Systems, Generators etc.

• Technical ""First Responder"": Perform hands-on adjustments and repairs to instrumentation and electrical equipment to prevent product impact and downtime.

• Contractor Oversight: Provide on-site escort and technical supervision for specialized vendors. Execute permitting procedures and coordinate daily maintenance/operational tasks.

• Hybrid Maintenance: Work in collaboration with utility/facility technical staff, process engineering team, EHS, Production and 3rd party contractors/resources to support the execution of work orders in various environments.

• Client Interaction: Support client site visits and onsite audits by demonstrating technical mastery of processes and environment.

• Consumables Management: Manage complex inventory of consumables, single-use assemblies, sensors, and filters required for planned and corrective maintenance.

• Cleaning and Sanitization: Participate in the execution of operational procedures and adhere to all current Good Manufacturing Practices.

• Safety and Compliance: Ensure all maintenance activities are performed in accordance with WuXi EHS policies.

• Process Improvement: Progressively identify and propose Continuous Improvements to equipment or workflows that enhance yield, reduce ergonomic strain, decrease setup time, etc.

Regulatory Compliance and Documentation

• Good Documentation Practices: Execute and review documentation in real-time. Ensure compliance with attributable, legible, contemporaneous, original and accurate input.

• Deviation Management: Act as the primary technical witness and Subject Matter Expert for process deviation investigations; assist Quality Assurance in conducting Root Cause Analysis and implementing corrective actions.

• Validation: Support the execution of validation protocols for new manufacturing technologies and equipment.

• Audit Readiness: Maintain the production suites in a constant state of ""inspection readiness"" for FDA, DEA, internal and client-led quality audits.

• Standard Operating Procedures: Lead the drafting and periodic review of SOPs and Drawings, ensuring they reflect current Good Manufacturing Practices.

• Support Maintenance Management during regulatory audits by retrieving logs and explaining maintenance histories.

Team Leadership and Training

• Floor Leadership: Provide technical guidance to maintenance personnel during assigned work activities. Provide clear direction on safety and task prioritization. Support the execution of Safe Work Permitting and Hazardous Energy Control Procedures.

• Technical Mentorship: Provide technical training and mentoring to technician staff, while continuing to perform hands-on maintenance activities. Serve as the site's technical resource for instrumentation and electrical systems in preventive, predictive, and corrective maintenance.

• Cross-Functional Collaboration: Pro-active collaboration with Production, Engineering, Quality, EHS and Facilities to ensure safe and efficient operation.

• Culture Champion: Foster a culture of ""Right First Time"" and continuous improvement.

Continuous Improvement and Cost Management

• Waste Reduction: Monitor and reduce waste of raw materials, consumables and spare parts.

• Overall Effectiveness: Support the tracking of Equipment Effectiveness and provide feedback on bottlenecks, Key Performance Indicators and data collection techniques.

• Lean Initiatives: Suggest and Implement cost saving initiatives.

• EHS: Support Environment, Health and Safety through participation in the site Emergency Response Program.

• Participate in Root Cause Analysis (RCA)meetings to prevent the recurrence of mechanical failures.

• High School Diploma or GED

• 6+ years’ Industrial/Pharmaceutical Maintenance Experience. Experience in the electrical and instrumentation fields preferred.

• Technical Proficiency: Multi-craft troubleshooting abilities (pumps, motors, valves, Air Handlers, HVAC, Boilers, Chillers). Able to interpret and work from a broad spectrum of drawing types.

• GMP Knowledge: Demonstrated understanding of working in cleanroom environments and following strict gowning and documentation protocols.

• System Experience: Familiarity with Process Control Systems, Building Automation Systems and Environmental Monitoring Systems.

• Software: Basic proficiency in computer technologies, Microsoft Office and experience using modern data acquisitions systems/historians. Experienced user of computerized maintenance management systems.

• Communication/Technical Writing: Ability to clearly and professionally communicate technical issues to non-technical stakeholders in-person and through electronic communications. Able to proficiently write technical subject matter for communications with maintenance, facilities and engineering staff.

• Licensing: Journeyperson Electrical License Preferred.

Physical Requirements:

• Must be able to work in a plant environment with variable noise levels.

• Ability to wear appropriate PPE, including respirators.

• Ability to stand/sit/walk for long periods of time.

• Ability to lift 50 lbs. occasionally.

• Ability to crouch, bend, twist, and reach in tight mechanical spaces.

• Ability to climb ladders, stairs, and scaffolding to access rooftop equipment.

• Ability to work in various environments (boiler rooms, refrigerated storage, and outdoors).

• Clarity of vision and ability to identify/distinguish color-coded wiring and piping.

An Equal Opportunity Employer. All qualified applicants will receive consideration for employment without regard to race, color, religion, sex, sexual orientation, gender identity, national origin, or protected veteran status and will not be discriminated against on the basis of disability

This job description does not state or imply that the above are the only duties and responsibilities assigned to this position. Employees holding this position will be required to perform any other job-related duties as requested by Management.",7205,https://www.wuxiappteccareers.com/job/289/lead-instrumentation-and-electrical-technician-research-associate-us-de-middletown/,,https://www.linkedin.com/jobs/view/4448540239,2026-09-17,25,among first 25,44,matched,title,2026-10-01,2026-10-01T11:57:40,2026-10-09,,66,startDate,true,0,,,,,,2026-08-04,,true,,,,,,
14169,Lead Maintenance Mechanic,WuXi AppTec,WuXi AppTec,,,2026-08-05,65,"Middletown, DE",1,"Middletown, DE",false,,US,,0,"We are seeking a highly skilled and proactive Lead Maintenance Mechanic to serve as the primary technical expert for the operation and maintenance of utilities and facility systems at our pharmaceutical manufacturing facility in Middletown, DE. Reporting to the Electrical Control & Equipment Maintenance Manager, this multi-craft role combines advanced maintenance strategies and mechanical troubleshooting with the rigorous documentation standards of the cGMP environment. The successful candidate will be responsible for the execution of preventive/predictive maintenance, troubleshooting complex equipment failures, and ensuring the continuous, safe operation of critical plant infrastructure to support life-saving production goals.

Responsibilities

• Multi-Craft Maintenance: Perform routine & corrective maintenance on utilities & facilities equipment, including Boilers, Deaerators, Chillers, Cooling Towers, Air Compressors, Process Water Systems, Pumps, Seals, Exchangers, Generators etc.

• Critical Utilities: Monitor & maintain water purification systems, clean steam generators and HVAC utilizing Building Management & Environmental Monitoring Systems.

• Reliability Execution: Execute Preventative/Predictive Maintenance tasks, including assisting with thermography, vibration analysis, data collection, oil sampling etc.

• Emergency Response: Serve as first responder for utility alarms and equipment failures.

• Contractor Oversight: Provide on-site escort and technical over-the-shoulder supervision for specialized vendors. Execute permitting procedures & coordinate daily maintenance/operational tasks.

• Complete work orders in the CMMS with high detail, ensuring all parts used and tasks performed are documented for regulatory compliance.

• Spare Parts & Tooling Management: Maintain the physical organization of the utilities shop and spare parts inventory; identify and request restock of critical components.

• Safety Leadership: Actively participate Hazardous Energy Control Procedures & Lock-out/Tag-out program. Execute Safe Work Permitting for contractors.

• System Optimization/Energy Management: Assist the maintenance management in identifying equipment trends or recurring failures and suggest mechanical or operational “Continuous Improvements”.

• Process Improvement: Progressively identify and propose Continuous Improvements to equipment or workflows that enhance yield, reduce ergonomic strain, decrease setup time, etc.

Regulatory Compliance & Documentation

• Good Documentation Practices: Execute and review documentation in real-time. Ensure compliance with attributable, legible, contemporaneous, original and accurate input.

• Capture & maintain accurate records of all maintenance activities, work orders, SOPs, calibration, and validation reports through the CMMS.

• Assist in the execution of qualification and validation protocols for new facilities/utilities equipment.

• Support Maintenance Management during regulatory audits by retrieving logs and explaining maintenance histories.

• Standard Operating Procedures: Lead the drafting and periodic review of SOPs & Drawings, ensuring they reflect current Good Manufacturing Practices.

• Audit Readiness: Maintain the production suites in a constant state of ""inspection readiness"" for FDA, DEA, internal and client-led quality audits.

Team Leadership & Training

• Serve as a technical mentor as the maintenance team expands, providing on-the-job training to junior personnel.

• Collaborate daily with Production and Quality teams to ensure equipment availability aligns with the manufacturing needs.

• Assist in the drafting and ""red-lining"" of Standard Operating Procedures & As-Built Drawings.

• Collaborate & Coordinate with Vendors for Equipment Specific Training.

• Participate in the execution of change controls.

Continuous Improvement & Cost Management

• Identify opportunities for energy reduction & continuous improvement. (ex. Identifying/Repairing Leaks, optimizing chiller sequences, improving maintenance-operations sequences).

• Participate in Root Cause Analysis (RCA)meetings to prevent the recurrence of mechanical failures.

• Support the implementation of the computerized maintenance management system by providing accurate field data and feedback on system operability.

• Provide technical subject matter expertise on equipment & consumables. Address standardization and identify cost saving opportunities.

• Support Environment, Health & Safety through active participation in the Emergency Response Program.

Qualifications

• High School Diploma or GED

• 3+ years of hands-on maintenance experience in a Pharmaceutical, Biotechnology, or highly regulated industrial environment.

• Technical Proficiency: Strong mechanical/electrical troubleshooting skills (pumps, motors, valves, AHUs, Boilers, Chillers, 480V/3-phase distribution and Medium Voltage control logic).

• GMP Knowledge: Demonstrated understanding of working in cleanroom environments and following strict gowning and documentation protocols.

• System Experience: Familiarity with building control systems and interfacing equipment.

• Software: Basic proficiency in Microsoft Office and experience using a Computerized Maintenance Management System (CMMS).

• Communication/Technical Writing: Ability to clearly & professionally communicate technical issues to non-technical stakeholders in-person & through electronics communications. Able to proficiently write technical subject matter for communications with engineering.

Physical Requirements:

• Must be able to work in a plant environment with variable noise levels.

• Ability to wear appropriate PPE, including respirators and cleanroom ""bunny suits.""

• Ability to stand/sit/walk for long periods of time.

• Ability to lift 50 lbs. occasionally.

• Ability to crouch, bend, twist, and reach in tight mechanical spaces.

• Ability to climb ladders, stairs, and scaffolding to access rooftop equipment.

• Ability to work in various environments (boiler rooms, refrigerated storage, and outdoors).

• Clarity of vision and ability to identify/distinguish color-coded wiring and piping.

An Equal Opportunity Employer. All qualified applicants will receive consideration for employment without regard to race, color, religion, sex, sexual orientation, gender identity, national origin, or protected veteran status and will not be discriminated against on the basis of disability

This job description does not state or imply that the above are the only duties and responsibilities assigned to this position. Employees holding this position will be required to perform any other job-related duties as requested by Management.",6702,https://www.wuxiappteccareers.com/job/292/lead-maintenance-mechanic-research-associate-us-de-middletown/,,https://www.linkedin.com/jobs/view/4449314280,2026-09-18,25,among first 25,44,matched,title,2026-10-01,2026-10-01T11:57:37,2026-10-09,,65,startDate,true,0,,,,,,2026-08-05,,true,,,,,,
14232,Operations Supervisor,WuXi AppTec,WuXi AppTec,,,2026-09-21,18,"Middletown, DE",1,"Middletown, DE",false,,US,,0,"The Operations Supervisor is responsible for ensuring operational activities are carried out in compliance with GMP regulations, hygiene rules, and safety standards. They must ensure adherence to the established production plan while following procedures defined by the pharmaceutical site’s quality system.

They will also be responsible for supervising operators and technicians during operational steps. The Operations Supervisor manages and plans GMP cleaning of production areas.

Throughout the site construction project phase, the Project Team operates at a rapid pace, managing large-scale and intricate construction and engineering tasks. In this start-up-like environment, the pace is fast, and changes are constant. Adaptability, proactivity, and a willingness to embrace uncertainties are essential. The successful incumbent will thrive on taking initiative, excel at wearing multiple hats, and can switch roles swiftly as circumstances evolve. Collaboration is critical at this dynamic setting, with open communication and a team-first attitude driving success.

• Serve as the focal point for supporting the Project Team members in relation to operations activities by demonstrating a proactive approach and the ability to anticipate needs.

• Coordinate and orchestrate site visits for process equipment vendors for the installation and qualification activities.

• Assists in the execution of process equipment testing and startup activities along with develop necessary operational procedures.

• Collaborate with internal and external stakeholders to initiate and manage 3rd party services for GMP areas.

• Communicate with external partners, contractors, government departments, and other stakeholders on a variety of different documents and agreements as required.

• Act as a dedicated member of the Project Team, supporting project execution and taking on responsibilities as assigned by the Site Head.

After the site is operationalized, the position will be leading the Site Support Team to ensure smooth site administrative operations in collaboration with internal and external parties.

Operations & Team Management

• Plan work and supply needs.

• Communicate and explain work instructions.

• Train or ensure training of staff on procedures (as the Job Qualified Trainer).

• Assign workstations, lead, and coordinate team activities.

• Troubleshoot technical issues and make necessary adjustments (with support services if needed).

• Operate production lines when permanent operators are absent.

• Maintain team cohesion and motivation.

• Propose and implement improvements in work organization.

• Review production packaging records before Quality Assurance review.

• Serve as the main contact point during audits in the area.

Compliance & Documentation

• Ensure execution of industrial batch packaging operations in GMP environments while meeting the established schedule.

• Ensure compliance with hygiene, environmental, and safety (EHS) rules and guidelines.

• Check, record, and complete pre-established work documents to ensure traceability of performed operations (batch records completed per GMP standards).

• Draft technical documents necessary for equipment operation (user and cleaning instructions, etc.) and other documentation required for packaging operations.

• Open deviations in the quality IT system and ensure timely closure.

• Perform and follow up on CAPA actions in the quality IT system.

Equipment & Process Management

• Manage the company responsible for GMP cleaning of production areas and establish cleaning schedules in collaboration with them, according to production constraints.

• Participate in qualification/validation of packaging production equipment.

• Maintain packaging line indicators and communicate them to the team.

• Collaborate with EHS to assess risks and perform risk analyses.

• Promote continuous improvement within the team.

Safety & Risk Management

• Maintain a healthy and safe working environment in controlled areas and ensure compliance with applicable laws and rules.

• Ensure staff (including temporary and short-term contracts) are properly informed of risks and trained to act accordingly.

• Promote safe behaviors and practices, verify EHS rules are implemented and followed.

• Immediately report all incidents and near misses to the EHS department, participate in investigations, and identify preventive measures to avoid recurrence.

Preferred Qualifications:

• Strong knowledge of GMP environment and solid understanding of the pharmaceutical industry, especially in blending, encapsulation, powder compression, and other oral dosage manufacturing processes. In addition, experience in overseeing packaging and high containment areas is desired.

• Versatile, organized, rigorous, and an effective communicator with excellent interpersonal skills for teamwork.

Experience / Education

• A minimum of a bachelor's or associate degree with over 6 years of experience in manufacturing site operations.

• Working knowledge of manufacturing and R&D operations.

• Proven experience in leading and managing a team.

• Proficiency in handling local codes and regulations while maintaining international standards.

• Highly self-motivated individual capable of working with minimum guidance.

• Languages: English

Knowledge / Skills / Abilities:

• Strong knowledge and understanding of OSD processes and procedures and possesses the ability to develop, write and implement operating procedures, work instructions and SOPs from the ground up, ensuring compliance with quality, safety, and regulatory requirements.

• Strong knowledge of GMP environment and solid understanding of the pharmaceutical industry, especially in blending, encapsulation, powder compression, and other oral dosage manufacturing processes.

• Versatile, organized, rigorous, and an effective communicator with excellent interpersonal skills for teamwork.

• Natural leadership, able to share expertise, technical knowledge, and experience to develop the team.

• Strong management skills.

• Proficient in basic IT tools (Word, Excel, PowerPoint) and ERP systems; able to use them for presentations and reporting.

• Proactive in proposing and implementing work organization improvements.

• Strong problem-solving skills.

• Able to communicate activity progress and issues encountered.

• Capable of leading continuous improvement projects with support departments.

• Strong sense of responsibility.

• Ability to manage projects.

• Comfortable giving presentations to groups.

• Knowledge of various packaging processes in dry formulation.

• Willing to share knowledge and train new employees and operators on packaging equipment.

The anticipated salary range is $99,000 to $120,000

An Equal Opportunity Employer. All qualified applicants will receive consideration for employment without regard to race, color, religion, sex, sexual orientation, gender identity, national origin, or protected veteran status and will not be discriminated against on the basis of disability

This job description does not state or imply that the above are the only duties and responsibilities assigned to this position.  Employees holding this position will be required to perform any other job-related duties as requested by Management.",7319,https://www.wuxiappteccareers.com/job/334/operations-supervisor-biotech-manufacturing-us-de-middletown/,,https://www.linkedin.com/jobs/view/4468176229,2026-09-21,25,25 applicants,0,matched,title,2026-10-01,2026-10-01T11:57:43,2026-10-09,,18,startDate,false,0,,,,,,2026-09-21,,true,,,,,,
14208,Principal Pathologist,WuXi AppTec,WuXi AppTec,,,2026-09-01,38,United States,1,United States,false,,US,,0,"WuXi AppTec Pathologists contribute to a wide range of critical activities within Toxicology, Safety, and Biocompatibility. Testing including but not limited to study evaluation for nonclinical studies spanning all phases of drug development for pharmaceutical industries.

This role is either on-site at our Natick facility or remote (this determination will depend on experience and a candidate’s level of independent diagnosis).    Also, we can hire at the Senior or Principal level depending on a candidate's experience and qualifications.

• As a study pathologist, attend all key activities of preclinical studies regarding pathology, perform macroscopic and microscopic examination, evaluate pathological data and write comprehensive pathology report

• Function as a Peer review pathologist, take part in pathology peer review as SOP and protocol required

• Function as a Principal Investigator, responsible for pathology-related activities

• Conduct planned, long-term education and training for junior pathologists

• Communicate with sponsors to answer questions and discuss results regarding the pathology report.

• Provide consultation to Study Directors on studies.

• Ensure the compliance of various GLPs, comply with protocol and SOPs during study activities

• Responsible for conducting toxicology and medical device studies in compliance with GLP/CNAS

• Perform other duties as assigned

Experience / Education:

• DVM (Doctor of Veterinary Medicine) or equivalent

• ACVP Board Certification is required

• 10+ years of toxicological pathology experience in the CRO or pharmaceutical industry

This job description does not state or imply that the above are the only duties and responsibilities assigned to this position.  Employees holding this position will be required to perform any other job-related duties as requested by Management.

An Equal Opportunity Employer. All qualified applicants will receive consideration for employment without regard to race, color, religion, sex, sexual orientation, gender identity, national origin, or protected veteran status and will not be discriminated against on the basis of disability.",2157,https://www.wuxiappteccareers.com/job/316/principal-pathologist-research-scientist-us/,,,,,,,no_match,,2026-10-01,,2026-10-09,,38,startDate,true,0,,,,,,2026-09-01,,false,,,,,,
14188,QC Microbiology Scientist,WuXi AppTec,WuXi AppTec,,,2026-08-18,52,"Middletown, DE",1,"Middletown, DE",false,,US,,0,"Reporting to the QC Microbiology Lead, the QC Microbiology Scientist will perform advanced microbiological laboratory activities in support of drug product manufacturing at WuXi STA’s Middletown, DE site. This role includes execution and troubleshooting of microbiological testing, environmental monitoring, stability sample handling, equipment operation, method transfers, and documentation in accordance with GMP, corporate quality standards, and regulatory requirements. The QC Microbiology Scientist will support both startup and steady-state operations, ensuring timely and accurate completion of QC tasks for product release, stability studies, validation, and regulatory audits.

Microbiological Testing and Support

• Perform and review advanced microbiological QC testing for drug products, raw materials, packaging components, and utilities in accordance with approved methods and SOPs.

• Lead and execute environmental monitoring, bioburden, endotoxin, microbial limits, microbial identification, and sterility testing.

• Provide scientific expertise in troubleshooting, investigations, and technical issue resolution.

• Author, review, and revise SOPs, test methods, and technical documents.

• Mentor and train QC Analysts and Associates on microbiological methods and best practices.

• Other QC tasks assigned by microbiology lead.

Regulatory Compliance and Documentation

• Ensure all activities are conducted in strict compliance with cGMP, safety, and quality standards.

• Maintain accurate, complete, and inspection-ready microbiology laboratory documentation.

• Participate in method transfer, qualification, and validation of microbiological methods and equipment.

• Support client and regulatory audits by presenting data, explaining technical approaches, and preparing responses.

• Escalate deviations, out-of-specification (OOS) results, or atypical findings promptly to the QC Microbiology Manager.

• Bachelor’s degree in Microbiology, Biology, or related scientific discipline with 5+ years of QC microbiology experience in a GMP-regulated pharmaceutical or biotechnology environment; OR

• Master’s degree with 3+ years or PhD with 1+ years of relevant QC microbiology experience.

• Deep expertise in microbiological techniques and instrumentation, including environmental monitoring, sterility, endotoxin, and bioburden testing.

• Demonstrated ability to lead investigations, author technical reports, and drive resolution of complex issues.

• Strong knowledge of GMP regulations, USP <61>, <62>, <85>, <1116>, ICH guidelines, and data integrity principles.

Preferred Qualifications

• Experience with LIMS, Empower, or other electronic laboratory systems.

• Previous work in a CDMO or multi-client environment.

• Demonstrated ability to provide technical training and mentorship.

• Strong communication skills and ability to support audits and regulatory inspections.

An Equal Opportunity Employer. All qualified applicants will receive consideration for employment without regard to race, color, religion, sex, sexual orientation, gender identity, national origin, or protected veteran status and will not be discriminated against based on disability

This job description does not state or imply that the above are the only duties and responsibilities assigned to this position. Employees holding this position will be required to perform any other job-related duties as requested by Management.",3443,https://www.wuxiappteccareers.com/job/304/qc-microbiology-scientist-qa-and-qc-us-de-middletown/,,https://www.linkedin.com/jobs/view/4454765628,2026-09-29,45,45 applicants,42,matched,title,2026-10-01,2026-10-01T11:57:21,2026-10-09,,52,startDate,true,0,,,,,,2026-08-18,,false,,,,,,
14166,QC Raw Material Scientist,WuXi AppTec,WuXi AppTec,,,2026-08-26,44,"Middletown, DE",1,"Middletown, DE",false,,US,,0,"Reporting to the QC Analytical Lead, the QC Raw Material Scientist will serve as a technical expert in analytical chemistry testing and laboratory operations supporting the release of raw materials, excipients, active pharmaceutical ingredients (APIs), process materials, and packaging components used in pharmaceutical manufacturing at WuXi STA’s Middletown, DE site.  This role is responsible for the execution, troubleshooting, transfer, and validation of analytical methods used for incoming material testing while ensuring compliance with cGMP requirements, compendial standards, corporate quality systems, and global regulatory expectations. The QC Raw Material Scientist will support material disposition, supplier qualification, investigations, and regulatory inspections to ensure an uninterrupted supply of qualified materials for manufacturing operations.

QC Raw Material Testing and Support

• Perform and review QC analytical testing of raw materials, APIs, excipients, and packaging components according to approved specifications, pharmacopeial methods, and SOPs.

• Execute compendial and non-compendial analytical methods including HPLC, UPLC, GC, FTIR, UV-Vis, TOC, Karl Fischer, wet chemistry, identification testing, and other applicable techniques.

• Perform raw material identity testing in accordance with regulatory requirements and internal procedures.

• Support sampling plans and testing strategies for incoming materials.

• Conduct laboratory investigations associated with out-of-specification (OOS), out-of-trend (OOT), atypical results, and laboratory deviations related to raw materials.

• Troubleshoot analytical instrumentation and methods and implement scientifically sound corrective actions.

• Support supplier qualification and material assessments through analytical evaluation and trending of test results.

• Author, review, and revise raw material specifications, test methods, protocols, SOPs, and technical reports.

• Mentor and train QC Analysts on raw material testing techniques, GMP requirements, and laboratory best practices.

• Collaborate with Warehouse, Manufacturing, Procurement, Quality Assurance, and Supply Chain teams to ensure timely disposition of incoming materials.

• Support establishment of raw material testing capabilities during site startup and commercial operations.

Regulatory Compliance and Documentation

• Ensure all laboratory activities are conducted in compliance with cGMP regulations, data integrity principles (ALCOA+), safety requirements, and company quality systems.

• Maintain complete, accurate, and inspection-ready laboratory records.

• Support qualification, validation, verification, and transfer of analytical methods used for raw material testing.

• Support qualification and lifecycle management of laboratory instruments and computerized systems.

• Review analytical data and approve test results for material release decisions.

• Participate in audits and regulatory inspections and provide technical responses related to raw material testing programs.

• Escalate quality events, OOS results, supplier-related concerns, and compliance issues to QC management in a timely manner.

• Support continuous improvement initiatives to enhance laboratory efficiency, compliance, and turnaround times.

• Bachelor’s degree in Chemistry, Biochemistry, Pharmaceutical Sciences, or related scientific discipline with 5+ years of QC analytical laboratory experience in a GMP-regulated pharmaceutical or biotechnology environment; OR

• Master’s degree with 3+ years or PhD with 1+ years of relevant QC analytical laboratory experience.

• Strong experience with raw material release testing, compendial testing, and material disposition processes

• Demonstrated expertise in chromatographic, spectroscopic, and wet chemistry techniques including HPLC/UPLC, GC, FTIR, UV-Vis, TOC, Karl Fischer, and pharmacopeial analytical methods.

• Experience leading laboratory investigations, troubleshoot instrumentation, and author technical reports.

• Strong understanding of USP, EP, JP, ICH, FDA, and cGMP requirements applicable to raw material testing.

• Strong technical writing skills with experience authoring specifications, SOPs, protocols, and investigation reports.

Preferred Qualifications

• Experience supporting raw material programs in pharmaceutical manufacturing, or CDMO environments.

• Experience with supplier qualification, vendor change assessments, and material risk evaluations.

• Experience performing FTIR identity testing and compendial verification activities.

• Familiarity with LIMS, Empower, SAP, or similar laboratory and ERP systems.

• Experience with method transfers, validation, and regulatory inspections.

• Strong communication and cross-functional collaboration skills supporting Quality Assurance, Supply Chain, Manufacturing, and external suppliers.

An Equal Opportunity Employer. All qualified applicants will receive consideration for employment without regard to race, color, religion, sex, sexual orientation, gender identity, national origin, or protected veteran status and will not be discriminated against based on disability

This job description does not state or imply that the above are the only duties and responsibilities assigned to this position.  Employees holding this position will be required to perform any other job-related duties as requested by Management.",5419,https://www.wuxiappteccareers.com/job/311/qc-raw-material-scientist-qa-and-qc-us-de-middletown/,,https://www.linkedin.com/jobs/view/4458314405,2026-09-17,47,47 applicants,22,matched,title,2026-10-01,2026-10-01T11:57:39,2026-10-09,,44,startDate,true,0,,,,,,2026-08-26,,false,,,,,,
13980,Research Associate III,WuXi AppTec,WuXi AppTec,,,2026-02-21,230,"San Diego, CA",1,"San Diego, CA",false,,US,,0,"PIPELINE OPENING

HD Biosciences Inc., a WuXi AppTec company, located in San Diego, is looking for a highly motivated Research Associate III to join our assay development team to support cell-based assays and biochemical assays etc.

• Support cell based assays and biochemical assays as requested
• Support High throughput screening and perform assays in biochemical and cell based formats that are suitable for SAR screening in 96 or 384-well formats.
• Deep understanding of molecular biology and cell biology and experience in mammalian cell culture and compound handling techniques.
• Effectively communicate with internal team colleagues and external clients to promote world-class services.

• Master degree in Biochemistry, Biotechnology or Molecular Biology is required and 3+year work experience is preferred.
• Demonstrated strong understanding of complex scientific procedures with technical proficiency in molecular and cell biology
• Outstanding written and oral communication and interpersonal skills to seamlessly fit within a teamwork driven environment.

Knowledge / Skills / Abilities:

• Proficient in Oral & Written communication skills
• Need to be able to read, write and understand English
• Proficient in Microsoft (Excel, Word, Outlook)

Physical Requirements:
• Must be able to work in an office environment with minimal noise conditions.
• Must be able to work in Lab setting with exposure to Animals/biohazards / Chemicals (List specific Chemicals)
• Must not have animal allergies to applicable species in this facility
• Must be able to wear appropriate PPE
• Must be able to work in environment with variable noise levels
• Ability to stand /Sit/walk for long periods of time
• Ability to Lift 10 lbs routinely
• Ability to crouch, bend, twist, and reach
• Ability to push/pull 10 lbs routinely/ often / occasionally
• Clarity of Vision
• Ability to identify and distinguish colors
• Must be able to perform activities with repetitive motions
• Ability to climb Ladders / Stairs / Scaffolding
• Ability to work in variable temperatures high to freezing
• Inside/outside working conditions

Anticipated salary range: $26.61 to $34.62

An Equal Opportunity Employer. All qualified applicants will receive consideration for employment without regard to race, color, religion, sex, sexual orientation, gender identity, national origin, or protected veteran status and will not be discriminated against on the basis of disability

This job description does not state or imply that the above are the only duties and responsibilities assigned to this position. Employees holding this position will be required to perform any other job-related duties as requested by Management.",2702,https://www.wuxiappteccareers.com/job/70/research-associate-iii-research-scientist-us-ca-san-diego-6122-nancy-ridge-dr/,,https://www.linkedin.com/jobs/view/4409373947,2026-09-10,200,Over 200 applicants,201,matched,title,2026-10-01,2026-10-01T11:57:31,2026-10-09,,230,startDate,true,0,,,,,,2026-02-21,,true,,,,,,
14213,Scientist I,WuXi AppTec,WuXi AppTec,,,2026-09-08,31,"San Diego, CA",1,"San Diego, CA",false,,US,,0,"HD Biosciences Inc. a WuXi AppTec company, offers biology-focused preclinical drug discovery services to biotech and pharmaceuticals. We offer our clients comprehensive service platforms around target validation, plate-based pharmacology, hit identification and lead discovery, in vivo pharmacology, as well as other research and development services.

• Perform hands-on histology procedures, including tissue fixation, processing, paraffin embedding, microtomy, and slide preparation.

• Perform routine and special histological stains, including H&E, immunohistochemistry (IHC) and immunofluorescence (IF) assays, RNAscope, as applicable.

• Handle and process a variety of animal and human tissue types and biological specimens according to established protocols.

• Work closely with in vivo pharmacology team to support tissue evaluation.

• Troubleshoot tissue processing, sectioning, staining, and IHC-related issues and implement appropriate corrective actions.

• Maintain accurate laboratory records, study documentation, sample tracking, and experimental data.

• Develop, optimize, and validate histology and staining protocols when required.

• Analyze and summarize histological findings and contribute to study reports, presentations, and scientific documentation.

• Master’s or Ph.D. in Histology, Pathology, Biomedical Sciences, or a related field.

• Demonstrated hands-on experience in histology/histopathology laboratory techniques.

• Strong practical experience with:

• Tissue fixation and processing

• Paraffin embedding

• Microtomy and tissue sectioning

• H&E staining

• Slide preparation and quality assessment

• Microscopic evaluation of tissue morphology

• Experience with special stains and/or immunohistochemistry (IHC) is highly desirable.

• Strong understanding of tissue morphology, histological structures, and pathological changes.

• Ability to independently execute laboratory protocols and troubleshoot technical challenges.

• Strong attention to detail and commitment to generating high-quality, reproducible data.

• Excellent documentation, communication, organizational, and problem-solving skills.

Experience / Education

• PhD or advanced degree with 0-2 years of experience

Knowledge / Skills / Abilities:

• Proficient in Oral & Written communication skills

• Need to be able to read, write and understand English at proficient level

• Proficient in Microsoft (Excel, Word, Outlook)

Physical Requirements:

• Must be able to work in an office environment with minimal noise conditions.

• Must be able to work in Lab setting with exposure to Animals/biohazards / Chemicals (List specific Chemicals)

• Must not have animal allergies to applicable species in this facility

• Must be able to wear appropriate PPE

• Must be able to work in environment with variable noise levels

• Ability to stand /Sit/walk for long periods of time

• Ability to Lift 10 lbs routinely

• Ability to crouch, bend, twist, and reach

• Ability to push/pull 10 lbs routinely/ often / occasionally

• Clarity of Vision

• Ability to identify and distinguish colors

• Must be able to perform activities with repetitive motions

• Ability to climb Ladders / Stairs / Scaffolding

• Ability to work in variable temperatures high to freezing

• Inside/outside working conditions

Anticipated base pay range: $69,036 to $89,570

An Equal Opportunity Employer. All qualified applicants will receive consideration for employment without regard to race, color, religion, sex, sexual orientation, gender identity, national origin, or protected veteran status and will not be discriminated against on the basis of disability

This job description does not state or imply that the above are the only duties and responsibilities assigned to this position. Employees holding this position will be required to perform any other job-related duties as requested by Management.

Your California Privacy Rights",3933,https://www.wuxiappteccareers.com/job/325/scientist-i-research-scientist-us-ca-san-diego-6122-nancy-ridge-dr/,,https://www.linkedin.com/jobs/view/4463560573,2026-09-30,58,58 applicants,22,matched,title,2026-10-01,2026-10-01T11:57:32,2026-10-09,,31,startDate,true,0,,,,,,2026-09-08,,false,4,78996,82500,88750,title,Scientist I
14231,Security Engineer,WuXi AppTec,WuXi AppTec,,,2026-09-23,16,United States,1,United States,false,,US,,0,"The Security Engineer is responsible for implementing, maintaining and improving security systems, processes and controls in the US/EU WuXi security environment to protect the security and integrity of WuXi AppTec data. The Security Engineer works with security and Shared Service IT colleagues to configure, test, deploy and maintain security technology, investigate incidents and address vulnerabilities. The role contributes to continuous improvement of assigned systems under the direction of the Director Infrastructure and Security. The Security Engineer supports the security of a diverse IT environment that includes desktop services, on-site servers and applications, cloud hosted solutions and mobile solutions.

This is a hybrid job, must be located in Saint Paul MN

• Implement, configure, maintain and troubleshoot security technologies across the company’s IT environments, including SIEM, EDR, firewalls, IDS/IPS, data loss prevention and mobile device management tools.

• Monitor and triage security alerts, correlate logs across systems and use threat intelligence to identify suspicious activity. Prioritize findings by risk and escalate according to established procedures.

• Investigate cybersecurity incidents, including phishing, malware and unauthorized access. Determine the scope and impact, preserve evidence, coordinate approved containment and recovery actions, and document cases through closure.

• Develop, test and tune security detection rules and alerting use cases to improve threat visibility and reduce false positives.

• Perform vulnerability assessments, validate and prioritize findings, coordinate remediation with IT teams, and verify that security fixes are effective.

• Implement and maintain secure configuration baselines for endpoints, servers, network devices and cloud resources. Identify configuration drift and coordinate corrective actions through established change procedures.

• Support identity and access management controls, including multi-factor authentication, single sign-on, privileged access and periodic access reviews, in collaboration with system and application owners.

• Assess and strengthen the protection of sensitive company information by applying encryption, data masking and appropriate data handling controls in accordance with established security policies and standards.

• Develop and maintain scripts using PowerShell, Python or similar tools to automate repetitive security tasks, enrich investigations and improve reporting and remediation workflows.

• Participate in security reviews of proposed infrastructure, cloud configurations, new systems and significant technology changes before deployment. Identify risks, recommend appropriate controls and escalate design decisions or exceptions for review.

• Support security audits and compliance activities by gathering technical evidence, validating assigned controls against applicable policies and standards, and tracking remediation of audit findings.

• Maintain accurate security documentation, including system configurations, operating procedures, incident response runbooks and change records. Prepare operational metrics and reports that identify trends, control gaps and improvement opportunities.

• Collaborate with security team members and Shared Service IT colleagues to deliver assigned security projects, share technical knowledge and resolve operational issues. Meet agreed deadlines and quality standards, communicate progress and escalate risks or blockers.

• Monitor emerging threats and security developments, assess their relevance to the company’s environment and recommend improvements to security tools, controls and procedures.

Experience / Education

• 4 years of relevant experience in cyber security roles

• Bachelor’s or equivalent work experience as a Security Engineer

• Certification(s) such as CISSP, CISM, CompTIA Security+ or CompTIA CySA+ are preferred.

Knowledge / Skills / Abilities:

• Working knowledge of network, server and mobile security, with hands-on experience configuring, maintaining and troubleshooting security technologies such as SIEM, firewalls, access control lists (ACLs), IDS/IPS, data loss prevention and mobile device management tools.

• Practical experience administering and configuring endpoint detection and response (EDR) tools, maintaining endpoint protection policies and performing approved host isolation and remediation actions.

• Ability to analyze and correlate security alerts and logs, investigate cybersecurity incidents and recognize when escalation is required.

• Understanding of vulnerability assessment, risk-based prioritization, remediation tracking and validation of security fixes.

• Practical experience configuring and maintaining security controls in cloud environments such as Microsoft Azure or AWS, including secure cloud configurations, logging and security monitoring.

• Working knowledge of identity and access management, including multi-factor authentication, single sign-on, privileged access, account lifecycle management and access reviews.

• Knowledge of system hardening and secure configuration baselines for endpoints, servers and network devices, including the ability to identify configuration drift and implement and test corrective changes using established procedures.

• Knowledge of controls used to protect sensitive company information, including encryption, data masking and secure data handling, in accordance with established security policies and standards.

• Ability to develop and maintain scripts using PowerShell, Python or similar tools to automate security tasks, support investigations and improve reporting.

• Familiarity with security policies, standards and frameworks such as NIST, CIS or ISO 27001, including the ability to validate technical controls and gather evidence for audits.

• Ability to review proposed infrastructure, cloud configurations and technology changes before deployment, apply basic threat modeling techniques, identify security risks and recommend appropriate controls.

• Ability to maintain clear technical documentation and investigation records, prepare accurate security reports and operational metrics, and communicate findings and recommendations to technical and non-technical stakeholders.

• Ability to collaborate across teams, manage assigned tasks, meet agreed deadlines and identify issues that require guidance or a management decision.

• Working knowledge of network access control, segmentation and microsegmentation, including experience with Cisco Identity Services Engine (ISE) to support device authentication, authorization and network access policies that restrict unauthorized access and lateral movement.

• Practical experience configuring and maintaining DNS and web security tools such as Cisco Umbrella, including managing filtering policies, investigating blocked requests and troubleshooting access issues.

An Equal Opportunity Employer. All qualified applicants will receive consideration for employment without regard to race, color, religion, sex, sexual orientation, gender identity, national origin, or protected veteran status and will not be discriminated against on the basis of disability

This job description does not state or imply that the above are the only duties and responsibilities assigned to this position.  Employees holding this position will be required to perform any other job-related duties as requested by Management.",7482,https://www.wuxiappteccareers.com/job/336/security-engineer-it-us/,,,,,,,no_match,,2026-10-01,,2026-10-09,,16,startDate,false,0,,,,,,2026-09-23,,false,,,,,,
14202,Senior Business Development Manager,WuXi AppTec,WuXi AppTec,,,2026-08-31,39,United States,1,United States,false,,US,,0,"The Senior Business Development Manager drives sales growth of assigned region in close coordination with WuXi Biology leadership. The Sr. Business Development Manager will have an additional focus on penetrating certain assigned customers with significant growth opportunity, as assigned by management. The incumbent of this role will close and implement growth opportunities with companies in the assigned region. The Senior Manager, Business Development’s most important means of interacting with customers and prospects is through face-to-face meetings and is responsible for achieving an assigned sales and profit goal.

This job is remote preferably on the East Coast.

• Identify key decision makers relative to WuXi Biology business for potential contact

• Daily prospecting to get new leads

• Identify issues which could jeopardize partnership and discuss with the manager to identify solutions.

• Maintain excellent relationships with internal business partners at WuXi

• Create new opportunities and develop new relationships to expand and grow our customer base.

• Point of contact for WuXi Biology and customer; ensure communication channels; pro-actively identify areas of growth opportunity; ensure stable relationship with customers and potential customers.

• Facilitates and supports teamwork to achieve common goals across WuXi Biology unit and be open for mentoring to effective techniques and sales strategies.

• Identify key decision makers relative to WuXi Biology business for potential contact

• Qualify leads and present opportunity(ices) to their manager and WuXi Biology technical team.

• Facilitate business meeting with WuXi AppTec with proper agenda, attendees, focus on opportunity and follow-up; meeting summary and action items

• Project professional image of WuXi Biology as solutions provider with clearly articulated messages

• Support proposal negotiation to close contract as defined by supervisor

• Identify issues which could jeopardize partnership and work with supervisor for posing solutions.

• Represents WuXi Biology at trade shows and conferences.

• Responsible for creating and managing all aspects of the customer relationship.

• Proactively works to optimize the tracking and recording of business opportunities and progress towards KPIs.

• Develops own network through local and other networking and partnering meetings.

• Supports the team to demonstrate WuXi AppTec’s core values and complies with Company policies.

• Establish professional rapport with internal functional leaders as well as market leading customers to remain forward facing in providing feedback on innovative internal processes and market demands. Customer engagements should be regular for the purpose of informing the organization of strategic and tactical performance.

• Facilitate customer travels to China

• If local 40% out of office travel day visits (not overnight) to clients plus up to 20% overnight travel to attend conferences. If remote 25% travel overnight to visit clients and attend conferences.​

• Other duties as assigned.

Job Requirements:

• Achieve sales quotas.

• Achieve KPIs as assigned each year.

• Achieves customer onboarding goals.

• Meets assigned expectations for profitability.

• Achieves new account acquisition targets

• Completes required training and development objectives within the assigned time frame.

• Minimum of a Bachelor’s degree in life sciences (preferably in biology or chemistry). with 3+ years industrial experience and at least one year of business development experience preferred

• Experience in CRO is a plus/preferred

• This position requires frequent travel (car, train, plane)

• Candidates must have a valid driver’s license and passport

• PC proficiency

Technical Skills / Knowledge:

• Demonstrates a broad understanding of discovery biology leading to candidate selection and preclinical development

• Able to close deals by utilizing internal resources in an effective manner.

• Demonstrated abilities in the area of listening, negotiations, team work and persuasiveness.

• Coordinates with other BDs or scientific counterparts to provide appropriate solutions to clients.

Independence/ Accountability:

• Demonstrates the ability to a self-starter

• Functions in a self-motivated and highly flexible manner

• Must be organized and detailed-oriented

• Must be a team player

Problem Solving:

• Possesses proven experience in creating or capitalizing on opportunities leading to successful outcomes, ideally with Business Development relevance

Leadership Activities:

• Independently identifies potential prospects

• Coordinates with other BD and scientific counterparts to provide appropriate solutions to clients.

• Marketing to ensure coordination of efforts and ensure good communication with all parties.

Communication Skills:

• Interpersonal skill set for effective listening, dialog and interactions

• Timely communication internally and externally

An Equal Opportunity Employer. All qualified applicants will receive consideration for employment without regard to race, color, religion, sex, sexual orientation, gender identity, national origin, or protected veteran status and will not be discriminated against on the basis of disability

This job description does not state or imply that the above are the only duties and responsibilities assigned to this position.  Employees holding this position will be required to perform any other job-related duties as requested by Management.",5522,https://www.wuxiappteccareers.com/job/315/senior-business-development-manager-business-development-us/,,,,,,,no_match,,2026-10-01,,2026-10-09,,39,startDate,true,0,,,,,,2026-08-31,,false,,,,,,
14152,"Senior Business Development Manager, TIDES Development",WuXi AppTec,WuXi AppTec,,,2026-07-27,74,United States,1,United States,false,,US,,0,"The incumbent will uncover and cultivate business relationships and opportunities to generate revenue with prospective and existing clients for WuXi TIDES and STA Pharmaceutical, a WuXi AppTec company, in particular to support the growth of emerging oligonucleotide and peptide (O&P) Contract Development and Manufacture (CDMO) business. The candidate will work within the US business development (BD) team to pursue new clinical to commercial company leads, manage existing clinical to commercial accounts, follow up on critical issues, and aid in resolving customer inquiries. This job is remote in the US.

• Hunting and Prospecting for oligonucleotide and peptide new drug development contacts and companies that would benefit from WuXi TIDES CDMO services.

• Obtains conferences and meetings to present WuXi TIDES services to prospective and existing clients via email, phone, and web-conferencing systems. Travel to local client meetings where possible.

• Participates in tradeshows to raise the profile of WuXi TIDES and generate leads

• Acts upon, refers and follows-up on leads from both sales and marketing campaigns.

• Increase awareness of WuXi TIDES marketing initiatives, including scheduling meetings at tradeshows and promoting registrations for webinars and seminars.

• Maintains knowledge of industry trends, funding, regulatory influence, mergers and acquisitions, in-out licensing of products/technologies, government/private grants and contacts, new drug development and approvals, related patent grants and notifications, and market growth of small, med, and large cap companies.

• Develops a social network of industry-related contacts via LinkedIn and other social networking platforms.

• Proposes new ideas to increase performance for WuXi TIDES goals.

• Documents information in Client Relationship Management (CRM) including contacts, pre-screened/qualified leads, and new account information as required

• BA/BS in Chemistry and certain professional training/experience in business (i.e., Marketing, Sales) is required.  PhD highly desired.

• 3+ year’s relevant experience working in oligonucleotide or peptide new drug development or CRO/CMO industry

• Must be a self-starter, self-motivated, highly flexible, with excellent communication skills (verbal, written, and presentation skills). Must be organized and detail-oriented.

• Must have a proven track record of simultaneously managing several projects and timelines.

• Ability to perform within a professional environment and use judgment as dictated by the complexity of the situation.

• Experience with CRM (Customer Relationship Management) software (i.e., Salesforce and/or Microsoft Dynamics/CRM) is preferred

An Equal Opportunity Employer. All qualified applicants will receive consideration for employment without regard to race, color, religion, sex, sexual orientation, gender identity, national origin, or protected veteran status, and will not be discriminated against on the basis of disability.

This job description does not state or imply that the above are the only duties and responsibilities assigned to this position.  Employees holding this position will be required to perform any other job-related duties as requested by Management.",3253,https://www.wuxiappteccareers.com/job/280/senior-business-development-manager-tides-development-business-development-us/,,,,,,,no_match,,2026-10-01,,2026-10-09,,74,startDate,true,0,,,,,,2026-07-27,,false,,,,,,
14218,Senior Clinical Pathologist,WuXi AppTec,WuXi AppTec,,,2026-09-07,32,United States,1,United States,false,,US,,0,"Contribute to all aspects of clinical pathology conducted on nonclinical studies. Collaborate with Study Directors and Study Pathologists to provide comprehensive interpretation of hematology, coagulation, clinical chemistry, and urinalysis data, evaluate cytology of bone marrow and blood smears, and prepare the clinical pathology portions of reports.

• Assist Study Directors in the interpretation of clinical pathology data and preparation of clinical pathology sections in the study reports.

• Serve as Study Clinical Pathologist or Principal Investigator; attend all key activities of preclinical studies regarding clinical pathology, evaluate hematology, coagulation, clinical chemistry, and urinalysis data, and write a comprehensive clinical pathology report.

• Examine bone marrow smears, blood smears, urine, body fluid, and other fluid preparations related to the studies.

• Collaborate with Anatomic Study Pathologists to ensure relevant and appropriate correlations and interpretation for clinical and anatomical pathology findings.

• Contribute to protocol development of research studies.

• Communicate with sponsors to answer questions and discuss results regarding the clinical pathology report.

• Provide expertise in method development and identification and evaluation of new instrumentation. Assist in expanding the array of clinical pathology assays.

• Conduct planned, long-term internal education and training

• Provide expertise and guidance to Clinical Pathology personnel with technical issues.

• Perform other related duties as assigned.

• DVM/VMD (Doctor of Veterinary Medicine) degree or equivalent required. Ph.D. in Clinical Pathology or related discipline preferred.

• ACVP Board Certification in Clinical Pathology required.

• 3+ years of related experience in clinical pathology from contract research organizations.

• Effective written and verbal communication skills.

• Ability to handle multiple projects, prioritize work, and meet deadlines.

This job description does not state or imply that the above are the only duties and responsibilities assigned to this position.  Employees holding this position will be required to perform any other job-related duties as requested by Management.

An Equal Opportunity Employer. All qualified applicants will receive consideration for employment without regard to race, color, religion, sex, sexual orientation, gender identity, national origin, or protected veteran status and will not be discriminated against on the basis of disability.",2536,https://www.wuxiappteccareers.com/job/322/senior-clinical-pathologist-research-scientist-us/,,,,,,,no_match,,2026-10-01,,2026-10-09,,32,startDate,true,0,,,,,,2026-09-07,,false,,,,,,
14185,"Senior Coordinator, Materials Management",WuXi AppTec,WuXi AppTec,,,2026-08-18,52,"San Diego, CA",1,"San Diego, CA",false,,US,,0,"Provides support for shipping and receiving activities, R&D and GMP inventory control, and general warehouse operations. Assists with inventory stocking and ensures building supplies are properly maintained. Experienced in material handling and inventory management practices. Helps maintain accurate records, including material requests, inventory logs, and import/export documentation. Supports the safe shipment of hazardous materials in compliance with regulatory guidelines. Works effectively both independently and as part of a team, following established procedures and applying relevant technical skills.

• Receives, identifies, quarantines, stores, handles, dispenses, releases, and issues raw materials, starting materials, active pharmaceutical ingredients (APIs), intermediates, reagents, labels, GMP supplies, and packaging materials.

• Supports the maintenance of accurate inventory records (both paper and electronic), including tracking of expiration and retest dates for all GMP materials.

• Assists in the retesting of GMP inventory batches for starting materials, intermediates, and drug substances as needed.

• Participates in annual inventory cycle counts of all GMP materials.

• Supports the disposition of expired materials and maintain appropriate documentation.

• Ensure proper operation and temperature monitoring of refrigerators used for material storage.

• Participates in internal GMP inspections as required.

• Operates a forklift as needed for material handling.

• Coordinates the transfer of GMP materials between STA Pharmaceutical US LLC, clients, and third-party locations, both domestic and international.

• Collaborates with various departments to coordinate efficient shipping and receiving processes.

• Maintains up-to-date training and documentation for all import/export activities.

• Monitors and replenish general supplies in GMP, R&D, and office areas as necessary.

• Performs additional tasks and responsibilities as assigned.

• High school diploma required.

• 1-3 years of prior experience working with chemicals and with import/export procedures is preferred.

• Familiarity with dangerous goods regulations and related cGMP practices is a plus.

• cGMP skills a plus.

Knowledge / Skills / Abilities:

• Ability (and interest) to receive training in the area of industrial chemical management.

• Excellent verbal and written communication skills.

• Demonstrate professional, organized and reliable behaviors.

• Ability to coordinate and work independently with procedural training and associated skills.

• Proficient in DOT and IATA hazardous material shipping regulations, with current certifications.

Physical Requirements:

• Must be medically fit to wear a respirator, lift 75 pounds.

• Must be able to perform physical tasks such as sitting, standing, walking, and bending while safely working with hazardous materials.

Anticipated salary range: $21.17 to $27.47

An Equal Opportunity Employer. All qualified applicants will receive consideration for employment without regard to race, color, religion, sex, sexual orientation, gender identity, national origin, or protected veteran status and will not be discriminated against on the basis of disability.

This job description does not state or imply that the above are the only duties and responsibilities assigned to this position.  Employees holding this position will be required to perform any other job-related duties as requested by Management.",3478,https://www.wuxiappteccareers.com/job/306/senior-coordinator-materials-management-biotech-manufacturing-us-ca-san-diego-6114-nancy-ridge-dr/,,https://www.linkedin.com/jobs/view/4452897590,2026-09-30,25,among first 25,43,matched,title,2026-10-01,2026-10-01T11:57:46,2026-10-09,,52,startDate,true,0,,,,,,2026-08-18,,true,,,,,,
14186,Senior Director Business Development,WuXi AppTec,WuXi AppTec,,,2026-08-25,45,United States,1,United States,false,,US,,0,"The Senior Director of Business Development will expand Biology Division business in US as part of the broader Business Development team, through proactively managing the sales process, following up on leads, filling the pipeline to meet the yearly revenue targets for the region whilst demonstrating WuXi AppTec’s core values and complying with Company Policies. Leading and managing a team to achieve Division targets, provide exceptional customer service and to build capabilities in the region.

Please note the location of this job is remote / work from home.  Preferred location is Boston.  Overnight travel requirement is approximately 40%.

Essential Job Functions:

• Develop and lead an engaged and high performing team, and implement process, methodology and infrastructure that delivers repeatable success

• Develop, align and execute an annual business plan that delivers the targeted revenue goals

• Establish professional rapport with internal functional leaders as well as market leading customers to remain forward facing in providing feedback on innovative internal processes and market demands. Customer engagements should be regular for the purpose of informing the organization of strategic and tactical performance.

• Create new opportunities and develop new relationships to expand and grow our customer base

• Identify key decision makers relative to WuXi Biology business for potential contact

• Daily prospecting to get new leads

• Qualify leads and present opportunities to his/her manager and WuXi Biology technical team

• Facilitate business meeting with WuXi AppTec with proper agenda, attendees, focus on opportunity and follow-up, meeting summary and action items

• Project a professional image of WuXi Biology as a solutions provider with clearly articulated messages

• Support proposal negotiation to close contract as defined by supervisor

• Point of contact for WuXi Biology customers; ensure communication channels; proactively identify areas of growth opportunity; ensure stable relationship with customers and potential customers

• Identify issues which could jeopardize the partnership and propose solutions

• Maintain excellent relationships with internal business partners at WuXi

• Facilitate customer travel to China

• Effectively and professionally communicates with both internal and external stakeholders

• Facilitates and supports teamwork to achieve common goals across WuXi Biology unit and be open to mentoring to effective techniques and sales strategies

• Other duties as assigned

• Travel Requirements:  If local, 40% out of office travel day visits (not overnight) to clients plus up to 20% overnight travel to attend conferences.  If remote 25% travel overnight to visit clients and attend conferences.

Requirements:

• Leads and develops team

• Achieves assigned sales quota

• Achieves assigned supplier and customer onboarding goals

• Meets assigned expectations for profitability

• Achieves new account acquisition targets

• Completes required training and development objectives within the assigned time frame

Experience / Education:

• Minimum of a bachelor’s degree in life sciences (preferably in biology or chemistry) with 5+ year industry experience and at least 7 years of business development experience preferred.

• Experience leading a team of remote workers

• Experience in CRO is required

• Prior track record of achievement in positions with significant accountability

• This position may require frequent travel (car, train, plane)

• Candidates must have a valid driver’s license and passport

• PC proficiency

• Demonstrated success at managing multiple opportunities and projects simultaneously

Technical Skills /   Knowledge:

• Demonstrates a broad understanding of discovery biology leading to candidate selection and preclinical development

• Demonstrated ability to couple business insight, understanding of market dynamics, and ability to translate business opportunity and business growth

• Able to close deals by effectively utilizing internal resources

• Demonstrated abilities in the area of listening, negotiations, teamwork, and persuasiveness.

• Coordinates with other BDs or scientific counterparts to provide appropriate solutions to clients

• Track record for handling difficult situations and posing solutions that led to turnaround or success

Independence/   Accountability:

• Demonstrates the ability to be a self-starter

• Functions in a self-motivated and highly flexible manner

• Must be organized and detail-oriented

• Ability to work effectively as part of a team and to exhibit effective interpersonal skills

• Ability to accomplish the described duties with the use of appropriate computer equipment and software (especially Microsoft Word, Excel, Outlook, PowerPoint and CRM tool)

• Ability to develop and implement sales strategies and tactics

Problem Solving:

• Possesses proven experience in creating or capitalizing on opportunities leading to successful outcomes, ideally with Business Development relevance.

Communication Skills:

• Interpersonal skill set for effective listening, dialog and interactions

• Timely communication internally and externally

Leadership:

• Independently identifies potential prospects

• Demonstrated ability to work under pressure

• Coordinates with other BD and scientific counterparts to provide appropriate solutions to clients

• Assist Manager with territory market analysis

• Assist the Manager with conference planning and follow-up strategy

• Marketing to ensure coordination of efforts and ensure good communication with all parties

An Equal Opportunity Employer. All qualified applicants will receive consideration for employment without regard to race, color, religion, sex, sexual orientation, gender identity, national origin, or protected veteran status and will not be discriminated against on the basis of disability.

This job description does not state or imply that the above are the only duties and responsibilities assigned to this position.  Employees holding this position will be required to perform any other job-related duties as requested by Management.",6171,https://www.wuxiappteccareers.com/job/308/senior-director-business-development-business-development-us/,,,,,,,no_match,,2026-10-01,,2026-10-09,,45,startDate,true,0,,,,,,2026-08-25,,false,,,,,,
14176,Senior Manager Accounting,WuXi AppTec,WuXi AppTec,,,2026-08-14,56,"Middletown, DE",1,"Middletown, DE",false,,US,,0,"The Sr. Manager Accounting will lead U.S. accounting operations across multiple entities, with a strong focus on accounting operations, cost accounting, general ledger integrity, financial statement preparation, internal controls, and operational integration. This role plays a critical leadership position in a major system transformation initiative, including the optimization of SAP S/4HANA, while driving process standardization for a newly established manufacturing plant.

The position is responsible for overseeing core accounting functions, ensuring compliance with U.S. GAAP and IFRS.  This individual will manage AR, AP, and General Ledger personnel and serve as a key partner to cross-functional stakeholders, including IT, FP&A, and global finance teams.

• Lead the month-end close process including account reconciliations, trial balance, and preparation financial statements.

• Prepare financial disclosures and supplemental reporting packages for stakeholders.

• Implement and maintain internal controls for adequate SOX compliance.

• Support SAP based reporting for trial balance accounts, cost centers and profit centers.

• Responsible for cash management, cash flow monitoring, and cash forecasting.

• Support cost accounting, including standard cost setting, inventory valuation, absorption, and variance analysis.

• Oversight of fixed asset accounting, including capitalization, depreciation, disposals, and maintenance of the fixed asset subledger.

• Supervision of accounts payable process including PO coding review, invoice processing, approvals, and vendor payments.

• Serve on the finance team for SAP S/4HANA initiatives, including user acceptance testing (UAT), issue resolution, and post-go-live stabilization.

• Coordinate with manufacturing finance team members to ensure appropriate reporting of inventory balances and reserves.

• Interface with external tax advisors to support tax compliance activities.

• Act as the liaison for internal & external auditors, including supporting system-related controls, documentation, and audit requests.

• Integrate with corporate accounting to resolve trial balance issues, intercompany activity, and reporting discrepancies.

• Assist with creating, reviewing, and deploying finance policies.

• Support the annual budget and periodic forecast process, consolidating inputs from business partners and presenting variance analysis to leadership.

• Perform additional duties as assigned to support finance and organizational objectives.

• May be required to work Holidays and weekends

• Provides department goals, staff development, and monitors team performance.

• Supervises daily activity of the GL & AP staff members.

Experience / Education

• Bachelor’s Degree in Accounting or with relevant work experience.

• Minimum 10 years of relevant experience or equivalent, including prior supervisory or team leadership experience

• CPA preferred

Knowledge / Skills / Abilities:

• Experience working with SAP S/4HANA or similar ERP

• Understanding of core accounting operations (GL, AP, AR, Fixed Assets, Cost Accounting, Purchase-to-Pay, Inventory)

• Experience with internal controls

• Proficient in oral & written communication skills

• Proficient in Microsoft (Excel, Word, Outlook, Powerpoint)

• Experience with LucaNet, Qlikview, and Hyperion preferred

• Knowledge of US GAAP, and knowledge of IFRS preferred

• Need to be able to read, write and understand English, Mandarin is a plus

• Travel may be required

An Equal Opportunity Employer. All qualified applicants will receive consideration for employment without regard to race, color, religion, sex, sexual orientation, gender identity, national origin, or protected veteran status and will not be discriminated against on the basis of disability",3805,https://www.wuxiappteccareers.com/job/298/senior-manager-accounting-accounting-finance-us-de-middletown/,,https://www.linkedin.com/jobs/view/4453597427,2026-09-27,157,157 applicants,44,matched,title,2026-10-01,2026-10-01T11:57:28,2026-10-09,,56,startDate,true,0,,,,,,2026-08-14,,false,,,,,,
14085,(Senior) Program Manager - Toxicology,WuXi AppTec,WuXi AppTec,,,2026-06-04,127,United States,1,United States,false,,US,,0,"WuXi AppTec is a leading global pharmaceutical, biopharmaceutical, and medical device open-access capability and technology platform with worldwide operations. As an innovation-driven and customer-focused platform, WuXi AppTec provides a broad and integrated portfolio of services to help global customers and partners shorten the discovery and development timeline and reduce the cost of drug and medical device R&D through efficient and cost-effective solutions.

Within our Testing Division, we provide world-class, globally integrated testing solutions to support drug development. We are committed to helping scientists transform innovative ideas into leading healthcare products, accelerating the journey from the laboratory to the clinic, and ultimately improving human health.

We are currently seeking a Program Manager/Sr. Program Manager (depending on experience) to join the Toxicology Strategic Programs team as a U.S.-based remote employee.

This role requires close collaboration with both the U.S. and Europe BD teams, as well as the TOX Commercial Operations Center (TOX COC) in China. The primary working language is English, but due to the need for deep engagement and communication, fluency in Mandarin is highly desired. Preferred location is the U.S. East Coast, particularly the Boston area.

The Program Manager will primarily support and manage Toxicology BU clients’ IND (Investigational New Drug) programs and oversee drug development progress. He/She will work closely with the LTD International Sales teams, Commercial Market team, TOX COC, TOX SD teams, scientists, and staff at WuXi’s Suzhou, Nantong sites.

• Work independently or under supervision in a highly motivated program management team and dynamic environment.

• Provide technical support during the business development phase, including but not limited to: understanding IND submission requirements of the U.S., China, and EMA; evaluating clients’ development programs; and preparing program proposals and preliminary study designs based on compound characteristics, clinical indications, intended clinical trial plans, existing data, and target submission regions.

• Lead and manage the nonclinical TOX portion of IND-enabling programs: develop program execution plans (Gantt charts), monitor program progress across  toxicology, preclinical bioanalysis, and regulatory submission activities; host regular project meetings to review status, study results, issues, and resolutions; and coordinate with other divisions for extended IND programs when needed.

• Provide continuous scientific and technical support during program execution, proactively identify potential issues, and propose constructive solutions.

• Maintain timely communication with clients and key internal contributors across functions/business units via email, teleconferences, Zoom meetings, and/or site visits to ensure smooth program execution.

• Track relevant scientific advances by reviewing literature and sharing updates with the team and business units.

Education & Experience:

• PhD, or MS degree in Toxicology, Pharmacology, DMPK, or related fields.

• 2 - 3 years of post-PhD experience, or 5+ years of experience after a Master’s degree.

• Experience with in vitro or in vivo studies in drug discovery and development required; background in Toxicology and/or DMPK strongly preferred.

• Program management experience in leading nonclinical programs preferred.

• Excellent English verbal and written communication skills; fluency in Mandarin is requried.

• Strong interpersonal and teamwork skills.

• Highly independent with strong accountability.

• Ability to conduct research and perform literature reviews.

Knowledge / Skills / Abilities:

• Strong oral and written communication skills.

• Proficiency in MS Word, Excel, Outlook, PowerPoint, and other relevant software.

• Strong organizational skills, detail-oriented, and adaptable to changes.

• Ability to manage multiple programs under tight deadlines.

• Strong prioritization and flexibility in managing changing directions.

• Team-oriented mindset with flexibility to work across time zones.

• Familiarity with and adherence to regulatory guidelines consistent with company requirements.

The expected annual base salary for this position is $110,000 to $130,000.",4316,https://www.wuxiappteccareers.com/job/232/senior-program-manager-toxicology-toxicology-us/,,https://www.linkedin.com/jobs/view/4424501422,2026-09-20,146,146 applicants,108,matched,title,2026-10-01,2026-10-01T11:57:25,2026-10-09,,127,startDate,true,0,,,,,,2026-06-04,,false,,,,,,
14150,Senior Specialist EHS,WuXi AppTec,WuXi AppTec,,,2026-07-23,78,"San Diego, CA",1,"San Diego, CA",false,,US,,0,"We are seeking an individual who will be responsible for supporting EHS compliance and risk management at our San Diego Campus.  This campus includes the STA (Pharmaceutical R&D) and HD Bioscience (Biology and in vitro testing) divisions.

This position is 100% onsite requirement located in San Diego, CA. No hybrid or remote opportunity.

• Recommends improvements in processes, design, procedures, and operating equipment, to minimize the hazardous potential

• Develops written programs as needed to clearly define procedures and policy requirements for all EHS program elements

• Leads and conducts employee training and emergency preparedness programs

• Will develop and maintain a training matrix to define training methods and requirements for all program elements

• Assist with EHS audits / inspections, and providing recommendations for corrective actions

• Assist with EHS management systems development, including drafting of standard operating procedures, guidance documents, and training programs

• Assist labs with implementation of SOP’s or compliance with existing SOP’s

• Assist with the management of hazardous waste, including waste characterization, satellite area inspections, and training

• Assist with industrial hygiene related projects, including personal air sampling, indoor air quality assessment, surface wipe sampling, qualitative assessments, etc.

• Assist with incident and near miss investigations and metric tracking

• Be able to understand and articulate the business drivers aligned with safety strategy

• 4+ years of related experience

• Bachelor's Degree in Engineering or related Science discipline required, Environmental Engineering, Environmental Science, Occupational Safety, Industrial Hygiene is preferred

• Preferred CHMM, CSP, CIH

• Experience maintaining and managing day-to-day health, safety, emergency response, and environmental compliance and security activities.

• Previous experience in Environmental, safety, Emergency Response and Haz-Mat.

• Previous experience implementing policies and procedures that are protective of the environment, personnel, equipment and business interests, including the leading of culture change required to embrace those policy and procedure changes.

• Experience evaluating, providing advice and implementing solutions due to complexities of health, safety, training and industrial hygiene issues.

• Experience with radioactivity and formal OSHA & Safety training

Knowledge / Skills / Abilities:

• Ability to accurately and reproducibly perform arithmetic, algebraic and geometric calculations.

• Ability to record data accurately and legibly.

• Ability to use judgement as dictated by the complexity of the situation.

• Ability to understand and follow verbal or demonstrated instructions.

• Ability to work effectively as part of a team and to exhibit effective interpersonal skills.

• Ability to receive, comprehend and to effectively communicate detailed information through verbal and written communication

• Proficient in Oral & Written communication skills

• Need to be able to read, write and understand English

• Proficient in Microsoft (Excel, Word, Outlook)

• Travel is required 10%, Domestic

Physical Requirements:

• Must be able to work in an office environment with minimal noise conditions.

• Must be able to work in Lab setting with Biohazards /various Chemicals

• Must be able to wear appropriate PPE

• Must be able to work in environment with variable noise levels

• Ability to stand /Sit/walk for long periods of time

• Ability to Lift 50 lbs occasionally

• Ability to crouch, bend, twist, and reach

• Ability to push/pull 50 lbs occasionally

• Clarity of Vision

• Ability to identify and distinguish colors

• Must be able to perform activities with repetitive motions

• Ability to climb Ladders / Stairs / Scaffolding

• Ability to work in variable temperatures high to freezing

• Inside/outside working conditions

Anticipated salary range: $88,682 to $115,464

An Equal Opportunity Employer. All qualified applicants will receive consideration for employment without regard to race, color, religion, sex, sexual orientation, gender identity, national origin, or protected veteran status and will not be discriminated against on the basis of disability

This job description does not state or imply that the above are the only duties and responsibilities assigned to this position. Employees holding this position will be required to perform any other job-related duties as requested by Management.",4549,https://www.wuxiappteccareers.com/job/274/senior-specialist-ehs-facilities-us-ca-san-diego-6114-nancy-ridge-dr/,,https://www.linkedin.com/jobs/view/4444265684,2026-09-25,25,among first 25,64,matched,title,2026-10-01,2026-10-01T11:57:17,2026-10-09,,78,startDate,true,0,,,,,,2026-07-23,,true,,,,,,
14215,Engineer - Formulation,WuXi AppTec,WuXi AppTec,,,2026-09-09,30,"Middletown, DE",1,"Middletown, DE",false,,us,,0,"We are seeking a highly experienced and detail-oriented Formulation Engineer to join our Sterile Drug Product Engineering team.

The Formulation Engineer will be a key member of the Engineering Department and serve as the primary equipment Subject Matter Expert (SME) for sterile formulation and associated manufacturing equipment. This role will be responsible for providing technical and engineering support throughout the equipment lifecycle, including design review, vendor coordination, FAT/SAT, commissioning, qualification support, start-up, troubleshooting, and ongoing performance improvement.

The ideal candidate will have strong hands-on experience with sterile formulation systems, CIP/SIP, and other pharmaceutical cleaning and sterilization systems. The Engineer will work closely with Manufacturing, Technical Services, Validation, Quality, and external equipment vendors to ensure equipment is designed, installed, qualified, and operated in a reliable and compliant manner.

This is an individual contributor position with no direct reports.

Technical Oversight

• Serve as the primary equipment SME for sterile formulation systems, including API and excipient weighing and dispensing, solution preparation, mixing, sterile filtration, bulk holding, transfer, and associated CIP/SIP systems.

• Provide engineering and technical support throughout the equipment lifecycle, including design review, FAT, SAT, installation, commissioning, start-up, and routine operation.

• Develop and maintain in-depth knowledge of equipment design, operating principles, control systems, critical process parameters, and equipment performance requirements.

• Lead technical troubleshooting and root cause analysis for equipment failures, performance issues, and recurring technical problems, and support implementation of effective corrective actions.

• Drive equipment reliability, performance optimization, preventive maintenance improvement, and continuous improvement initiatives in collaboration with Manufacturing and Maintenance.

• Support product technology transfer and scale-up activities.

• As a member of the global engineering team, actively connect with and contribute to DP global engineering project planning and implementation.

Regulatory Compliance

• Ensure assigned equipment and engineering activities are executed in compliance with cGMP requirements, applicable regulatory expectations, and internal quality and engineering standards.

• Support regulatory inspections, customer audits, and internal audits by serving as an equipment SME.

• Partner with Quality Assurance to maintain validated state and continuous compliance of sterile manufacturing systems.

• Support contamination control strategy implementation and aseptic process simulation/media fill activities, as applicable.

• Act as the owner of equipment maintenance procedures, spare parts management strategy, and future equipment modifications or upgrades, and support maintenance of equipment in a qualified and controlled state.

• Support deviation investigations, CAPA implementation, change control assessments, and technical impact evaluations.

Cross-Functional Collaboration and Technical Support

• Work closely with Operations and Technical Services teams to support equipment readiness, process implementation, technology transfer, and new product introduction activities.

• Partner with Validation and Quality to provide engineering expertise for qualification, validation, deviation investigations, and compliance-related activities.

• Support development and execution of operator and technical training.

• Act as a key technical interface between internal departments and equipment vendors to support efficient issue resolution and long-term equipment performance.

• Excellent written and verbal communication skills, with attention to detail and clarity.

• Bachelor’s or Master’s degree in Engineering, Life Sciences, or a related technical discipline.

• Minimum of 5 years of experience in the pharmaceutical or biotechnology industry.

• Hands-on experience with pharmaceutical formulation systems, including powder handling, weighing and dispensing, solution preparation, mixing, sterile filtration, bulk solution transfer, and/or bulk holding systems.

• Experience with CIP/SIP systems and a strong understanding of pharmaceutical cleaning and sterilization principles.

• Experience with autoclaves, parts washers, or other pharmaceutical cleaning and sterilization equipment is strongly preferred.

• Deep understanding of cGMP requirements, risk-based approaches, and global regulatory expectations.

• Proven experience in start-up or expansion of manufacturing facilities is highly preferred.

• Strong knowledge of current Good Manufacturing Practices (cGMP), regulatory guidelines (FDA, EMA, ICH), and industry standards.

The anticipated base salary is:  $110k - $145k

An Equal Opportunity Employer. All qualified applicants will receive consideration for employment without regard to race, color, religion, sex, sexual orientation, gender identity, national origin, or protected veteran status and will not be discriminated against based on disability

This job description does not state or imply that the above are the only duties and responsibilities assigned to this position.  Employees holding this position will be required to perform any other job-related duties as requested by Management.",5435,https://www.wuxiappteccareers.com/job/327/engineer-formulation-engineering-us-de-middletown/,,https://www.linkedin.com/jobs/view/4464140183,2026-09-09,25,among first 25,0,matched,,2026-10-02,2026-10-03T12:23:27,2026-10-09,,30,startDate,false,0,,,,,,2026-09-09,,true,,,,,,
14246,Research Associate III,WuXi AppTec,WuXi AppTec,,,2026-10-01,8,"San Diego, CA",1,"San Diego, CA",false,,us,,0,"Job Summary: HD Biosciences Inc., a WuXi AppTec company, located in San Diego, is looking for a highly motivated Research Associate III to join our assay development team to support cell-based assays and biochemical assays etc.

• Support cell based assays and biochemical assays as requested

• Support High throughput screening and perform assays in biochemical and cell based formats that are suitable for SAR screening in 96 or 384-well formats.

• Deep understanding of molecular biology and cell biology and experience in mammalian cell culture and compound handling techniques.

• Effectively communicate with internal team colleagues and external clients to promote world-class services.

• Master degree in Biochemistry, Biotechnology or Molecular Biology is required and 3+year work experience is preferred.

• Demonstrated strong understanding of complex scientific procedures with technical proficiency in molecular and cell biology

• Outstanding written and oral communication and interpersonal skills to seamlessly fit within a teamwork driven environment.

Knowledge / Skills / Abilities:

• Proficient in Oral & Written communication skills

• Need to be able to read, write and understand English

• Proficient in Microsoft (Excel, Word, Outlook)

Physical Requirements:

• Must be able to work in an office environment with minimal noise conditions.

• Must be able to work in Lab setting with exposure to Animals/biohazards / Chemicals (List specific Chemicals)

• Must not have animal allergies to applicable species in this facility

• Must be able to wear appropriate PPE

• Must be able to work in environment with variable noise levels

• Ability to stand /Sit/walk for long periods of time

• Ability to Lift 10 lbs routinely

• Ability to crouch, bend, twist, and reach

• Ability to push/pull 10 lbs routinely/ often / occasionally

• Clarity of Vision

• Ability to identify and distinguish colors

• Must be able to perform activities with repetitive motions

• Ability to climb Ladders / Stairs / Scaffolding

• Ability to work in variable temperatures high to freezing

• Inside/outside working conditions

Anticipated salary range: $26.61 to $34.62

An Equal Opportunity Employer. All qualified applicants will receive consideration for employment without regard to race, color, religion, sex, sexual orientation, gender identity, national origin, or protected veteran status and will not be discriminated against on the basis of disability

This job description does not state or imply that the above are the only duties and responsibilities assigned to this position. Employees holding this position will be required to perform any other job-related duties as requested by Management.",2719,https://www.wuxiappteccareers.com/job/346/research-associate-iii-research-scientist-us-ca-san-diego-6122-nancy-ridge-dr/,,https://www.linkedin.com/jobs/view/4409373947,2026-09-10,200,Over 200 applicants,-21,matched,,2026-10-01,2026-10-01T14:33:08,2026-10-09,,29,startDate+linkedin,false,0,,,,,,2026-09-10,title,true,,,,,,
14239,Engineer – Inspection and Packaging,WuXi AppTec,WuXi AppTec,,,2026-10-05,4,"Middletown, DE",1,"Middletown, DE",false,,us,,0,"We are seeking a highly experienced and detail-oriented Inspection and Packaging Engineer to join our Sterile Drug Product Engineering team.

The Inspection and Packaging Engineer will be a key member of the Engineering Department and serve as the primary equipment Subject Matter Expert (SME) for parental drug visual inspection and secondary packaging equipment. This role will be responsible for providing technical and engineering support throughout the equipment lifecycle, including design review, vendor coordination, FAT/SAT, commissioning, qualification support, start-up, troubleshooting, and ongoing performance improvement.

The ideal candidate will have strong hands-on experience with manual inspection, automatic inspection, labeling and packaging. The Engineer will work closely with Manufacturing, Technical Services, Validation, Quality, and external equipment vendors to ensure equipment is designed, installed, qualified, and operated in a reliable and compliant manner.

This is an individual contributor position with no direct reports.

Technical Oversight

• Serve as the primary equipment SME for visual inspection and secondary packaging systems, including manual visual inspection, automated visual inspection (AVI), labeling machines, assembling machines, packaging machines, cartoners, case packers, and associated packaging systems.

• Provide engineering and technical support throughout the equipment lifecycle, including equipment selection, design review, FAT, SAT, installation, commissioning, IQ, OQ, PQ, and applicable system qualification and performance testing.

• Develop and maintain in-depth knowledge of visual inspection technologies, including inspection principles, defects development and management, and inspection system performance. Support development and qualification of inspection defect libraries and representative defect samples for manual and automated visual inspection systems.

• Lead technical troubleshooting and root cause analysis for inspection and packaging equipment failures, performance issues, false rejects, missed defects, labeling issues, and recurring equipment problems, and support implementation of effective corrective actions.

• Driving equipment reliability, inspection performance, line efficiency, preventive maintenance improvement, and continuous improvement initiatives in collaboration with Manufacturing and Maintenance.

• Support product technology transfer, scale-up, and new product introduction activities by ensuring inspection and packaging equipment is capable of meeting product-specific requirements.

• Act as the technical owner for equipment maintenance procedures, spare parts management strategy, inspection system performance monitoring, and future equipment modifications or upgrades, while maintaining equipment in a qualified and controlled state.

Regulatory Compliance

• Ensure assigned inspection and packaging equipment and engineering activities are executed in compliance with cGMP requirements, applicable regulatory expectations (PDA TRs, USP 790, 1790), and internal quality and engineering standards.

• Support regulatory inspections, customer audits, and internal audits by serving as the equipment SME for visual inspection and packaging systems.

• Partner with Quality Assurance and Validation to maintain the validated state and continuous compliance of inspection and packaging systems.

• Support deviation investigations, CAPA implementation, change control assessments, and technical impact evaluations related to visual inspection and packaging equipment.

Cross-Functional Collaboration and Technical Support

• Work closely with Operations and Technical Services teams to support equipment readiness, process implementation, technology transfer, and new product introduction activities.

• Partner with Validation and Quality to provide engineering expertise for qualification, validation, deviation investigations, and compliance-related activities.

• Support development and execution of operator and technical training.

• Act as a key technical interface between internal departments and equipment vendors to support efficient issue resolution and long-term equipment performance.

Required Qualifications:

• Excellent written and verbal communication skills, with attention to detail and clarity.

• Bachelor’s or master’s degree in engineering, Life Sciences, or a related technical discipline.

• Minimum of 8 years of experience in the pharmaceutical or biotechnology industry.

• Hands-on experience with visual inspection systems for pharmaceutical products, including manual visual inspection and/or automated visual inspection (AVI).

• Experience with secondary packaging equipment, including labeling machines, assembling machines, cartoners, case packers, and associated packaging systems is strongly preferred.

• Deep understanding of cGMP requirements, risk-based approaches, and global regulatory expectations.

• Proven experience in start-up or expansion of manufacturing facilities is highly preferred.

• Strong knowledge of current Good Manufacturing Practices (cGMP), regulatory guidelines (FDA, EMA, ICH), and industry standards.

An Equal Opportunity Employer. All qualified applicants will receive consideration for employment without regard to race, color, religion, sex, sexual orientation, gender identity, national origin, or protected veteran status and will not be discriminated against based on disability

This job description does not state or imply that the above are the only duties and responsibilities assigned to this position.  Employees holding this position will be required to perform any other job-related duties as requested by Management.",5722,https://www.wuxiappteccareers.com/job/347/engineer-inspection-and-packaging-engineering-us-de-middletown/,,https://www.linkedin.com/jobs/view/4464140183,2026-10-03,25,among first 25,-2,matched,,2026-10-05,2026-10-05T15:32:09,2026-10-09,,6,startDate+linkedin,false,0,,,,,,2026-10-03,title,true,,,,,,
14245,"Scientific Director, Immune Diseases and Inflammation, In Vitro Pharmacology",WuXi AppTec,WuXi AppTec,,,2026-10-05,4,United States,1,United States,true,,us,,0,"We are seeking a strategic scientific leader to drive our in vitro immune diseases and inflammation platform. This individual will focus on scientific strategy, client engagement, and program communication, acting as a key scientific voice and partner both internally and externally. The role requires deep expertise in immune disease models, in vitro pharmacology, and the ability to translate science into business growth.

• Develop and implement strategic plans to advance the in vitro immune disease assay and screening platform.

• Build and maintain strong client relationships, understand their scientific needs, and ensure high levels of customer satisfaction.

• Provide scientific leadership and guidance across projects, fostering innovation and ensuring scientific rigor.

• Monitor emerging scientific trends and breakthroughs in immune diseases, and recommend new capabilities or approaches.

• Collaborate closely with cross-functional teams and senior management to align strategies and create synergies across the organization.

• Support BD and marketing efforts through scientific presentations, client meetings, and contributions to proposals and marketing materials.

• Ensure clear and effective communication of program updates, data, and scientific insights to clients and internal stakeholders.

• Ph.D. in Biology, Pharmacology, or a related discipline with a focus on immune diseases, especially autoimmune diseases.

• Minimum 8 years of experience in a strategic or leadership role within a CRO, biotech, or pharmaceutical setting.

• Strong scientific background demonstrated through publication record in immune diseases, particularly autoimmune diseases.

• Hands-on experience with in vitro assay development, validation, and data analysis in immune or inflammatory drug discovery.

• Excellent written and oral communication skills in English, with the ability to engage effectively with clients and internal teams.

• Proven ability to work collaboratively in a matrixed environment and support business growth through scientific excellence.

• Strategic mindset with experience in client-facing roles or scientific consultancy preferred.",2174,https://www.wuxiappteccareers.com/job/348/scientific-director-immune-diseases-and-inflammation-in-vitro-pharmacology-research-associate-us/,,,,,,,not_checked,,2026-10-05,,2026-10-09,,4,startDate,false,0,,,,,,2026-10-05,,,,,,,,
14197,EHS Specialist II,WuXi AppTec,WuXi AppTec,,,2026-08-31,39,"Middletown, DE",1,"Middletown, DE",false,,United States,,0,"Responsible for supporting EHS compliance and risk management at the Middletown DE, Wuxi AppTec location. Will support the Sr. Manager EHS with program development, KPI tracking, systems management, environmental reporting, Incident Investigations and Area Inspection Program.

• Supports EHS management systems development, including drafting of standard operating procedures, guidance documents, and training

• Responsible for Environmental reporting including but not limited to Biennial Waste reports, SARA Title III reporting, Air Emissions reporting, Medical waste reporting, etc.

• Responsible for management of the EHS software system which includes incident investigation, area inspections, CAPA management and Permit tracking.

• Will lead a root cause analysis for all incident reporting and assist related departments with a CAPA plan.

• Performs ergonomic assessments including NIOSH and REBA calculations.

• Leads the First Aid and Emergency response programs including development of spill response, first aid, evacuation planning and other emergency response situation planning.

• Recommend improvements in processes, design, procedures, and operating equipment, to minimize the hazardous

• Leads and conducts employee training and emergency preparedness

• Maintains a training matrix to define training methods and requirements for all program elements.

• Provides training as needed on all EHS programs and maintains training software system.

• Responsible for the management of hazardous waste, including waste characterization, satellite area inspections, training, and tracking of waste data for corporate ESG reporting.

• Assists with maintaining department budget.

• Assist with industrial hygiene related projects, including personal air sampling, indoor air quality assessment, surface wipe sampling, qualitative assessments, etc.

• Will track site KPIs and report to site leadership meetings and quarterly reviews.

• Be able to understand and articulate the business drivers aligned with safety strategy

Experience / Education

• 4+ years of related experience

• Bachelor's Degree in Engineering or related Science discipline required; Environmental Engineering, Environmental Science, Occupational Safety, or Industrial Hygiene is preferred

• CHMM, CSP, ASP, CIH a plus

• Experience maintaining and managing day-to-day health, safety, emergency response, and environmental compliance and security activities.

• Previous experience in Environmental reporting, Risk Management, Emergency Response and Haz-Mat.

• Previous experience implementing policies and procedures that are protective of the environment, personnel, equipment and business interests, including the leading of culture change required to embrace those policy and procedure changes.

• Experience evaluating, providing advice and implementing solutions due to complexities of health, safety, training and industrial hygiene issues.

• Experience managing Biosafety, Radiation Safety or Potent Compound programs a plus.

Knowledge / Skills / Abilities:

• Ability to accurately and reproducibly perform arithmetic, algebraic and geometric calculations.

• Ability to record data accurately and legibly.

• Ability to use judgement as dictated by the complexity of the situation.

• Ability to understand and follow verbal or demonstrated instructions.

• Ability to work effectively as part of a team and to exhibit effective interpersonal skills.

• Ability to receive, comprehend and to effectively communicate detailed information through verbal and written communication

• Proficient in Oral & Written communication skills

• Need to be able to read, write and understand English

• Proficient in Microsoft (Excel, Word, Outlook)

• Travel is required 10% , Domestic

Physical Requirements:

• Must be able to work in an office environment with minimal noise conditions.

• Must be able to work in Lab setting with Biohazards /various Chemicals

• Must be able to wear appropriate PPE

• Must be able to work in environment with variable noise levels

• Ability to stand /Sit/walk for long periods of time

• Ability to Lift 40 lbs occasionally

• Ability to crouch, bend, twist, and reach

• Ability to push/pull 50 lbs occasionally

• Clarity of Vision

• Ability to identify and distinguish colors

• Must be able to perform activities with repetitive motions

• Ability to climb Ladders / Stairs / Scaffolding

• Ability to work in variable temperatures high to freezing

• Inside/outside working conditions

An Equal Opportunity Employer. All qualified applicants will receive consideration for employment without regard to race, color, religion, sex, sexual orientation, gender identity, national origin, or protected veteran status and will not be discriminated against on the basis of disability

This job description does not state or imply that the above are the only duties and responsibilities assigned to this position.  Employees holding this position will be required to perform any other job-related duties as requested by Management.",5065,https://www.wuxiappteccareers.com/job/314/ehs-specialist-ii-facilities-us-de-middletown/,,https://www.linkedin.com/jobs/view/4461216679,2026-09-21,25,among first 25,21,matched,,2026-10-08,2026-10-08T14:28:33,2026-10-09,,39,startDate,true,0,,,,,,2026-08-31,,true,,,,,,
14230,Scientist III,WuXi AppTec,WuXi AppTec,,,2026-10-08,1,"Cranbury, NJ",1,"Cranbury, NJ",true,,United States,,0,"Scientist III is responsible for the bioanalytical method development, method validation/qualification, sample analysis, bioanalytical report writing, Deliver high quality bioanalytical data to support ADME, PK, biomarker and other drug discovery and development efforts in a timely fashion. Able to perform trouble-shooting and problem-solving in the bioanalytical areas. Work with teams to improve technology and process.

• Perform bioanalytical method development independently in the areas of LC-MS/MS platform, or immunochemistry platform like ELISA/MSD, PCR, flow cytometry, western blotting, etc.

• Follow and Familiar with bioanalytical acceptance criteria for different stages of application.

• Conduct bioanalytical sample analysis in variety of biological matrices, including but not limited to small or large molecule sample analysis, and bioanalytical report writing.

• Function as a study director, principal investigator, or project coordinator, including serving as primary contact for projects.

• Write or present clear, concise reports for studies, processes and accomplishments.

• Maintain research notebooks in a well-organized manner.  All necessary documentation is recorded.

• Supervise or train others for bioanalytical study. Demonstrate good leadership through leading by example, motivation, and performance recognition.

• Review other scientists’ calculations and records.

• Learn, enhance, and share technical knowledge of DMPK including ADME, PK, Metabolism, and Bioanalysis.

• Participate in writing and reviewing Standard Operating Procedures (SOPs), bioanalytical acceptance guidelines and suggest practical changes. Comply with SOPs, guidelines and good housekeeping policies.

• Follow company’s policies including safety policies, practices and procedures in order to maintain a safe work environment. Work with EHS team to identify safety hazards and corrective action.

• Other duties as assigned.

Experience / Education:

• PhD, Master’s or Bachelor's degree in Chemistry, Biology, or related science degree. PhD with 0-3 years related experience.  Master’s degree with 8+ years related experience, Bachelor’s degree with 11+ years related experience or equivalent combination of education and/or work experience.

Knowledge / Skills / Abilities:

• Good knowledge and experience of methods, concepts and techniques relevant to small or large molecule bioanalytical work, including LC-MS, ELISA/MSD, PCR, flow cytometry, western blotting, etc.

• A good understanding of bioanalytical guidance and acceptance criteria in discovery and development stages.

• Demonstrate independent thought and scientific/technical creativity

• Continue to increase awareness and understanding of relevant science and is conversant in relevant scientific literature

• Collaboratively perform research, development new methods for the projects

• Effective oral and written communication and interpersonal skills

• Good time management skills to perform multiple projects within timelines

• Ability to work in a team environment

• Follow and adhere to non-GLP guidelines/SOPs consistent with WuXi AppTec requirement

Physical Requirements:

• Must be able to work in an office and/or laboratory environment with variable  noise conditions.

• Must be able to work in Lab setting with exposure to biohazards / chemicals

• Must be able to wear appropriate PPE

• Must be able to work in environment with variable noise levels

• Ability to stand /Sit/walk for long periods of time

• Ability to Lift/push/pull 15 lbs. routinely

• Ability to crouch, bend, twist, and reach

• Clarity of Vision

• Ability to identify and distinguish colors

• Must be able to perform activities with repetitive motions

• Ability to work in variable temperatures high to freeze

An Equal Opportunity Employer. All qualified applicants will receive consideration for employment without regard to race, color, religion, sex, sexual orientation, gender identity, national origin, or protected veteran status and will not be discriminated against on the basis of disability

This job description does not state or imply that the above are the only duties and responsibilities assigned to this position.  Employees holding this position will be required to perform any other job-related duties as requested by Management.",4335,https://www.wuxiappteccareers.com/job/350/scientist-iii-bioanalytical-scientist-us-nj-cranbury-6-cedarbrook-dr/,,https://www.linkedin.com/jobs/view/4476266004,2026-10-09,25,among first 25,1,matched,,2026-10-09,2026-10-09T04:18:58,2026-10-09,,1,startDate,false,0,,,,,,2026-10-08,,true,,,,,,
